id,nested_source_id,source_id,old_split,new_split,nested_role
train_03897,train_03897,train_03897,train,train,train_legacy
train_added_val_confirm_00200,val_confirm_00200,val_confirm_00200,val_confirm,train,train_added
train_added_val_search_00385,val_search_00385,val_search_00385,val_search,train,train_added
train_01650,train_01650,train_01650,train,train,train_legacy
train_02144,train_02144,train_02144,train,train,train_legacy
train_03593,train_03593,train_03593,train,train,train_legacy
train_00329,train_00329,train_00329,train,train,train_legacy
train_02727,train_02727,train_02727,train,train,train_legacy
train_added_val_confirm_00824,val_confirm_00824,val_confirm_00824,val_confirm,train,train_added
train_added_test_00739,test_00739,test_00739,test,train,train_added
train_00006,train_00006,train_00006,train,train,train_legacy
train_04844,train_04844,train_04844,train,train,train_legacy
train_added_val_confirm_00286,val_confirm_00286,val_confirm_00286,val_confirm,train,train_added
train_01027,train_01027,train_01027,train,train,train_legacy
train_00567,train_00567,train_00567,train,train,train_legacy
train_05786,train_05786,train_05786,train,train,train_legacy
train_02805,train_02805,train_02805,train,train,train_legacy
train_01407,train_01407,train_01407,train,train,train_legacy
train_03817,train_03817,train_03817,train,train,train_legacy
train_00508,train_00508,train_00508,train,train,train_legacy
train_added_test_00092,test_00092,test_00092,test,train,train_added
train_05131,train_05131,train_05131,train,train,train_legacy
train_05386,train_05386,train_05386,train,train,train_legacy
train_00629,train_00629,train_00629,train,train,train_legacy
train_02105,train_02105,train_02105,train,train,train_legacy
train_added_test_01090,test_01090,test_01090,test,train,train_added
train_05690,train_05690,train_05690,train,train,train_legacy
train_03456,train_03456,train_03456,train,train,train_legacy
train_03735,train_03735,train_03735,train,train,train_legacy
train_added_test_00591,test_00591,test_00591,test,train,train_added
train_03190,train_03190,train_03190,train,train,train_legacy
train_03374,train_03374,train_03374,train,train,train_legacy
train_02738,train_02738,train_02738,train,train,train_legacy
train_01345,train_01345,train_01345,train,train,train_legacy
train_04401,train_04401,train_04401,train,train,train_legacy
train_04214,train_04214,train_04214,train,train,train_legacy
train_added_test_00725,test_00725,test_00725,test,train,train_added
train_03056,train_03056,train_03056,train,train,train_legacy
train_02942,train_02942,train_02942,train,train,train_legacy
train_00591,train_00591,train_00591,train,train,train_legacy
train_03716,train_03716,train_03716,train,train,train_legacy
train_added_val_confirm_00490,val_confirm_00490,val_confirm_00490,val_confirm,train,train_added
train_01564,train_01564,train_01564,train,train,train_legacy
train_02444,train_02444,train_02444,train,train,train_legacy
train_added_test_02484,test_02484,test_02484,test,train,train_added
train_added_val_confirm_00080,val_confirm_00080,val_confirm_00080,val_confirm,train,train_added
train_04050,train_04050,train_04050,train,train,train_legacy
train_05834,train_05834,train_05834,train,train,train_legacy
train_00892,train_00892,train_00892,train,train,train_legacy
train_added_val_confirm_00864,val_confirm_00864,val_confirm_00864,val_confirm,train,train_added
train_01159,train_01159,train_01159,train,train,train_legacy
train_00284,train_00284,train_00284,train,train,train_legacy
train_01097,train_01097,train_01097,train,train,train_legacy
train_04619,train_04619,train_04619,train,train,train_legacy
train_00717,train_00717,train_00717,train,train,train_legacy
train_04627,train_04627,train_04627,train,train,train_legacy
train_02465,train_02465,train_02465,train,train,train_legacy
train_04421,train_04421,train_04421,train,train,train_legacy
train_00792,train_00792,train_00792,train,train,train_legacy
train_04452,train_04452,train_04452,train,train,train_legacy
train_added_val_search_00202,val_search_00202,val_search_00202,val_search,train,train_added
train_01655,train_01655,train_01655,train,train,train_legacy
train_05454,train_05454,train_05454,train,train,train_legacy
train_03634,train_03634,train_03634,train,train,train_legacy
train_02181,train_02181,train_02181,train,train,train_legacy
train_added_val_search_00371,val_search_00371,val_search_00371,val_search,train,train_added
train_added_val_confirm_00377,val_confirm_00377,val_confirm_00377,val_confirm,train,train_added
train_00793,train_00793,train_00793,train,train,train_legacy
train_added_test_00879,test_00879,test_00879,test,train,train_added
train_00280,train_00280,train_00280,train,train,train_legacy
train_04831,train_04831,train_04831,train,train,train_legacy
train_01964,train_01964,train_01964,train,train,train_legacy
train_00050,train_00050,train_00050,train,train,train_legacy
train_04449,train_04449,train_04449,train,train,train_legacy
train_03093,train_03093,train_03093,train,train,train_legacy
train_04975,train_04975,train_04975,train,train,train_legacy
train_added_test_00481,test_00481,test_00481,test,train,train_added
train_02753,train_02753,train_02753,train,train,train_legacy
train_02154,train_02154,train_02154,train,train,train_legacy
train_00270,train_00270,train_00270,train,train,train_legacy
train_01712,train_01712,train_01712,train,train,train_legacy
train_added_val_confirm_00091,val_confirm_00091,val_confirm_00091,val_confirm,train,train_added
train_04696,train_04696,train_04696,train,train,train_legacy
train_added_val_search_00176,val_search_00176,val_search_00176,val_search,train,train_added
train_01414,train_01414,train_01414,train,train,train_legacy
train_01594,train_01594,train_01594,train,train,train_legacy
train_added_val_confirm_00014,val_confirm_00014,val_confirm_00014,val_confirm,train,train_added
train_02380,train_02380,train_02380,train,train,train_legacy
train_added_val_search_00058,val_search_00058,val_search_00058,val_search,train,train_added
train_05697,train_05697,train_05697,train,train,train_legacy
train_04035,train_04035,train_04035,train,train,train_legacy
train_02109,train_02109,train_02109,train,train,train_legacy
train_02393,train_02393,train_02393,train,train,train_legacy
train_03241,train_03241,train_03241,train,train,train_legacy
train_added_test_00274,test_00274,test_00274,test,train,train_added
train_01449,train_01449,train_01449,train,train,train_legacy
train_04085,train_04085,train_04085,train,train,train_legacy
train_02056,train_02056,train_02056,train,train,train_legacy
train_04800,train_04800,train_04800,train,train,train_legacy
train_01153,train_01153,train_01153,train,train,train_legacy
train_03721,train_03721,train_03721,train,train,train_legacy
train_05739,train_05739,train_05739,train,train,train_legacy
train_04948,train_04948,train_04948,train,train,train_legacy
train_00553,train_00553,train_00553,train,train,train_legacy
train_00467,train_00467,train_00467,train,train,train_legacy
train_00509,train_00509,train_00509,train,train,train_legacy
train_00075,train_00075,train_00075,train,train,train_legacy
train_02292,train_02292,train_02292,train,train,train_legacy
train_02626,train_02626,train_02626,train,train,train_legacy
train_01978,train_01978,train_01978,train,train,train_legacy
train_00117,train_00117,train_00117,train,train,train_legacy
train_03773,train_03773,train_03773,train,train,train_legacy
train_00687,train_00687,train_00687,train,train,train_legacy
train_04178,train_04178,train_04178,train,train,train_legacy
train_02267,train_02267,train_02267,train,train,train_legacy
train_02188,train_02188,train_02188,train,train,train_legacy
train_03232,train_03232,train_03232,train,train,train_legacy
train_01058,train_01058,train_01058,train,train,train_legacy
train_04415,train_04415,train_04415,train,train,train_legacy
train_04589,train_04589,train_04589,train,train,train_legacy
train_added_val_confirm_00876,val_confirm_00876,val_confirm_00876,val_confirm,train,train_added
train_04328,train_04328,train_04328,train,train,train_legacy
train_01618,train_01618,train_01618,train,train,train_legacy
train_02677,train_02677,train_02677,train,train,train_legacy
train_04309,train_04309,train_04309,train,train,train_legacy
train_02635,train_02635,train_02635,train,train,train_legacy
train_05751,train_05751,train_05751,train,train,train_legacy
train_02668,train_02668,train_02668,train,train,train_legacy
train_01213,train_01213,train_01213,train,train,train_legacy
train_01588,train_01588,train_01588,train,train,train_legacy
train_03450,train_03450,train_03450,train,train,train_legacy
train_00017,train_00017,train_00017,train,train,train_legacy
train_03905,train_03905,train_03905,train,train,train_legacy
train_03323,train_03323,train_03323,train,train,train_legacy
train_04147,train_04147,train_04147,train,train,train_legacy
train_03868,train_03868,train_03868,train,train,train_legacy
train_00920,train_00920,train_00920,train,train,train_legacy
train_00407,train_00407,train_00407,train,train,train_legacy
train_added_test_02200,test_02200,test_02200,test,train,train_added
train_added_val_confirm_00485,val_confirm_00485,val_confirm_00485,val_confirm,train,train_added
train_04217,train_04217,train_04217,train,train,train_legacy
train_05436,train_05436,train_05436,train,train,train_legacy
train_04011,train_04011,train_04011,train,train,train_legacy
train_03030,train_03030,train_03030,train,train,train_legacy
train_02265,train_02265,train_02265,train,train,train_legacy
train_02820,train_02820,train_02820,train,train,train_legacy
train_01546,train_01546,train_01546,train,train,train_legacy
train_04909,train_04909,train_04909,train,train,train_legacy
train_03464,train_03464,train_03464,train,train,train_legacy
train_05872,train_05872,train_05872,train,train,train_legacy
train_04356,train_04356,train_04356,train,train,train_legacy
train_added_val_search_00297,val_search_00297,val_search_00297,val_search,train,train_added
train_05863,train_05863,train_05863,train,train,train_legacy
train_01308,train_01308,train_01308,train,train,train_legacy
train_04086,train_04086,train_04086,train,train,train_legacy
train_added_test_01515,test_01515,test_01515,test,train,train_added
train_05417,train_05417,train_05417,train,train,train_legacy
train_00657,train_00657,train_00657,train,train,train_legacy
train_00384,train_00384,train_00384,train,train,train_legacy
train_02586,train_02586,train_02586,train,train,train_legacy
train_03404,train_03404,train_03404,train,train,train_legacy
train_added_val_confirm_00283,val_confirm_00283,val_confirm_00283,val_confirm,train,train_added
train_05458,train_05458,train_05458,train,train,train_legacy
train_05185,train_05185,train_05185,train,train,train_legacy
train_05089,train_05089,train_05089,train,train,train_legacy
train_02695,train_02695,train_02695,train,train,train_legacy
train_00658,train_00658,train_00658,train,train,train_legacy
train_00317,train_00317,train_00317,train,train,train_legacy
train_03806,train_03806,train_03806,train,train,train_legacy
train_05552,train_05552,train_05552,train,train,train_legacy
train_04134,train_04134,train_04134,train,train,train_legacy
train_01421,train_01421,train_01421,train,train,train_legacy
train_02032,train_02032,train_02032,train,train,train_legacy
train_05450,train_05450,train_05450,train,train,train_legacy
train_01098,train_01098,train_01098,train,train,train_legacy
train_04520,train_04520,train_04520,train,train,train_legacy
train_02308,train_02308,train_02308,train,train,train_legacy
train_00754,train_00754,train_00754,train,train,train_legacy
train_04258,train_04258,train_04258,train,train,train_legacy
train_03412,train_03412,train_03412,train,train,train_legacy
train_03790,train_03790,train_03790,train,train,train_legacy
train_04837,train_04837,train_04837,train,train,train_legacy
train_added_val_search_00321,val_search_00321,val_search_00321,val_search,train,train_added
train_added_val_confirm_01068,val_confirm_01068,val_confirm_01068,val_confirm,train,train_added
train_added_val_confirm_00574,val_confirm_00574,val_confirm_00574,val_confirm,train,train_added
train_01624,train_01624,train_01624,train,train,train_legacy
train_03228,train_03228,train_03228,train,train,train_legacy
train_04140,train_04140,train_04140,train,train,train_legacy
train_added_val_search_00103,val_search_00103,val_search_00103,val_search,train,train_added
train_03924,train_03924,train_03924,train,train,train_legacy
train_00194,train_00194,train_00194,train,train,train_legacy
train_05586,train_05586,train_05586,train,train,train_legacy
train_00848,train_00848,train_00848,train,train,train_legacy
train_03889,train_03889,train_03889,train,train,train_legacy
train_03117,train_03117,train_03117,train,train,train_legacy
train_04758,train_04758,train_04758,train,train,train_legacy
train_00128,train_00128,train_00128,train,train,train_legacy
train_00348,train_00348,train_00348,train,train,train_legacy
train_02890,train_02890,train_02890,train,train,train_legacy
train_03795,train_03795,train_03795,train,train,train_legacy
train_04726,train_04726,train_04726,train,train,train_legacy
train_03813,train_03813,train_03813,train,train,train_legacy
train_added_test_01606,test_01606,test_01606,test,train,train_added
train_00076,train_00076,train_00076,train,train,train_legacy
train_02757,train_02757,train_02757,train,train,train_legacy
train_05448,train_05448,train_05448,train,train,train_legacy
train_02803,train_02803,train_02803,train,train,train_legacy
train_00092,train_00092,train_00092,train,train,train_legacy
train_00361,train_00361,train_00361,train,train,train_legacy
train_03375,train_03375,train_03375,train,train,train_legacy
train_added_test_00712,test_00712,test_00712,test,train,train_added
train_02079,train_02079,train_02079,train,train,train_legacy
train_02340,train_02340,train_02340,train,train,train_legacy
train_00501,train_00501,train_00501,train,train,train_legacy
train_01178,train_01178,train_01178,train,train,train_legacy
train_01813,train_01813,train_01813,train,train,train_legacy
train_added_test_02124,test_02124,test_02124,test,train,train_added
train_added_val_confirm_00546,val_confirm_00546,val_confirm_00546,val_confirm,train,train_added
train_00037,train_00037,train_00037,train,train,train_legacy
train_01125,train_01125,train_01125,train,train,train_legacy
train_00533,train_00533,train_00533,train,train,train_legacy
train_04246,train_04246,train_04246,train,train,train_legacy
train_05157,train_05157,train_05157,train,train,train_legacy
train_04163,train_04163,train_04163,train,train,train_legacy
train_00834,train_00834,train_00834,train,train,train_legacy
train_05251,train_05251,train_05251,train,train,train_legacy
train_01616,train_01616,train_01616,train,train,train_legacy
train_added_test_00192,test_00192,test_00192,test,train,train_added
train_02225,train_02225,train_02225,train,train,train_legacy
train_05055,train_05055,train_05055,train,train,train_legacy
train_03493,train_03493,train_03493,train,train,train_legacy
train_03427,train_03427,train_03427,train,train,train_legacy
train_01636,train_01636,train_01636,train,train,train_legacy
train_added_test_00702,test_00702,test_00702,test,train,train_added
train_05464,train_05464,train_05464,train,train,train_legacy
train_03956,train_03956,train_03956,train,train,train_legacy
train_04995,train_04995,train_04995,train,train,train_legacy
train_00554,train_00554,train_00554,train,train,train_legacy
train_02162,train_02162,train_02162,train,train,train_legacy
train_00397,train_00397,train_00397,train,train,train_legacy
train_04419,train_04419,train_04419,train,train,train_legacy
train_04654,train_04654,train_04654,train,train,train_legacy
train_03527,train_03527,train_03527,train,train,train_legacy
train_01084,train_01084,train_01084,train,train,train_legacy
train_02625,train_02625,train_02625,train,train,train_legacy
train_01967,train_01967,train_01967,train,train,train_legacy
train_00246,train_00246,train_00246,train,train,train_legacy
train_00300,train_00300,train_00300,train,train,train_legacy
train_02315,train_02315,train_02315,train,train,train_legacy
train_04556,train_04556,train_04556,train,train,train_legacy
train_added_val_confirm_00355,val_confirm_00355,val_confirm_00355,val_confirm,train,train_added
train_03633,train_03633,train_03633,train,train,train_legacy
train_05330,train_05330,train_05330,train,train,train_legacy
train_03490,train_03490,train_03490,train,train,train_legacy
train_03114,train_03114,train_03114,train,train,train_legacy
train_02165,train_02165,train_02165,train,train,train_legacy
train_05220,train_05220,train_05220,train,train,train_legacy
train_00122,train_00122,train_00122,train,train,train_legacy
train_added_val_confirm_00569,val_confirm_00569,val_confirm_00569,val_confirm,train,train_added
train_05169,train_05169,train_05169,train,train,train_legacy
train_05887,train_05887,train_05887,train,train,train_legacy
train_added_val_confirm_00322,val_confirm_00322,val_confirm_00322,val_confirm,train,train_added
train_02516,train_02516,train_02516,train,train,train_legacy
train_05828,train_05828,train_05828,train,train,train_legacy
train_04396,train_04396,train_04396,train,train,train_legacy
train_02078,train_02078,train_02078,train,train,train_legacy
train_04432,train_04432,train_04432,train,train,train_legacy
train_03871,train_03871,train_03871,train,train,train_legacy
train_03380,train_03380,train_03380,train,train,train_legacy
train_02404,train_02404,train_02404,train,train,train_legacy
train_added_val_search_00263,val_search_00263,val_search_00263,val_search,train,train_added
train_02427,train_02427,train_02427,train,train,train_legacy
train_03627,train_03627,train_03627,train,train,train_legacy
train_added_val_search_00213,val_search_00213,val_search_00213,val_search,train,train_added
train_05905,train_05905,train_05905,train,train,train_legacy
train_03530,train_03530,train_03530,train,train,train_legacy
train_04371,train_04371,train_04371,train,train,train_legacy
train_04244,train_04244,train_04244,train,train,train_legacy
train_03981,train_03981,train_03981,train,train,train_legacy
train_added_test_00872,test_00872,test_00872,test,train,train_added
train_04339,train_04339,train_04339,train,train,train_legacy
train_00349,train_00349,train_00349,train,train,train_legacy
train_01315,train_01315,train_01315,train,train,train_legacy
train_00491,train_00491,train_00491,train,train,train_legacy
train_added_test_01504,test_01504,test_01504,test,train,train_added
train_04626,train_04626,train_04626,train,train,train_legacy
train_03297,train_03297,train_03297,train,train,train_legacy
train_00862,train_00862,train_00862,train,train,train_legacy
train_03798,train_03798,train_03798,train,train,train_legacy
train_04778,train_04778,train_04778,train,train,train_legacy
train_05832,train_05832,train_05832,train,train,train_legacy
train_05017,train_05017,train_05017,train,train,train_legacy
train_04063,train_04063,train_04063,train,train,train_legacy
train_01448,train_01448,train_01448,train,train,train_legacy
train_04094,train_04094,train_04094,train,train,train_legacy
train_added_val_confirm_00497,val_confirm_00497,val_confirm_00497,val_confirm,train,train_added
train_03711,train_03711,train_03711,train,train,train_legacy
train_01512,train_01512,train_01512,train,train,train_legacy
train_01110,train_01110,train_01110,train,train,train_legacy
train_01565,train_01565,train_01565,train,train,train_legacy
train_04834,train_04834,train_04834,train,train,train_legacy
train_05091,train_05091,train_05091,train,train,train_legacy
train_01375,train_01375,train_01375,train,train,train_legacy
train_04261,train_04261,train_04261,train,train,train_legacy
train_03664,train_03664,train_03664,train,train,train_legacy
train_05800,train_05800,train_05800,train,train,train_legacy
train_03046,train_03046,train_03046,train,train,train_legacy
train_03130,train_03130,train_03130,train,train,train_legacy
train_added_test_00574,test_00574,test_00574,test,train,train_added
train_01413,train_01413,train_01413,train,train,train_legacy
train_00110,train_00110,train_00110,train,train,train_legacy
train_01820,train_01820,train_01820,train,train,train_legacy
train_01805,train_01805,train_01805,train,train,train_legacy
train_added_val_confirm_00017,val_confirm_00017,val_confirm_00017,val_confirm,train,train_added
train_01773,train_01773,train_01773,train,train,train_legacy
train_02950,train_02950,train_02950,train,train,train_legacy
train_02494,train_02494,train_02494,train,train,train_legacy
train_03405,train_03405,train_03405,train,train,train_legacy
train_01047,train_01047,train_01047,train,train,train_legacy
train_04124,train_04124,train_04124,train,train,train_legacy
train_05142,train_05142,train_05142,train,train,train_legacy
train_added_val_confirm_00906,val_confirm_00906,val_confirm_00906,val_confirm,train,train_added
train_02767,train_02767,train_02767,train,train,train_legacy
train_03085,train_03085,train_03085,train,train,train_legacy
train_01208,train_01208,train_01208,train,train,train_legacy
train_02445,train_02445,train_02445,train,train,train_legacy
train_01718,train_01718,train_01718,train,train,train_legacy
train_01271,train_01271,train_01271,train,train,train_legacy
train_01111,train_01111,train_01111,train,train,train_legacy
train_00603,train_00603,train_00603,train,train,train_legacy
train_02345,train_02345,train_02345,train,train,train_legacy
train_02014,train_02014,train_02014,train,train,train_legacy
train_added_test_02149,test_02149,test_02149,test,train,train_added
train_added_test_02163,test_02163,test_02163,test,train,train_added
train_02760,train_02760,train_02760,train,train,train_legacy
train_00394,train_00394,train_00394,train,train,train_legacy
train_04757,train_04757,train_04757,train,train,train_legacy
train_05099,train_05099,train_05099,train,train,train_legacy
train_00003,train_00003,train_00003,train,train,train_legacy
train_00332,train_00332,train_00332,train,train,train_legacy
train_03816,train_03816,train_03816,train,train,train_legacy
train_00936,train_00936,train_00936,train,train,train_legacy
train_05435,train_05435,train_05435,train,train,train_legacy
train_00983,train_00983,train_00983,train,train,train_legacy
train_04864,train_04864,train_04864,train,train,train_legacy
train_05668,train_05668,train_05668,train,train,train_legacy
train_added_test_02065,test_02065,test_02065,test,train,train_added
train_02943,train_02943,train_02943,train,train,train_legacy
train_03391,train_03391,train_03391,train,train,train_legacy
train_03023,train_03023,train_03023,train,train,train_legacy
train_added_val_confirm_00188,val_confirm_00188,val_confirm_00188,val_confirm,train,train_added
train_03010,train_03010,train_03010,train,train,train_legacy
train_02939,train_02939,train_02939,train,train,train_legacy
train_01128,train_01128,train_01128,train,train,train_legacy
train_00859,train_00859,train_00859,train,train,train_legacy
train_05518,train_05518,train_05518,train,train,train_legacy
train_added_test_00295,test_00295,test_00295,test,train,train_added
train_03910,train_03910,train_03910,train,train,train_legacy
train_05761,train_05761,train_05761,train,train,train_legacy
train_03203,train_03203,train_03203,train,train,train_legacy
train_04387,train_04387,train_04387,train,train,train_legacy
train_03547,train_03547,train_03547,train,train,train_legacy
train_01734,train_01734,train_01734,train,train,train_legacy
train_01919,train_01919,train_01919,train,train,train_legacy
train_03133,train_03133,train_03133,train,train,train_legacy
train_00426,train_00426,train_00426,train,train,train_legacy
train_04621,train_04621,train_04621,train,train,train_legacy
train_04148,train_04148,train_04148,train,train,train_legacy
train_00455,train_00455,train_00455,train,train,train_legacy
train_03091,train_03091,train_03091,train,train,train_legacy
train_05948,train_05948,train_05948,train,train,train_legacy
train_00561,train_00561,train_00561,train,train,train_legacy
train_02407,train_02407,train_02407,train,train,train_legacy
train_05305,train_05305,train_05305,train,train,train_legacy
train_01972,train_01972,train_01972,train,train,train_legacy
train_00994,train_00994,train_00994,train,train,train_legacy
train_04830,train_04830,train_04830,train,train,train_legacy
train_01450,train_01450,train_01450,train,train,train_legacy
train_04575,train_04575,train_04575,train,train,train_legacy
train_01716,train_01716,train_01716,train,train,train_legacy
train_04733,train_04733,train_04733,train,train,train_legacy
train_02253,train_02253,train_02253,train,train,train_legacy
train_added_val_confirm_00840,val_confirm_00840,val_confirm_00840,val_confirm,train,train_added
train_05921,train_05921,train_05921,train,train,train_legacy
train_01898,train_01898,train_01898,train,train,train_legacy
train_added_test_00667,test_00667,test_00667,test,train,train_added
train_04926,train_04926,train_04926,train,train,train_legacy
train_02060,train_02060,train_02060,train,train,train_legacy
train_03860,train_03860,train_03860,train,train,train_legacy
train_03171,train_03171,train_03171,train,train,train_legacy
train_added_val_confirm_00173,val_confirm_00173,val_confirm_00173,val_confirm,train,train_added
train_05699,train_05699,train_05699,train,train,train_legacy
train_04137,train_04137,train_04137,train,train,train_legacy
train_03429,train_03429,train_03429,train,train,train_legacy
train_03251,train_03251,train_03251,train,train,train_legacy
train_03204,train_03204,train_03204,train,train,train_legacy
train_02415,train_02415,train_02415,train,train,train_legacy
train_04010,train_04010,train_04010,train,train,train_legacy
train_03236,train_03236,train_03236,train,train,train_legacy
train_04428,train_04428,train_04428,train,train,train_legacy
train_04459,train_04459,train_04459,train,train,train_legacy
train_05665,train_05665,train_05665,train,train,train_legacy
train_01764,train_01764,train_01764,train,train,train_legacy
train_04942,train_04942,train_04942,train,train,train_legacy
train_01925,train_01925,train_01925,train,train,train_legacy
train_01471,train_01471,train_01471,train,train,train_legacy
train_added_val_search_00150,val_search_00150,val_search_00150,val_search,train,train_added
train_02354,train_02354,train_02354,train,train,train_legacy
train_03507,train_03507,train_03507,train,train,train_legacy
train_00402,train_00402,train_00402,train,train,train_legacy
train_05104,train_05104,train_05104,train,train,train_legacy
train_05788,train_05788,train_05788,train,train,train_legacy
train_05005,train_05005,train_05005,train,train,train_legacy
train_01184,train_01184,train_01184,train,train,train_legacy
train_01296,train_01296,train_01296,train,train,train_legacy
train_00542,train_00542,train_00542,train,train,train_legacy
train_added_val_confirm_01032,val_confirm_01032,val_confirm_01032,val_confirm,train,train_added
train_05232,train_05232,train_05232,train,train,train_legacy
train_added_test_00084,test_00084,test_00084,test,train,train_added
train_00124,train_00124,train_00124,train,train,train_legacy
train_03014,train_03014,train_03014,train,train,train_legacy
train_05378,train_05378,train_05378,train,train,train_legacy
train_added_test_00034,test_00034,test_00034,test,train,train_added
train_01537,train_01537,train_01537,train,train,train_legacy
train_added_test_00687,test_00687,test_00687,test,train,train_added
train_00145,train_00145,train_00145,train,train,train_legacy
train_05785,train_05785,train_05785,train,train,train_legacy
train_added_test_00908,test_00908,test_00908,test,train,train_added
train_01899,train_01899,train_01899,train,train,train_legacy
train_03082,train_03082,train_03082,train,train,train_legacy
train_01157,train_01157,train_01157,train,train,train_legacy
train_03621,train_03621,train_03621,train,train,train_legacy
train_00113,train_00113,train_00113,train,train,train_legacy
train_02897,train_02897,train_02897,train,train,train_legacy
train_04327,train_04327,train_04327,train,train,train_legacy
train_01783,train_01783,train_01783,train,train,train_legacy
train_01493,train_01493,train_01493,train,train,train_legacy
train_01874,train_01874,train_01874,train,train,train_legacy
train_added_test_02342,test_02342,test_02342,test,train,train_added
train_01782,train_01782,train_01782,train,train,train_legacy
train_05042,train_05042,train_05042,train,train,train_legacy
train_added_test_01404,test_01404,test_01404,test,train,train_added
train_02847,train_02847,train_02847,train,train,train_legacy
train_01988,train_01988,train_01988,train,train,train_legacy
train_00438,train_00438,train_00438,train,train,train_legacy
train_03946,train_03946,train_03946,train,train,train_legacy
train_02414,train_02414,train_02414,train,train,train_legacy
train_01346,train_01346,train_01346,train,train,train_legacy
train_00276,train_00276,train_00276,train,train,train_legacy
train_05138,train_05138,train_05138,train,train,train_legacy
train_02769,train_02769,train_02769,train,train,train_legacy
train_01276,train_01276,train_01276,train,train,train_legacy
train_05928,train_05928,train_05928,train,train,train_legacy
train_02127,train_02127,train_02127,train,train,train_legacy
train_02627,train_02627,train_02627,train,train,train_legacy
train_05522,train_05522,train_05522,train,train,train_legacy
train_03237,train_03237,train_03237,train,train,train_legacy
train_00726,train_00726,train_00726,train,train,train_legacy
train_01302,train_01302,train_01302,train,train,train_legacy
train_added_val_confirm_00262,val_confirm_00262,val_confirm_00262,val_confirm,train,train_added
train_00755,train_00755,train_00755,train,train,train_legacy
train_03268,train_03268,train_03268,train,train,train_legacy
train_01507,train_01507,train_01507,train,train,train_legacy
train_01456,train_01456,train_01456,train,train,train_legacy
train_05187,train_05187,train_05187,train,train,train_legacy
train_added_val_confirm_00959,val_confirm_00959,val_confirm_00959,val_confirm,train,train_added
train_03656,train_03656,train_03656,train,train,train_legacy
train_05347,train_05347,train_05347,train,train,train_legacy
train_added_val_search_00271,val_search_00271,val_search_00271,val_search,train,train_added
train_03629,train_03629,train_03629,train,train,train_legacy
train_04153,train_04153,train_04153,train,train,train_legacy
train_03829,train_03829,train_03829,train,train,train_legacy
train_03362,train_03362,train_03362,train,train,train_legacy
train_04689,train_04689,train_04689,train,train,train_legacy
train_04477,train_04477,train_04477,train,train,train_legacy
train_03994,train_03994,train_03994,train,train,train_legacy
train_added_test_00719,test_00719,test_00719,test,train,train_added
train_05936,train_05936,train_05936,train,train,train_legacy
train_01791,train_01791,train_01791,train,train,train_legacy
train_00731,train_00731,train_00731,train,train,train_legacy
train_01860,train_01860,train_01860,train,train,train_legacy
train_04658,train_04658,train_04658,train,train,train_legacy
train_04461,train_04461,train_04461,train,train,train_legacy
train_02784,train_02784,train_02784,train,train,train_legacy
train_01672,train_01672,train_01672,train,train,train_legacy
train_03607,train_03607,train_03607,train,train,train_legacy
train_04698,train_04698,train_04698,train,train,train_legacy
train_05601,train_05601,train_05601,train,train,train_legacy
train_05661,train_05661,train_05661,train,train,train_legacy
train_02664,train_02664,train_02664,train,train,train_legacy
train_03160,train_03160,train_03160,train,train,train_legacy
train_03638,train_03638,train_03638,train,train,train_legacy
train_added_test_01832,test_01832,test_01832,test,train,train_added
train_00932,train_00932,train_00932,train,train,train_legacy
train_02919,train_02919,train_02919,train,train,train_legacy
train_added_val_confirm_00640,val_confirm_00640,val_confirm_00640,val_confirm,train,train_added
train_05967,train_05967,train_05967,train,train,train_legacy
train_04109,train_04109,train_04109,train,train,train_legacy
train_03961,train_03961,train_03961,train,train,train_legacy
train_04399,train_04399,train_04399,train,train,train_legacy
train_05294,train_05294,train_05294,train,train,train_legacy
train_04020,train_04020,train_04020,train,train,train_legacy
train_05627,train_05627,train_05627,train,train,train_legacy
train_04582,train_04582,train_04582,train,train,train_legacy
train_01437,train_01437,train_01437,train,train,train_legacy
train_02920,train_02920,train_02920,train,train,train_legacy
train_01398,train_01398,train_01398,train,train,train_legacy
train_02473,train_02473,train_02473,train,train,train_legacy
train_04042,train_04042,train_04042,train,train,train_legacy
train_02115,train_02115,train_02115,train,train,train_legacy
train_00214,train_00214,train_00214,train,train,train_legacy
train_05719,train_05719,train_05719,train,train,train_legacy
train_02228,train_02228,train_02228,train,train,train_legacy
train_00453,train_00453,train_00453,train,train,train_legacy
train_02048,train_02048,train_02048,train,train,train_legacy
train_03652,train_03652,train_03652,train,train,train_legacy
train_00048,train_00048,train_00048,train,train,train_legacy
train_03586,train_03586,train_03586,train,train,train_legacy
train_05950,train_05950,train_05950,train,train,train_legacy
train_03937,train_03937,train_03937,train,train,train_legacy
train_01262,train_01262,train_01262,train,train,train_legacy
train_04614,train_04614,train_04614,train,train,train_legacy
train_added_val_search_00376,val_search_00376,val_search_00376,val_search,train,train_added
train_added_test_00950,test_00950,test_00950,test,train,train_added
train_05045,train_05045,train_05045,train,train,train_legacy
train_01367,train_01367,train_01367,train,train,train_legacy
train_02611,train_02611,train_02611,train,train,train_legacy
train_added_val_confirm_00846,val_confirm_00846,val_confirm_00846,val_confirm,train,train_added
train_added_test_00619,test_00619,test_00619,test,train,train_added
train_01733,train_01733,train_01733,train,train,train_legacy
train_02477,train_02477,train_02477,train,train,train_legacy
train_05395,train_05395,train_05395,train,train,train_legacy
train_04237,train_04237,train_04237,train,train,train_legacy
train_added_test_00592,test_00592,test_00592,test,train,train_added
train_02761,train_02761,train_02761,train,train,train_legacy
train_added_test_01748,test_01748,test_01748,test,train,train_added
train_05469,train_05469,train_05469,train,train,train_legacy
train_02218,train_02218,train_02218,train,train,train_legacy
train_added_test_01897,test_01897,test_01897,test,train,train_added
train_added_test_01536,test_01536,test_01536,test,train,train_added
train_01065,train_01065,train_01065,train,train,train_legacy
train_00833,train_00833,train_00833,train,train,train_legacy
train_05965,train_05965,train_05965,train,train,train_legacy
train_01270,train_01270,train_01270,train,train,train_legacy
train_01681,train_01681,train_01681,train,train,train_legacy
train_05237,train_05237,train_05237,train,train,train_legacy
train_04014,train_04014,train_04014,train,train,train_legacy
train_03432,train_03432,train_03432,train,train,train_legacy
train_04913,train_04913,train_04913,train,train,train_legacy
train_02693,train_02693,train_02693,train,train,train_legacy
train_04691,train_04691,train_04691,train,train,train_legacy
train_added_test_00787,test_00787,test_00787,test,train,train_added
train_03785,train_03785,train_03785,train,train,train_legacy
train_02010,train_02010,train_02010,train,train,train_legacy
train_03900,train_03900,train_03900,train,train,train_legacy
train_03570,train_03570,train_03570,train,train,train_legacy
train_added_test_00234,test_00234,test_00234,test,train,train_added
train_added_test_00183,test_00183,test_00183,test,train,train_added
train_02665,train_02665,train_02665,train,train,train_legacy
train_03597,train_03597,train_03597,train,train,train_legacy
train_00480,train_00480,train_00480,train,train,train_legacy
train_03838,train_03838,train_03838,train,train,train_legacy
train_added_test_01050,test_01050,test_01050,test,train,train_added
train_added_test_01702,test_01702,test_01702,test,train,train_added
train_04381,train_04381,train_04381,train,train,train_legacy
train_03760,train_03760,train_03760,train,train,train_legacy
train_01322,train_01322,train_01322,train,train,train_legacy
train_04961,train_04961,train_04961,train,train,train_legacy
train_added_test_02431,test_02431,test_02431,test,train,train_added
train_03541,train_03541,train_03541,train,train,train_legacy
train_04666,train_04666,train_04666,train,train,train_legacy
train_added_test_01441,test_01441,test_01441,test,train,train_added
train_03740,train_03740,train_03740,train,train,train_legacy
train_00847,train_00847,train_00847,train,train,train_legacy
train_added_val_confirm_00829,val_confirm_00829,val_confirm_00829,val_confirm,train,train_added
train_02367,train_02367,train_02367,train,train,train_legacy
train_03630,train_03630,train_03630,train,train,train_legacy
train_02086,train_02086,train_02086,train,train,train_legacy
train_02099,train_02099,train_02099,train,train,train_legacy
train_04337,train_04337,train_04337,train,train,train_legacy
train_04228,train_04228,train_04228,train,train,train_legacy
train_00190,train_00190,train_00190,train,train,train_legacy
train_04002,train_04002,train_04002,train,train,train_legacy
train_05258,train_05258,train_05258,train,train,train_legacy
train_00592,train_00592,train_00592,train,train,train_legacy
train_added_val_confirm_00246,val_confirm_00246,val_confirm_00246,val_confirm,train,train_added
train_04900,train_04900,train_04900,train,train,train_legacy
train_added_test_01556,test_01556,test_01556,test,train,train_added
train_04845,train_04845,train_04845,train,train,train_legacy
train_02518,train_02518,train_02518,train,train,train_legacy
train_00299,train_00299,train_00299,train,train,train_legacy
train_04023,train_04023,train_04023,train,train,train_legacy
train_added_val_confirm_00555,val_confirm_00555,val_confirm_00555,val_confirm,train,train_added
train_03041,train_03041,train_03041,train,train,train_legacy
train_01216,train_01216,train_01216,train,train,train_legacy
train_05059,train_05059,train_05059,train,train,train_legacy
train_01293,train_01293,train_01293,train,train,train_legacy
train_02831,train_02831,train_02831,train,train,train_legacy
train_05894,train_05894,train_05894,train,train,train_legacy
train_05023,train_05023,train_05023,train,train,train_legacy
train_01961,train_01961,train_01961,train,train,train_legacy
train_added_val_search_00120,val_search_00120,val_search_00120,val_search,train,train_added
train_00431,train_00431,train_00431,train,train,train_legacy
train_05447,train_05447,train_05447,train,train,train_legacy
train_04206,train_04206,train_04206,train,train,train_legacy
train_02680,train_02680,train_02680,train,train,train_legacy
train_02249,train_02249,train_02249,train,train,train_legacy
train_03916,train_03916,train_03916,train,train,train_legacy
train_00893,train_00893,train_00893,train,train,train_legacy
train_01699,train_01699,train_01699,train,train,train_legacy
train_01135,train_01135,train_01135,train,train,train_legacy
train_00257,train_00257,train_00257,train,train,train_legacy
train_02471,train_02471,train_02471,train,train,train_legacy
train_01739,train_01739,train_01739,train,train,train_legacy
train_05591,train_05591,train_05591,train,train,train_legacy
train_00595,train_00595,train_00595,train,train,train_legacy
train_00552,train_00552,train_00552,train,train,train_legacy
train_00380,train_00380,train_00380,train,train,train_legacy
train_03575,train_03575,train_03575,train,train,train_legacy
train_added_test_01293,test_01293,test_01293,test,train,train_added
train_02066,train_02066,train_02066,train,train,train_legacy
train_05310,train_05310,train_05310,train,train,train_legacy
train_01303,train_01303,train_01303,train,train,train_legacy
train_03231,train_03231,train_03231,train,train,train_legacy
train_added_test_00065,test_00065,test_00065,test,train,train_added
train_04028,train_04028,train_04028,train,train,train_legacy
train_added_val_confirm_00000,val_confirm_00000,val_confirm_00000,val_confirm,train,train_added
train_added_val_search_00048,val_search_00048,val_search_00048,val_search,train,train_added
train_03887,train_03887,train_03887,train,train,train_legacy
train_01278,train_01278,train_01278,train,train,train_legacy
train_03381,train_03381,train_03381,train,train,train_legacy
train_00434,train_00434,train_00434,train,train,train_legacy
train_added_test_01010,test_01010,test_01010,test,train,train_added
train_04087,train_04087,train_04087,train,train,train_legacy
train_05687,train_05687,train_05687,train,train,train_legacy
train_05897,train_05897,train_05897,train,train,train_legacy
train_01249,train_01249,train_01249,train,train,train_legacy
train_04315,train_04315,train_04315,train,train,train_legacy
train_04065,train_04065,train_04065,train,train,train_legacy
train_added_val_confirm_00743,val_confirm_00743,val_confirm_00743,val_confirm,train,train_added
train_03913,train_03913,train_03913,train,train,train_legacy
train_05907,train_05907,train_05907,train,train,train_legacy
train_02902,train_02902,train_02902,train,train,train_legacy
train_03032,train_03032,train_03032,train,train,train_legacy
train_02614,train_02614,train_02614,train,train,train_legacy
train_05795,train_05795,train_05795,train,train,train_legacy
train_02470,train_02470,train_02470,train,train,train_legacy
train_04848,train_04848,train_04848,train,train,train_legacy
train_05667,train_05667,train_05667,train,train,train_legacy
train_02542,train_02542,train_02542,train,train,train_legacy
train_added_test_01418,test_01418,test_01418,test,train,train_added
train_added_test_00152,test_00152,test_00152,test,train,train_added
train_added_val_search_00068,val_search_00068,val_search_00068,val_search,train,train_added
train_04869,train_04869,train_04869,train,train,train_legacy
train_01692,train_01692,train_01692,train,train,train_legacy
train_03998,train_03998,train_03998,train,train,train_legacy
train_02566,train_02566,train_02566,train,train,train_legacy
train_added_test_01952,test_01952,test_01952,test,train,train_added
train_05058,train_05058,train_05058,train,train,train_legacy
train_04655,train_04655,train_04655,train,train,train_legacy
train_added_test_02316,test_02316,test_02316,test,train,train_added
train_02722,train_02722,train_02722,train,train,train_legacy
train_04647,train_04647,train_04647,train,train,train_legacy
train_00972,train_00972,train_00972,train,train,train_legacy
train_added_test_01753,test_01753,test_01753,test,train,train_added
train_04233,train_04233,train_04233,train,train,train_legacy
train_00576,train_00576,train_00576,train,train,train_legacy
train_02825,train_02825,train_02825,train,train,train_legacy
train_added_val_confirm_00089,val_confirm_00089,val_confirm_00089,val_confirm,train,train_added
train_03011,train_03011,train_03011,train,train,train_legacy
train_03112,train_03112,train_03112,train,train,train_legacy
train_03710,train_03710,train_03710,train,train,train_legacy
train_05946,train_05946,train_05946,train,train,train_legacy
train_03453,train_03453,train_03453,train,train,train_legacy
train_02560,train_02560,train_02560,train,train,train_legacy
train_01426,train_01426,train_01426,train,train,train_legacy
train_02341,train_02341,train_02341,train,train,train_legacy
train_04966,train_04966,train_04966,train,train,train_legacy
train_04649,train_04649,train_04649,train,train,train_legacy
train_05848,train_05848,train_05848,train,train,train_legacy
train_added_val_confirm_00944,val_confirm_00944,val_confirm_00944,val_confirm,train,train_added
train_00563,train_00563,train_00563,train,train,train_legacy
train_00692,train_00692,train_00692,train,train,train_legacy
train_00736,train_00736,train_00736,train,train,train_legacy
train_00291,train_00291,train_00291,train,train,train_legacy
train_01109,train_01109,train_01109,train,train,train_legacy
train_02983,train_02983,train_02983,train,train,train_legacy
train_05917,train_05917,train_05917,train,train,train_legacy
train_01615,train_01615,train_01615,train,train,train_legacy
train_01362,train_01362,train_01362,train,train,train_legacy
train_03230,train_03230,train_03230,train,train,train_legacy
train_01237,train_01237,train_01237,train,train,train_legacy
train_04805,train_04805,train_04805,train,train,train_legacy
train_00794,train_00794,train_00794,train,train,train_legacy
train_added_test_01707,test_01707,test_01707,test,train,train_added
train_05328,train_05328,train_05328,train,train,train_legacy
train_00918,train_00918,train_00918,train,train,train_legacy
train_05794,train_05794,train_05794,train,train,train_legacy
train_04269,train_04269,train_04269,train,train,train_legacy
train_00475,train_00475,train_00475,train,train,train_legacy
train_added_val_confirm_01084,val_confirm_01084,val_confirm_01084,val_confirm,train,train_added
train_02915,train_02915,train_02915,train,train,train_legacy
train_01075,train_01075,train_01075,train,train,train_legacy
train_01379,train_01379,train_01379,train,train,train_legacy
train_02702,train_02702,train_02702,train,train,train_legacy
train_added_val_search_00198,val_search_00198,val_search_00198,val_search,train,train_added
train_added_test_01326,test_01326,test_01326,test,train,train_added
train_added_test_01638,test_01638,test_01638,test,train,train_added
train_00106,train_00106,train_00106,train,train,train_legacy
train_00474,train_00474,train_00474,train,train,train_legacy
train_02437,train_02437,train_02437,train,train,train_legacy
train_01938,train_01938,train_01938,train,train,train_legacy
train_04075,train_04075,train_04075,train,train,train_legacy
train_05077,train_05077,train_05077,train,train,train_legacy
train_00821,train_00821,train_00821,train,train,train_legacy
train_00679,train_00679,train_00679,train,train,train_legacy
train_00681,train_00681,train_00681,train,train,train_legacy
train_added_val_confirm_00100,val_confirm_00100,val_confirm_00100,val_confirm,train,train_added
train_03942,train_03942,train_03942,train,train,train_legacy
train_00068,train_00068,train_00068,train,train,train_legacy
train_01031,train_01031,train_01031,train,train,train_legacy
train_01219,train_01219,train_01219,train,train,train_legacy
train_added_val_confirm_00736,val_confirm_00736,val_confirm_00736,val_confirm,train,train_added
train_01843,train_01843,train_01843,train,train,train_legacy
train_04013,train_04013,train_04013,train,train,train_legacy
train_00995,train_00995,train_00995,train,train,train_legacy
train_04596,train_04596,train_04596,train,train,train_legacy
train_added_val_confirm_00773,val_confirm_00773,val_confirm_00773,val_confirm,train,train_added
train_05205,train_05205,train_05205,train,train,train_legacy
train_05060,train_05060,train_05060,train,train,train_legacy
train_02766,train_02766,train_02766,train,train,train_legacy
train_02041,train_02041,train_02041,train,train,train_legacy
train_04151,train_04151,train_04151,train,train,train_legacy
train_02237,train_02237,train_02237,train,train,train_legacy
train_05984,train_05984,train_05984,train,train,train_legacy
train_added_val_confirm_00510,val_confirm_00510,val_confirm_00510,val_confirm,train,train_added
train_added_val_confirm_00109,val_confirm_00109,val_confirm_00109,val_confirm,train,train_added
train_02778,train_02778,train_02778,train,train,train_legacy
train_05961,train_05961,train_05961,train,train,train_legacy
train_04321,train_04321,train_04321,train,train,train_legacy
train_added_val_confirm_00166,val_confirm_00166,val_confirm_00166,val_confirm,train,train_added
train_added_test_00322,test_00322,test_00322,test,train,train_added
train_04060,train_04060,train_04060,train,train,train_legacy
train_added_test_01391,test_01391,test_01391,test,train,train_added
train_added_test_01021,test_01021,test_01021,test,train,train_added
train_04350,train_04350,train_04350,train,train,train_legacy
train_04161,train_04161,train_04161,train,train,train_legacy
train_00020,train_00020,train_00020,train,train,train_legacy
train_03261,train_03261,train_03261,train,train,train_legacy
train_03562,train_03562,train_03562,train,train,train_legacy
train_04796,train_04796,train_04796,train,train,train_legacy
train_02196,train_02196,train_02196,train,train,train_legacy
train_00822,train_00822,train_00822,train,train,train_legacy
train_added_val_search_00146,val_search_00146,val_search_00146,val_search,train,train_added
train_05934,train_05934,train_05934,train,train,train_legacy
train_added_test_02457,test_02457,test_02457,test,train,train_added
train_05145,train_05145,train_05145,train,train,train_legacy
train_04798,train_04798,train_04798,train,train,train_legacy
train_02507,train_02507,train_02507,train,train,train_legacy
train_05613,train_05613,train_05613,train,train,train_legacy
train_03855,train_03855,train_03855,train,train,train_legacy
train_04573,train_04573,train_04573,train,train,train_legacy
train_04150,train_04150,train_04150,train,train,train_legacy
train_04307,train_04307,train_04307,train,train,train_legacy
train_02534,train_02534,train_02534,train,train,train_legacy
train_01872,train_01872,train_01872,train,train,train_legacy
train_added_test_00096,test_00096,test_00096,test,train,train_added
train_05808,train_05808,train_05808,train,train,train_legacy
train_00515,train_00515,train_00515,train,train,train_legacy
train_04469,train_04469,train_04469,train,train,train_legacy
train_added_test_02284,test_02284,test_02284,test,train,train_added
train_05474,train_05474,train_05474,train,train,train_legacy
train_01298,train_01298,train_01298,train,train,train_legacy
train_01853,train_01853,train_01853,train,train,train_legacy
train_01057,train_01057,train_01057,train,train,train_legacy
train_added_test_02296,test_02296,test_02296,test,train,train_added
train_01003,train_01003,train_01003,train,train,train_legacy
train_05977,train_05977,train_05977,train,train,train_legacy
train_03839,train_03839,train_03839,train,train,train_legacy
train_02581,train_02581,train_02581,train,train,train_legacy
train_02575,train_02575,train_02575,train,train,train_legacy
train_02711,train_02711,train_02711,train,train,train_legacy
train_02251,train_02251,train_02251,train,train,train_legacy
train_01012,train_01012,train_01012,train,train,train_legacy
train_02019,train_02019,train_02019,train,train,train_legacy
train_00354,train_00354,train_00354,train,train,train_legacy
train_02582,train_02582,train_02582,train,train,train_legacy
train_05143,train_05143,train_05143,train,train,train_legacy
train_00937,train_00937,train_00937,train,train,train_legacy
train_added_val_confirm_00530,val_confirm_00530,val_confirm_00530,val_confirm,train,train_added
train_05577,train_05577,train_05577,train,train,train_legacy
train_01802,train_01802,train_01802,train,train,train_legacy
train_02170,train_02170,train_02170,train,train,train_legacy
train_05255,train_05255,train_05255,train,train,train_legacy
train_00263,train_00263,train_00263,train,train,train_legacy
train_05847,train_05847,train_05847,train,train,train_legacy
train_04191,train_04191,train_04191,train,train,train_legacy
train_04682,train_04682,train_04682,train,train,train_legacy
train_added_test_01978,test_01978,test_01978,test,train,train_added
train_01188,train_01188,train_01188,train,train,train_legacy
train_05664,train_05664,train_05664,train,train,train_legacy
train_02705,train_02705,train_02705,train,train,train_legacy
train_02288,train_02288,train_02288,train,train,train_legacy
train_01243,train_01243,train_01243,train,train,train_legacy
train_04922,train_04922,train_04922,train,train,train_legacy
train_added_val_search_00391,val_search_00391,val_search_00391,val_search,train,train_added
train_03756,train_03756,train_03756,train,train,train_legacy
train_01747,train_01747,train_01747,train,train,train_legacy
train_04775,train_04775,train_04775,train,train,train_legacy
train_00619,train_00619,train_00619,train,train,train_legacy
train_01094,train_01094,train_01094,train,train,train_legacy
train_added_test_01065,test_01065,test_01065,test,train,train_added
train_00881,train_00881,train_00881,train,train,train_legacy
train_02410,train_02410,train_02410,train,train,train_legacy
train_01855,train_01855,train_01855,train,train,train_legacy
train_00324,train_00324,train_00324,train,train,train_legacy
train_added_test_00253,test_00253,test_00253,test,train,train_added
train_02313,train_02313,train_02313,train,train,train_legacy
train_01015,train_01015,train_01015,train,train,train_legacy
train_02514,train_02514,train_02514,train,train,train_legacy
train_03907,train_03907,train_03907,train,train,train_legacy
train_01370,train_01370,train_01370,train,train,train_legacy
train_00338,train_00338,train_00338,train,train,train_legacy
train_01598,train_01598,train_01598,train,train,train_legacy
train_00876,train_00876,train_00876,train,train,train_legacy
train_04095,train_04095,train_04095,train,train,train_legacy
train_added_val_search_00015,val_search_00015,val_search_00015,val_search,train,train_added
train_00653,train_00653,train_00653,train,train,train_legacy
train_03675,train_03675,train_03675,train,train,train_legacy
train_01429,train_01429,train_01429,train,train,train_legacy
train_01852,train_01852,train_01852,train,train,train_legacy
train_added_test_00507,test_00507,test_00507,test,train,train_added
train_01496,train_01496,train_01496,train,train,train_legacy
train_02009,train_02009,train_02009,train,train,train_legacy
train_added_test_02491,test_02491,test_02491,test,train,train_added
train_01816,train_01816,train_01816,train,train,train_legacy
train_04377,train_04377,train_04377,train,train,train_legacy
train_04538,train_04538,train_04538,train,train,train_legacy
train_03574,train_03574,train_03574,train,train,train_legacy
train_03185,train_03185,train_03185,train,train,train_legacy
train_02268,train_02268,train_02268,train,train,train_legacy
train_02513,train_02513,train_02513,train,train,train_legacy
train_05854,train_05854,train_05854,train,train,train_legacy
train_00029,train_00029,train_00029,train,train,train_legacy
train_01821,train_01821,train_01821,train,train,train_legacy
train_05114,train_05114,train_05114,train,train,train_legacy
train_01197,train_01197,train_01197,train,train,train_legacy
train_03480,train_03480,train_03480,train,train,train_legacy
train_02895,train_02895,train_02895,train,train,train_legacy
train_added_test_02463,test_02463,test_02463,test,train,train_added
train_04486,train_04486,train_04486,train,train,train_legacy
train_05743,train_05743,train_05743,train,train,train_legacy
train_01327,train_01327,train_01327,train,train,train_legacy
train_03178,train_03178,train_03178,train,train,train_legacy
train_01355,train_01355,train_01355,train,train,train_legacy
train_04181,train_04181,train_04181,train,train,train_legacy
train_04037,train_04037,train_04037,train,train,train_legacy
train_02330,train_02330,train_02330,train,train,train_legacy
train_added_test_02275,test_02275,test_02275,test,train,train_added
train_03777,train_03777,train_03777,train,train,train_legacy
train_04611,train_04611,train_04611,train,train,train_legacy
train_00079,train_00079,train_00079,train,train,train_legacy
train_01907,train_01907,train_01907,train,train,train_legacy
train_01696,train_01696,train_01696,train,train,train_legacy
train_00523,train_00523,train_00523,train,train,train_legacy
train_05607,train_05607,train_05607,train,train,train_legacy
train_03089,train_03089,train_03089,train,train,train_legacy
train_04600,train_04600,train_04600,train,train,train_legacy
train_04668,train_04668,train_04668,train,train,train_legacy
train_04074,train_04074,train_04074,train,train,train_legacy
train_05342,train_05342,train_05342,train,train,train_legacy
train_00012,train_00012,train_00012,train,train,train_legacy
train_02804,train_02804,train_02804,train,train,train_legacy
train_01221,train_01221,train_01221,train,train,train_legacy
train_03989,train_03989,train_03989,train,train,train_legacy
train_02948,train_02948,train_02948,train,train,train_legacy
train_02619,train_02619,train_02619,train,train,train_legacy
train_05351,train_05351,train_05351,train,train,train_legacy
train_02558,train_02558,train_02558,train,train,train_legacy
train_02554,train_02554,train_02554,train,train,train_legacy
train_05115,train_05115,train_05115,train,train,train_legacy
train_04873,train_04873,train_04873,train,train,train_legacy
train_00158,train_00158,train_00158,train,train,train_legacy
train_01267,train_01267,train_01267,train,train,train_legacy
train_02511,train_02511,train_02511,train,train,train_legacy
train_03831,train_03831,train_03831,train,train,train_legacy
train_03435,train_03435,train_03435,train,train,train_legacy
train_added_test_01916,test_01916,test_01916,test,train,train_added
train_03830,train_03830,train_03830,train,train,train_legacy
train_02637,train_02637,train_02637,train,train,train_legacy
train_01580,train_01580,train_01580,train,train,train_legacy
train_03746,train_03746,train_03746,train,train,train_legacy
train_00903,train_00903,train_00903,train,train,train_legacy
train_02247,train_02247,train_02247,train,train,train_legacy
train_00685,train_00685,train_00685,train,train,train_legacy
train_00173,train_00173,train_00173,train,train,train_legacy
train_05063,train_05063,train_05063,train,train,train_legacy
train_00977,train_00977,train_00977,train,train,train_legacy
train_00169,train_00169,train_00169,train,train,train_legacy
train_01113,train_01113,train_01113,train,train,train_legacy
train_01846,train_01846,train_01846,train,train,train_legacy
train_01001,train_01001,train_01001,train,train,train_legacy
train_03774,train_03774,train_03774,train,train,train_legacy
train_05517,train_05517,train_05517,train,train,train_legacy
train_02447,train_02447,train_02447,train,train,train_legacy
train_02610,train_02610,train_02610,train,train,train_legacy
train_00357,train_00357,train_00357,train,train,train_legacy
train_added_test_02480,test_02480,test_02480,test,train,train_added
train_00528,train_00528,train_00528,train,train,train_legacy
train_01161,train_01161,train_01161,train,train,train_legacy
train_05930,train_05930,train_05930,train,train,train_legacy
train_03789,train_03789,train_03789,train,train,train_legacy
train_added_test_01394,test_01394,test_01394,test,train,train_added
train_added_val_search_00248,val_search_00248,val_search_00248,val_search,train,train_added
train_00085,train_00085,train_00085,train,train,train_legacy
train_added_val_search_00093,val_search_00093,val_search_00093,val_search,train,train_added
train_added_test_01989,test_01989,test_01989,test,train,train_added
train_03270,train_03270,train_03270,train,train,train_legacy
train_02111,train_02111,train_02111,train,train,train_legacy
train_01041,train_01041,train_01041,train,train,train_legacy
train_added_val_confirm_00349,val_confirm_00349,val_confirm_00349,val_confirm,train,train_added
train_04116,train_04116,train_04116,train,train,train_legacy
train_added_test_01264,test_01264,test_01264,test,train,train_added
train_05299,train_05299,train_05299,train,train,train_legacy
train_01581,train_01581,train_01581,train,train,train_legacy
train_05548,train_05548,train_05548,train,train,train_legacy
train_00207,train_00207,train_00207,train,train,train_legacy
train_00376,train_00376,train_00376,train,train,train_legacy
train_00615,train_00615,train_00615,train,train,train_legacy
train_00053,train_00053,train_00053,train,train,train_legacy
train_05226,train_05226,train_05226,train,train,train_legacy
train_added_test_00290,test_00290,test_00290,test,train,train_added
train_05682,train_05682,train_05682,train,train,train_legacy
train_05196,train_05196,train_05196,train,train,train_legacy
train_03770,train_03770,train_03770,train,train,train_legacy
train_02941,train_02941,train_02941,train,train,train_legacy
train_04472,train_04472,train_04472,train,train,train_legacy
train_01915,train_01915,train_01915,train,train,train_legacy
train_03186,train_03186,train_03186,train,train,train_legacy
train_added_val_confirm_00434,val_confirm_00434,val_confirm_00434,val_confirm,train,train_added
train_03001,train_03001,train_03001,train,train,train_legacy
train_04280,train_04280,train_04280,train,train,train_legacy
train_03948,train_03948,train_03948,train,train,train_legacy
train_added_test_02395,test_02395,test_02395,test,train,train_added
train_05257,train_05257,train_05257,train,train,train_legacy
train_03938,train_03938,train_03938,train,train,train_legacy
train_04597,train_04597,train_04597,train,train,train_legacy
train_00098,train_00098,train_00098,train,train,train_legacy
train_03253,train_03253,train_03253,train,train,train_legacy
train_00436,train_00436,train_00436,train,train,train_legacy
train_added_val_search_00373,val_search_00373,val_search_00373,val_search,train,train_added
train_added_test_00968,test_00968,test_00968,test,train,train_added
train_04482,train_04482,train_04482,train,train,train_legacy
train_00875,train_00875,train_00875,train,train,train_legacy
train_00183,train_00183,train_00183,train,train,train_legacy
train_03234,train_03234,train_03234,train,train,train_legacy
train_04639,train_04639,train_04639,train,train,train_legacy
train_00281,train_00281,train_00281,train,train,train_legacy
train_01956,train_01956,train_01956,train,train,train_legacy
train_01377,train_01377,train_01377,train,train,train_legacy
train_02210,train_02210,train_02210,train,train,train_legacy
train_01457,train_01457,train_01457,train,train,train_legacy
train_01021,train_01021,train_01021,train,train,train_legacy
train_03979,train_03979,train_03979,train,train,train_legacy
train_01682,train_01682,train_01682,train,train,train_legacy
train_05322,train_05322,train_05322,train,train,train_legacy
train_04921,train_04921,train_04921,train,train,train_legacy
train_04021,train_04021,train_04021,train,train,train_legacy
train_02195,train_02195,train_02195,train,train,train_legacy
train_00045,train_00045,train_00045,train,train,train_legacy
train_added_val_search_00063,val_search_00063,val_search_00063,val_search,train,train_added
train_02241,train_02241,train_02241,train,train,train_legacy
train_02295,train_02295,train_02295,train,train,train_legacy
train_04479,train_04479,train_04479,train,train,train_legacy
train_02533,train_02533,train_02533,train,train,train_legacy
train_04083,train_04083,train_04083,train,train,train_legacy
train_05241,train_05241,train_05241,train,train,train_legacy
train_added_val_confirm_00709,val_confirm_00709,val_confirm_00709,val_confirm,train,train_added
train_04603,train_04603,train_04603,train,train,train_legacy
train_05798,train_05798,train_05798,train,train,train_legacy
train_00447,train_00447,train_00447,train,train,train_legacy
train_00718,train_00718,train_00718,train,train,train_legacy
train_04720,train_04720,train_04720,train,train,train_legacy
train_05942,train_05942,train_05942,train,train,train_legacy
train_03179,train_03179,train_03179,train,train,train_legacy
train_01585,train_01585,train_01585,train,train,train_legacy
train_00664,train_00664,train_00664,train,train,train_legacy
train_01485,train_01485,train_01485,train,train,train_legacy
train_03308,train_03308,train_03308,train,train,train_legacy
train_04260,train_04260,train_04260,train,train,train_legacy
train_03172,train_03172,train_03172,train,train,train_legacy
train_04641,train_04641,train_04641,train,train,train_legacy
train_added_test_01334,test_01334,test_01334,test,train,train_added
train_00328,train_00328,train_00328,train,train,train_legacy
train_00306,train_00306,train_00306,train,train,train_legacy
train_01425,train_01425,train_01425,train,train,train_legacy
train_01573,train_01573,train_01573,train,train,train_legacy
train_03108,train_03108,train_03108,train,train,train_legacy
train_03079,train_03079,train_03079,train,train,train_legacy
train_01294,train_01294,train_01294,train,train,train_legacy
train_03445,train_03445,train_03445,train,train,train_legacy
train_03281,train_03281,train_03281,train,train,train_legacy
train_04818,train_04818,train_04818,train,train,train_legacy
train_03083,train_03083,train_03083,train,train,train_legacy
train_added_test_00590,test_00590,test_00590,test,train,train_added
train_04234,train_04234,train_04234,train,train,train_legacy
train_04629,train_04629,train_04629,train,train,train_legacy
train_03471,train_03471,train_03471,train,train,train_legacy
train_05192,train_05192,train_05192,train,train,train_legacy
train_added_test_01700,test_01700,test_01700,test,train,train_added
train_00255,train_00255,train_00255,train,train,train_legacy
train_02955,train_02955,train_02955,train,train,train_legacy
train_01200,train_01200,train_01200,train,train,train_legacy
train_02347,train_02347,train_02347,train,train,train_legacy
train_02646,train_02646,train_02646,train,train,train_legacy
train_05504,train_05504,train_05504,train,train,train_legacy
train_00559,train_00559,train_00559,train,train,train_legacy
train_added_test_00942,test_00942,test_00942,test,train,train_added
train_added_val_confirm_01037,val_confirm_01037,val_confirm_01037,val_confirm,train,train_added
train_04905,train_04905,train_04905,train,train,train_legacy
train_01737,train_01737,train_01737,train,train,train_legacy
train_04866,train_04866,train_04866,train,train,train_legacy
train_05252,train_05252,train_05252,train,train,train_legacy
train_00062,train_00062,train_00062,train,train,train_legacy
train_00993,train_00993,train_00993,train,train,train_legacy
train_01409,train_01409,train_01409,train,train,train_legacy
train_04677,train_04677,train_04677,train,train,train_legacy
train_00949,train_00949,train_00949,train,train,train_legacy
train_00829,train_00829,train_00829,train,train,train_legacy
train_00566,train_00566,train_00566,train,train,train_legacy
train_05643,train_05643,train_05643,train,train,train_legacy
train_04518,train_04518,train_04518,train,train,train_legacy
train_added_test_01847,test_01847,test_01847,test,train,train_added
train_00389,train_00389,train_00389,train,train,train_legacy
train_05500,train_05500,train_05500,train,train,train_legacy
train_04080,train_04080,train_04080,train,train,train_legacy
train_00325,train_00325,train_00325,train,train,train_legacy
train_04294,train_04294,train_04294,train,train,train_legacy
train_01779,train_01779,train_01779,train,train,train_legacy
train_05636,train_05636,train_05636,train,train,train_legacy
train_00666,train_00666,train_00666,train,train,train_legacy
train_00454,train_00454,train_00454,train,train,train_legacy
train_01560,train_01560,train_01560,train,train,train_legacy
train_00733,train_00733,train_00733,train,train,train_legacy
train_01225,train_01225,train_01225,train,train,train_legacy
train_04403,train_04403,train_04403,train,train,train_legacy
train_added_val_confirm_00234,val_confirm_00234,val_confirm_00234,val_confirm,train,train_added
train_00919,train_00919,train_00919,train,train,train_legacy
train_03145,train_03145,train_03145,train,train,train_legacy
train_05379,train_05379,train_05379,train,train,train_legacy
train_04030,train_04030,train_04030,train,train,train_legacy
train_03416,train_03416,train_03416,train,train,train_legacy
train_03441,train_03441,train_03441,train,train,train_legacy
train_02996,train_02996,train_02996,train,train,train_legacy
train_04907,train_04907,train_04907,train,train,train_legacy
train_02172,train_02172,train_02172,train,train,train_legacy
train_05648,train_05648,train_05648,train,train,train_legacy
train_00063,train_00063,train_00063,train,train,train_legacy
train_03661,train_03661,train_03661,train,train,train_legacy
train_00631,train_00631,train_00631,train,train,train_legacy
train_04494,train_04494,train_04494,train,train,train_legacy
train_01622,train_01622,train_01622,train,train,train_legacy
train_03473,train_03473,train_03473,train,train,train_legacy
train_02243,train_02243,train_02243,train,train,train_legacy
train_03891,train_03891,train_03891,train,train,train_legacy
train_00218,train_00218,train_00218,train,train,train_legacy
train_03931,train_03931,train_03931,train,train,train_legacy
train_added_val_confirm_00044,val_confirm_00044,val_confirm_00044,val_confirm,train,train_added
train_05037,train_05037,train_05037,train,train,train_legacy
train_00094,train_00094,train_00094,train,train,train_legacy
train_01576,train_01576,train_01576,train,train,train_legacy
train_03180,train_03180,train_03180,train,train,train_legacy
train_01451,train_01451,train_01451,train,train,train_legacy
train_00071,train_00071,train_00071,train,train,train_legacy
train_02104,train_02104,train_02104,train,train,train_legacy
train_05903,train_05903,train_05903,train,train,train_legacy
train_03723,train_03723,train_03723,train,train,train_legacy
train_03457,train_03457,train_03457,train,train,train_legacy
train_04762,train_04762,train_04762,train,train,train_legacy
train_03689,train_03689,train_03689,train,train,train_legacy
train_02851,train_02851,train_02851,train,train,train_legacy
train_05722,train_05722,train_05722,train,train,train_legacy
train_02419,train_02419,train_02419,train,train,train_legacy
train_04223,train_04223,train_04223,train,train,train_legacy
train_02186,train_02186,train_02186,train,train,train_legacy
train_00565,train_00565,train_00565,train,train,train_legacy
train_added_test_02063,test_02063,test_02063,test,train,train_added
train_00934,train_00934,train_00934,train,train,train_legacy
train_01326,train_01326,train_01326,train,train,train_legacy
train_added_val_confirm_00239,val_confirm_00239,val_confirm_00239,val_confirm,train,train_added
train_04711,train_04711,train_04711,train,train,train_legacy
train_01166,train_01166,train_01166,train,train,train_legacy
train_01467,train_01467,train_01467,train,train,train_legacy
train_01635,train_01635,train_01635,train,train,train_legacy
train_00558,train_00558,train_00558,train,train,train_legacy
train_01980,train_01980,train_01980,train,train,train_legacy
train_02845,train_02845,train_02845,train,train,train_legacy
train_02899,train_02899,train_02899,train,train,train_legacy
train_03408,train_03408,train_03408,train,train,train_legacy
train_02934,train_02934,train_02934,train,train,train_legacy
train_04052,train_04052,train_04052,train,train,train_legacy
train_00959,train_00959,train_00959,train,train,train_legacy
train_05638,train_05638,train_05638,train,train,train_legacy
train_04487,train_04487,train_04487,train,train,train_legacy
train_02173,train_02173,train_02173,train,train,train_legacy
train_04456,train_04456,train_04456,train,train,train_legacy
train_03418,train_03418,train_03418,train,train,train_legacy
train_00319,train_00319,train_00319,train,train,train_legacy
train_added_test_00991,test_00991,test_00991,test,train,train_added
train_03210,train_03210,train_03210,train,train,train_legacy
train_05896,train_05896,train_05896,train,train,train_legacy
train_added_val_confirm_00358,val_confirm_00358,val_confirm_00358,val_confirm,train,train_added
train_03087,train_03087,train_03087,train,train,train_legacy
train_02735,train_02735,train_02735,train,train,train_legacy
train_01803,train_01803,train_01803,train,train,train_legacy
train_02600,train_02600,train_02600,train,train,train_legacy
train_04276,train_04276,train_04276,train,train,train_legacy
train_00019,train_00019,train_00019,train,train,train_legacy
train_01220,train_01220,train_01220,train,train,train_legacy
train_02838,train_02838,train_02838,train,train,train_legacy
train_05159,train_05159,train_05159,train,train,train_legacy
train_04530,train_04530,train_04530,train,train,train_legacy
train_02916,train_02916,train_02916,train,train,train_legacy
train_added_test_00369,test_00369,test_00369,test,train,train_added
train_05952,train_05952,train_05952,train,train,train_legacy
train_05877,train_05877,train_05877,train,train,train_legacy
train_03637,train_03637,train_03637,train,train,train_legacy
train_01936,train_01936,train_01936,train,train,train_legacy
train_00981,train_00981,train_00981,train,train,train_legacy
train_05659,train_05659,train_05659,train,train,train_legacy
train_00846,train_00846,train_00846,train,train,train_legacy
train_04250,train_04250,train_04250,train,train,train_legacy
train_03039,train_03039,train_03039,train,train,train_legacy
train_03363,train_03363,train_03363,train,train,train_legacy
train_01633,train_01633,train_01633,train,train,train_legacy
train_03243,train_03243,train_03243,train,train,train_legacy
train_01481,train_01481,train_01481,train,train,train_legacy
train_added_test_01791,test_01791,test_01791,test,train,train_added
train_added_val_search_00291,val_search_00291,val_search_00291,val_search,train,train_added
train_02123,train_02123,train_02123,train,train,train_legacy
train_04336,train_04336,train_04336,train,train,train_legacy
train_03856,train_03856,train_03856,train,train,train_legacy
train_04057,train_04057,train_04057,train,train,train_legacy
train_added_test_00636,test_00636,test_00636,test,train,train_added
train_00898,train_00898,train_00898,train,train,train_legacy
train_00202,train_00202,train_00202,train,train,train_legacy
train_03968,train_03968,train_03968,train,train,train_legacy
train_02816,train_02816,train_02816,train,train,train_legacy
train_03576,train_03576,train_03576,train,train,train_legacy
train_added_val_confirm_00034,val_confirm_00034,val_confirm_00034,val_confirm,train,train_added
train_05275,train_05275,train_05275,train,train,train_legacy
train_05214,train_05214,train_05214,train,train,train_legacy
train_02296,train_02296,train_02296,train,train,train_legacy
train_02969,train_02969,train_02969,train,train,train_legacy
train_added_test_02093,test_02093,test_02093,test,train,train_added
train_00200,train_00200,train_00200,train,train,train_legacy
train_02732,train_02732,train_02732,train,train,train_legacy
train_03560,train_03560,train_03560,train,train,train_legacy
train_02374,train_02374,train_02374,train,train,train_legacy
train_04809,train_04809,train_04809,train,train,train_legacy
train_03799,train_03799,train_03799,train,train,train_legacy
train_00267,train_00267,train_00267,train,train,train_legacy
train_01175,train_01175,train_01175,train,train,train_legacy
train_05034,train_05034,train_05034,train,train,train_legacy
train_01729,train_01729,train_01729,train,train,train_legacy
train_03425,train_03425,train_03425,train,train,train_legacy
train_00753,train_00753,train_00753,train,train,train_legacy
train_04567,train_04567,train_04567,train,train,train_legacy
train_04180,train_04180,train_04180,train,train,train_legacy
train_02199,train_02199,train_02199,train,train,train_legacy
train_03125,train_03125,train_03125,train,train,train_legacy
train_05660,train_05660,train_05660,train,train,train_legacy
train_02880,train_02880,train_02880,train,train,train_legacy
train_02215,train_02215,train_02215,train,train,train_legacy
train_03757,train_03757,train_03757,train,train,train_legacy
train_03069,train_03069,train_03069,train,train,train_legacy
train_00130,train_00130,train_00130,train,train,train_legacy
train_01721,train_01721,train_01721,train,train,train_legacy
train_00766,train_00766,train_00766,train,train,train_legacy
train_03859,train_03859,train_03859,train,train,train_legacy
train_04305,train_04305,train_04305,train,train,train_legacy
train_04804,train_04804,train_04804,train,train,train_legacy
train_00943,train_00943,train_00943,train,train,train_legacy
train_02712,train_02712,train_02712,train,train,train_legacy
train_added_test_01071,test_01071,test_01071,test,train,train_added
train_05481,train_05481,train_05481,train,train,train_legacy
train_05731,train_05731,train_05731,train,train,train_legacy
train_03028,train_03028,train_03028,train,train,train_legacy
train_02416,train_02416,train_02416,train,train,train_legacy
train_05499,train_05499,train_05499,train,train,train_legacy
train_00651,train_00651,train_00651,train,train,train_legacy
train_03525,train_03525,train_03525,train,train,train_legacy
train_05879,train_05879,train_05879,train,train,train_legacy
train_05277,train_05277,train_05277,train,train,train_legacy
train_04659,train_04659,train_04659,train,train,train_legacy
train_01797,train_01797,train_01797,train,train,train_legacy
train_05796,train_05796,train_05796,train,train,train_legacy
train_01092,train_01092,train_01092,train,train,train_legacy
train_added_test_02265,test_02265,test_02265,test,train,train_added
train_04326,train_04326,train_04326,train,train,train_legacy
train_04470,train_04470,train_04470,train,train,train_legacy
train_05413,train_05413,train_05413,train,train,train_legacy
train_03604,train_03604,train_03604,train,train,train_legacy
train_01886,train_01886,train_01886,train,train,train_legacy
train_01895,train_01895,train_01895,train,train,train_legacy
train_02166,train_02166,train_02166,train,train,train_legacy
train_added_test_01473,test_01473,test_01473,test,train,train_added
train_00589,train_00589,train_00589,train,train,train_legacy
train_added_test_00644,test_00644,test_00644,test,train,train_added
train_04608,train_04608,train_04608,train,train,train_legacy
train_05039,train_05039,train_05039,train,train,train_legacy
train_02822,train_02822,train_02822,train,train,train_legacy
train_01198,train_01198,train_01198,train,train,train_legacy
train_05881,train_05881,train_05881,train,train,train_legacy
train_03808,train_03808,train_03808,train,train,train_legacy
train_04242,train_04242,train_04242,train,train,train_legacy
train_02837,train_02837,train_02837,train,train,train_legacy
train_added_val_confirm_00026,val_confirm_00026,val_confirm_00026,val_confirm,train,train_added
train_05019,train_05019,train_05019,train,train,train_legacy
train_04787,train_04787,train_04787,train,train,train_legacy
train_04433,train_04433,train_04433,train,train,train_legacy
train_04407,train_04407,train_04407,train,train,train_legacy
train_05106,train_05106,train_05106,train,train,train_legacy
train_04343,train_04343,train_04343,train,train,train_legacy
train_00430,train_00430,train_00430,train,train,train_legacy
train_00628,train_00628,train_00628,train,train,train_legacy
train_added_val_confirm_00915,val_confirm_00915,val_confirm_00915,val_confirm,train,train_added
train_00865,train_00865,train_00865,train,train,train_legacy
train_04047,train_04047,train_04047,train,train,train_legacy
train_added_test_00649,test_00649,test_00649,test,train,train_added
train_added_val_confirm_00087,val_confirm_00087,val_confirm_00087,val_confirm,train,train_added
train_01026,train_01026,train_01026,train,train,train_legacy
train_added_val_confirm_00766,val_confirm_00766,val_confirm_00766,val_confirm,train,train_added
train_01890,train_01890,train_01890,train,train,train_legacy
train_02589,train_02589,train_02589,train,train,train_legacy
train_05829,train_05829,train_05829,train,train,train_legacy
train_02829,train_02829,train_02829,train,train,train_legacy
train_05553,train_05553,train_05553,train,train,train_legacy
train_04032,train_04032,train_04032,train,train,train_legacy
train_added_val_confirm_00753,val_confirm_00753,val_confirm_00753,val_confirm,train,train_added
train_02972,train_02972,train_02972,train,train,train_legacy
train_03058,train_03058,train_03058,train,train,train_legacy
train_00800,train_00800,train_00800,train,train,train_legacy
train_04177,train_04177,train_04177,train,train,train_legacy
train_added_val_confirm_00676,val_confirm_00676,val_confirm_00676,val_confirm,train,train_added
train_01877,train_01877,train_01877,train,train,train_legacy
train_01234,train_01234,train_01234,train,train,train_legacy
train_02230,train_02230,train_02230,train,train,train_legacy
train_03563,train_03563,train_03563,train,train,train_legacy
train_04253,train_04253,train_04253,train,train,train_legacy
train_05822,train_05822,train_05822,train,train,train_legacy
train_00597,train_00597,train_00597,train,train,train_legacy
train_03300,train_03300,train_03300,train,train,train_legacy
train_04628,train_04628,train_04628,train,train,train_legacy
train_00526,train_00526,train_00526,train,train,train_legacy
train_added_test_00146,test_00146,test_00146,test,train,train_added
train_added_test_00699,test_00699,test_00699,test,train,train_added
train_03531,train_03531,train_03531,train,train,train_legacy
train_01845,train_01845,train_01845,train,train,train_legacy
train_04595,train_04595,train_04595,train,train,train_legacy
train_03279,train_03279,train_03279,train,train,train_legacy
train_03718,train_03718,train_03718,train,train,train_legacy
train_added_test_02288,test_02288,test_02288,test,train,train_added
train_03821,train_03821,train_03821,train,train,train_legacy
train_05066,train_05066,train_05066,train,train,train_legacy
train_02650,train_02650,train_02650,train,train,train_legacy
train_04836,train_04836,train_04836,train,train,train_legacy
train_added_val_search_00360,val_search_00360,val_search_00360,val_search,train,train_added
train_04889,train_04889,train_04889,train,train,train_legacy
train_00662,train_00662,train_00662,train,train,train_legacy
train_03559,train_03559,train_03559,train,train,train_legacy
train_added_val_search_00119,val_search_00119,val_search_00119,val_search,train,train_added
train_03671,train_03671,train_03671,train,train,train_legacy
train_03750,train_03750,train_03750,train,train,train_legacy
train_01500,train_01500,train_01500,train,train,train_legacy
train_00874,train_00874,train_00874,train,train,train_legacy
train_02462,train_02462,train_02462,train,train,train_legacy
train_04679,train_04679,train_04679,train,train,train_legacy
train_05074,train_05074,train_05074,train,train,train_legacy
train_03077,train_03077,train_03077,train,train,train_legacy
train_04515,train_04515,train_04515,train,train,train_legacy
train_05268,train_05268,train_05268,train,train,train_legacy
train_00322,train_00322,train_00322,train,train,train_legacy
train_added_test_01500,test_01500,test_01500,test,train,train_added
train_02069,train_02069,train_02069,train,train,train_legacy
train_03369,train_03369,train_03369,train,train,train_legacy
train_01875,train_01875,train_01875,train,train,train_legacy
train_05047,train_05047,train_05047,train,train,train_legacy
train_03129,train_03129,train_03129,train,train,train_legacy
train_04079,train_04079,train_04079,train,train,train_legacy
train_05868,train_05868,train_05868,train,train,train_legacy
train_04132,train_04132,train_04132,train,train,train_legacy
train_02685,train_02685,train_02685,train,train,train_legacy
train_03451,train_03451,train_03451,train,train,train_legacy
train_01781,train_01781,train_01781,train,train,train_legacy
train_01504,train_01504,train_01504,train,train,train_legacy
train_05910,train_05910,train_05910,train,train,train_legacy
train_00261,train_00261,train_00261,train,train,train_legacy
train_05716,train_05716,train_05716,train,train,train_legacy
train_05410,train_05410,train_05410,train,train,train_legacy
train_02093,train_02093,train_02093,train,train,train_legacy
train_added_test_00400,test_00400,test_00400,test,train,train_added
train_05356,train_05356,train_05356,train,train,train_legacy
train_03528,train_03528,train_03528,train,train,train_legacy
train_05608,train_05608,train_05608,train,train,train_legacy
train_04512,train_04512,train_04512,train,train,train_legacy
train_03383,train_03383,train_03383,train,train,train_legacy
train_02790,train_02790,train_02790,train,train,train_legacy
train_03715,train_03715,train_03715,train,train,train_legacy
train_02332,train_02332,train_02332,train,train,train_legacy
train_02501,train_02501,train_02501,train,train,train_legacy
train_04956,train_04956,train_04956,train,train,train_legacy
train_00297,train_00297,train_00297,train,train,train_legacy
train_added_val_search_00115,val_search_00115,val_search_00115,val_search,train,train_added
train_01549,train_01549,train_01549,train,train,train_legacy
train_03542,train_03542,train_03542,train,train,train_legacy
train_01766,train_01766,train_01766,train,train,train_legacy
train_03596,train_03596,train_03596,train,train,train_legacy
train_02733,train_02733,train_02733,train,train,train_legacy
train_00464,train_00464,train_00464,train,train,train_legacy
train_04389,train_04389,train_04389,train,train,train_legacy
train_01079,train_01079,train_01079,train,train,train_legacy
train_04247,train_04247,train_04247,train,train,train_legacy
train_03987,train_03987,train_03987,train,train,train_legacy
train_04219,train_04219,train_04219,train,train,train_legacy
train_05353,train_05353,train_05353,train,train,train_legacy
train_05397,train_05397,train_05397,train,train,train_legacy
train_added_val_confirm_00152,val_confirm_00152,val_confirm_00152,val_confirm,train,train_added
train_02813,train_02813,train_02813,train,train,train_legacy
train_05117,train_05117,train_05117,train,train,train_legacy
train_04097,train_04097,train_04097,train,train,train_legacy
train_04755,train_04755,train_04755,train,train,train_legacy
train_added_val_confirm_00228,val_confirm_00228,val_confirm_00228,val_confirm,train,train_added
train_00462,train_00462,train_00462,train,train,train_legacy
train_01995,train_01995,train_01995,train,train,train_legacy
train_03533,train_03533,train_03533,train,train,train_legacy
train_02357,train_02357,train_02357,train,train,train_legacy
train_01746,train_01746,train_01746,train,train,train_legacy
train_02190,train_02190,train_02190,train,train,train_legacy
train_02704,train_02704,train_02704,train,train,train_legacy
train_05329,train_05329,train_05329,train,train,train_legacy
train_05625,train_05625,train_05625,train,train,train_legacy
train_03954,train_03954,train_03954,train,train,train_legacy
train_04884,train_04884,train_04884,train,train,train_legacy
train_04799,train_04799,train_04799,train,train,train_legacy
train_05293,train_05293,train_05293,train,train,train_legacy
train_00358,train_00358,train_00358,train,train,train_legacy
train_added_val_confirm_00851,val_confirm_00851,val_confirm_00851,val_confirm,train,train_added
train_03540,train_03540,train_03540,train,train,train_legacy
train_01119,train_01119,train_01119,train,train,train_legacy
train_03415,train_03415,train_03415,train,train,train_legacy
train_added_val_search_00139,val_search_00139,val_search_00139,val_search,train,train_added
train_01630,train_01630,train_01630,train,train,train_legacy
train_04383,train_04383,train_04383,train,train,train_legacy
train_04274,train_04274,train_04274,train,train,train_legacy
train_03769,train_03769,train_03769,train,train,train_legacy
train_added_test_01302,test_01302,test_01302,test,train,train_added
train_03815,train_03815,train_03815,train,train,train_legacy
train_00643,train_00643,train_00643,train,train,train_legacy
train_04005,train_04005,train_04005,train,train,train_legacy
train_04368,train_04368,train_04368,train,train,train_legacy
train_00825,train_00825,train_00825,train,train,train_legacy
train_03867,train_03867,train_03867,train,train,train_legacy
train_01983,train_01983,train_01983,train,train,train_legacy
train_04185,train_04185,train_04185,train,train,train_legacy
train_01558,train_01558,train_01558,train,train,train_legacy
train_03096,train_03096,train_03096,train,train,train_legacy
train_02042,train_02042,train_02042,train,train,train_legacy
train_00584,train_00584,train_00584,train,train,train_legacy
train_01503,train_01503,train_01503,train,train,train_legacy
train_added_test_00287,test_00287,test_00287,test,train,train_added
train_05144,train_05144,train_05144,train,train,train_legacy
train_02603,train_02603,train_02603,train,train,train_legacy
train_00428,train_00428,train_00428,train,train,train_legacy
train_04660,train_04660,train_04660,train,train,train_legacy
train_00125,train_00125,train_00125,train,train,train_legacy
train_03952,train_03952,train_03952,train,train,train_legacy
train_04784,train_04784,train_04784,train,train,train_legacy
train_added_test_01725,test_01725,test_01725,test,train,train_added
train_00843,train_00843,train_00843,train,train,train_legacy
train_02901,train_02901,train_02901,train,train,train_legacy
train_added_test_00994,test_00994,test_00994,test,train,train_added
train_05640,train_05640,train_05640,train,train,train_legacy
train_01059,train_01059,train_01059,train,train,train_legacy
train_02994,train_02994,train_02994,train,train,train_legacy
train_05166,train_05166,train_05166,train,train,train_legacy
train_04636,train_04636,train_04636,train,train,train_legacy
train_05406,train_05406,train_05406,train,train,train_legacy
train_02663,train_02663,train_02663,train,train,train_legacy
train_03298,train_03298,train_03298,train,train,train_legacy
train_05959,train_05959,train_05959,train,train,train_legacy
train_02716,train_02716,train_02716,train,train,train_legacy
train_03594,train_03594,train_03594,train,train,train_legacy
train_05691,train_05691,train_05691,train,train,train_legacy
train_03078,train_03078,train_03078,train,train,train_legacy
train_04574,train_04574,train_04574,train,train,train_legacy
train_00459,train_00459,train_00459,train,train,train_legacy
train_01070,train_01070,train_01070,train,train,train_legacy
train_04838,train_04838,train_04838,train,train,train_legacy
train_03090,train_03090,train_03090,train,train,train_legacy
train_04973,train_04973,train_04973,train,train,train_legacy
train_added_val_confirm_00728,val_confirm_00728,val_confirm_00728,val_confirm,train,train_added
train_05576,train_05576,train_05576,train,train,train_legacy
train_added_test_01328,test_01328,test_01328,test,train,train_added
train_05956,train_05956,train_05956,train,train,train_legacy
train_01991,train_01991,train_01991,train,train,train_legacy
train_00878,train_00878,train_00878,train,train,train_legacy
train_02384,train_02384,train_02384,train,train,train_legacy
train_04985,train_04985,train_04985,train,train,train_legacy
train_02824,train_02824,train_02824,train,train,train_legacy
train_00827,train_00827,train_00827,train,train,train_legacy
train_01078,train_01078,train_01078,train,train,train_legacy
train_01215,train_01215,train_01215,train,train,train_legacy
train_01104,train_01104,train_01104,train,train,train_legacy
train_02152,train_02152,train_02152,train,train,train_legacy
train_00365,train_00365,train_00365,train,train,train_legacy
train_04277,train_04277,train_04277,train,train,train_legacy
train_added_val_confirm_00601,val_confirm_00601,val_confirm_00601,val_confirm,train,train_added
train_added_val_confirm_00983,val_confirm_00983,val_confirm_00983,val_confirm,train,train_added
train_02841,train_02841,train_02841,train,train,train_legacy
train_04858,train_04858,train_04858,train,train,train_legacy
train_03763,train_03763,train_03763,train,train,train_legacy
train_03522,train_03522,train_03522,train,train,train_legacy
train_00900,train_00900,train_00900,train,train,train_legacy
train_05825,train_05825,train_05825,train,train,train_legacy
train_05782,train_05782,train_05782,train,train,train_legacy
train_00206,train_00206,train_00206,train,train,train_legacy
train_added_test_01809,test_01809,test_01809,test,train,train_added
train_02938,train_02938,train_02938,train,train,train_legacy
train_03472,train_03472,train_03472,train,train,train_legacy
train_05105,train_05105,train_05105,train,train,train_legacy
train_02865,train_02865,train_02865,train,train,train_legacy
train_03985,train_03985,train_03985,train,train,train_legacy
train_added_val_confirm_00061,val_confirm_00061,val_confirm_00061,val_confirm,train,train_added
train_02121,train_02121,train_02121,train,train,train_legacy
train_05443,train_05443,train_05443,train,train,train_legacy
train_01455,train_01455,train_01455,train,train,train_legacy
train_03863,train_03863,train_03863,train,train,train_legacy
train_01167,train_01167,train_01167,train,train,train_legacy
train_01975,train_01975,train_01975,train,train,train_legacy
train_04718,train_04718,train_04718,train,train,train_legacy
train_02660,train_02660,train_02660,train,train,train_legacy
train_00204,train_00204,train_00204,train,train,train_legacy
train_00723,train_00723,train_00723,train,train,train_legacy
train_02376,train_02376,train_02376,train,train,train_legacy
train_02145,train_02145,train_02145,train,train,train_legacy
train_00758,train_00758,train_00758,train,train,train_legacy
train_05387,train_05387,train_05387,train,train,train_legacy
train_01442,train_01442,train_01442,train,train,train_legacy
train_03442,train_03442,train_03442,train,train,train_legacy
train_05082,train_05082,train_05082,train,train,train_legacy
train_03895,train_03895,train_03895,train,train,train_legacy
train_added_val_confirm_00937,val_confirm_00937,val_confirm_00937,val_confirm,train,train_added
train_03351,train_03351,train_03351,train,train,train_legacy
train_02670,train_02670,train_02670,train,train,train_legacy
train_03103,train_03103,train_03103,train,train,train_legacy
train_00670,train_00670,train_00670,train,train,train_legacy
train_01086,train_01086,train_01086,train,train,train_legacy
train_00148,train_00148,train_00148,train,train,train_legacy
train_01638,train_01638,train_01638,train,train,train_legacy
train_05698,train_05698,train_05698,train,train,train_legacy
train_added_test_01835,test_01835,test_01835,test,train,train_added
train_05240,train_05240,train_05240,train,train,train_legacy
train_01506,train_01506,train_01506,train,train,train_legacy
train_04405,train_04405,train_04405,train,train,train_legacy
train_05839,train_05839,train_05839,train,train,train_legacy
train_01006,train_01006,train_01006,train,train,train_legacy
train_04673,train_04673,train_04673,train,train,train_legacy
train_added_val_confirm_00479,val_confirm_00479,val_confirm_00479,val_confirm,train,train_added
train_02731,train_02731,train_02731,train,train,train_legacy
train_03419,train_03419,train_03419,train,train,train_legacy
train_05633,train_05633,train_05633,train,train,train_legacy
train_added_val_confirm_00111,val_confirm_00111,val_confirm_00111,val_confirm,train,train_added
train_added_test_02455,test_02455,test_02455,test,train,train_added
train_01894,train_01894,train_01894,train,train,train_legacy
train_added_val_search_00339,val_search_00339,val_search_00339,val_search,train,train_added
train_02131,train_02131,train_02131,train,train,train_legacy
train_00478,train_00478,train_00478,train,train,train_legacy
train_01694,train_01694,train_01694,train,train,train_legacy
train_03484,train_03484,train_03484,train,train,train_legacy
train_added_test_00660,test_00660,test_00660,test,train,train_added
train_01082,train_01082,train_01082,train,train,train_legacy
train_04414,train_04414,train_04414,train,train,train_legacy
train_04638,train_04638,train_04638,train,train,train_legacy
train_added_test_00688,test_00688,test_00688,test,train,train_added
train_added_test_02366,test_02366,test_02366,test,train,train_added
train_02940,train_02940,train_02940,train,train,train_legacy
train_01417,train_01417,train_01417,train,train,train_legacy
train_04872,train_04872,train_04872,train,train,train_legacy
train_00406,train_00406,train_00406,train,train,train_legacy
train_04685,train_04685,train_04685,train,train,train_legacy
train_added_test_00930,test_00930,test_00930,test,train,train_added
train_00760,train_00760,train_00760,train,train,train_legacy
train_04964,train_04964,train_04964,train,train,train_legacy
train_04107,train_04107,train_04107,train,train,train_legacy
train_03183,train_03183,train_03183,train,train,train_legacy
train_04375,train_04375,train_04375,train,train,train_legacy
train_02653,train_02653,train_02653,train,train,train_legacy
train_02129,train_02129,train_02129,train,train,train_legacy
train_02957,train_02957,train_02957,train,train,train_legacy
train_added_test_00779,test_00779,test_00779,test,train,train_added
train_01614,train_01614,train_01614,train,train,train_legacy
train_02557,train_02557,train_02557,train,train,train_legacy
train_added_test_00463,test_00463,test_00463,test,train,train_added
train_02876,train_02876,train_02876,train,train,train_legacy
train_02207,train_02207,train_02207,train,train,train_legacy
train_added_val_confirm_00502,val_confirm_00502,val_confirm_00502,val_confirm,train,train_added
train_02264,train_02264,train_02264,train,train,train_legacy
train_04746,train_04746,train_04746,train,train,train_legacy
train_01554,train_01554,train_01554,train,train,train_legacy
train_05341,train_05341,train_05341,train,train,train_legacy
train_01454,train_01454,train_01454,train,train,train_legacy
train_05208,train_05208,train_05208,train,train,train_legacy
train_03844,train_03844,train_03844,train,train,train_legacy
train_02821,train_02821,train_02821,train,train,train_legacy
train_03455,train_03455,train_03455,train,train,train_legacy
train_03421,train_03421,train_03421,train,train,train_legacy
train_04813,train_04813,train_04813,train,train,train_legacy
train_04248,train_04248,train_04248,train,train,train_legacy
train_added_val_confirm_00849,val_confirm_00849,val_confirm_00849,val_confirm,train,train_added
train_00502,train_00502,train_00502,train,train,train_legacy
train_05484,train_05484,train_05484,train,train,train_legacy
train_01778,train_01778,train_01778,train,train,train_legacy
train_04182,train_04182,train_04182,train,train,train_legacy
train_03532,train_03532,train_03532,train,train,train_legacy
train_added_test_01131,test_01131,test_01131,test,train,train_added
train_04123,train_04123,train_04123,train,train,train_legacy
train_05811,train_05811,train_05811,train,train,train_legacy
train_00382,train_00382,train_00382,train,train,train_legacy
train_00883,train_00883,train_00883,train,train,train_legacy
train_01651,train_01651,train_01651,train,train,train_legacy
train_02240,train_02240,train_02240,train,train,train_legacy
train_05100,train_05100,train_05100,train,train,train_legacy
train_00633,train_00633,train_00633,train,train,train_legacy
train_02740,train_02740,train_02740,train,train,train_legacy
train_05574,train_05574,train_05574,train,train,train_legacy
train_05804,train_05804,train_05804,train,train,train_legacy
train_05695,train_05695,train_05695,train,train,train_legacy
train_04279,train_04279,train_04279,train,train,train_legacy
train_02524,train_02524,train_02524,train,train,train_legacy
train_added_val_confirm_00213,val_confirm_00213,val_confirm_00213,val_confirm,train,train_added
train_added_val_search_00156,val_search_00156,val_search_00156,val_search,train,train_added
train_05038,train_05038,train_05038,train,train,train_legacy
train_03141,train_03141,train_03141,train,train,train_legacy
train_01815,train_01815,train_01815,train,train,train_legacy
train_01344,train_01344,train_01344,train,train,train_legacy
train_01091,train_01091,train_01091,train,train,train_legacy
train_01679,train_01679,train_01679,train,train,train_legacy
train_01989,train_01989,train_01989,train,train,train_legacy
train_03084,train_03084,train_03084,train,train,train_legacy
train_01483,train_01483,train_01483,train,train,train_legacy
train_00756,train_00756,train_00756,train,train,train_legacy
train_02525,train_02525,train_02525,train,train,train_legacy
train_00387,train_00387,train_00387,train,train,train_legacy
train_05460,train_05460,train_05460,train,train,train_legacy
train_04345,train_04345,train_04345,train,train,train_legacy
train_04841,train_04841,train_04841,train,train,train_legacy
train_added_test_01814,test_01814,test_01814,test,train,train_added
train_04650,train_04650,train_04650,train,train,train_legacy
train_01550,train_01550,train_01550,train,train,train_legacy
train_00439,train_00439,train_00439,train,train,train_legacy
train_04318,train_04318,train_04318,train,train,train_legacy
train_04358,train_04358,train_04358,train,train,train_legacy
train_04483,train_04483,train_04483,train,train,train_legacy
train_00601,train_00601,train_00601,train,train,train_legacy
train_04438,train_04438,train_04438,train,train,train_legacy
train_04201,train_04201,train_04201,train,train,train_legacy
train_02364,train_02364,train_02364,train,train,train_legacy
train_04155,train_04155,train_04155,train,train,train_legacy
train_03318,train_03318,train_03318,train,train,train_legacy
train_added_test_00432,test_00432,test_00432,test,train,train_added
train_05419,train_05419,train_05419,train,train,train_legacy
train_02808,train_02808,train_02808,train,train,train_legacy
train_04364,train_04364,train_04364,train,train,train_legacy
train_02979,train_02979,train_02979,train,train,train_legacy
train_02383,train_02383,train_02383,train,train,train_legacy
train_01887,train_01887,train_01887,train,train,train_legacy
train_added_test_00169,test_00169,test_00169,test,train,train_added
train_03331,train_03331,train_03331,train,train,train_legacy
train_02684,train_02684,train_02684,train,train,train_legacy
train_04264,train_04264,train_04264,train,train,train_legacy
train_05962,train_05962,train_05962,train,train,train_legacy
train_02815,train_02815,train_02815,train,train,train_legacy
train_added_val_confirm_00280,val_confirm_00280,val_confirm_00280,val_confirm,train,train_added
train_04946,train_04946,train_04946,train,train,train_legacy
train_05348,train_05348,train_05348,train,train,train_legacy
train_02250,train_02250,train_02250,train,train,train_legacy
train_00616,train_00616,train_00616,train,train,train_legacy
train_00342,train_00342,train_00342,train,train,train_legacy
train_03016,train_03016,train_03016,train,train,train_legacy
train_01328,train_01328,train_01328,train,train,train_legacy
train_added_val_confirm_00266,val_confirm_00266,val_confirm_00266,val_confirm,train,train_added
train_00209,train_00209,train_00209,train,train,train_legacy
train_04275,train_04275,train_04275,train,train,train_legacy
train_01347,train_01347,train_01347,train,train,train_legacy
train_05317,train_05317,train_05317,train,train,train_legacy
train_04846,train_04846,train_04846,train,train,train_legacy
train_02756,train_02756,train_02756,train,train,train_legacy
train_added_test_01313,test_01313,test_01313,test,train,train_added
train_01945,train_01945,train_01945,train,train,train_legacy
train_added_val_search_00168,val_search_00168,val_search_00168,val_search,train,train_added
train_02223,train_02223,train_02223,train,train,train_legacy
train_01857,train_01857,train_01857,train,train,train_legacy
train_added_val_confirm_00796,val_confirm_00796,val_confirm_00796,val_confirm,train,train_added
train_04092,train_04092,train_04092,train,train,train_legacy
train_02372,train_02372,train_02372,train,train,train_legacy
train_04310,train_04310,train_04310,train,train,train_legacy
train_04481,train_04481,train_04481,train,train,train_legacy
train_05838,train_05838,train_05838,train,train,train_legacy
train_added_test_01854,test_01854,test_01854,test,train,train_added
train_01686,train_01686,train_01686,train,train,train_legacy
train_01613,train_01613,train_01613,train,train,train_legacy
train_01947,train_01947,train_01947,train,train,train_legacy
train_05545,train_05545,train_05545,train,train,train_legacy
train_02932,train_02932,train_02932,train,train,train_legacy
train_02964,train_02964,train_02964,train,train,train_legacy
train_04409,train_04409,train_04409,train,train,train_legacy
train_04418,train_04418,train_04418,train,train,train_legacy
train_00032,train_00032,train_00032,train,train,train_legacy
train_03804,train_03804,train_03804,train,train,train_legacy
train_05656,train_05656,train_05656,train,train,train_legacy
train_added_val_confirm_00438,val_confirm_00438,val_confirm_00438,val_confirm,train,train_added
train_05006,train_05006,train_05006,train,train,train_legacy
train_02877,train_02877,train_02877,train,train,train_legacy
train_05452,train_05452,train_05452,train,train,train_legacy
train_00703,train_00703,train_00703,train,train,train_legacy
train_added_test_00675,test_00675,test_00675,test,train,train_added
train_01452,train_01452,train_01452,train,train,train_legacy
train_added_test_01904,test_01904,test_01904,test,train,train_added
train_added_val_confirm_00785,val_confirm_00785,val_confirm_00785,val_confirm,train,train_added
train_01206,train_01206,train_01206,train,train,train_legacy
train_03947,train_03947,train_03947,train,train,train_legacy
train_05598,train_05598,train_05598,train,train,train_legacy
train_added_val_confirm_00050,val_confirm_00050,val_confirm_00050,val_confirm,train,train_added
train_03168,train_03168,train_03168,train,train,train_legacy
train_added_val_search_00234,val_search_00234,val_search_00234,val_search,train,train_added
train_00422,train_00422,train_00422,train,train,train_legacy
train_01574,train_01574,train_01574,train,train,train_legacy
train_01607,train_01607,train_01607,train,train,train_legacy
train_04138,train_04138,train_04138,train,train,train_legacy
train_03551,train_03551,train_03551,train,train,train_legacy
train_00230,train_00230,train_00230,train,train,train_legacy
train_03915,train_03915,train_03915,train,train,train_legacy
train_01987,train_01987,train_01987,train,train,train_legacy
train_00193,train_00193,train_00193,train,train,train_legacy
train_00506,train_00506,train_00506,train,train,train_legacy
train_added_test_01419,test_01419,test_01419,test,train,train_added
train_00417,train_00417,train_00417,train,train,train_legacy
train_05801,train_05801,train_05801,train,train,train_legacy
train_02050,train_02050,train_02050,train,train,train_legacy
train_00396,train_00396,train_00396,train,train,train_legacy
train_05101,train_05101,train_05101,train,train,train_legacy
train_02375,train_02375,train_02375,train,train,train_legacy
train_04009,train_04009,train_04009,train,train,train_legacy
train_02204,train_02204,train_02204,train,train,train_legacy
train_03590,train_03590,train_03590,train,train,train_legacy
train_03807,train_03807,train_03807,train,train,train_legacy
train_00911,train_00911,train_00911,train,train,train_legacy
train_05291,train_05291,train_05291,train,train,train_legacy
train_05428,train_05428,train_05428,train,train,train_legacy
train_added_test_02135,test_02135,test_02135,test,train,train_added
train_added_val_confirm_00197,val_confirm_00197,val_confirm_00197,val_confirm,train,train_added
train_04015,train_04015,train_04015,train,train,train_legacy
train_added_val_search_00042,val_search_00042,val_search_00042,val_search,train,train_added
train_03923,train_03923,train_03923,train,train,train_legacy
train_00805,train_00805,train_00805,train,train,train_legacy
train_04290,train_04290,train_04290,train,train,train_legacy
train_added_val_confirm_00501,val_confirm_00501,val_confirm_00501,val_confirm,train,train_added
train_02590,train_02590,train_02590,train,train,train_legacy
train_00803,train_00803,train_00803,train,train,train_legacy
train_02349,train_02349,train_02349,train,train,train_legacy
train_02569,train_02569,train_02569,train,train,train_legacy
train_02809,train_02809,train_02809,train,train,train_legacy
train_added_test_01863,test_01863,test_01863,test,train,train_added
train_02061,train_02061,train_02061,train,train,train_legacy
train_04534,train_04534,train_04534,train,train,train_legacy
train_added_val_confirm_00329,val_confirm_00329,val_confirm_00329,val_confirm,train,train_added
train_02475,train_02475,train_02475,train,train,train_legacy
train_added_test_00206,test_00206,test_00206,test,train,train_added
train_04463,train_04463,train_04463,train,train,train_legacy
train_01365,train_01365,train_01365,train,train,train_legacy
train_04899,train_04899,train_04899,train,train,train_legacy
train_03118,train_03118,train_03118,train,train,train_legacy
train_03291,train_03291,train_03291,train,train,train_legacy
train_03558,train_03558,train_03558,train,train,train_legacy
train_01077,train_01077,train_01077,train,train,train_legacy
train_04475,train_04475,train_04475,train,train,train_legacy
train_00562,train_00562,train_00562,train,train,train_legacy
train_00709,train_00709,train_00709,train,train,train_legacy
train_03099,train_03099,train_03099,train,train,train_legacy
train_00690,train_00690,train_00690,train,train,train_legacy
train_01229,train_01229,train_01229,train,train,train_legacy
train_03401,train_03401,train_03401,train,train,train_legacy
train_00228,train_00228,train_00228,train,train,train_legacy
train_00864,train_00864,train_00864,train,train,train_legacy
train_02962,train_02962,train_02962,train,train,train_legacy
train_02155,train_02155,train_02155,train,train,train_legacy
train_04554,train_04554,train_04554,train,train,train_legacy
train_added_test_02440,test_02440,test_02440,test,train,train_added
train_02648,train_02648,train_02648,train,train,train_legacy
train_01223,train_01223,train_01223,train,train,train_legacy
train_04703,train_04703,train_04703,train,train,train_legacy
train_05238,train_05238,train_05238,train,train,train_legacy
train_00041,train_00041,train_00041,train,train,train_legacy
train_03293,train_03293,train_03293,train,train,train_legacy
train_added_test_00080,test_00080,test_00080,test,train,train_added
train_01882,train_01882,train_01882,train,train,train_legacy
train_03181,train_03181,train_03181,train,train,train_legacy
train_03151,train_03151,train_03151,train,train,train_legacy
train_added_test_00694,test_00694,test_00694,test,train,train_added
train_01582,train_01582,train_01582,train,train,train_legacy
train_03919,train_03919,train_03919,train,train,train_legacy
train_05229,train_05229,train_05229,train,train,train_legacy
train_00252,train_00252,train_00252,train,train,train_legacy
train_01838,train_01838,train_01838,train,train,train_legacy
train_04100,train_04100,train_04100,train,train,train_legacy
train_01408,train_01408,train_01408,train,train,train_legacy
train_04058,train_04058,train_04058,train,train,train_legacy
train_03825,train_03825,train_03825,train,train,train_legacy
train_02910,train_02910,train_02910,train,train,train_legacy
train_02970,train_02970,train_02970,train,train,train_legacy
train_05339,train_05339,train_05339,train,train,train_legacy
train_added_val_confirm_01025,val_confirm_01025,val_confirm_01025,val_confirm,train,train_added
train_03904,train_03904,train_03904,train,train,train_legacy
train_added_val_confirm_00557,val_confirm_00557,val_confirm_00557,val_confirm,train,train_added
train_03389,train_03389,train_03389,train,train,train_legacy
train_added_test_02012,test_02012,test_02012,test,train,train_added
train_04754,train_04754,train_04754,train,train,train_legacy
train_05641,train_05641,train_05641,train,train,train_legacy
train_00466,train_00466,train_00466,train,train,train_legacy
train_04200,train_04200,train_04200,train,train,train_legacy
train_05883,train_05883,train_05883,train,train,train_legacy
train_04450,train_04450,train_04450,train,train,train_legacy
train_added_test_00516,test_00516,test_00516,test,train,train_added
train_04122,train_04122,train_04122,train,train,train_legacy
train_01792,train_01792,train_01792,train,train,train_legacy
train_05337,train_05337,train_05337,train,train,train_legacy
train_05321,train_05321,train_05321,train,train,train_legacy
train_added_test_02264,test_02264,test_02264,test,train,train_added
train_01186,train_01186,train_01186,train,train,train_legacy
train_added_val_confirm_00344,val_confirm_00344,val_confirm_00344,val_confirm,train,train_added
train_added_test_00245,test_00245,test_00245,test,train,train_added
train_04737,train_04737,train_04737,train,train,train_legacy
train_03713,train_03713,train_03713,train,train,train_legacy
train_02710,train_02710,train_02710,train,train,train_legacy
train_03256,train_03256,train_03256,train,train,train_legacy
train_02828,train_02828,train_02828,train,train,train_legacy
train_01062,train_01062,train_01062,train,train,train_legacy
train_added_val_confirm_00698,val_confirm_00698,val_confirm_00698,val_confirm,train,train_added
train_03626,train_03626,train_03626,train,train,train_legacy
train_01628,train_01628,train_01628,train,train,train_legacy
train_04541,train_04541,train_04541,train,train,train_legacy
train_added_test_00401,test_00401,test_00401,test,train,train_added
train_02254,train_02254,train_02254,train,train,train_legacy
train_03673,train_03673,train_03673,train,train,train_legacy
train_02457,train_02457,train_02457,train,train,train_legacy
train_04792,train_04792,train_04792,train,train,train_legacy
train_00147,train_00147,train_00147,train,train,train_legacy
train_added_val_search_00289,val_search_00289,val_search_00289,val_search,train,train_added
train_03061,train_03061,train_03061,train,train,train_legacy
train_00773,train_00773,train_00773,train,train,train_legacy
train_01376,train_01376,train_01376,train,train,train_legacy
train_01453,train_01453,train_01453,train,train,train_legacy
train_03669,train_03669,train_03669,train,train,train_legacy
train_added_val_confirm_00140,val_confirm_00140,val_confirm_00140,val_confirm,train,train_added
train_01637,train_01637,train_01637,train,train,train_legacy
train_01340,train_01340,train_01340,train,train,train_legacy
train_01378,train_01378,train_01378,train,train,train_legacy
train_added_test_01159,test_01159,test_01159,test,train,train_added
train_02506,train_02506,train_02506,train,train,train_legacy
train_00600,train_00600,train_00600,train,train,train_legacy
train_03731,train_03731,train_03731,train,train,train_legacy
train_04729,train_04729,train_04729,train,train,train_legacy
train_04986,train_04986,train_04986,train,train,train_legacy
train_02012,train_02012,train_02012,train,train,train_legacy
train_04510,train_04510,train_04510,train,train,train_legacy
train_02713,train_02713,train_02713,train,train,train_legacy
train_04557,train_04557,train_04557,train,train,train_legacy
train_02726,train_02726,train_02726,train,train,train_legacy
train_03644,train_03644,train_03644,train,train,train_legacy
train_04468,train_04468,train_04468,train,train,train_legacy
train_02959,train_02959,train_02959,train,train,train_legacy
train_05614,train_05614,train_05614,train,train,train_legacy
train_05647,train_05647,train_05647,train,train,train_legacy
train_01064,train_01064,train_01064,train,train,train_legacy
train_05874,train_05874,train_05874,train,train,train_legacy
train_02027,train_02027,train_02027,train,train,train_legacy
train_02844,train_02844,train_02844,train,train,train_legacy
train_01151,train_01151,train_01151,train,train,train_legacy
train_02863,train_02863,train_02863,train,train,train_legacy
train_05151,train_05151,train_05151,train,train,train_legacy
train_00411,train_00411,train_00411,train,train,train_legacy
train_03882,train_03882,train_03882,train,train,train_legacy
train_00861,train_00861,train_00861,train,train,train_legacy
train_added_test_01930,test_01930,test_01930,test,train,train_added
train_05740,train_05740,train_05740,train,train,train_legacy
train_added_val_confirm_00433,val_confirm_00433,val_confirm_00433,val_confirm,train,train_added
train_02601,train_02601,train_02601,train,train,train_legacy
train_02310,train_02310,train_02310,train,train,train_legacy
train_added_test_00634,test_00634,test_00634,test,train,train_added
train_01007,train_01007,train_01007,train,train,train_legacy
train_added_val_confirm_00023,val_confirm_00023,val_confirm_00023,val_confirm,train,train_added
train_added_val_search_00383,val_search_00383,val_search_00383,val_search,train,train_added
train_00520,train_00520,train_00520,train,train,train_legacy
train_04998,train_04998,train_04998,train,train,train_legacy
train_00134,train_00134,train_00134,train,train,train_legacy
train_03812,train_03812,train_03812,train,train,train_legacy
train_added_test_01920,test_01920,test_01920,test,train,train_added
train_03620,train_03620,train_03620,train,train,train_legacy
train_05844,train_05844,train_05844,train,train,train_legacy
train_01230,train_01230,train_01230,train,train,train_legacy
train_01769,train_01769,train_01769,train,train,train_legacy
train_01525,train_01525,train_01525,train,train,train_legacy
train_added_val_confirm_00588,val_confirm_00588,val_confirm_00588,val_confirm,train,train_added
train_04723,train_04723,train_04723,train,train,train_legacy
train_05354,train_05354,train_05354,train,train,train_legacy
train_03417,train_03417,train_03417,train,train,train_legacy
train_02523,train_02523,train_02523,train,train,train_legacy
train_05235,train_05235,train_05235,train,train,train_legacy
train_01476,train_01476,train_01476,train,train,train_legacy
train_04230,train_04230,train_04230,train,train,train_legacy
train_00857,train_00857,train_00857,train,train,train_legacy
train_02095,train_02095,train_02095,train,train,train_legacy
train_added_val_confirm_01057,val_confirm_01057,val_confirm_01057,val_confirm,train,train_added
train_00832,train_00832,train_00832,train,train,train_legacy
train_05471,train_05471,train_05471,train,train,train_legacy
train_03319,train_03319,train_03319,train,train,train_legacy
train_05121,train_05121,train_05121,train,train,train_legacy
train_05203,train_05203,train_05203,train,train,train_legacy
train_04081,train_04081,train_04081,train,train,train_legacy
train_02107,train_02107,train_02107,train,train,train_legacy
train_02587,train_02587,train_02587,train,train,train_legacy
train_02290,train_02290,train_02290,train,train,train_legacy
train_04446,train_04446,train_04446,train,train,train_legacy
train_01180,train_01180,train_01180,train,train,train_legacy
train_01830,train_01830,train_01830,train,train,train_legacy
train_01731,train_01731,train_01731,train,train,train_legacy
train_03571,train_03571,train_03571,train,train,train_legacy
train_00163,train_00163,train_00163,train,train,train_legacy
train_added_val_confirm_00071,val_confirm_00071,val_confirm_00071,val_confirm,train,train_added
train_00814,train_00814,train_00814,train,train,train_legacy
train_01438,train_01438,train_01438,train,train,train_legacy
train_00895,train_00895,train_00895,train,train,train_legacy
train_03655,train_03655,train_03655,train,train,train_legacy
train_05308,train_05308,train_05308,train,train,train_legacy
train_02854,train_02854,train_02854,train,train,train_legacy
train_00627,train_00627,train_00627,train,train,train_legacy
train_03334,train_03334,train_03334,train,train,train_legacy
train_02343,train_02343,train_02343,train,train,train_legacy
train_01416,train_01416,train_01416,train,train,train_legacy
train_00360,train_00360,train_00360,train,train,train_legacy
train_03539,train_03539,train_03539,train,train,train_legacy
train_added_val_search_00073,val_search_00073,val_search_00073,val_search,train,train_added
train_04906,train_04906,train_04906,train,train,train_legacy
train_added_val_confirm_00460,val_confirm_00460,val_confirm_00460,val_confirm,train,train_added
train_added_val_search_00348,val_search_00348,val_search_00348,val_search,train,train_added
train_01360,train_01360,train_01360,train,train,train_legacy
train_03708,train_03708,train_03708,train,train,train_legacy
train_02008,train_02008,train_02008,train,train,train_legacy
train_01333,train_01333,train_01333,train,train,train_legacy
train_05603,train_05603,train_05603,train,train,train_legacy
train_04812,train_04812,train_04812,train,train,train_legacy
train_05398,train_05398,train_05398,train,train,train_legacy
train_00069,train_00069,train_00069,train,train,train_legacy
train_03500,train_03500,train_03500,train,train,train_legacy
train_01028,train_01028,train_01028,train,train,train_legacy
train_00414,train_00414,train_00414,train,train,train_legacy
train_added_test_02354,test_02354,test_02354,test,train,train_added
train_00818,train_00818,train_00818,train,train,train_legacy
train_05943,train_05943,train_05943,train,train,train_legacy
train_03965,train_03965,train_03965,train,train,train_legacy
train_00008,train_00008,train_00008,train,train,train_legacy
train_01753,train_01753,train_01753,train,train,train_legacy
train_02420,train_02420,train_02420,train,train,train_legacy
train_01824,train_01824,train_01824,train,train,train_legacy
train_00812,train_00812,train_00812,train,train,train_legacy
train_03063,train_03063,train_03063,train,train,train_legacy
train_05361,train_05361,train_05361,train,train,train_legacy
train_02317,train_02317,train_02317,train,train,train_legacy
train_03843,train_03843,train_03843,train,train,train_legacy
train_03353,train_03353,train_03353,train,train,train_legacy
train_04018,train_04018,train_04018,train,train,train_legacy
train_added_test_02211,test_02211,test_02211,test,train,train_added
train_03580,train_03580,train_03580,train,train,train_legacy
train_04465,train_04465,train_04465,train,train,train_legacy
train_01310,train_01310,train_01310,train,train,train_legacy
train_added_test_01495,test_01495,test_01495,test,train,train_added
train_03578,train_03578,train_03578,train,train,train_legacy
train_01158,train_01158,train_01158,train,train,train_legacy
train_added_test_01456,test_01456,test_01456,test,train,train_added
train_added_val_confirm_01082,val_confirm_01082,val_confirm_01082,val_confirm,train,train_added
train_05925,train_05925,train_05925,train,train,train_legacy
train_02751,train_02751,train_02751,train,train,train_legacy
train_00907,train_00907,train_00907,train,train,train_legacy
train_00390,train_00390,train_00390,train,train,train_legacy
train_05260,train_05260,train_05260,train,train,train_legacy
train_00556,train_00556,train_00556,train,train,train_legacy
train_04853,train_04853,train_04853,train,train,train_legacy
train_04363,train_04363,train_04363,train,train,train_legacy
train_00614,train_00614,train_00614,train,train,train_legacy
train_added_test_01315,test_01315,test_01315,test,train,train_added
train_04046,train_04046,train_04046,train,train,train_legacy
train_04190,train_04190,train_04190,train,train,train_legacy
train_05707,train_05707,train_05707,train,train,train_legacy
train_05393,train_05393,train_05393,train,train,train_legacy
train_05888,train_05888,train_05888,train,train,train_legacy
train_added_test_02378,test_02378,test_02378,test,train,train_added
train_01259,train_01259,train_01259,train,train,train_legacy
train_04564,train_04564,train_04564,train,train,train_legacy
train_01678,train_01678,train_01678,train,train,train_legacy
train_02425,train_02425,train_02425,train,train,train_legacy
train_03326,train_03326,train_03326,train,train,train_legacy
train_05767,train_05767,train_05767,train,train,train_legacy
train_added_val_confirm_00749,val_confirm_00749,val_confirm_00749,val_confirm,train,train_added
train_added_val_search_00338,val_search_00338,val_search_00338,val_search,train,train_added
train_01632,train_01632,train_01632,train,train,train_legacy
train_03479,train_03479,train_03479,train,train,train_legacy
train_02087,train_02087,train_02087,train,train,train_legacy
train_05016,train_05016,train_05016,train,train,train_legacy
train_00775,train_00775,train_00775,train,train,train_legacy
train_02855,train_02855,train_02855,train,train,train_legacy
train_03198,train_03198,train_03198,train,train,train_legacy
train_01826,train_01826,train_01826,train,train,train_legacy
train_02307,train_02307,train_02307,train,train,train_legacy
train_03881,train_03881,train_03881,train,train,train_legacy
train_02439,train_02439,train_02439,train,train,train_legacy
train_added_val_search_00195,val_search_00195,val_search_00195,val_search,train,train_added
train_03422,train_03422,train_03422,train,train,train_legacy
train_01567,train_01567,train_01567,train,train,train_legacy
train_03927,train_03927,train_03927,train,train,train_legacy
train_added_test_01453,test_01453,test_01453,test,train,train_added
train_02029,train_02029,train_02029,train,train,train_legacy
train_05873,train_05873,train_05873,train,train,train_legacy
train_02180,train_02180,train_02180,train,train,train_legacy
train_05562,train_05562,train_05562,train,train,train_legacy
train_04229,train_04229,train_04229,train,train,train_legacy
train_05797,train_05797,train_05797,train,train,train_legacy
train_04623,train_04623,train_04623,train,train,train_legacy
train_added_test_01694,test_01694,test_01694,test,train,train_added
train_00518,train_00518,train_00518,train,train,train_legacy
train_added_val_search_00332,val_search_00332,val_search_00332,val_search,train,train_added
train_05470,train_05470,train_05470,train,train,train_legacy
train_05189,train_05189,train_05189,train,train,train_legacy
train_05865,train_05865,train_05865,train,train,train_legacy
train_added_test_01257,test_01257,test_01257,test,train,train_added
train_02064,train_02064,train_02064,train,train,train_legacy
train_02169,train_02169,train_02169,train,train,train_legacy
train_00129,train_00129,train_00129,train,train,train_legacy
train_04160,train_04160,train_04160,train,train,train_legacy
train_added_test_00461,test_00461,test_00461,test,train,train_added
train_04379,train_04379,train_04379,train,train,train_legacy
train_02725,train_02725,train_02725,train,train,train_legacy
train_05535,train_05535,train_05535,train,train,train_legacy
train_02661,train_02661,train_02661,train,train,train_legacy
train_00016,train_00016,train_00016,train,train,train_legacy
train_03885,train_03885,train_03885,train,train,train_legacy
train_02084,train_02084,train_02084,train,train,train_legacy
train_01107,train_01107,train_01107,train,train,train_legacy
train_04203,train_04203,train_04203,train,train,train_legacy
train_04631,train_04631,train_04631,train,train,train_legacy
train_added_val_search_00158,val_search_00158,val_search_00158,val_search,train,train_added
train_02585,train_02585,train_02585,train,train,train_legacy
train_04850,train_04850,train_04850,train,train,train_legacy
train_05744,train_05744,train_05744,train,train,train_legacy
train_03658,train_03658,train_03658,train,train,train_legacy
train_05508,train_05508,train_05508,train,train,train_legacy
train_03898,train_03898,train_03898,train,train,train_legacy
train_01348,train_01348,train_01348,train,train,train_legacy
train_01072,train_01072,train_01072,train,train,train_legacy
train_03436,train_03436,train_03436,train,train,train_legacy
train_01405,train_01405,train_01405,train,train,train_legacy
train_05407,train_05407,train_05407,train,train,train_legacy
train_05399,train_05399,train_05399,train,train,train_legacy
train_02792,train_02792,train_02792,train,train,train_legacy
train_05198,train_05198,train_05198,train,train,train_legacy
train_03686,train_03686,train_03686,train,train,train_legacy
train_01239,train_01239,train_01239,train,train,train_legacy
train_00721,train_00721,train_00721,train,train,train_legacy
train_added_test_01281,test_01281,test_01281,test,train,train_added
train_03444,train_03444,train_03444,train,train,train_legacy
train_added_test_01749,test_01749,test_01749,test,train,train_added
train_01446,train_01446,train_01446,train,train,train_legacy
train_00828,train_00828,train_00828,train,train,train_legacy
train_added_test_02460,test_02460,test_02460,test,train,train_added
train_02231,train_02231,train_02231,train,train,train_legacy
train_00184,train_00184,train_00184,train,train,train_legacy
train_02298,train_02298,train_02298,train,train,train_legacy
train_01705,train_01705,train_01705,train,train,train_legacy
train_01883,train_01883,train_01883,train,train,train_legacy
train_01255,train_01255,train_01255,train,train,train_legacy
train_04974,train_04974,train_04974,train,train,train_legacy
train_00471,train_00471,train_00471,train,train,train_legacy
train_03709,train_03709,train_03709,train,train,train_legacy
train_04840,train_04840,train_04840,train,train,train_legacy
train_03782,train_03782,train_03782,train,train,train_legacy
train_03701,train_03701,train_03701,train,train,train_legacy
train_04282,train_04282,train_04282,train,train,train_legacy
train_01547,train_01547,train_01547,train,train,train_legacy
train_added_test_00536,test_00536,test_00536,test,train,train_added
train_00799,train_00799,train_00799,train,train,train_legacy
train_04953,train_04953,train_04953,train,train,train_legacy
train_03933,train_03933,train_03933,train,train,train_legacy
train_03624,train_03624,train_03624,train,train,train_legacy
train_00262,train_00262,train_00262,train,train,train_legacy
train_02623,train_02623,train_02623,train,train,train_legacy
train_00774,train_00774,train_00774,train,train,train_legacy
train_02106,train_02106,train_02106,train,train,train_legacy
train_01796,train_01796,train_01796,train,train,train_legacy
train_04715,train_04715,train_04715,train,train,train_legacy
train_02666,train_02666,train_02666,train,train,train_legacy
train_02333,train_02333,train_02333,train,train,train_legacy
train_04517,train_04517,train_04517,train,train,train_legacy
train_03216,train_03216,train_03216,train,train,train_legacy
train_added_test_01372,test_01372,test_01372,test,train,train_added
train_00952,train_00952,train_00952,train,train,train_legacy
train_03233,train_03233,train_03233,train,train,train_legacy
train_05233,train_05233,train_05233,train,train,train_legacy
train_03820,train_03820,train_03820,train,train,train_legacy
train_03115,train_03115,train_03115,train,train,train_legacy
train_added_val_confirm_00076,val_confirm_00076,val_confirm_00076,val_confirm,train,train_added
train_added_val_search_00098,val_search_00098,val_search_00098,val_search,train,train_added
train_03307,train_03307,train_03307,train,train,train_legacy
train_03292,train_03292,train_03292,train,train,train_legacy
train_00023,train_00023,train_00023,train,train,train_legacy
train_04175,train_04175,train_04175,train,train,train_legacy
train_05775,train_05775,train_05775,train,train,train_legacy
train_03892,train_03892,train_03892,train,train,train_legacy
train_04039,train_04039,train_04039,train,train,train_legacy
train_03719,train_03719,train_03719,train,train,train_legacy
train_00266,train_00266,train_00266,train,train,train_legacy
train_01744,train_01744,train_01744,train,train,train_legacy
train_02216,train_02216,train_02216,train,train,train_legacy
train_00254,train_00254,train_00254,train,train,train_legacy
train_added_val_confirm_01006,val_confirm_01006,val_confirm_01006,val_confirm,train,train_added
train_03235,train_03235,train_03235,train,train,train_legacy
train_02377,train_02377,train_02377,train,train,train_legacy
train_added_val_search_00178,val_search_00178,val_search_00178,val_search,train,train_added
train_02796,train_02796,train_02796,train,train,train_legacy
train_02862,train_02862,train_02862,train,train,train_legacy
train_01608,train_01608,train_01608,train,train,train_legacy
train_03280,train_03280,train_03280,train,train,train_legacy
train_04968,train_04968,train_04968,train,train,train_legacy
train_01102,train_01102,train_01102,train,train,train_legacy
train_05702,train_05702,train_05702,train,train,train_legacy
train_00446,train_00446,train_00446,train,train,train_legacy
train_added_val_confirm_00417,val_confirm_00417,val_confirm_00417,val_confirm,train,train_added
train_03749,train_03749,train_03749,train,train,train_legacy
train_added_val_confirm_00196,val_confirm_00196,val_confirm_00196,val_confirm,train,train_added
train_04543,train_04543,train_04543,train,train,train_legacy
train_04795,train_04795,train_04795,train,train,train_legacy
train_added_val_confirm_00113,val_confirm_00113,val_confirm_00113,val_confirm,train,train_added
train_04040,train_04040,train_04040,train,train,train_legacy
train_02498,train_02498,train_02498,train,train,train_legacy
train_00888,train_00888,train_00888,train,train,train_legacy
train_added_val_confirm_00505,val_confirm_00505,val_confirm_00505,val_confirm,train,train_added
train_03864,train_03864,train_03864,train,train,train_legacy
train_03398,train_03398,train_03398,train,train,train_legacy
train_04390,train_04390,train_04390,train,train,train_legacy
train_02428,train_02428,train_02428,train,train,train_legacy
train_01673,train_01673,train_01673,train,train,train_legacy
train_01324,train_01324,train_01324,train,train,train_legacy
train_04750,train_04750,train_04750,train,train,train_legacy
train_04989,train_04989,train_04989,train,train,train_legacy
train_01697,train_01697,train_01697,train,train,train_legacy
train_added_test_01223,test_01223,test_01223,test,train,train_added
train_02482,train_02482,train_02482,train,train,train_legacy
train_added_test_00686,test_00686,test_00686,test,train,train_added
train_04908,train_04908,train_04908,train,train,train_legacy
train_05119,train_05119,train_05119,train,train,train_legacy
train_added_test_01421,test_01421,test_01421,test,train,train_added
train_05010,train_05010,train_05010,train,train,train_legacy
train_05432,train_05432,train_05432,train,train,train_legacy
train_00316,train_00316,train_00316,train,train,train_legacy
train_00890,train_00890,train_00890,train,train,train_legacy
train_03738,train_03738,train_03738,train,train,train_legacy
train_05263,train_05263,train_05263,train,train,train_legacy
train_01100,train_01100,train_01100,train,train,train_legacy
train_04439,train_04439,train_04439,train,train,train_legacy
train_03335,train_03335,train_03335,train,train,train_legacy
train_04949,train_04949,train_04949,train,train,train_legacy
train_04633,train_04633,train_04633,train,train,train_legacy
train_02395,train_02395,train_02395,train,train,train_legacy
train_05904,train_05904,train_05904,train,train,train_legacy
train_04523,train_04523,train_04523,train,train,train_legacy
train_05134,train_05134,train_05134,train,train,train_legacy
train_01342,train_01342,train_01342,train,train,train_legacy
train_02811,train_02811,train_02811,train,train,train_legacy
train_05568,train_05568,train_05568,train,train,train_legacy
train_00782,train_00782,train_00782,train,train,train_legacy
train_00991,train_00991,train_00991,train,train,train_legacy
train_00091,train_00091,train_00091,train,train,train_legacy
train_00105,train_00105,train_00105,train,train,train_legacy
train_02004,train_02004,train_02004,train,train,train_legacy
train_00238,train_00238,train_00238,train,train,train_legacy
train_04457,train_04457,train_04457,train,train,train_legacy
train_03648,train_03648,train_03648,train,train,train_legacy
train_01662,train_01662,train_01662,train,train,train_legacy
train_04802,train_04802,train_04802,train,train,train_legacy
train_02852,train_02852,train_02852,train,train,train_legacy
train_04101,train_04101,train_04101,train,train,train_legacy
train_01372,train_01372,train_01372,train,train,train_legacy
train_04036,train_04036,train_04036,train,train,train_legacy
train_02291,train_02291,train_02291,train,train,train_legacy
train_04064,train_04064,train_04064,train,train,train_legacy
train_added_val_search_00382,val_search_00382,val_search_00382,val_search,train,train_added
train_00712,train_00712,train_00712,train,train,train_legacy
train_00912,train_00912,train_00912,train,train,train_legacy
train_added_test_02347,test_02347,test_02347,test,train,train_added
train_00242,train_00242,train_00242,train,train,train_legacy
train_04317,train_04317,train_04317,train,train,train_legacy
train_04587,train_04587,train_04587,train,train,train_legacy
train_05595,train_05595,train_05595,train,train,train_legacy
train_01383,train_01383,train_01383,train,train,train_legacy
train_04448,train_04448,train_04448,train,train,train_legacy
train_02990,train_02990,train_02990,train,train,train_legacy
train_00705,train_00705,train_00705,train,train,train_legacy
train_01706,train_01706,train_01706,train,train,train_legacy
train_00831,train_00831,train_00831,train,train,train_legacy
train_01374,train_01374,train_01374,train,train,train_legacy
train_00080,train_00080,train_00080,train,train,train_legacy
train_05141,train_05141,train_05141,train,train,train_legacy
train_05483,train_05483,train_05483,train,train,train_legacy
train_05720,train_05720,train_05720,train,train,train_legacy
train_05547,train_05547,train_05547,train,train,train_legacy
train_02797,train_02797,train_02797,train,train,train_legacy
train_03005,train_03005,train_03005,train,train,train_legacy
train_05437,train_05437,train_05437,train,train,train_legacy
train_05671,train_05671,train_05671,train,train,train_legacy
train_03359,train_03359,train_03359,train,train,train_legacy
train_added_test_00415,test_00415,test_00415,test,train,train_added
train_added_test_01703,test_01703,test_01703,test,train,train_added
train_added_test_01594,test_01594,test_01594,test,train,train_added
train_00413,train_00413,train_00413,train,train,train_legacy
train_05246,train_05246,train_05246,train,train,train_legacy
train_01406,train_01406,train_01406,train,train,train_legacy
train_02613,train_02613,train_02613,train,train,train_legacy
train_03200,train_03200,train_03200,train,train,train_legacy
train_05546,train_05546,train_05546,train,train,train_legacy
train_added_test_00526,test_00526,test_00526,test,train,train_added
train_03506,train_03506,train_03506,train,train,train_legacy
train_01240,train_01240,train_01240,train,train,train_legacy
train_04198,train_04198,train_04198,train,train,train_legacy
train_04701,train_04701,train_04701,train,train,train_legacy
train_01777,train_01777,train_01777,train,train,train_legacy
train_00644,train_00644,train_00644,train,train,train_legacy
train_04270,train_04270,train_04270,train,train,train_legacy
train_02011,train_02011,train_02011,train,train,train_legacy
train_added_val_confirm_00668,val_confirm_00668,val_confirm_00668,val_confirm,train,train_added
train_05597,train_05597,train_05597,train,train,train_legacy
train_00791,train_00791,train_00791,train,train,train_legacy
train_04528,train_04528,train_04528,train,train,train_legacy
train_added_test_01824,test_01824,test_01824,test,train,train_added
train_05270,train_05270,train_05270,train,train,train_legacy
train_added_val_search_00251,val_search_00251,val_search_00251,val_search,train,train_added
train_added_val_confirm_00508,val_confirm_00508,val_confirm_00508,val_confirm,train,train_added
train_01373,train_01373,train_01373,train,train,train_legacy
train_00119,train_00119,train_00119,train,train,train_legacy
train_01505,train_01505,train_01505,train,train,train_legacy
train_added_val_search_00055,val_search_00055,val_search_00055,val_search,train,train_added
train_01304,train_01304,train_01304,train,train,train_legacy
train_added_test_02269,test_02269,test_02269,test,train,train_added
train_03101,train_03101,train_03101,train,train,train_legacy
train_00608,train_00608,train_00608,train,train,train_legacy
train_03357,train_03357,train_03357,train,train,train_legacy
train_04488,train_04488,train_04488,train,train,train_legacy
train_05202,train_05202,train_05202,train,train,train_legacy
train_04763,train_04763,train_04763,train,train,train_legacy
train_03173,train_03173,train_03173,train,train,train_legacy
train_01235,train_01235,train_01235,train,train,train_legacy
train_02519,train_02519,train_02519,train,train,train_legacy
train_added_val_confirm_00342,val_confirm_00342,val_confirm_00342,val_confirm,train,train_added
train_03717,train_03717,train_03717,train,train,train_legacy
train_00641,train_00641,train_00641,train,train,train_legacy
train_02378,train_02378,train_02378,train,train,train_legacy
train_05168,train_05168,train_05168,train,train,train_legacy
train_05566,train_05566,train_05566,train,train,train_legacy
train_04730,train_04730,train_04730,train,train,train_legacy
train_01828,train_01828,train_01828,train,train,train_legacy
train_01218,train_01218,train_01218,train,train,train_legacy
train_01391,train_01391,train_01391,train,train,train_legacy
train_00783,train_00783,train_00783,train,train,train_legacy
train_added_test_00073,test_00073,test_00073,test,train,train_added
train_04599,train_04599,train_04599,train,train,train_legacy
train_added_test_02487,test_02487,test_02487,test,train,train_added
train_03653,train_03653,train_03653,train,train,train_legacy
train_added_test_01475,test_01475,test_01475,test,train,train_added
train_05523,train_05523,train_05523,train,train,train_legacy
train_00543,train_00543,train_00543,train,train,train_legacy
train_03342,train_03342,train_03342,train,train,train_legacy
train_01144,train_01144,train_01144,train,train,train_legacy
train_05315,train_05315,train_05315,train,train,train_legacy
train_added_val_confirm_00886,val_confirm_00886,val_confirm_00886,val_confirm,train,train_added
train_01032,train_01032,train_01032,train,train,train_legacy
train_04965,train_04965,train_04965,train,train,train_legacy
train_01009,train_01009,train_01009,train,train,train_legacy
train_05978,train_05978,train_05978,train,train,train_legacy
train_added_test_00381,test_00381,test_00381,test,train,train_added
train_01117,train_01117,train_01117,train,train,train_legacy
train_added_test_02389,test_02389,test_02389,test,train,train_added
train_05102,train_05102,train_05102,train,train,train_legacy
train_05053,train_05053,train_05053,train,train,train_legacy
train_05689,train_05689,train_05689,train,train,train_legacy
train_05109,train_05109,train_05109,train,train,train_legacy
train_03309,train_03309,train_03309,train,train,train_legacy
train_04431,train_04431,train_04431,train,train,train_legacy
train_03945,train_03945,train_03945,train,train,train_legacy
train_03748,train_03748,train_03748,train,train,train_legacy
train_00018,train_00018,train_00018,train,train,train_legacy
train_05358,train_05358,train_05358,train,train,train_legacy
train_02564,train_02564,train_02564,train,train,train_legacy
train_03288,train_03288,train_03288,train,train,train_legacy
train_05285,train_05285,train_05285,train,train,train_legacy
train_02532,train_02532,train_02532,train,train,train_legacy
train_02946,train_02946,train_02946,train,train,train_legacy
train_01680,train_01680,train_01680,train,train,train_legacy
train_02067,train_02067,train_02067,train,train,train_legacy
train_03993,train_03993,train_03993,train,train,train_legacy
train_04033,train_04033,train_04033,train,train,train_legacy
train_04077,train_04077,train_04077,train,train,train_legacy
train_03258,train_03258,train_03258,train,train,train_legacy
train_04765,train_04765,train_04765,train,train,train_legacy
train_00042,train_00042,train_00042,train,train,train_legacy
train_02302,train_02302,train_02302,train,train,train_legacy
train_01332,train_01332,train_01332,train,train,train_legacy
train_02544,train_02544,train_02544,train,train,train_legacy
train_04993,train_04993,train_04993,train,train,train_legacy
train_01329,train_01329,train_01329,train,train,train_legacy
train_03680,train_03680,train_03680,train,train,train_legacy
train_04622,train_04622,train_04622,train,train,train_legacy
train_02602,train_02602,train_02602,train,train,train_legacy
train_01439,train_01439,train_01439,train,train,train_legacy
train_01250,train_01250,train_01250,train,train,train_legacy
train_added_test_00985,test_00985,test_00985,test,train,train_added
train_00001,train_00001,train_00001,train,train,train_legacy
train_added_test_00868,test_00868,test_00868,test,train,train_added
train_01472,train_01472,train_01472,train,train,train_legacy
train_05678,train_05678,train_05678,train,train,train_legacy
train_added_val_confirm_01083,val_confirm_01083,val_confirm_01083,val_confirm,train,train_added
train_added_val_confirm_00487,val_confirm_00487,val_confirm_00487,val_confirm,train,train_added
train_04954,train_04954,train_04954,train,train,train_legacy
train_01420,train_01420,train_01420,train,train,train_legacy
train_04498,train_04498,train_04498,train,train,train_legacy
train_05584,train_05584,train_05584,train,train,train_legacy
train_04174,train_04174,train_04174,train,train,train_legacy
train_added_val_search_00392,val_search_00392,val_search_00392,val_search,train,train_added
train_02055,train_02055,train_02055,train,train,train_legacy
train_01979,train_01979,train_01979,train,train,train_legacy
train_01314,train_01314,train_01314,train,train,train_legacy
train_02468,train_02468,train_02468,train,train,train_legacy
train_05982,train_05982,train_05982,train,train,train_legacy
train_added_val_confirm_00722,val_confirm_00722,val_confirm_00722,val_confirm,train,train_added
train_02763,train_02763,train_02763,train,train,train_legacy
train_03494,train_03494,train_03494,train,train,train_legacy
train_01176,train_01176,train_01176,train,train,train_legacy
train_05688,train_05688,train_05688,train,train,train_legacy
train_added_val_confirm_00302,val_confirm_00302,val_confirm_00302,val_confirm,train,train_added
train_02867,train_02867,train_02867,train,train,train_legacy
train_04565,train_04565,train_04565,train,train,train_legacy
train_02481,train_02481,train_02481,train,train,train_legacy
train_02567,train_02567,train_02567,train,train,train_legacy
train_02039,train_02039,train_02039,train,train,train_legacy
train_00021,train_00021,train_00021,train,train,train_legacy
train_04923,train_04923,train_04923,train,train,train_legacy
train_added_test_01310,test_01310,test_01310,test,train,train_added
train_02521,train_02521,train_02521,train,train,train_legacy
train_02198,train_02198,train_02198,train,train,train_legacy
train_01316,train_01316,train_01316,train,train,train_legacy
train_04194,train_04194,train_04194,train,train,train_legacy
train_added_test_02373,test_02373,test_02373,test,train,train_added
train_03138,train_03138,train_03138,train,train,train_legacy
train_02168,train_02168,train_02168,train,train,train_legacy
train_03877,train_03877,train_03877,train,train,train_legacy
train_00948,train_00948,train_00948,train,train,train_legacy
train_added_val_confirm_00980,val_confirm_00980,val_confirm_00980,val_confirm,train,train_added
train_01136,train_01136,train_01136,train,train,train_legacy
train_04646,train_04646,train_04646,train,train,train_legacy
train_00239,train_00239,train_00239,train,train,train_legacy
train_03031,train_03031,train_03031,train,train,train_legacy
train_04304,train_04304,train_04304,train,train,train_legacy
train_00066,train_00066,train_00066,train,train,train_legacy
train_00273,train_00273,train_00273,train,train,train_legacy
train_00534,train_00534,train_00534,train,train,train_legacy
train_05762,train_05762,train_05762,train,train,train_legacy
train_00618,train_00618,train_00618,train,train,train_legacy
train_04748,train_04748,train_04748,train,train,train_legacy
train_03302,train_03302,train_03302,train,train,train_legacy
train_01658,train_01658,train_01658,train,train,train_legacy
train_01123,train_01123,train_01123,train,train,train_legacy
train_00258,train_00258,train_00258,train,train,train_legacy
train_03520,train_03520,train_03520,train,train,train_legacy
train_added_test_01440,test_01440,test_01440,test,train,train_added
train_added_test_01436,test_01436,test_01436,test,train,train_added
train_added_test_02266,test_02266,test_02266,test,train,train_added
train_05350,train_05350,train_05350,train,train,train_legacy
train_01419,train_01419,train_01419,train,train,train_legacy
train_03972,train_03972,train_03972,train,train,train_legacy
train_03018,train_03018,train_03018,train,train,train_legacy
train_added_val_search_00074,val_search_00074,val_search_00074,val_search,train,train_added
train_03174,train_03174,train_03174,train,train,train_legacy
train_05780,train_05780,train_05780,train,train,train_legacy
train_03941,train_03941,train_03941,train,train,train_legacy
train_01095,train_01095,train_01095,train,train,train_legacy
train_04502,train_04502,train_04502,train,train,train_legacy
train_added_val_confirm_00086,val_confirm_00086,val_confirm_00086,val_confirm,train,train_added
train_00956,train_00956,train_00956,train,train,train_legacy
train_01910,train_01910,train_01910,train,train,train_legacy
train_02379,train_02379,train_02379,train,train,train_legacy
train_00067,train_00067,train_00067,train,train,train_legacy
train_05549,train_05549,train_05549,train,train,train_legacy
train_added_test_00648,test_00648,test_00648,test,train,train_added
train_03265,train_03265,train_03265,train,train,train_legacy
train_02857,train_02857,train_02857,train,train,train_legacy
train_added_test_01115,test_01115,test_01115,test,train,train_added
train_02074,train_02074,train_02074,train,train,train_legacy
train_01290,train_01290,train_01290,train,train,train_legacy
train_00590,train_00590,train_00590,train,train,train_legacy
train_05957,train_05957,train_05957,train,train,train_legacy
train_04295,train_04295,train_04295,train,train,train_legacy
train_03167,train_03167,train_03167,train,train,train_legacy
train_05582,train_05582,train_05582,train,train,train_legacy
train_05609,train_05609,train_05609,train,train,train_legacy
train_05154,train_05154,train_05154,train,train,train_legacy
train_01728,train_01728,train_01728,train,train,train_legacy
train_03974,train_03974,train_03974,train,train,train_legacy
train_05221,train_05221,train_05221,train,train,train_legacy
train_01521,train_01521,train_01521,train,train,train_legacy
train_03977,train_03977,train_03977,train,train,train_legacy
train_01810,train_01810,train_01810,train,train,train_legacy
train_02350,train_02350,train_02350,train,train,train_legacy
train_00217,train_00217,train_00217,train,train,train_legacy
train_00433,train_00433,train_00433,train,train,train_legacy
train_added_val_search_00266,val_search_00266,val_search_00266,val_search,train,train_added
train_02301,train_02301,train_02301,train,train,train_legacy
train_00801,train_00801,train_00801,train,train,train_legacy
train_03482,train_03482,train_03482,train,train,train_legacy
train_04672,train_04672,train_04672,train,train,train_legacy
train_03136,train_03136,train_03136,train,train,train_legacy
train_02189,train_02189,train_02189,train,train,train_legacy
train_05180,train_05180,train_05180,train,train,train_legacy
train_02539,train_02539,train_02539,train,train,train_legacy
train_03986,train_03986,train_03986,train,train,train_legacy
train_05216,train_05216,train_05216,train,train,train_legacy
train_04167,train_04167,train_04167,train,train,train_legacy
train_added_test_01910,test_01910,test_01910,test,train,train_added
train_03360,train_03360,train_03360,train,train,train_legacy
train_04029,train_04029,train_04029,train,train,train_legacy
train_04352,train_04352,train_04352,train,train,train_legacy
train_04019,train_04019,train_04019,train,train,train_legacy
train_03536,train_03536,train_03536,train,train,train_legacy
train_05526,train_05526,train_05526,train,train,train_legacy
train_03004,train_03004,train_03004,train,train,train_legacy
train_04980,train_04980,train_04980,train,train,train_legacy
train_04511,train_04511,train_04511,train,train,train_legacy
train_05536,train_05536,train_05536,train,train,train_legacy
train_05467,train_05467,train_05467,train,train,train_legacy
train_added_test_02188,test_02188,test_02188,test,train,train_added
train_03347,train_03347,train_03347,train,train,train_legacy
train_00819,train_00819,train_00819,train,train,train_legacy
train_05685,train_05685,train_05685,train,train,train_legacy
train_02570,train_02570,train_02570,train,train,train_legacy
train_01490,train_01490,train_01490,train,train,train_legacy
train_added_val_confirm_00370,val_confirm_00370,val_confirm_00370,val_confirm,train,train_added
train_05991,train_05991,train_05991,train,train,train_legacy
train_04202,train_04202,train_04202,train,train,train_legacy
train_03625,train_03625,train_03625,train,train,train_legacy
train_04353,train_04353,train_04353,train,train,train_legacy
train_04902,train_04902,train_04902,train,train,train_legacy
train_00131,train_00131,train_00131,train,train,train_legacy
train_03187,train_03187,train_03187,train,train,train_legacy
train_03606,train_03606,train_03606,train,train,train_legacy
train_00288,train_00288,train_00288,train,train,train_legacy
train_05368,train_05368,train_05368,train,train,train_legacy
train_02176,train_02176,train_02176,train,train,train_legacy
train_05932,train_05932,train_05932,train,train,train_legacy
train_01603,train_01603,train_01603,train,train,train_legacy
train_02389,train_02389,train_02389,train,train,train_legacy
train_02536,train_02536,train_02536,train,train,train_legacy
train_05468,train_05468,train_05468,train,train,train_legacy
train_03098,train_03098,train_03098,train,train,train_legacy
train_05820,train_05820,train_05820,train,train,train_legacy
train_01727,train_01727,train_01727,train,train,train_legacy
train_01888,train_01888,train_01888,train,train,train_legacy
train_00279,train_00279,train_00279,train,train,train_legacy
train_04992,train_04992,train_04992,train,train,train_legacy
train_04583,train_04583,train_04583,train,train,train_legacy
train_04615,train_04615,train_04615,train,train,train_legacy
train_added_test_02408,test_02408,test_02408,test,train,train_added
train_02991,train_02991,train_02991,train,train,train_legacy
train_added_test_01921,test_01921,test_01921,test,train,train_added
train_04240,train_04240,train_04240,train,train,train_legacy
train_05524,train_05524,train_05524,train,train,train_legacy
train_01306,train_01306,train_01306,train,train,train_legacy
train_04053,train_04053,train_04053,train,train,train_legacy
train_added_test_00853,test_00853,test_00853,test,train,train_added
train_04588,train_04588,train_04588,train,train,train_legacy
train_02794,train_02794,train_02794,train,train,train_legacy
train_added_val_confirm_00898,val_confirm_00898,val_confirm_00898,val_confirm,train,train_added
train_04361,train_04361,train_04361,train,train,train_legacy
train_added_test_01208,test_01208,test_01208,test,train,train_added
train_01177,train_01177,train_01177,train,train,train_legacy
train_02413,train_02413,train_02413,train,train,train_legacy
train_03410,train_03410,train_03410,train,train,train_legacy
train_03149,train_03149,train_03149,train,train,train_legacy
train_04382,train_04382,train_04382,train,train,train_legacy
train_04078,train_04078,train_04078,train,train,train_legacy
train_added_test_02411,test_02411,test_02411,test,train,train_added
train_02783,train_02783,train_02783,train,train,train_legacy
train_added_test_01061,test_01061,test_01061,test,train,train_added
train_03966,train_03966,train_03966,train,train,train_legacy
train_03201,train_03201,train_03201,train,train,train_legacy
train_02985,train_02985,train_02985,train,train,train_legacy
train_00835,train_00835,train_00835,train,train,train_legacy
train_00002,train_00002,train_00002,train,train,train_legacy
train_02703,train_02703,train_02703,train,train,train_legacy
train_03922,train_03922,train_03922,train,train,train_legacy
train_04098,train_04098,train_04098,train,train,train_legacy
train_00982,train_00982,train_00982,train,train,train_legacy
train_05541,train_05541,train_05541,train,train,train_legacy
train_03753,train_03753,train_03753,train,train,train_legacy
train_01232,train_01232,train_01232,train,train,train_legacy
train_01336,train_01336,train_01336,train,train,train_legacy
train_03223,train_03223,train_03223,train,train,train_legacy
train_01774,train_01774,train_01774,train,train,train_legacy
train_02662,train_02662,train_02662,train,train,train_legacy
train_03561,train_03561,train_03561,train,train,train_legacy
train_added_val_confirm_00759,val_confirm_00759,val_confirm_00759,val_confirm,train,train_added
train_02147,train_02147,train_02147,train,train,train_legacy
train_05210,train_05210,train_05210,train,train,train_legacy
train_00495,train_00495,train_00495,train,train,train_legacy
train_04044,train_04044,train_04044,train,train,train_legacy
train_05076,train_05076,train_05076,train,train,train_legacy
train_00240,train_00240,train_00240,train,train,train_legacy
train_05253,train_05253,train_05253,train,train,train_legacy
train_04546,train_04546,train_04546,train,train,train_legacy
train_05736,train_05736,train_05736,train,train,train_legacy
train_03728,train_03728,train_03728,train,train,train_legacy
train_01361,train_01361,train_01361,train,train,train_legacy
train_01742,train_01742,train_01742,train,train,train_legacy
train_05502,train_05502,train_05502,train,train,train_legacy
train_00778,train_00778,train_00778,train,train,train_legacy
train_03139,train_03139,train_03139,train,train,train_legacy
train_added_test_01861,test_01861,test_01861,test,train,train_added
train_02314,train_02314,train_02314,train,train,train_legacy
train_00635,train_00635,train_00635,train,train,train_legacy
train_00914,train_00914,train_00914,train,train,train_legacy
train_05742,train_05742,train_05742,train,train,train_legacy
train_05525,train_05525,train_05525,train,train,train_legacy
train_02193,train_02193,train_02193,train,train,train_legacy
train_02973,train_02973,train_02973,train,train,train_legacy
train_03437,train_03437,train_03437,train,train,train_legacy
train_05927,train_05927,train_05927,train,train,train_legacy
train_added_val_confirm_00582,val_confirm_00582,val_confirm_00582,val_confirm,train,train_added
train_01786,train_01786,train_01786,train,train,train_legacy
train_00638,train_00638,train_00638,train,train,train_legacy
train_03955,train_03955,train_03955,train,train,train_legacy
train_02522,train_02522,train_02522,train,train,train_legacy
train_04894,train_04894,train_04894,train,train,train_legacy
train_added_val_confirm_00221,val_confirm_00221,val_confirm_00221,val_confirm,train,train_added
train_00077,train_00077,train_00077,train,train,train_legacy
train_04877,train_04877,train_04877,train,train,train_legacy
train_01434,train_01434,train_01434,train,train,train_legacy
train_01849,train_01849,train_01849,train,train,train_legacy
train_00334,train_00334,train_00334,train,train,train_legacy
train_02563,train_02563,train_02563,train,train,train_legacy
train_04828,train_04828,train_04828,train,train,train_legacy
train_02947,train_02947,train_02947,train,train,train_legacy
train_03414,train_03414,train_03414,train,train,train_legacy
train_02669,train_02669,train_02669,train,train,train_legacy
train_02303,train_02303,train_02303,train,train,train_legacy
train_03521,train_03521,train_03521,train,train,train_legacy
train_added_test_02423,test_02423,test_02423,test,train,train_added
train_03487,train_03487,train_03487,train,train,train_legacy
train_05332,train_05332,train_05332,train,train,train_legacy
train_added_test_00250,test_00250,test_00250,test,train,train_added
train_03886,train_03886,train_03886,train,train,train_legacy
train_01836,train_01836,train_01836,train,train,train_legacy
train_02907,train_02907,train_02907,train,train,train_legacy
train_04897,train_04897,train_04897,train,train,train_legacy
train_03951,train_03951,train_03951,train,train,train_legacy
train_00132,train_00132,train_00132,train,train,train_legacy
train_added_test_01550,test_01550,test_01550,test,train,train_added
train_01584,train_01584,train_01584,train,train,train_legacy
train_04620,train_04620,train_04620,train,train,train_legacy
train_05723,train_05723,train_05723,train,train,train_legacy
train_03878,train_03878,train_03878,train,train,train_legacy
train_03467,train_03467,train_03467,train,train,train_legacy
train_added_val_confirm_00619,val_confirm_00619,val_confirm_00619,val_confirm,train,train_added
train_01380,train_01380,train_01380,train,train,train_legacy
train_02284,train_02284,train_02284,train,train,train_legacy
train_01787,train_01787,train_01787,train,train,train_legacy
train_05684,train_05684,train_05684,train,train,train_legacy
train_01817,train_01817,train_01817,train,train,train_legacy
train_04857,train_04857,train_04857,train,train,train_legacy
train_added_test_00216,test_00216,test_00216,test,train,train_added
train_02700,train_02700,train_02700,train,train,train_legacy
train_01048,train_01048,train_01048,train,train,train_legacy
train_05596,train_05596,train_05596,train,train,train_legacy
train_05799,train_05799,train_05799,train,train,train_legacy
train_01330,train_01330,train_01330,train,train,train_legacy
train_02690,train_02690,train_02690,train,train,train_legacy
train_added_test_01790,test_01790,test_01790,test,train,train_added
train_05158,train_05158,train_05158,train,train,train_legacy
train_00374,train_00374,train_00374,train,train,train_legacy
train_added_test_01736,test_01736,test_01736,test,train,train_added
train_03340,train_03340,train_03340,train,train,train_legacy
train_04425,train_04425,train_04425,train,train,train_legacy
train_04570,train_04570,train_04570,train,train,train_legacy
train_05827,train_05827,train_05827,train,train,train_legacy
train_03566,train_03566,train_03566,train,train,train_legacy
train_05371,train_05371,train_05371,train,train,train_legacy
train_02088,train_02088,train_02088,train,train,train_legacy
train_05713,train_05713,train_05713,train,train,train_legacy
train_01862,train_01862,train_01862,train,train,train_legacy
train_added_test_00647,test_00647,test_00647,test,train,train_added
train_03747,train_03747,train_03747,train,train,train_legacy
train_05383,train_05383,train_05383,train,train,train_legacy
train_04925,train_04925,train_04925,train,train,train_legacy
train_01913,train_01913,train_01913,train,train,train_legacy
train_03064,train_03064,train_03064,train,train,train_legacy
train_05026,train_05026,train_05026,train,train,train_legacy
train_added_test_01776,test_01776,test_01776,test,train,train_added
train_02780,train_02780,train_02780,train,train,train_legacy
train_05071,train_05071,train_05071,train,train,train_legacy
train_03899,train_03899,train_03899,train,train,train_legacy
train_01823,train_01823,train_01823,train,train,train_legacy
train_04896,train_04896,train_04896,train,train,train_legacy
train_00366,train_00366,train_00366,train,train,train_legacy
train_added_val_confirm_00826,val_confirm_00826,val_confirm_00826,val_confirm,train,train_added
train_01146,train_01146,train_01146,train,train,train_legacy
train_02631,train_02631,train_02631,train,train,train_legacy
train_04332,train_04332,train_04332,train,train,train_legacy
train_01309,train_01309,train_01309,train,train,train_legacy
train_04312,train_04312,train_04312,train,train,train_legacy
train_added_test_00232,test_00232,test_00232,test,train,train_added
train_05895,train_05895,train_05895,train,train,train_legacy
train_02840,train_02840,train_02840,train,train,train_legacy
train_added_test_02338,test_02338,test_02338,test,train,train_added
train_added_val_confirm_00669,val_confirm_00669,val_confirm_00669,val_confirm,train,train_added
train_03219,train_03219,train_03219,train,train,train_legacy
train_05765,train_05765,train_05765,train,train,train_legacy
train_04126,train_04126,train_04126,train,train,train_legacy
train_00905,train_00905,train_00905,train,train,train_legacy
train_00115,train_00115,train_00115,train,train,train_legacy
train_05787,train_05787,train_05787,train,train,train_legacy
train_04640,train_04640,train_04640,train,train,train_legacy
train_01384,train_01384,train_01384,train,train,train_legacy
train_03379,train_03379,train_03379,train,train,train_legacy
train_03706,train_03706,train_03706,train,train,train_legacy
train_04820,train_04820,train_04820,train,train,train_legacy
train_04199,train_04199,train_04199,train,train,train_legacy
train_00377,train_00377,train_00377,train,train,train_legacy
train_03502,train_03502,train_03502,train,train,train_legacy
train_00232,train_00232,train_00232,train,train,train_legacy
train_added_test_00513,test_00513,test_00513,test,train,train_added
train_03988,train_03988,train_03988,train,train,train_legacy
train_04930,train_04930,train_04930,train,train,train_legacy
train_02742,train_02742,train_02742,train,train,train_legacy
train_02452,train_02452,train_02452,train,train,train_legacy
train_03903,train_03903,train_03903,train,train,train_legacy
train_01018,train_01018,train_01018,train,train,train_legacy
train_02226,train_02226,train_02226,train,train,train_legacy
train_added_val_confirm_00216,val_confirm_00216,val_confirm_00216,val_confirm,train,train_added
train_04959,train_04959,train_04959,train,train,train_legacy
train_added_test_01575,test_01575,test_01575,test,train,train_added
train_05570,train_05570,train_05570,train,train,train_legacy
train_02062,train_02062,train_02062,train,train,train_legacy
train_04781,train_04781,train_04781,train,train,train_legacy
train_03641,train_03641,train_03641,train,train,train_legacy
train_01388,train_01388,train_01388,train,train,train_legacy
train_04943,train_04943,train_04943,train,train,train_legacy
train_04424,train_04424,train_04424,train,train,train_legacy
train_00199,train_00199,train_00199,train,train,train_legacy
train_00352,train_00352,train_00352,train,train,train_legacy
train_03801,train_03801,train_03801,train,train,train_legacy
train_00034,train_00034,train_00034,train,train,train_legacy
train_04643,train_04643,train_04643,train,train,train_legacy
train_01509,train_01509,train_01509,train,train,train_legacy
train_03496,train_03496,train_03496,train,train,train_legacy
train_added_val_confirm_00174,val_confirm_00174,val_confirm_00174,val_confirm,train,train_added
train_03273,train_03273,train_03273,train,train,train_legacy
train_00704,train_00704,train_00704,train,train,train_legacy
train_00579,train_00579,train_00579,train,train,train_legacy
train_00978,train_00978,train_00978,train,train,train_legacy
train_03836,train_03836,train_03836,train,train,train_legacy
train_02200,train_02200,train_02200,train,train,train_legacy
train_03110,train_03110,train_03110,train,train,train_legacy
train_01051,train_01051,train_01051,train,train,train_legacy
train_03833,train_03833,train_03833,train,train,train_legacy
train_03430,train_03430,train_03430,train,train,train_legacy
train_05236,train_05236,train_05236,train,train,train_legacy
train_added_test_00058,test_00058,test_00058,test,train,train_added
train_00525,train_00525,train_00525,train,train,train_legacy
train_02057,train_02057,train_02057,train,train,train_legacy
train_00378,train_00378,train_00378,train,train,train_legacy
train_00642,train_00642,train_00642,train,train,train_legacy
train_04917,train_04917,train_04917,train,train,train_legacy
train_02146,train_02146,train_02146,train,train,train_legacy
train_03489,train_03489,train_03489,train,train,train_legacy
train_00537,train_00537,train_00537,train,train,train_legacy
train_04196,train_04196,train_04196,train,train,train_legacy
train_00851,train_00851,train_00851,train,train,train_legacy
train_01891,train_01891,train_01891,train,train,train_legacy
train_00304,train_00304,train_00304,train,train,train_legacy
train_03615,train_03615,train_03615,train,train,train_legacy
train_02280,train_02280,train_02280,train,train,train_legacy
train_05815,train_05815,train_05815,train,train,train_legacy
train_02125,train_02125,train_02125,train,train,train_legacy
train_00624,train_00624,train_00624,train,train,train_legacy
train_03969,train_03969,train_03969,train,train,train_legacy
train_05559,train_05559,train_05559,train,train,train_legacy
train_added_test_01518,test_01518,test_01518,test,train,train_added
train_01645,train_01645,train_01645,train,train,train_legacy
train_03595,train_03595,train_03595,train,train,train_legacy
train_02678,train_02678,train_02678,train,train,train_legacy
train_02606,train_02606,train_02606,train,train,train_legacy
train_01164,train_01164,train_01164,train,train,train_legacy
train_05324,train_05324,train_05324,train,train,train_legacy
train_added_val_confirm_00041,val_confirm_00041,val_confirm_00041,val_confirm,train,train_added
train_04958,train_04958,train_04958,train,train,train_legacy
train_01863,train_01863,train_01863,train,train,train_legacy
train_added_test_01265,test_01265,test_01265,test,train,train_added
train_01171,train_01171,train_01171,train,train,train_legacy
train_02358,train_02358,train_02358,train,train,train_legacy
train_added_val_confirm_00029,val_confirm_00029,val_confirm_00029,val_confirm,train,train_added
train_added_val_confirm_00747,val_confirm_00747,val_confirm_00747,val_confirm,train,train_added
train_03316,train_03316,train_03316,train,train,train_legacy
train_02090,train_02090,train_02090,train,train,train_legacy
train_01280,train_01280,train_01280,train,train,train_legacy
train_03166,train_03166,train_03166,train,train,train_legacy
train_04771,train_04771,train_04771,train,train,train_legacy
train_01022,train_01022,train_01022,train,train,train_legacy
train_05020,train_05020,train_05020,train,train,train_legacy
train_03847,train_03847,train_03847,train,train,train_legacy
train_01569,train_01569,train_01569,train,train,train_legacy
train_added_val_search_00393,val_search_00393,val_search_00393,val_search,train,train_added
train_added_test_00416,test_00416,test_00416,test,train,train_added
train_02701,train_02701,train_02701,train,train,train_legacy
train_00364,train_00364,train_00364,train,train,train_legacy
train_01958,train_01958,train_01958,train,train,train_legacy
train_03958,train_03958,train_03958,train,train,train_legacy
train_04062,train_04062,train_04062,train,train,train_legacy
train_05673,train_05673,train_05673,train,train,train_legacy
train_04288,train_04288,train_04288,train,train,train_legacy
train_02235,train_02235,train_02235,train,train,train_legacy
train_03311,train_03311,train_03311,train,train,train_legacy
train_04867,train_04867,train_04867,train,train,train_legacy
train_added_val_confirm_00484,val_confirm_00484,val_confirm_00484,val_confirm,train,train_added
train_added_val_confirm_00833,val_confirm_00833,val_confirm_00833,val_confirm,train,train_added
train_00272,train_00272,train_00272,train,train,train_legacy
train_00030,train_00030,train_00030,train,train,train_legacy
train_01918,train_01918,train_01918,train,train,train_legacy
train_04108,train_04108,train_04108,train,train,train_legacy
train_01169,train_01169,train_01169,train,train,train_legacy
train_02924,train_02924,train_02924,train,train,train_legacy
train_added_test_01808,test_01808,test_01808,test,train,train_added
train_03515,train_03515,train_03515,train,train,train_legacy
train_00221,train_00221,train_00221,train,train,train_legacy
train_01808,train_01808,train_01808,train,train,train_legacy
train_04017,train_04017,train_04017,train,train,train_legacy
train_02976,train_02976,train_02976,train,train,train_legacy
train_05622,train_05622,train_05622,train,train,train_legacy
train_01349,train_01349,train_01349,train,train,train_legacy
train_00546,train_00546,train_00546,train,train,train_legacy
train_04319,train_04319,train_04319,train,train,train_legacy
train_02956,train_02956,train_02956,train,train,train_legacy
train_05155,train_05155,train_05155,train,train,train_legacy
train_01568,train_01568,train_01568,train,train,train_legacy
train_01199,train_01199,train_01199,train,train,train_legacy
train_03276,train_03276,train_03276,train,train,train_legacy
train_00311,train_00311,train_00311,train,train,train_legacy
train_04125,train_04125,train_04125,train,train,train_legacy
train_04944,train_04944,train_04944,train,train,train_legacy
train_04393,train_04393,train_04393,train,train,train_legacy
train_added_test_00360,test_00360,test_00360,test,train,train_added
train_02206,train_02206,train_02206,train,train,train_legacy
train_added_val_search_00186,val_search_00186,val_search_00186,val_search,train,train_added
train_02085,train_02085,train_02085,train,train,train_legacy
train_05201,train_05201,train_05201,train,train,train_legacy
train_01870,train_01870,train_01870,train,train,train_legacy
train_01395,train_01395,train_01395,train,train,train_legacy
train_04929,train_04929,train_04929,train,train,train_legacy
train_05359,train_05359,train_05359,train,train,train_legacy
train_01491,train_01491,train_01491,train,train,train_legacy
train_05400,train_05400,train_05400,train,train,train_legacy
train_01292,train_01292,train_01292,train,train,train_legacy
train_05193,train_05193,train_05193,train,train,train_legacy
train_00767,train_00767,train_00767,train,train,train_legacy
train_added_test_00760,test_00760,test_00760,test,train,train_added
train_01060,train_01060,train_01060,train,train,train_legacy
train_03170,train_03170,train_03170,train,train,train_legacy
train_00341,train_00341,train_00341,train,train,train_legacy
train_02785,train_02785,train_02785,train,train,train_legacy
train_04555,train_04555,train_04555,train,train,train_legacy
train_03266,train_03266,train_03266,train,train,train_legacy
train_03314,train_03314,train_03314,train,train,train_legacy
train_03283,train_03283,train_03283,train,train,train_legacy
train_00962,train_00962,train_00962,train,train,train_legacy
train_02005,train_02005,train_02005,train,train,train_legacy
train_02905,train_02905,train_02905,train,train,train_legacy
train_03066,train_03066,train_03066,train,train,train_legacy
train_00786,train_00786,train_00786,train,train,train_legacy
train_01848,train_01848,train_01848,train,train,train_legacy
train_01785,train_01785,train_01785,train,train,train_legacy
train_added_val_confirm_00143,val_confirm_00143,val_confirm_00143,val_confirm,train,train_added
train_added_val_search_00336,val_search_00336,val_search_00336,val_search,train,train_added
train_00070,train_00070,train_00070,train,train,train_legacy
train_00157,train_00157,train_00157,train,train,train_legacy
train_01465,train_01465,train_01465,train,train,train_legacy
train_added_test_01770,test_01770,test_01770,test,train,train_added
train_02140,train_02140,train_02140,train,train,train_legacy
train_00425,train_00425,train_00425,train,train,train_legacy
train_04324,train_04324,train_04324,train,train,train_legacy
train_05602,train_05602,train_05602,train,train,train_legacy
train_01147,train_01147,train_01147,train,train,train_legacy
train_03957,train_03957,train_03957,train,train,train_legacy
train_03248,train_03248,train_03248,train,train,train_legacy
train_00315,train_00315,train_00315,train,train,train_legacy
train_00732,train_00732,train_00732,train,train,train_legacy
train_01469,train_01469,train_01469,train,train,train_legacy
train_05507,train_05507,train_05507,train,train,train_legacy
train_01053,train_01053,train_01053,train,train,train_legacy
train_00899,train_00899,train_00899,train,train,train_legacy
train_00735,train_00735,train_00735,train,train,train_legacy
train_05918,train_05918,train_05918,train,train,train_legacy
train_added_test_01947,test_01947,test_01947,test,train,train_added
train_04331,train_04331,train_04331,train,train,train_legacy
train_01087,train_01087,train_01087,train,train,train_legacy
train_03385,train_03385,train_03385,train,train,train_legacy
train_02270,train_02270,train_02270,train,train,train_legacy
train_added_test_00491,test_00491,test_00491,test,train,train_added
train_05278,train_05278,train_05278,train,train,train_legacy
train_03978,train_03978,train_03978,train,train,train_legacy
train_02555,train_02555,train_02555,train,train,train_legacy
train_00289,train_00289,train_00289,train,train,train_legacy
train_added_test_01708,test_01708,test_01708,test,train,train_added
train_05527,train_05527,train_05527,train,train,train_legacy
train_04671,train_04671,train_04671,train,train,train_legacy
train_added_test_01967,test_01967,test_01967,test,train,train_added
train_04235,train_04235,train_04235,train,train,train_legacy
train_05806,train_05806,train_05806,train,train,train_legacy
train_04911,train_04911,train_04911,train,train,train_legacy
train_01251,train_01251,train_01251,train,train,train_legacy
train_00636,train_00636,train_00636,train,train,train_legacy
train_05092,train_05092,train_05092,train,train,train_legacy
train_added_val_confirm_00215,val_confirm_00215,val_confirm_00215,val_confirm,train,train_added
train_01668,train_01668,train_01668,train,train,train_legacy
train_01238,train_01238,train_01238,train,train,train_legacy
train_02047,train_02047,train_02047,train,train,train_legacy
train_01381,train_01381,train_01381,train,train,train_legacy
train_05266,train_05266,train_05266,train,train,train_legacy
train_04061,train_04061,train_04061,train,train,train_legacy
train_05960,train_05960,train_05960,train,train,train_legacy
train_04128,train_04128,train_04128,train,train,train_legacy
train_02591,train_02591,train_02591,train,train,train_legacy
train_00500,train_00500,train_00500,train,train,train_legacy
train_01209,train_01209,train_01209,train,train,train_legacy
train_03116,train_03116,train_03116,train,train,train_legacy
train_04664,train_04664,train_04664,train,train,train_legacy
train_added_test_01122,test_01122,test_01122,test,train,train_added
train_02209,train_02209,train_02209,train,train,train_legacy
train_added_val_confirm_00456,val_confirm_00456,val_confirm_00456,val_confirm,train,train_added
train_05445,train_05445,train_05445,train,train,train_legacy
train_03135,train_03135,train_03135,train,train,train_legacy
train_03509,train_03509,train_03509,train,train,train_legacy
train_05438,train_05438,train_05438,train,train,train_legacy
train_02659,train_02659,train_02659,train,train,train_legacy
train_00327,train_00327,train_00327,train,train,train_legacy
train_added_val_confirm_00783,val_confirm_00783,val_confirm_00783,val_confirm,train,train_added
train_00400,train_00400,train_00400,train,train,train_legacy
train_03754,train_03754,train_03754,train,train,train_legacy
train_03569,train_03569,train_03569,train,train,train_legacy
train_03751,train_03751,train_03751,train,train,train_legacy
train_added_test_01840,test_01840,test_01840,test,train,train_added
train_added_test_01046,test_01046,test_01046,test,train,train_added
train_added_test_00728,test_00728,test_00728,test,train,train_added
train_01256,train_01256,train_01256,train,train,train_legacy
train_02359,train_02359,train_02359,train,train,train_legacy
train_03366,train_03366,train_03366,train,train,train_legacy
train_01069,train_01069,train_01069,train,train,train_legacy
train_05532,train_05532,train_05532,train,train,train_legacy
train_05462,train_05462,train_05462,train,train,train_legacy
train_02768,train_02768,train_02768,train,train,train_legacy
train_05567,train_05567,train_05567,train,train,train_legacy
train_added_test_02370,test_02370,test_02370,test,train,train_added
train_03150,train_03150,train_03150,train,train,train_legacy
train_01610,train_01610,train_01610,train,train,train_legacy
train_added_val_confirm_00503,val_confirm_00503,val_confirm_00503,val_confirm,train,train_added
train_03067,train_03067,train_03067,train,train,train_legacy
train_05655,train_05655,train_05655,train,train,train_legacy
train_05639,train_05639,train_05639,train,train,train_legacy
train_added_test_02363,test_02363,test_02363,test,train,train_added
train_01499,train_01499,train_01499,train,train,train_legacy
train_00295,train_00295,train_00295,train,train,train_legacy
train_05979,train_05979,train_05979,train,train,train_legacy
train_04761,train_04761,train_04761,train,train,train_legacy
train_02807,train_02807,train_02807,train,train,train_legacy
train_03454,train_03454,train_03454,train,train,train_legacy
train_04311,train_04311,train_04311,train,train,train_legacy
train_04314,train_04314,train_04314,train,train,train_legacy
train_03062,train_03062,train_03062,train,train,train_legacy
train_added_test_00518,test_00518,test_00518,test,train,train_added
train_added_test_00595,test_00595,test_00595,test,train,train_added
train_00401,train_00401,train_00401,train,train,train_legacy
train_05186,train_05186,train_05186,train,train,train_legacy
train_00751,train_00751,train_00751,train,train,train_legacy
train_added_test_01039,test_01039,test_01039,test,train,train_added
train_01599,train_01599,train_01599,train,train,train_legacy
train_04550,train_04550,train_04550,train,train,train_legacy
train_01674,train_01674,train_01674,train,train,train_legacy
train_01687,train_01687,train_01687,train,train,train_legacy
train_04072,train_04072,train_04072,train,train,train_legacy
train_03195,train_03195,train_03195,train,train,train_legacy
train_added_val_confirm_00612,val_confirm_00612,val_confirm_00612,val_confirm,train,train_added
train_02311,train_02311,train_02311,train,train,train_legacy
train_03275,train_03275,train_03275,train,train,train_legacy
train_added_test_00030,test_00030,test_00030,test,train,train_added
train_01475,train_01475,train_01475,train,train,train_legacy
train_00133,train_00133,train_00133,train,train,train_legacy
train_00656,train_00656,train_00656,train,train,train_legacy
train_01264,train_01264,train_01264,train,train,train_legacy
train_03826,train_03826,train_03826,train,train,train_legacy
train_added_val_confirm_00258,val_confirm_00258,val_confirm_00258,val_confirm,train,train_added
train_04499,train_04499,train_04499,train,train,train_legacy
train_05992,train_05992,train_05992,train,train,train_legacy
train_04982,train_04982,train_04982,train,train,train_legacy
train_01152,train_01152,train_01152,train,train,train_legacy
train_05512,train_05512,train_05512,train,train,train_legacy
train_added_val_search_00232,val_search_00232,val_search_00232,val_search,train,train_added
train_01982,train_01982,train_01982,train,train,train_legacy
train_05821,train_05821,train_05821,train,train,train_legacy
train_02283,train_02283,train_02283,train,train,train_legacy
train_05088,train_05088,train_05088,train,train,train_legacy
train_00910,train_00910,train_00910,train,train,train_legacy
train_00191,train_00191,train_00191,train,train,train_legacy
train_00078,train_00078,train_00078,train,train,train_legacy
train_02422,train_02422,train_02422,train,train,train_legacy
train_05871,train_05871,train_05871,train,train,train_legacy
train_03925,train_03925,train_03925,train,train,train_legacy
train_02402,train_02402,train_02402,train,train,train_legacy
train_added_val_confirm_00793,val_confirm_00793,val_confirm_00793,val_confirm,train,train_added
train_01334,train_01334,train_01334,train,train,train_legacy
train_00594,train_00594,train_00594,train,train,train_legacy
train_02356,train_02356,train_02356,train,train,train_legacy
train_01515,train_01515,train_01515,train,train,train_legacy
train_00082,train_00082,train_00082,train,train,train_legacy
train_01604,train_01604,train_01604,train,train,train_legacy
train_added_val_confirm_00656,val_confirm_00656,val_confirm_00656,val_confirm,train,train_added
train_04162,train_04162,train_04162,train,train,train_legacy
train_00427,train_00427,train_00427,train,train,train_legacy
train_00954,train_00954,train_00954,train,train,train_legacy
train_02339,train_02339,train_02339,train,train,train_legacy
train_05954,train_05954,train_05954,train,train,train_legacy
train_02839,train_02839,train_02839,train,train,train_legacy
train_00776,train_00776,train_00776,train,train,train_legacy
train_02163,train_02163,train_02163,train,train,train_legacy
train_02754,train_02754,train_02754,train,train,train_legacy
train_01130,train_01130,train_01130,train,train,train_legacy
train_04455,train_04455,train_04455,train,train,train_legacy
train_01736,train_01736,train_01736,train,train,train_legacy
train_02921,train_02921,train_02921,train,train,train_legacy
train_03238,train_03238,train_03238,train,train,train_legacy
train_00160,train_00160,train_00160,train,train,train_legacy
train_01968,train_01968,train_01968,train,train,train_legacy
train_01470,train_01470,train_01470,train,train,train_legacy
train_added_val_search_00305,val_search_00305,val_search_00305,val_search,train,train_added
train_added_test_01985,test_01985,test_01985,test,train,train_added
train_05779,train_05779,train_05779,train,train,train_legacy
train_03244,train_03244,train_03244,train,train,train_legacy
train_04458,train_04458,train_04458,train,train,train_legacy
train_05349,train_05349,train_05349,train,train,train_legacy
train_00960,train_00960,train_00960,train,train,train_legacy
train_00984,train_00984,train_00984,train,train,train_legacy
train_03786,train_03786,train_03786,train,train,train_legacy
train_00256,train_00256,train_00256,train,train,train_legacy
train_05750,train_05750,train_05750,train,train,train_legacy
train_04316,train_04316,train_04316,train,train,train_legacy
train_03106,train_03106,train_03106,train,train,train_legacy
train_added_val_confirm_00716,val_confirm_00716,val_confirm_00716,val_confirm,train,train_added
train_05365,train_05365,train_05365,train,train,train_legacy
train_03745,train_03745,train_03745,train,train,train_legacy
train_04732,train_04732,train_04732,train,train,train_legacy
train_05599,train_05599,train_05599,train,train,train_legacy
train_00915,train_00915,train_00915,train,train,train_legacy
train_05658,train_05658,train_05658,train,train,train_legacy
train_01644,train_01644,train_01644,train,train,train_legacy
train_03126,train_03126,train_03126,train,train,train_legacy
train_00154,train_00154,train_00154,train,train,train_legacy
train_added_val_confirm_00723,val_confirm_00723,val_confirm_00723,val_confirm,train,train_added
train_00333,train_00333,train_00333,train,train,train_legacy
train_added_test_00010,test_00010,test_00010,test,train,train_added
train_02091,train_02091,train_02091,train,train,train_legacy
train_03225,train_03225,train_03225,train,train,train_legacy
train_05001,train_05001,train_05001,train,train,train_legacy
train_04856,train_04856,train_04856,train,train,train_legacy
train_01754,train_01754,train_01754,train,train,train_legacy
train_05256,train_05256,train_05256,train,train,train_legacy
train_02714,train_02714,train_02714,train,train,train_legacy
train_03780,train_03780,train_03780,train,train,train_legacy
train_00460,train_00460,train_00460,train,train,train_legacy
train_00965,train_00965,train_00965,train,train,train_legacy
train_added_test_00830,test_00830,test_00830,test,train,train_added
train_02593,train_02593,train_02593,train,train,train_legacy
train_added_val_search_00181,val_search_00181,val_search_00181,val_search,train,train_added
train_03546,train_03546,train_03546,train,train,train_legacy
train_01905,train_01905,train_01905,train,train,train_legacy
train_03182,train_03182,train_03182,train,train,train_legacy
train_03849,train_03849,train_03849,train,train,train_legacy
train_05298,train_05298,train_05298,train,train,train_legacy
train_05381,train_05381,train_05381,train,train,train_legacy
train_01253,train_01253,train_01253,train,train,train_legacy
train_added_test_01141,test_01141,test_01141,test,train,train_added
train_02683,train_02683,train_02683,train,train,train_legacy
train_added_test_01918,test_01918,test_01918,test,train,train_added
train_03042,train_03042,train_03042,train,train,train_legacy
train_added_val_search_00299,val_search_00299,val_search_00299,val_search,train,train_added
train_03095,train_03095,train_03095,train,train,train_legacy
train_01473,train_01473,train_01473,train,train,train_legacy
train_05133,train_05133,train_05133,train,train,train_legacy
train_03796,train_03796,train_03796,train,train,train_legacy
train_added_test_01530,test_01530,test_01530,test,train,train_added
train_03092,train_03092,train_03092,train,train,train_legacy
train_added_test_02273,test_02273,test_02273,test,train,train_added
train_02546,train_02546,train_02546,train,train,train_legacy
train_04941,train_04941,train_04941,train,train,train_legacy
train_01319,train_01319,train_01319,train,train,train_legacy
train_04338,train_04338,train_04338,train,train,train_legacy
train_added_test_01238,test_01238,test_01238,test,train,train_added
train_04443,train_04443,train_04443,train,train,train_legacy
train_05669,train_05669,train_05669,train,train,train_legacy
train_03498,train_03498,train_03498,train,train,train_legacy
train_03263,train_03263,train_03263,train,train,train_legacy
train_02883,train_02883,train_02883,train,train,train_legacy
train_00741,train_00741,train_00741,train,train,train_legacy
train_02300,train_02300,train_02300,train,train,train_legacy
train_03049,train_03049,train_03049,train,train,train_legacy
train_01589,train_01589,train_01589,train,train,train_legacy
train_04408,train_04408,train_04408,train,train,train_legacy
train_05511,train_05511,train_05511,train,train,train_legacy
train_00152,train_00152,train_00152,train,train,train_legacy
train_01701,train_01701,train_01701,train,train,train_legacy
train_02817,train_02817,train_02817,train,train,train_legacy
train_01474,train_01474,train_01474,train,train,train_legacy
train_01081,train_01081,train_01081,train,train,train_legacy
train_04924,train_04924,train_04924,train,train,train_legacy
train_01124,train_01124,train_01124,train,train,train_legacy
train_03787,train_03787,train_03787,train,train,train_legacy
train_03874,train_03874,train_03874,train,train,train_legacy
train_03113,train_03113,train_03113,train,train,train_legacy
train_00998,train_00998,train_00998,train,train,train_legacy
train_added_test_00557,test_00557,test_00557,test,train,train_added
train_04503,train_04503,train_04503,train,train,train_legacy
train_added_test_00984,test_00984,test_00984,test,train,train_added
train_00540,train_00540,train_00540,train,train,train_legacy
train_05491,train_05491,train_05491,train,train,train_legacy
train_02596,train_02596,train_02596,train,train,train_legacy
train_04334,train_04334,train_04334,train,train,train_legacy
train_01768,train_01768,train_01768,train,train,train_legacy
train_00606,train_00606,train_00606,train,train,train_legacy
train_03229,train_03229,train_03229,train,train,train_legacy
train_05029,train_05029,train_05029,train,train,train_legacy
train_03699,train_03699,train_03699,train,train,train_legacy
train_02485,train_02485,train_02485,train,train,train_legacy
train_05296,train_05296,train_05296,train,train,train_legacy
train_added_val_search_00310,val_search_00310,val_search_00310,val_search,train,train_added
train_05717,train_05717,train_05717,train,train,train_legacy
train_05696,train_05696,train_05696,train,train,train_legacy
train_01620,train_01620,train_01620,train,train,train_legacy
train_01272,train_01272,train_01272,train,train,train_legacy
train_04955,train_04955,train_04955,train,train,train_legacy
train_00481,train_00481,train_00481,train,train,train_legacy
train_01715,train_01715,train_01715,train,train,train_legacy
train_01595,train_01595,train_01595,train,train,train_legacy
train_added_val_search_00138,val_search_00138,val_search_00138,val_search,train,train_added
train_added_val_confirm_00082,val_confirm_00082,val_confirm_00082,val_confirm,train,train_added
train_00210,train_00210,train_00210,train,train,train_legacy
train_03449,train_03449,train_03449,train,train,train_legacy
train_03019,train_03019,train_03019,train,train,train_legacy
train_added_val_confirm_01086,val_confirm_01086,val_confirm_01086,val_confirm,train,train_added
train_added_val_confirm_00161,val_confirm_00161,val_confirm_00161,val_confirm,train,train_added
train_02464,train_02464,train_02464,train,train,train_legacy
train_03568,train_03568,train_03568,train,train,train_legacy
train_00632,train_00632,train_00632,train,train,train_legacy
train_03329,train_03329,train_03329,train,train,train_legacy
train_01085,train_01085,train_01085,train,train,train_legacy
train_05160,train_05160,train_05160,train,train,train_legacy
train_00192,train_00192,train_00192,train,train,train_legacy
train_added_test_00474,test_00474,test_00474,test,train,train_added
train_01351,train_01351,train_01351,train,train,train_legacy
train_02717,train_02717,train_02717,train,train,train_legacy
train_03529,train_03529,train_03529,train,train,train_legacy
train_01464,train_01464,train_01464,train,train,train_legacy
train_00693,train_00693,train_00693,train,train,train_legacy
train_01212,train_01212,train_01212,train,train,train_legacy
train_04188,train_04188,train_04188,train,train,train_legacy
train_added_test_01210,test_01210,test_01210,test,train,train_added
train_04751,train_04751,train_04751,train,train,train_legacy
train_03848,train_03848,train_03848,train,train,train_legacy
train_05426,train_05426,train_05426,train,train,train_legacy
train_05043,train_05043,train_05043,train,train,train_legacy
train_02412,train_02412,train_02412,train,train,train_legacy
train_02233,train_02233,train_02233,train,train,train_legacy
train_01722,train_01722,train_01722,train,train,train_legacy
train_05345,train_05345,train_05345,train,train,train_legacy
train_04189,train_04189,train_04189,train,train,train_legacy
train_03722,train_03722,train_03722,train,train,train_legacy
train_02160,train_02160,train_02160,train,train,train_legacy
train_03534,train_03534,train_03534,train,train,train_legacy
train_03392,train_03392,train_03392,train,train,train_legacy
train_03854,train_03854,train_03854,train,train,train_legacy
train_00213,train_00213,train_00213,train,train,train_legacy
train_04089,train_04089,train_04089,train,train,train_legacy
train_01702,train_01702,train_01702,train,train,train_legacy
train_added_val_confirm_00481,val_confirm_00481,val_confirm_00481,val_confirm,train,train_added
train_00711,train_00711,train_00711,train,train,train_legacy
train_added_val_confirm_00284,val_confirm_00284,val_confirm_00284,val_confirm,train,train_added
train_02492,train_02492,train_02492,train,train,train_legacy
train_05604,train_05604,train_05604,train,train,train_legacy
train_02612,train_02612,train_02612,train,train,train_legacy
train_03202,train_03202,train_03202,train,train,train_legacy
train_03834,train_03834,train_03834,train,train,train_legacy
train_02580,train_02580,train_02580,train,train,train_legacy
train_added_val_confirm_00648,val_confirm_00648,val_confirm_00648,val_confirm,train,train_added
train_03134,train_03134,train_03134,train,train,train_legacy
train_02789,train_02789,train_02789,train,train,train_legacy
train_added_val_confirm_00201,val_confirm_00201,val_confirm_00201,val_confirm,train,train_added
train_00109,train_00109,train_00109,train,train,train_legacy
train_01772,train_01772,train_01772,train,train,train_legacy
train_03647,train_03647,train_03647,train,train,train_legacy
train_added_test_01919,test_01919,test_01919,test,train,train_added
train_00391,train_00391,train_00391,train,train,train_legacy
train_00423,train_00423,train_00423,train,train,train_legacy
train_00356,train_00356,train_00356,train,train,train_legacy
train_04136,train_04136,train_04136,train,train,train_legacy
train_05866,train_05866,train_05866,train,train,train_legacy
train_03212,train_03212,train_03212,train,train,train_legacy
train_added_test_00453,test_00453,test_00453,test,train,train_added
train_added_test_01097,test_01097,test_01097,test,train,train_added
train_03320,train_03320,train_03320,train,train,train_legacy
train_00560,train_00560,train_00560,train,train,train_legacy
train_00226,train_00226,train_00226,train,train,train_legacy
train_01122,train_01122,train_01122,train,train,train_legacy
train_02248,train_02248,train_02248,train,train,train_legacy
train_05983,train_05983,train_05983,train,train,train_legacy
train_04695,train_04695,train_04695,train,train,train_legacy
train_04144,train_04144,train_04144,train,train,train_legacy
train_added_val_confirm_00666,val_confirm_00666,val_confirm_00666,val_confirm,train,train_added
train_00237,train_00237,train_00237,train,train,train_legacy
train_01341,train_01341,train_01341,train,train,train_legacy
train_04558,train_04558,train_04558,train,train,train_legacy
train_added_val_confirm_00604,val_confirm_00604,val_confirm_00604,val_confirm,train,train_added
train_added_test_02055,test_02055,test_02055,test,train,train_added
train_02928,train_02928,train_02928,train,train,train_legacy
train_04453,train_04453,train_04453,train,train,train_legacy
train_01074,train_01074,train_01074,train,train,train_legacy
train_00548,train_00548,train_00548,train,train,train_legacy
train_01869,train_01869,train_01869,train,train,train_legacy
train_05974,train_05974,train_05974,train,train,train_legacy
train_05414,train_05414,train_05414,train,train,train_legacy
train_00748,train_00748,train_00748,train,train,train_legacy
train_00700,train_00700,train_00700,train,train,train_legacy
train_added_test_02074,test_02074,test_02074,test,train,train_added
train_00151,train_00151,train_00151,train,train,train_legacy
train_00286,train_00286,train_00286,train,train,train_legacy
train_00486,train_00486,train_00486,train,train,train_legacy
train_05701,train_05701,train_05701,train,train,train_legacy
train_03364,train_03364,train_03364,train,train,train_legacy
train_01854,train_01854,train_01854,train,train,train_legacy
train_03043,train_03043,train_03043,train,train,train_legacy
train_03720,train_03720,train_03720,train,train,train_legacy
train_00578,train_00578,train_00578,train,train,train_legacy
train_05617,train_05617,train_05617,train,train,train_legacy
train_02454,train_02454,train_02454,train,train,train_legacy
train_02986,train_02986,train_02986,train,train,train_legacy
train_04500,train_04500,train_04500,train,train,train_legacy
train_00386,train_00386,train_00386,train,train,train_legacy
train_05282,train_05282,train_05282,train,train,train_legacy
train_05150,train_05150,train_05150,train,train,train_legacy
train_05759,train_05759,train_05759,train,train,train_legacy
train_02649,train_02649,train_02649,train,train,train_legacy
train_00461,train_00461,train_00461,train,train,train_legacy
train_added_val_confirm_00516,val_confirm_00516,val_confirm_00516,val_confirm,train,train_added
train_02758,train_02758,train_02758,train,train,train_legacy
train_03557,train_03557,train_03557,train,train,train_legacy
train_added_val_confirm_00290,val_confirm_00290,val_confirm_00290,val_confirm,train,train_added
train_02110,train_02110,train_02110,train,train,train_legacy
train_added_test_01388,test_01388,test_01388,test,train,train_added
train_02832,train_02832,train_02832,train,train,train_legacy
train_added_val_confirm_00685,val_confirm_00685,val_confirm_00685,val_confirm,train,train_added
train_04444,train_04444,train_04444,train,train,train_legacy
train_04782,train_04782,train_04782,train,train,train_legacy
train_02082,train_02082,train_02082,train,train,train_legacy
train_04430,train_04430,train_04430,train,train,train_legacy
train_03612,train_03612,train_03612,train,train,train_legacy
train_05472,train_05472,train_05472,train,train,train_legacy
train_01023,train_01023,train_01023,train,train,train_legacy
train_05473,train_05473,train_05473,train,train,train_legacy
train_01587,train_01587,train_01587,train,train,train_legacy
train_03037,train_03037,train_03037,train,train,train_legacy
train_04454,train_04454,train_04454,train,train,train_legacy
train_04514,train_04514,train_04514,train,train,train_legacy
train_03883,train_03883,train_03883,train,train,train_legacy
train_02636,train_02636,train_02636,train,train,train_legacy
train_03761,train_03761,train_03761,train,train,train_legacy
train_added_val_confirm_00592,val_confirm_00592,val_confirm_00592,val_confirm,train,train_added
train_03206,train_03206,train_03206,train,train,train_legacy
train_04325,train_04325,train_04325,train,train,train_legacy
train_04509,train_04509,train_04509,train,train,train_legacy
train_02675,train_02675,train_02675,train,train,train_legacy
train_01665,train_01665,train_01665,train,train,train_legacy
train_03784,train_03784,train_03784,train,train,train_legacy
train_01677,train_01677,train_01677,train,train,train_legacy
train_02806,train_02806,train_02806,train,train,train_legacy
train_01461,train_01461,train_01461,train,train,train_legacy
train_03857,train_03857,train_03857,train,train,train_legacy
train_02316,train_02316,train_02316,train,train,train_legacy
train_02503,train_02503,train_02503,train,train,train_legacy
train_03758,train_03758,train_03758,train,train,train_legacy
train_added_val_search_00162,val_search_00162,val_search_00162,val_search,train,train_added
train_added_test_00954,test_00954,test_00954,test,train,train_added
train_04283,train_04283,train_04283,train,train,train_legacy
train_01201,train_01201,train_01201,train,train,train_legacy
train_05344,train_05344,train_05344,train,train,train_legacy
train_04423,train_04423,train_04423,train,train,train_legacy
train_01643,train_01643,train_01643,train,train,train_legacy
train_05096,train_05096,train_05096,train,train,train_legacy
train_02541,train_02541,train_02541,train,train,train_legacy
train_00437,train_00437,train_00437,train,train,train_legacy
train_05234,train_05234,train_05234,train,train,train_legacy
train_04920,train_04920,train_04920,train,train,train_legacy
train_04794,train_04794,train_04794,train,train,train_legacy
train_01025,train_01025,train_01025,train,train,train_legacy
train_02369,train_02369,train_02369,train,train,train_legacy
train_00996,train_00996,train_00996,train,train,train_legacy
train_04355,train_04355,train_04355,train,train,train_legacy
train_00282,train_00282,train_00282,train,train,train_legacy
train_00640,train_00640,train_00640,train,train,train_legacy
train_03332,train_03332,train_03332,train,train,train_legacy
train_00659,train_00659,train_00659,train,train,train_legacy
train_05734,train_05734,train_05734,train,train,train_legacy
train_05249,train_05249,train_05249,train,train,train_legacy
train_03156,train_03156,train_03156,train,train,train_legacy
train_03930,train_03930,train_03930,train,train,train_legacy
train_02229,train_02229,train_02229,train,train,train_legacy
train_00353,train_00353,train_00353,train,train,train_legacy
train_02443,train_02443,train_02443,train,train,train_legacy
train_03071,train_03071,train_03071,train,train,train_legacy
train_04862,train_04862,train_04862,train,train,train_legacy
train_04416,train_04416,train_04416,train,train,train_legacy
train_05783,train_05783,train_05783,train,train,train_legacy
train_05533,train_05533,train_05533,train,train,train_legacy
train_added_val_confirm_00219,val_confirm_00219,val_confirm_00219,val_confirm,train,train_added
train_05259,train_05259,train_05259,train,train,train_legacy
train_00399,train_00399,train_00399,train,train,train_legacy
train_added_test_00180,test_00180,test_00180,test,train,train_added
train_05276,train_05276,train_05276,train,train,train_legacy
train_04566,train_04566,train_04566,train,train,train_legacy
train_00924,train_00924,train_00924,train,train,train_legacy
train_02707,train_02707,train_02707,train,train,train_legacy
train_05558,train_05558,train_05558,train,train,train_legacy
train_added_val_confirm_00552,val_confirm_00552,val_confirm_00552,val_confirm,train,train_added
train_01814,train_01814,train_01814,train,train,train_legacy
train_00347,train_00347,train_00347,train,train,train_legacy
train_03619,train_03619,train_03619,train,train,train_legacy
train_03805,train_03805,train_03805,train,train,train_legacy
train_02871,train_02871,train_02871,train,train,train_legacy
train_02520,train_02520,train_02520,train,train,train_legacy
train_01263,train_01263,train_01263,train,train,train_legacy
train_added_test_01477,test_01477,test_01477,test,train,train_added
train_02370,train_02370,train_02370,train,train,train_legacy
train_03665,train_03665,train_03665,train,train,train_legacy
train_03724,train_03724,train_03724,train,train,train_legacy
train_05152,train_05152,train_05152,train,train,train_legacy
train_04835,train_04835,train_04835,train,train,train_legacy
train_02697,train_02697,train_02697,train,train,train_legacy
train_04759,train_04759,train_04759,train,train,train_legacy
train_added_test_02153,test_02153,test_02153,test,train,train_added
train_04839,train_04839,train_04839,train,train,train_legacy
train_03779,train_03779,train_03779,train,train,train_legacy
train_added_val_confirm_00153,val_confirm_00153,val_confirm_00153,val_confirm,train,train_added
train_05225,train_05225,train_05225,train,train,train_legacy
train_03384,train_03384,train_03384,train,train,train_legacy
train_04559,train_04559,train_04559,train,train,train_legacy
train_04372,train_04372,train_04372,train,train,train_legacy
train_01371,train_01371,train_01371,train,train,train_legacy
train_02020,train_02020,train_02020,train,train,train_legacy
train_01949,train_01949,train_01949,train,train,train_legacy
train_00781,train_00781,train_00781,train,train,train_legacy
train_03564,train_03564,train_03564,train,train,train_legacy
train_05812,train_05812,train_05812,train,train,train_legacy
train_02276,train_02276,train_02276,train,train,train_legacy
train_05972,train_05972,train_05972,train,train,train_legacy
train_03781,train_03781,train_03781,train,train,train_legacy
train_03321,train_03321,train_03321,train,train,train_legacy
train_04552,train_04552,train_04552,train,train,train_legacy
train_added_val_search_00260,val_search_00260,val_search_00260,val_search,train,train_added
train_04749,train_04749,train_04749,train,train,train_legacy
train_01034,train_01034,train_01034,train,train,train_legacy
train_01093,train_01093,train_01093,train,train,train_legacy
train_03355,train_03355,train_03355,train,train,train_legacy
train_00362,train_00362,train_00362,train,train,train_legacy
train_04395,train_04395,train_04395,train,train,train_legacy
train_02260,train_02260,train_02260,train,train,train_legacy
train_01928,train_01928,train_01928,train,train,train_legacy
train_added_test_01902,test_01902,test_01902,test,train,train_added
train_05530,train_05530,train_05530,train,train,train_legacy
train_01833,train_01833,train_01833,train,train,train_legacy
train_05555,train_05555,train_05555,train,train,train_legacy
train_added_val_confirm_00757,val_confirm_00757,val_confirm_00757,val_confirm,train,train_added
train_03165,train_03165,train_03165,train,train,train_legacy
train_01623,train_01623,train_01623,train,train,train_legacy
train_02089,train_02089,train_02089,train,train,train_legacy
train_added_val_confirm_00707,val_confirm_00707,val_confirm_00707,val_confirm,train,train_added
train_01730,train_01730,train_01730,train,train,train_legacy
train_04634,train_04634,train_04634,train,train,train_legacy
train_05623,train_05623,train_05623,train,train,train_legacy
train_00840,train_00840,train_00840,train,train,train_legacy
train_02133,train_02133,train_02133,train,train,train_legacy
train_01433,train_01433,train_01433,train,train,train_legacy
train_03469,train_03469,train_03469,train,train,train_legacy
train_04644,train_04644,train_04644,train,train,train_legacy
train_04532,train_04532,train_04532,train,train,train_legacy
train_01944,train_01944,train_01944,train,train,train_legacy
train_added_test_01266,test_01266,test_01266,test,train,train_added
train_05222,train_05222,train_05222,train,train,train_legacy
train_00114,train_00114,train_00114,train,train,train_legacy
train_00120,train_00120,train_00120,train,train,train_legacy
train_03585,train_03585,train_03585,train,train,train_legacy
train_added_val_confirm_00654,val_confirm_00654,val_confirm_00654,val_confirm,train,train_added
train_03197,train_03197,train_03197,train,train,train_legacy
train_02869,train_02869,train_02869,train,train,train_legacy
train_01067,train_01067,train_01067,train,train,train_legacy
train_04563,train_04563,train_04563,train,train,train_legacy
train_00779,train_00779,train_00779,train,train,train_legacy
train_02929,train_02929,train_02929,train,train,train_legacy
train_00867,train_00867,train_00867,train,train,train_legacy
train_00961,train_00961,train_00961,train,train,train_legacy
train_01856,train_01856,train_01856,train,train,train_legacy
train_04996,train_04996,train_04996,train,train,train_legacy
train_01254,train_01254,train_01254,train,train,train_legacy
train_added_val_confirm_01008,val_confirm_01008,val_confirm_01008,val_confirm,train,train_added
train_02632,train_02632,train_02632,train,train,train_legacy
train_01758,train_01758,train_01758,train,train,train_legacy
train_05755,train_05755,train_05755,train,train,train_legacy
train_02739,train_02739,train_02739,train,train,train_legacy
train_03072,train_03072,train_03072,train,train,train_legacy
train_02071,train_02071,train_02071,train,train,train_legacy
train_00196,train_00196,train_00196,train,train,train_legacy
train_added_test_02137,test_02137,test_02137,test,train,train_added
train_01646,train_01646,train_01646,train,train,train_legacy
train_added_val_confirm_00407,val_confirm_00407,val_confirm_00407,val_confirm,train,train_added
train_04734,train_04734,train_04734,train,train,train_legacy
train_05790,train_05790,train_05790,train,train,train_legacy
train_02183,train_02183,train_02183,train,train,train_legacy
train_01878,train_01878,train_01878,train,train,train_legacy
train_00320,train_00320,train_00320,train,train,train_legacy
train_02246,train_02246,train_02246,train,train,train_legacy
train_05035,train_05035,train_05035,train,train,train_legacy
train_04308,train_04308,train_04308,train,train,train_legacy
train_03426,train_03426,train_03426,train,train,train_legacy
train_added_test_01523,test_01523,test_01523,test,train,train_added
train_02003,train_02003,train_02003,train,train,train_legacy
train_00989,train_00989,train_00989,train,train,train_legacy
train_03097,train_03097,train_03097,train,train,train_legacy
train_added_val_search_00207,val_search_00207,val_search_00207,val_search,train,train_added
train_00908,train_00908,train_00908,train,train,train_legacy
train_02453,train_02453,train_02453,train,train,train_legacy
train_added_test_02096,test_02096,test_02096,test,train,train_added
train_added_val_confirm_00063,val_confirm_00063,val_confirm_00063,val_confirm,train,train_added
train_03057,train_03057,train_03057,train,train,train_legacy
train_added_test_00683,test_00683,test_00683,test,train,train_added
train_02487,train_02487,train_02487,train,train,train_legacy
train_02034,train_02034,train_02034,train,train,train_legacy
train_01523,train_01523,train_01523,train,train,train_legacy
train_added_test_02372,test_02372,test_02372,test,train,train_added
train_05781,train_05781,train_05781,train,train,train_legacy
train_added_val_confirm_00156,val_confirm_00156,val_confirm_00156,val_confirm,train,train_added
train_00964,train_00964,train_00964,train,train,train_legacy
train_04712,train_04712,train_04712,train,train,train_legacy
train_02968,train_02968,train_02968,train,train,train_legacy
train_01033,train_01033,train_01033,train,train,train_legacy
train_02952,train_02952,train_02952,train,train,train_legacy
train_01663,train_01663,train_01663,train,train,train_legacy
train_added_val_confirm_00567,val_confirm_00567,val_confirm_00567,val_confirm,train,train_added
train_00416,train_00416,train_00416,train,train,train_legacy
train_02013,train_02013,train_02013,train,train,train_legacy
train_03434,train_03434,train_03434,train,train,train_legacy
train_03583,train_03583,train_03583,train,train,train_legacy
train_added_test_01258,test_01258,test_01258,test,train,train_added
train_added_test_01997,test_01997,test_01997,test,train,train_added
train_03428,train_03428,train_03428,train,train,train_legacy
train_added_test_01976,test_01976,test_01976,test,train,train_added
train_03840,train_03840,train_03840,train,train,train_legacy
train_03267,train_03267,train_03267,train,train,train_legacy
train_01943,train_01943,train_01943,train,train,train_legacy
train_01538,train_01538,train_01538,train,train,train_legacy
train_04871,train_04871,train_04871,train,train,train_legacy
train_00247,train_00247,train_00247,train,train,train_legacy
train_00873,train_00873,train_00873,train,train,train_legacy
train_added_test_00493,test_00493,test_00493,test,train,train_added
train_05179,train_05179,train_05179,train,train,train_legacy
train_05966,train_05966,train_05966,train,train,train_legacy
train_01596,train_01596,train_01596,train,train,train_legacy
train_00551,train_00551,train_00551,train,train,train_legacy
train_05343,train_05343,train_05343,train,train,train_legacy
train_03365,train_03365,train_03365,train,train,train_legacy
train_05125,train_05125,train_05125,train,train,train_legacy
train_00568,train_00568,train_00568,train,train,train_legacy
train_03290,train_03290,train_03290,train,train,train_legacy
train_02211,train_02211,train_02211,train,train,train_legacy
train_05309,train_05309,train_05309,train,train,train_legacy
train_02715,train_02715,train_02715,train,train,train_legacy
train_05626,train_05626,train_05626,train,train,train_legacy
train_00906,train_00906,train_00906,train,train,train_legacy
train_05111,train_05111,train_05111,train,train,train_legacy
train_added_val_search_00184,val_search_00184,val_search_00184,val_search,train,train_added
train_04983,train_04983,train_04983,train,train,train_legacy
train_01138,train_01138,train_01138,train,train,train_legacy
train_added_test_02409,test_02409,test_02409,test,train,train_added
train_01986,train_01986,train_01986,train,train,train_legacy
train_00308,train_00308,train_00308,train,train,train_legacy
train_00622,train_00622,train_00622,train,train,train_legacy
train_added_test_01679,test_01679,test_01679,test,train,train_added
train_00764,train_00764,train_00764,train,train,train_legacy
train_05375,train_05375,train_05375,train,train,train_legacy
train_01133,train_01133,train_01133,train,train,train_legacy
train_02126,train_02126,train_02126,train,train,train_legacy
train_01189,train_01189,train_01189,train,train,train_legacy
train_added_test_00951,test_00951,test_00951,test,train,train_added
train_added_test_01324,test_01324,test_01324,test,train,train_added
train_01601,train_01601,train_01601,train,train,train_legacy
train_04373,train_04373,train_04373,train,train,train_legacy
train_05346,train_05346,train_05346,train,train,train_legacy
train_05090,train_05090,train_05090,train,train,train_legacy
train_00909,train_00909,train_00909,train,train,train_legacy
train_04776,train_04776,train_04776,train,train,train_legacy
train_04580,train_04580,train_04580,train,train,train_legacy
train_05789,train_05789,train_05789,train,train,train_legacy
train_00921,train_00921,train_00921,train,train,train_legacy
train_01840,train_01840,train_01840,train,train,train_legacy
train_04067,train_04067,train_04067,train,train,train_legacy
train_01923,train_01923,train_01923,train,train,train_legacy
train_01411,train_01411,train_01411,train,train,train_legacy
train_04979,train_04979,train_04979,train,train,train_legacy
train_04901,train_04901,train_04901,train,train,train_legacy
train_04322,train_04322,train_04322,train,train,train_legacy
train_added_test_00762,test_00762,test_00762,test,train,train_added
train_02335,train_02335,train_02335,train,train,train_legacy
train_04239,train_04239,train_04239,train,train,train_legacy
train_01353,train_01353,train_01353,train,train,train_legacy
train_05846,train_05846,train_05846,train,train,train_legacy
train_added_test_00797,test_00797,test_00797,test,train,train_added
train_00593,train_00593,train_00593,train,train,train_legacy
train_05885,train_05885,train_05885,train,train,train_legacy
train_01236,train_01236,train_01236,train,train,train_legacy
train_01266,train_01266,train_01266,train,train,train_legacy
train_00180,train_00180,train_00180,train,train,train_legacy
train_03226,train_03226,train_03226,train,train,train_legacy
train_02574,train_02574,train_02574,train,train,train_legacy
train_04354,train_04354,train_04354,train,train,train_legacy
train_01640,train_01640,train_01640,train,train,train_legacy
train_05923,train_05923,train_05923,train,train,train_legacy
train_03218,train_03218,train_03218,train,train,train_legacy
train_01642,train_01642,train_01642,train,train,train_legacy
train_added_val_search_00323,val_search_00323,val_search_00323,val_search,train,train_added
train_00605,train_00605,train_00605,train,train,train_legacy
train_05810,train_05810,train_05810,train,train,train_legacy
train_00009,train_00009,train_00009,train,train,train_legacy
train_02912,train_02912,train_02912,train,train,train_legacy
train_03199,train_03199,train_03199,train,train,train_legacy
train_added_test_00000,test_00000,test_00000,test,train,train_added
train_02499,train_02499,train_02499,train,train,train_legacy
train_04016,train_04016,train_04016,train,train,train_legacy
train_02835,train_02835,train_02835,train,train,train_legacy
train_04346,train_04346,train_04346,train,train,train_legacy
train_00007,train_00007,train_00007,train,train,train_legacy
train_01400,train_01400,train_01400,train,train,train_legacy
train_00986,train_00986,train_00986,train,train,train_legacy
train_04569,train_04569,train_04569,train,train,train_legacy
train_04916,train_04916,train_04916,train,train,train_legacy
train_added_test_01624,test_01624,test_01624,test,train,train_added
train_03424,train_03424,train_03424,train,train,train_legacy
train_03154,train_03154,train_03154,train,train,train_legacy
train_01755,train_01755,train_01755,train,train,train_legacy
train_02368,train_02368,train_02368,train,train,train_legacy
train_05490,train_05490,train_05490,train,train,train_legacy
train_04367,train_04367,train_04367,train,train,train_legacy
train_01557,train_01557,train_01557,train,train,train_legacy
train_05809,train_05809,train_05809,train,train,train_legacy
train_02676,train_02676,train_02676,train,train,train_legacy
train_02786,train_02786,train_02786,train,train,train_legacy
train_added_test_01871,test_01871,test_01871,test,train,train_added
train_02550,train_02550,train_02550,train,train,train_legacy
train_01248,train_01248,train_01248,train,train,train_legacy
train_04697,train_04697,train_04697,train,train,train_legacy
train_03616,train_03616,train_03616,train,train,train_legacy
train_added_val_confirm_00134,val_confirm_00134,val_confirm_00134,val_confirm,train,train_added
train_05745,train_05745,train_05745,train,train,train_legacy
train_added_test_00863,test_00863,test_00863,test,train,train_added
train_00539,train_00539,train_00539,train,train,train_legacy
train_added_val_confirm_00122,val_confirm_00122,val_confirm_00122,val_confirm,train,train_added
train_01659,train_01659,train_01659,train,train,train_legacy
train_02800,train_02800,train_02800,train,train,train_legacy
train_01265,train_01265,train_01265,train,train,train_legacy
train_01050,train_01050,train_01050,train,train,train_legacy
train_02933,train_02933,train_02933,train,train,train_legacy
train_added_test_00945,test_00945,test_00945,test,train,train_added
train_03337,train_03337,train_03337,train,train,train_legacy
train_01482,train_01482,train_01482,train,train,train_legacy
train_added_test_02245,test_02245,test_02245,test,train,train_added
train_added_val_confirm_00409,val_confirm_00409,val_confirm_00409,val_confirm,train,train_added
train_added_val_confirm_00918,val_confirm_00918,val_confirm_00918,val_confirm,train,train_added
train_02782,train_02782,train_02782,train,train,train_legacy
train_00340,train_00340,train_00340,train,train,train_legacy
train_02819,train_02819,train_02819,train,train,train_legacy
train_04172,train_04172,train_04172,train,train,train_legacy
train_02227,train_02227,train_02227,train,train,train_legacy
train_05475,train_05475,train_05475,train,train,train_legacy
train_04069,train_04069,train_04069,train,train,train_legacy
train_01780,train_01780,train_01780,train,train,train_legacy
train_01954,train_01954,train_01954,train,train,train_legacy
train_01498,train_01498,train_01498,train,train,train_legacy
train_03613,train_03613,train_03613,train,train,train_legacy
train_00469,train_00469,train_00469,train,train,train_legacy
train_02718,train_02718,train_02718,train,train,train_legacy
train_05692,train_05692,train_05692,train,train,train_legacy
train_05817,train_05817,train_05817,train,train,train_legacy
train_03163,train_03163,train_03163,train,train,train_legacy
train_added_val_confirm_00602,val_confirm_00602,val_confirm_00602,val_confirm,train,train_added
train_05480,train_05480,train_05480,train,train,train_legacy
train_added_val_search_00283,val_search_00283,val_search_00283,val_search,train,train_added
train_01338,train_01338,train_01338,train,train,train_legacy
train_05540,train_05540,train_05540,train,train,train_legacy
train_00511,train_00511,train_00511,train,train,train_legacy
train_01684,train_01684,train_01684,train,train,train_legacy
train_04790,train_04790,train_04790,train,train,train_legacy
train_05855,train_05855,train_05855,train,train,train_legacy
train_02441,train_02441,train_02441,train,train,train_legacy
train_04333,train_04333,train_04333,train,train,train_legacy
train_01990,train_01990,train_01990,train,train,train_legacy
train_03505,train_03505,train_03505,train,train,train_legacy
train_00519,train_00519,train_00519,train,train,train_legacy
train_01831,train_01831,train_01831,train,train,train_legacy
train_04243,train_04243,train_04243,train,train,train_legacy
train_04292,train_04292,train_04292,train,train,train_legacy
train_added_val_confirm_00307,val_confirm_00307,val_confirm_00307,val_confirm,train,train_added
train_04821,train_04821,train_04821,train,train,train_legacy
train_03535,train_03535,train_03535,train,train,train_legacy
train_05588,train_05588,train_05588,train,train,train_legacy
train_01010,train_01010,train_01010,train,train,train_legacy
train_added_test_02384,test_02384,test_02384,test,train,train_added
train_00310,train_00310,train_00310,train,train,train_legacy
train_00762,train_00762,train_00762,train,train,train_legacy
train_00514,train_00514,train_00514,train,train,train_legacy
train_03526,train_03526,train_03526,train,train,train_legacy
train_00613,train_00613,train_00613,train,train,train_legacy
train_00482,train_00482,train_00482,train,train,train_legacy
train_01430,train_01430,train_01430,train,train,train_legacy
train_01970,train_01970,train_01970,train,train,train_legacy
train_03555,train_03555,train_03555,train,train,train_legacy
train_02504,train_02504,train_02504,train,train,train_legacy
train_04793,train_04793,train_04793,train,train,train_legacy
train_added_val_search_00219,val_search_00219,val_search_00219,val_search,train,train_added
train_03932,train_03932,train_03932,train,train,train_legacy
train_02827,train_02827,train_02827,train,train,train_legacy
train_01502,train_01502,train_01502,train,train,train_legacy
train_05360,train_05360,train_05360,train,train,train_legacy
train_05561,train_05561,train_05561,train,train,train_legacy
train_04904,train_04904,train_04904,train,train,train_legacy
train_added_test_01423,test_01423,test_01423,test,train,train_added
train_01605,train_01605,train_01605,train,train,train_legacy
train_05876,train_05876,train_05876,train,train,train_legacy
train_added_test_01820,test_01820,test_01820,test,train,train_added
train_03600,train_03600,train_03600,train,train,train_legacy
train_05402,train_05402,train_05402,train,train,train_legacy
train_05632,train_05632,train_05632,train,train,train_legacy
train_added_test_00600,test_00600,test_00600,test,train,train_added
train_00022,train_00022,train_00022,train,train,train_legacy
train_00992,train_00992,train_00992,train,train,train_legacy
train_03054,train_03054,train_03054,train,train,train_legacy
train_01394,train_01394,train_01394,train,train,train_legacy
train_added_test_02115,test_02115,test_02115,test,train,train_added
train_01719,train_01719,train_01719,train,train,train_legacy
train_03730,train_03730,train_03730,train,train,train_legacy
train_added_val_search_00154,val_search_00154,val_search_00154,val_search,train,train_added
train_03678,train_03678,train_03678,train,train,train_legacy
train_05663,train_05663,train_05663,train,train,train_legacy
train_01935,train_01935,train_01935,train,train,train_legacy
train_added_test_00692,test_00692,test_00692,test,train,train_added
train_03645,train_03645,train_03645,train,train,train_legacy
train_01906,train_01906,train_01906,train,train,train_legacy
train_01101,train_01101,train_01101,train,train,train_legacy
train_02101,train_02101,train_02101,train,train,train_legacy
train_03196,train_03196,train_03196,train,train,train_legacy
train_01489,train_01489,train_01489,train,train,train_legacy
train_02353,train_02353,train_02353,train,train,train_legacy
train_03845,train_03845,train_03845,train,train,train_legacy
train_00647,train_00647,train_00647,train,train,train_legacy
train_added_val_search_00075,val_search_00075,val_search_00075,val_search,train,train_added
train_00468,train_00468,train_00468,train,train,train_legacy
train_00355,train_00355,train_00355,train,train,train_legacy
train_03188,train_03188,train_03188,train,train,train_legacy
train_01339,train_01339,train_01339,train,train,train_legacy
train_00024,train_00024,train_00024,train,train,train_legacy
train_02325,train_02325,train_02325,train,train,train_legacy
train_01099,train_01099,train_01099,train,train,train_legacy
train_added_test_00405,test_00405,test_00405,test,train,train_added
train_03007,train_03007,train_03007,train,train,train_legacy
train_05703,train_05703,train_05703,train,train,train_legacy
train_added_val_confirm_01056,val_confirm_01056,val_confirm_01056,val_confirm,train,train_added
train_01861,train_01861,train_01861,train,train,train_legacy
train_02834,train_02834,train_02834,train,train,train_legacy
train_04780,train_04780,train_04780,train,train,train_legacy
train_03694,train_03694,train_03694,train,train,train_legacy
train_added_test_01225,test_01225,test_01225,test,train,train_added
train_00172,train_00172,train_00172,train,train,train_legacy
train_02853,train_02853,train_02853,train,train,train_legacy
train_01841,train_01841,train_01841,train,train,train_legacy
train_added_val_confirm_00797,val_confirm_00797,val_confirm_00797,val_confirm,train,train_added
train_04400,train_04400,train_04400,train,train,train_legacy
train_04717,train_04717,train_04717,train,train,train_legacy
train_00166,train_00166,train_00166,train,train,train_legacy
train_01510,train_01510,train_01510,train,train,train_legacy
train_03303,train_03303,train_03303,train,train,train_legacy
train_04106,train_04106,train_04106,train,train,train_legacy
train_01160,train_01160,train_01160,train,train,train_legacy
train_added_test_00149,test_00149,test_00149,test,train,train_added
train_00787,train_00787,train_00787,train,train,train_legacy
train_05223,train_05223,train_05223,train,train,train_legacy
train_04156,train_04156,train_04156,train,train,train_legacy
train_added_test_00015,test_00015,test_00015,test,train,train_added
train_added_test_01480,test_01480,test_01480,test,train,train_added
train_04485,train_04485,train_04485,train,train,train_legacy
train_05802,train_05802,train_05802,train,train,train_legacy
train_04714,train_04714,train_04714,train,train,train_legacy
train_02449,train_02449,train_02449,train,train,train_legacy
train_00104,train_00104,train_00104,train,train,train_legacy
train_05449,train_05449,train_05449,train,train,train_legacy
train_00691,train_00691,train_00691,train,train,train_legacy
train_00484,train_00484,train_00484,train,train,train_legacy
train_added_val_search_00318,val_search_00318,val_search_00318,val_search,train,train_added
train_00824,train_00824,train_00824,train,train,train_legacy
train_added_test_00219,test_00219,test_00219,test,train,train_added
train_02772,train_02772,train_02772,train,train,train_legacy
train_05831,train_05831,train_05831,train,train,train_legacy
train_04268,train_04268,train_04268,train,train,train_legacy
train_added_test_00851,test_00851,test_00851,test,train,train_added
train_00171,train_00171,train_00171,train,train,train_legacy
train_03508,train_03508,train_03508,train,train,train_legacy
train_05635,train_05635,train_05635,train,train,train_legacy
train_00752,train_00752,train_00752,train,train,train_legacy
train_05451,train_05451,train_05451,train,train,train_legacy
train_05981,train_05981,train_05981,train,train,train_legacy
train_added_val_search_00293,val_search_00293,val_search_00293,val_search,train,train_added
train_00868,train_00868,train_00868,train,train,train_legacy
train_04606,train_04606,train_04606,train,train,train_legacy
train_02490,train_02490,train_02490,train,train,train_legacy
train_02531,train_02531,train_02531,train,train,train_legacy
train_00696,train_00696,train_00696,train,train,train_legacy
train_03122,train_03122,train_03122,train,train,train_legacy
train_01297,train_01297,train_01297,train,train,train_legacy
train_03315,train_03315,train_03315,train,train,train_legacy
train_05384,train_05384,train_05384,train,train,train_legacy
train_01068,train_01068,train_01068,train,train,train_legacy
train_01532,train_01532,train_01532,train,train,train_legacy
train_02583,train_02583,train_02583,train,train,train_legacy
train_01586,train_01586,train_01586,train,train,train_legacy
train_01851,train_01851,train_01851,train,train,train_legacy
train_added_val_confirm_00901,val_confirm_00901,val_confirm_00901,val_confirm,train,train_added
train_00243,train_00243,train_00243,train,train,train_legacy
train_02679,train_02679,train_02679,train,train,train_legacy
train_03950,train_03950,train_03950,train,train,train_legacy
train_04105,train_04105,train_04105,train,train,train_legacy
train_00950,train_00950,train_00950,train,train,train_legacy
train_04586,train_04586,train_04586,train,train,train_legacy
train_00973,train_00973,train_00973,train,train,train_legacy
train_03702,train_03702,train_03702,train,train,train_legacy
train_01676,train_01676,train_01676,train,train,train_legacy
train_01317,train_01317,train_01317,train,train,train_legacy
train_00093,train_00093,train_00093,train,train,train_legacy
train_03707,train_03707,train_03707,train,train,train_legacy
train_04843,train_04843,train_04843,train,train,train_legacy
train_02634,train_02634,train_02634,train,train,train_legacy
train_04927,train_04927,train_04927,train,train,train_legacy
train_added_test_01892,test_01892,test_01892,test,train,train_added
train_04359,train_04359,train_04359,train,train,train_legacy
train_05644,train_05644,train_05644,train,train,train_legacy
train_02488,train_02488,train_02488,train,train,train_legacy
train_04806,train_04806,train_04806,train,train,train_legacy
train_02571,train_02571,train_02571,train,train,train_legacy
train_01368,train_01368,train_01368,train,train,train_legacy
train_02576,train_02576,train_02576,train,train,train_legacy
train_00265,train_00265,train_00265,train,train,train_legacy
train_added_test_01545,test_01545,test_01545,test,train,train_added
train_05572,train_05572,train_05572,train,train,train_legacy
train_01924,train_01924,train_01924,train,train,train_legacy
train_01190,train_01190,train_01190,train,train,train_legacy
train_02406,train_02406,train_02406,train,train,train_legacy
train_02274,train_02274,train_02274,train,train,train_legacy
train_02699,train_02699,train_02699,train,train,train_legacy
train_added_test_00663,test_00663,test_00663,test,train,train_added
train_added_test_00214,test_00214,test_00214,test,train,train_added
train_added_test_00786,test_00786,test_00786,test,train,train_added
train_added_val_confirm_00553,val_confirm_00553,val_confirm_00553,val_confirm,train,train_added
train_01788,train_01788,train_01788,train,train,train_legacy
train_added_val_search_00104,val_search_00104,val_search_00104,val_search,train,train_added
train_added_val_confirm_00989,val_confirm_00989,val_confirm_00989,val_confirm,train,train_added
train_03884,train_03884,train_03884,train,train,train_legacy
train_01627,train_01627,train_01627,train,train,train_legacy
train_04335,train_04335,train_04335,train,train,train_legacy
train_02978,train_02978,train_02978,train,train,train_legacy
train_04551,train_04551,train_04551,train,train,train_legacy
train_04865,train_04865,train_04865,train,train,train_legacy
train_03660,train_03660,train_03660,train,train,train_legacy
train_01052,train_01052,train_01052,train,train,train_legacy
train_02049,train_02049,train_02049,train,train,train_legacy
train_05446,train_05446,train_05446,train,train,train_legacy
train_02000,train_02000,train_02000,train,train,train_legacy
train_04545,train_04545,train_04545,train,train,train_legacy
train_00351,train_00351,train_00351,train,train,train_legacy
train_01108,train_01108,train_01108,train,train,train_legacy
train_02954,train_02954,train_02954,train,train,train_legacy
train_00529,train_00529,train_00529,train,train,train_legacy
train_04957,train_04957,train_04957,train,train,train_legacy
train_02642,train_02642,train_02642,train,train,train_legacy
train_04919,train_04919,train_04919,train,train,train_legacy
train_05056,train_05056,train_05056,train,train,train_legacy
train_added_test_01522,test_01522,test_01522,test,train,train_added
train_03967,train_03967,train_03967,train,train,train_legacy
train_04744,train_04744,train_04744,train,train,train_legacy
train_00869,train_00869,train_00869,train,train,train_legacy
train_04675,train_04675,train_04675,train,train,train_legacy
train_04769,train_04769,train_04769,train,train,train_legacy
train_added_val_confirm_00961,val_confirm_00961,val_confirm_00961,val_confirm,train,train_added
train_03477,train_03477,train_03477,train,train,train_legacy
train_02440,train_02440,train_02440,train,train,train_legacy
train_03783,train_03783,train_03783,train,train,train_legacy
train_03284,train_03284,train_03284,train,train,train_legacy
train_00398,train_00398,train_00398,train,train,train_legacy
train_02686,train_02686,train_02686,train,train,train_legacy
train_03842,train_03842,train_03842,train,train,train_legacy
train_00573,train_00573,train_00573,train,train,train_legacy
train_03211,train_03211,train_03211,train,train,train_legacy
train_05181,train_05181,train_05181,train,train,train_legacy
train_02149,train_02149,train_02149,train,train,train_legacy
train_02346,train_02346,train_02346,train,train,train_legacy
train_04238,train_04238,train_04238,train,train,train_legacy
train_02709,train_02709,train_02709,train,train,train_legacy
train_00639,train_00639,train_00639,train,train,train_legacy
train_01224,train_01224,train_01224,train,train,train_legacy
train_00174,train_00174,train_00174,train,train,train_legacy
train_01137,train_01137,train_01137,train,train,train_legacy
train_05389,train_05389,train_05389,train,train,train_legacy
train_04212,train_04212,train_04212,train,train,train_legacy
train_00298,train_00298,train_00298,train,train,train_legacy
train_01210,train_01210,train_01210,train,train,train_legacy
train_02142,train_02142,train_02142,train,train,train_legacy
train_added_val_confirm_00558,val_confirm_00558,val_confirm_00558,val_confirm,train,train_added
train_03036,train_03036,train_03036,train,train,train_legacy
train_02849,train_02849,train_02849,train,train,train_legacy
train_02456,train_02456,train_02456,train,train,train_legacy
train_01926,train_01926,train_01926,train,train,train_legacy
train_added_test_00921,test_00921,test_00921,test,train,train_added
train_00963,train_00963,train_00963,train,train,train_legacy
train_02621,train_02621,train_02621,train,train,train_legacy
train_02868,train_02868,train_02868,train,train,train_legacy
train_01148,train_01148,train_01148,train,train,train_legacy
train_05521,train_05521,train_05521,train,train,train_legacy
train_05757,train_05757,train_05757,train,train,train_legacy
train_03553,train_03553,train_03553,train,train,train_legacy
train_01683,train_01683,train_01683,train,train,train_legacy
train_01121,train_01121,train_01121,train,train,train_legacy
train_02159,train_02159,train_02159,train,train,train_legacy
train_04568,train_04568,train_04568,train,train,train_legacy
train_00405,train_00405,train_00405,train,train,train_legacy
train_added_test_00522,test_00522,test_00522,test,train,train_added
train_04173,train_04173,train_04173,train,train,train_legacy
train_04890,train_04890,train_04890,train,train,train_legacy
train_05457,train_05457,train_05457,train,train,train_legacy
train_04540,train_04540,train_04540,train,train,train_legacy
train_05807,train_05807,train_05807,train,train,train_legacy
train_01570,train_01570,train_01570,train,train,train_legacy
train_00649,train_00649,train_00649,train,train,train_legacy
train_04056,train_04056,train_04056,train,train,train_legacy
train_02080,train_02080,train_02080,train,train,train_legacy
train_01039,train_01039,train_01039,train,train,train_legacy
train_02781,train_02781,train_02781,train,train,train_legacy
train_05557,train_05557,train_05557,train,train,train_legacy
train_added_test_01950,test_01950,test_01950,test,train,train_added
train_added_val_confirm_00892,val_confirm_00892,val_confirm_00892,val_confirm,train,train_added
train_05126,train_05126,train_05126,train,train,train_legacy
train_03762,train_03762,train_03762,train,train,train_legacy
train_03550,train_03550,train_03550,train,train,train_legacy
train_03618,train_03618,train_03618,train,train,train_legacy
train_04366,train_04366,train_04366,train,train,train_legacy
train_05084,train_05084,train_05084,train,train,train_legacy
train_04158,train_04158,train_04158,train,train,train_legacy
train_03589,train_03589,train_03589,train,train,train_legacy
train_04285,train_04285,train_04285,train,train,train_legacy
train_05891,train_05891,train_05891,train,train,train_legacy
train_00123,train_00123,train_00123,train,train,train_legacy
train_01268,train_01268,train_01268,train,train,train_legacy
train_04008,train_04008,train_04008,train,train,train_legacy
train_03875,train_03875,train_03875,train,train,train_legacy
train_added_test_00718,test_00718,test_00718,test,train,train_added
train_added_val_search_00069,val_search_00069,val_search_00069,val_search,train,train_added
train_added_val_confirm_00187,val_confirm_00187,val_confirm_00187,val_confirm,train,train_added
train_03346,train_03346,train_03346,train,train,train_legacy
train_00728,train_00728,train_00728,train,train,train_legacy
train_added_test_01332,test_01332,test_01332,test,train,train_added
train_added_test_00761,test_00761,test_00761,test,train,train_added
train_04298,train_04298,train_04298,train,train,train_legacy
train_added_test_02443,test_02443,test_02443,test,train,train_added
train_01076,train_01076,train_01076,train,train,train_legacy
train_04265,train_04265,train_04265,train,train,train_legacy
train_04987,train_04987,train_04987,train,train,train_legacy
train_01017,train_01017,train_01017,train,train,train_legacy
train_04297,train_04297,train_04297,train,train,train_legacy
train_added_val_search_00275,val_search_00275,val_search_00275,val_search,train,train_added
train_04340,train_04340,train_04340,train,train,train_legacy
train_05709,train_05709,train_05709,train,train,train_legacy
train_05951,train_05951,train_05951,train,train,train_legacy
train_added_val_confirm_00324,val_confirm_00324,val_confirm_00324,val_confirm,train,train_added
train_02352,train_02352,train_02352,train,train,train_legacy
train_01035,train_01035,train_01035,train,train,train_legacy
train_05116,train_05116,train_05116,train,train,train_legacy
train_00623,train_00623,train_00623,train,train,train_legacy
train_00917,train_00917,train_00917,train,train,train_legacy
train_02729,train_02729,train_02729,train,train,train_legacy
train_00275,train_00275,train_00275,train,train,train_legacy
train_02730,train_02730,train_02730,train,train,train_legacy
train_01024,train_01024,train_01024,train,train,train_legacy
train_05593,train_05593,train_05593,train,train,train_legacy
train_02759,train_02759,train_02759,train,train,train_legacy
train_01185,train_01185,train_01185,train,train,train_legacy
train_05372,train_05372,train_05372,train,train,train_legacy
train_05969,train_05969,train_05969,train,train,train_legacy
train_03778,train_03778,train_03778,train,train,train_legacy
train_05867,train_05867,train_05867,train,train,train_legacy
train_added_val_search_00325,val_search_00325,val_search_00325,val_search,train,train_added
train_03609,train_03609,train_03609,train,train,train_legacy
train_added_val_confirm_01053,val_confirm_01053,val_confirm_01053,val_confirm,train,train_added
train_02874,train_02874,train_02874,train,train,train_legacy
train_04218,train_04218,train_04218,train,train,train_legacy
train_03310,train_03310,train_03310,train,train,train_legacy
train_03486,train_03486,train_03486,train,train,train_legacy
train_04262,train_04262,train_04262,train,train,train_legacy
train_added_val_confirm_00568,val_confirm_00568,val_confirm_00568,val_confirm,train,train_added
train_04745,train_04745,train_04745,train,train,train_legacy
train_01242,train_01242,train_01242,train,train,train_legacy
train_added_val_search_00028,val_search_00028,val_search_00028,val_search,train,train_added
train_04618,train_04618,train_04618,train,train,train_legacy
train_04291,train_04291,train_04291,train,train,train_legacy
train_02257,train_02257,train_02257,train,train,train_legacy
train_02502,train_02502,train_02502,train,train,train_legacy
train_03306,train_03306,train_03306,train,train,train_legacy
train_added_test_00177,test_00177,test_00177,test,train,train_added
train_02373,train_02373,train_02373,train,train,train_legacy
train_05519,train_05519,train_05519,train,train,train_legacy
train_02810,train_02810,train_02810,train,train,train_legacy
train_03271,train_03271,train_03271,train,train,train_legacy
train_03386,train_03386,train_03386,train,train,train_legacy
train_04059,train_04059,train_04059,train,train,train_legacy
train_05363,train_05363,train_05363,train,train,train_legacy
train_03287,train_03287,train_03287,train,train,train_legacy
train_03944,train_03944,train_03944,train,train,train_legacy
train_02480,train_02480,train_02480,train,train,train_legacy
train_05177,train_05177,train_05177,train,train,train_legacy
train_04605,train_04605,train_04605,train,train,train_legacy
train_02103,train_02103,train_02103,train,train,train_legacy
train_02958,train_02958,train_02958,train,train,train_legacy
train_00081,train_00081,train_00081,train,train,train_legacy
train_00047,train_00047,train_00047,train,train,train_legacy
train_05493,train_05493,train_05493,train,train,train_legacy
train_01440,train_01440,train_01440,train,train,train_legacy
train_added_val_confirm_00605,val_confirm_00605,val_confirm_00605,val_confirm,train,train_added
train_added_test_02392,test_02392,test_02392,test,train,train_added
train_02363,train_02363,train_02363,train,train,train_legacy
train_04861,train_04861,train_04861,train,train,train_legacy
train_added_test_00440,test_00440,test_00440,test,train,train_added
train_00404,train_00404,train_00404,train,train,train_legacy
train_01019,train_01019,train_01019,train,train,train_legacy
train_05771,train_05771,train_05771,train,train,train_legacy
train_01795,train_01795,train_01795,train,train,train_legacy
train_02344,train_02344,train_02344,train,train,train_legacy
train_02258,train_02258,train_02258,train,train,train_legacy
train_05093,train_05093,train_05093,train,train,train_legacy
train_03964,train_03964,train_03964,train,train,train_legacy
train_03336,train_03336,train_03336,train,train,train_legacy
train_03959,train_03959,train_03959,train,train,train_legacy
train_03443,train_03443,train_03443,train,train,train_legacy
train_02252,train_02252,train_02252,train,train,train_legacy
train_00738,train_00738,train_00738,train,train,train_legacy
train_02463,train_02463,train_02463,train,train,train_legacy
train_04783,train_04783,train_04783,train,train,train_legacy
train_02639,train_02639,train_02639,train,train,train_legacy
train_04166,train_04166,train_04166,train,train,train_legacy
train_03681,train_03681,train_03681,train,train,train_legacy
train_05279,train_05279,train_05279,train,train,train_legacy
train_03663,train_03663,train_03663,train,train,train_legacy
train_01441,train_01441,train_01441,train,train,train_legacy
train_01893,train_01893,train_01893,train,train,train_legacy
train_01142,train_01142,train_01142,train,train,train_legacy
train_03055,train_03055,train_03055,train,train,train_legacy
train_05600,train_05600,train_05600,train,train,train_legacy
train_02944,train_02944,train_02944,train,train,train_legacy
train_01735,train_01735,train_01735,train,train,train_legacy
train_03361,train_03361,train_03361,train,train,train_legacy
train_00220,train_00220,train_00220,train,train,train_legacy
train_04394,train_04394,train_04394,train,train,train_legacy
train_01756,train_01756,train_01756,train,train,train_legacy
train_03850,train_03850,train_03850,train,train,train_legacy
train_02911,train_02911,train_02911,train,train,train_legacy
train_03914,train_03914,train_03914,train,train,train_legacy
train_02975,train_02975,train_02975,train,train,train_legacy
train_01257,train_01257,train_01257,train,train,train_legacy
train_03205,train_03205,train_03205,train,train,train_legacy
train_04286,train_04286,train_04286,train,train,train_legacy
train_00212,train_00212,train_00212,train,train,train_legacy
train_00408,train_00408,train_00408,train,train,train_legacy
train_added_val_search_00188,val_search_00188,val_search_00188,val_search,train,train_added
train_01369,train_01369,train_01369,train,train,train_legacy
train_added_test_00505,test_00505,test_00505,test,train,train_added
train_05405,train_05405,train_05405,train,train,train_legacy
train_05455,train_05455,train_05455,train,train,train_legacy
train_added_val_confirm_00454,val_confirm_00454,val_confirm_00454,val_confirm,train,train_added
train_03483,train_03483,train_03483,train,train,train_legacy
train_05994,train_05994,train_05994,train,train,train_legacy
train_03567,train_03567,train_03567,train,train,train_legacy
train_02515,train_02515,train_02515,train,train,train_legacy
train_04529,train_04529,train_04529,train,train,train_legacy
train_02262,train_02262,train_02262,train,train,train_legacy
train_01163,train_01163,train_01163,train,train,train_legacy
train_02205,train_02205,train_02205,train,train,train_legacy
train_03591,train_03591,train_03591,train,train,train_legacy
train_00987,train_00987,train_00987,train,train,train_legacy
train_02156,train_02156,train_02156,train,train,train_legacy
train_00223,train_00223,train_00223,train,train,train_legacy
train_03940,train_03940,train_03940,train,train,train_legacy
train_02842,train_02842,train_02842,train,train,train_legacy
train_02552,train_02552,train_02552,train,train,train_legacy
train_added_val_confirm_01042,val_confirm_01042,val_confirm_01042,val_confirm,train,train_added
train_00672,train_00672,train_00672,train,train,train_legacy
train_added_test_00804,test_00804,test_00804,test,train,train_added
train_04392,train_04392,train_04392,train,train,train_legacy
train_05046,train_05046,train_05046,train,train,train_legacy
train_added_test_00926,test_00926,test_00926,test,train,train_added
train_04501,train_04501,train_04501,train,train,train_legacy
train_05565,train_05565,train_05565,train,train,train_legacy
train_00866,train_00866,train_00866,train,train,train_legacy
train_04724,train_04724,train_04724,train,train,train_legacy
train_02528,train_02528,train_02528,train,train,train_legacy
train_02638,train_02638,train_02638,train,train,train_legacy
train_00010,train_00010,train_00010,train,train,train_legacy
train_01217,train_01217,train_01217,train,train,train_legacy
train_04303,train_04303,train_04303,train,train,train_legacy
train_04997,train_04997,train_04997,train,train,train_legacy
train_added_test_00419,test_00419,test_00419,test,train,train_added
train_01083,train_01083,train_01083,train,train,train_legacy
train_02397,train_02397,train_02397,train,train,train_legacy
train_04826,train_04826,train_04826,train,train,train_legacy
train_05453,train_05453,train_05453,train,train,train_legacy
train_02605,train_02605,train_02605,train,train,train_legacy
train_00248,train_00248,train_00248,train,train,train_legacy
train_00841,train_00841,train_00841,train,train,train_legacy
train_added_test_02243,test_02243,test_02243,test,train,train_added
train_04168,train_04168,train_04168,train,train,train_legacy
train_04210,train_04210,train_04210,train,train,train_legacy
train_05314,train_05314,train_05314,train,train,train_legacy
train_04642,train_04642,train_04642,train,train,train_legacy
train_05230,train_05230,train_05230,train,train,train_legacy
train_02382,train_02382,train_02382,train,train,train_legacy
train_01827,train_01827,train_01827,train,train,train_legacy
train_02497,train_02497,train_02497,train,train,train_legacy
train_03285,train_03285,train_03285,train,train,train_legacy
train_04054,train_04054,train_04054,train,train,train_legacy
train_04960,train_04960,train_04960,train,train,train_legacy
train_05915,train_05915,train_05915,train,train,train_legacy
train_added_test_01107,test_01107,test_01107,test,train,train_added
train_added_val_confirm_00199,val_confirm_00199,val_confirm_00199,val_confirm,train,train_added
train_03545,train_03545,train_03545,train,train,train_legacy
train_01657,train_01657,train_01657,train,train,train_legacy
train_added_val_confirm_00974,val_confirm_00974,val_confirm_00974,val_confirm,train,train_added
train_01401,train_01401,train_01401,train,train,train_legacy
train_added_test_01413,test_01413,test_01413,test,train,train_added
train_03260,train_03260,train_03260,train,train,train_legacy
train_02689,train_02689,train_02689,train,train,train_legacy
train_00344,train_00344,train_00344,train,train,train_legacy
train_05396,train_05396,train_05396,train,train,train_legacy
train_04713,train_04713,train_04713,train,train,train_legacy
train_00479,train_00479,train_00479,train,train,train_legacy
train_03299,train_03299,train_03299,train,train,train_legacy
train_02745,train_02745,train_02745,train,train,train_legacy
train_02696,train_02696,train_02696,train,train,train_legacy
train_05213,train_05213,train_05213,train,train,train_legacy
train_05893,train_05893,train_05893,train,train,train_legacy
train_04678,train_04678,train_04678,train,train,train_legacy
train_04476,train_04476,train_04476,train,train,train_legacy
train_05404,train_05404,train_05404,train,train,train_legacy
train_02022,train_02022,train_02022,train,train,train_legacy
train_04146,train_04146,train_04146,train,train,train_legacy
train_04885,train_04885,train_04885,train,train,train_legacy
train_00301,train_00301,train_00301,train,train,train_legacy
train_05085,train_05085,train_05085,train,train,train_legacy
train_00296,train_00296,train_00296,train,train,train_legacy
train_01519,train_01519,train_01519,train,train,train_legacy
train_00813,train_00813,train_00813,train,train,train_legacy
train_00142,train_00142,train_00142,train,train,train_legacy
train_00496,train_00496,train_00496,train,train,train_legacy
train_05556,train_05556,train_05556,train,train,train_legacy
train_01245,train_01245,train_01245,train,train,train_legacy
train_04936,train_04936,train_04936,train,train,train_legacy
train_01534,train_01534,train_01534,train,train,train_legacy
train_00854,train_00854,train_00854,train,train,train_legacy
train_00968,train_00968,train_00968,train,train,train_legacy
train_01934,train_01934,train_01934,train,train,train_legacy
train_02872,train_02872,train_02872,train,train,train_legacy
train_02391,train_02391,train_02391,train,train,train_legacy
train_added_val_confirm_00800,val_confirm_00800,val_confirm_00800,val_confirm,train,train_added
train_00101,train_00101,train_00101,train,train,train_legacy
train_01275,train_01275,train_01275,train,train,train_legacy
train_02287,train_02287,train_02287,train,train,train_legacy
train_05297,train_05297,train_05297,train,train,train_legacy
train_05506,train_05506,train_05506,train,train,train_legacy
train_04616,train_04616,train_04616,train,train,train_legacy
train_04135,train_04135,train_04135,train,train,train_legacy
train_05377,train_05377,train_05377,train,train,train_legacy
train_02141,train_02141,train_02141,train,train,train_legacy
train_05583,train_05583,train_05583,train,train,train_legacy
train_04855,train_04855,train_04855,train,train,train_legacy
train_03162,train_03162,train_03162,train,train,train_legacy
train_03513,train_03513,train_03513,train,train,train_legacy
train_05442,train_05442,train_05442,train,train,train_legacy
train_02436,train_02436,train_02436,train,train,train_legacy
train_04000,train_04000,train_04000,train,train,train_legacy
train_01528,train_01528,train_01528,train,train,train_legacy
train_02500,train_02500,train_02500,train,train,train_legacy
train_00686,train_00686,train_00686,train,train,train_legacy
train_04764,train_04764,train_04764,train,train,train_legacy
train_04933,train_04933,train_04933,train,train,train_legacy
train_02365,train_02365,train_02365,train,train,train_legacy
train_00477,train_00477,train_00477,train,train,train_legacy
train_03394,train_03394,train_03394,train,train,train_legacy
train_03246,train_03246,train_03246,train,train,train_legacy
train_04521,train_04521,train_04521,train,train,train_legacy
train_02403,train_02403,train_02403,train,train,train_legacy
train_04863,train_04863,train_04863,train,train,train_legacy
train_05304,train_05304,train_05304,train,train,train_legacy
train_added_test_01395,test_01395,test_01395,test,train,train_added
train_added_val_confirm_00887,val_confirm_00887,val_confirm_00887,val_confirm,train,train_added
train_00698,train_00698,train_00698,train,train,train_legacy
train_04003,train_04003,train_04003,train,train,train_legacy
train_03393,train_03393,train_03393,train,train,train_legacy
train_added_val_confirm_00606,val_confirm_00606,val_confirm_00606,val_confirm,train,train_added
train_added_val_confirm_00035,val_confirm_00035,val_confirm_00035,val_confirm,train,train_added
train_03901,train_03901,train_03901,train,train,train_legacy
train_02936,train_02936,train_02936,train,train,train_legacy
train_added_val_confirm_00687,val_confirm_00687,val_confirm_00687,val_confirm,train,train_added
train_05265,train_05265,train_05265,train,train,train_legacy
train_04411,train_04411,train_04411,train,train,train_legacy
train_added_test_00734,test_00734,test_00734,test,train,train_added
train_05899,train_05899,train_05899,train,train,train_legacy
train_02708,train_02708,train_02708,train,train,train_legacy
train_00424,train_00424,train_00424,train,train,train_legacy
train_01524,train_01524,train_01524,train,train,train_legacy
train_01460,train_01460,train_01460,train,train,train_legacy
train_03221,train_03221,train_03221,train,train,train_legacy
train_05870,train_05870,train_05870,train,train,train_legacy
train_00609,train_00609,train_00609,train,train,train_legacy
train_03296,train_03296,train_03296,train,train,train_legacy
train_02360,train_02360,train_02360,train,train,train_legacy
train_01590,train_01590,train_01590,train,train,train_legacy
train_added_test_02232,test_02232,test_02232,test,train,train_added
train_added_test_00242,test_00242,test_00242,test,train,train_added
train_01545,train_01545,train_01545,train,train,train_legacy
train_03862,train_03862,train_03862,train,train,train_legacy
train_04427,train_04427,train_04427,train,train,train_legacy
train_01045,train_01045,train_01045,train,train,train_legacy
train_04594,train_04594,train_04594,train,train,train_legacy
train_02987,train_02987,train_02987,train,train,train_legacy
train_04747,train_04747,train_04747,train,train,train_legacy
train_added_test_01431,test_01431,test_01431,test,train,train_added
train_02624,train_02624,train_02624,train,train,train_legacy
train_00720,train_00720,train_00720,train,train,train_legacy
train_01602,train_01602,train_01602,train,train,train_legacy
train_05634,train_05634,train_05634,train,train,train_legacy
train_02873,train_02873,train_02873,train,train,train_legacy
train_03322,train_03322,train_03322,train,train,train_legacy
train_03478,train_03478,train_03478,train,train,train_legacy
train_01459,train_01459,train_01459,train,train,train_legacy
train_00103,train_00103,train_00103,train,train,train_legacy
train_00990,train_00990,train_00990,train,train,train_legacy
train_03378,train_03378,train_03378,train,train,train_legacy
train_01286,train_01286,train_01286,train,train,train_legacy
train_02553,train_02553,train_02553,train,train,train_legacy
train_05833,train_05833,train_05833,train,train,train_legacy
train_01393,train_01393,train_01393,train,train,train_legacy
train_04410,train_04410,train_04410,train,train,train_legacy
train_05333,train_05333,train_05333,train,train,train_legacy
train_05425,train_05425,train_05425,train,train,train_legacy
train_added_val_confirm_00030,val_confirm_00030,val_confirm_00030,val_confirm,train,train_added
train_00547,train_00547,train_00547,train,train,train_legacy
train_00739,train_00739,train_00739,train,train,train_legacy
train_04506,train_04506,train_04506,train,train,train_legacy
train_03999,train_03999,train_03999,train,train,train_legacy
train_01939,train_01939,train_01939,train,train,train_legacy
train_added_val_confirm_00059,val_confirm_00059,val_confirm_00059,val_confirm,train,train_added
train_01392,train_01392,train_01392,train,train,train_legacy
train_05212,train_05212,train_05212,train,train,train_legacy
train_added_val_confirm_00450,val_confirm_00450,val_confirm_00450,val_confirm,train,train_added
train_05182,train_05182,train_05182,train,train,train_legacy
train_00100,train_00100,train_00100,train,train,train_legacy
train_02053,train_02053,train_02053,train,train,train_legacy
train_01800,train_01800,train_01800,train,train,train_legacy
train_02448,train_02448,train_02448,train,train,train_legacy
train_02118,train_02118,train_02118,train,train,train_legacy
train_added_val_search_00020,val_search_00020,val_search_00020,val_search,train,train_added
train_02097,train_02097,train_02097,train,train,train_legacy
train_02219,train_02219,train_02219,train,train,train_legacy
train_added_test_00257,test_00257,test_00257,test,train,train_added
train_04213,train_04213,train_04213,train,train,train_legacy
train_00175,train_00175,train_00175,train,train,train_legacy
train_05712,train_05712,train_05712,train,train,train_legacy
train_05211,train_05211,train_05211,train,train,train_legacy
train_05569,train_05569,train_05569,train,train,train_legacy
train_05146,train_05146,train_05146,train,train,train_legacy
train_added_test_01744,test_01744,test_01744,test,train,train_added
train_04791,train_04791,train_04791,train,train,train_legacy
train_02608,train_02608,train_02608,train,train,train_legacy
train_added_val_confirm_00631,val_confirm_00631,val_confirm_00631,val_confirm,train,train_added
train_added_test_01508,test_01508,test_01508,test,train,train_added
train_02006,train_02006,train_02006,train,train,train_legacy
train_added_val_confirm_00902,val_confirm_00902,val_confirm_00902,val_confirm,train,train_added
train_05710,train_05710,train_05710,train,train,train_legacy
train_05167,train_05167,train_05167,train,train,train_legacy
train_04207,train_04207,train_04207,train,train,train_legacy
train_05492,train_05492,train_05492,train,train,train_legacy
train_05503,train_05503,train_05503,train,train,train_legacy
train_added_val_confirm_01094,val_confirm_01094,val_confirm_01094,val_confirm,train,train_added
train_01415,train_01415,train_01415,train,train,train_legacy
train_00645,train_00645,train_00645,train,train,train_legacy
train_03431,train_03431,train_03431,train,train,train_legacy
train_05886,train_05886,train_05886,train,train,train_legacy
train_04130,train_04130,train_04130,train,train,train_legacy
train_03463,train_03463,train_03463,train,train,train_legacy
train_05612,train_05612,train_05612,train,train,train_legacy
train_added_val_confirm_00048,val_confirm_00048,val_confirm_00048,val_confirm,train,train_added
train_05224,train_05224,train_05224,train,train,train_legacy
train_02460,train_02460,train_02460,train,train,train_legacy
train_02937,train_02937,train_02937,train,train,train_legacy
train_added_val_confirm_00373,val_confirm_00373,val_confirm_00373,val_confirm,train,train_added
train_02070,train_02070,train_02070,train,train,train_legacy
train_00872,train_00872,train_00872,train,train,train_legacy
train_05319,train_05319,train_05319,train,train,train_legacy
train_00839,train_00839,train_00839,train,train,train_legacy
train_04742,train_04742,train_04742,train,train,train_legacy
train_00722,train_00722,train_00722,train,train,train_legacy
train_01829,train_01829,train_01829,train,train,train_legacy
train_05662,train_05662,train_05662,train,train,train_legacy
train_added_test_00492,test_00492,test_00492,test,train,train_added
train_01463,train_01463,train_01463,train,train,train_legacy
train_05320,train_05320,train_05320,train,train,train_legacy
train_04705,train_04705,train_04705,train,train,train_legacy
train_02178,train_02178,train_02178,train,train,train_legacy
train_02572,train_02572,train_02572,train,train,train_legacy
train_05188,train_05188,train_05188,train,train,train_legacy
train_04183,train_04183,train_04183,train,train,train_legacy
train_01044,train_01044,train_01044,train,train,train_legacy
train_04378,train_04378,train_04378,train,train,train_legacy
train_05014,train_05014,train_05014,train,train,train_legacy
train_03462,train_03462,train_03462,train,train,train_legacy
train_02387,train_02387,train_02387,train,train,train_legacy
train_00345,train_00345,train_00345,train,train,train_legacy
train_added_val_confirm_00566,val_confirm_00566,val_confirm_00566,val_confirm,train,train_added
train_added_val_search_00051,val_search_00051,val_search_00051,val_search,train,train_added
train_02644,train_02644,train_02644,train,train,train_legacy
train_03214,train_03214,train_03214,train,train,train_legacy
train_05860,train_05860,train_05860,train,train,train_legacy
train_04142,train_04142,train_04142,train,train,train_legacy
train_03742,train_03742,train_03742,train,train,train_legacy
train_03140,train_03140,train_03140,train,train,train_legacy
train_02723,train_02723,train_02723,train,train,train_legacy
train_01182,train_01182,train_01182,train,train,train_legacy
train_02323,train_02323,train_02323,train,train,train_legacy
train_01963,train_01963,train_01963,train,train,train_legacy
train_added_val_search_00131,val_search_00131,val_search_00131,val_search,train,train_added
train_03912,train_03912,train_03912,train,train,train_legacy
train_03894,train_03894,train_03894,train,train,train_legacy
train_00161,train_00161,train_00161,train,train,train_legacy
train_01055,train_01055,train_01055,train,train,train_legacy
train_02859,train_02859,train_02859,train,train,train_legacy
train_02279,train_02279,train_02279,train,train,train_legacy
train_02396,train_02396,train_02396,train,train,train_legacy
train_03970,train_03970,train_03970,train,train,train_legacy
train_04892,train_04892,train_04892,train,train,train_legacy
train_02597,train_02597,train_02597,train,train,train_legacy
train_05376,train_05376,train_05376,train,train,train_legacy
train_03257,train_03257,train_03257,train,train,train_legacy
train_01999,train_01999,train_01999,train,train,train_legacy
train_02031,train_02031,train_02031,train,train,train_legacy
train_00944,train_00944,train_00944,train,train,train_legacy
train_04490,train_04490,train_04490,train,train,train_legacy
train_01948,train_01948,train_01948,train,train,train_legacy
train_added_val_search_00163,val_search_00163,val_search_00163,val_search,train,train_added
train_00164,train_00164,train_00164,train,train,train_legacy
train_added_test_00088,test_00088,test_00088,test,train,train_added
train_05461,train_05461,train_05461,train,train,train_legacy
train_02993,train_02993,train_02993,train,train,train_legacy
train_04302,train_04302,train_04302,train,train,train_legacy
train_added_val_search_00038,val_search_00038,val_search_00038,val_search,train,train_added
train_00149,train_00149,train_00149,train,train,train_legacy
train_01246,train_01246,train_01246,train,train,train_legacy
train_05564,train_05564,train_05564,train,train,train_legacy
train_00650,train_00650,train_00650,train,train,train_legacy
train_02112,train_02112,train_02112,train,train,train_legacy
train_01037,train_01037,train_01037,train,train,train_legacy
train_00049,train_00049,train_00049,train,train,train_legacy
train_03132,train_03132,train_03132,train,train,train_legacy
train_04674,train_04674,train_04674,train,train,train_legacy
train_05367,train_05367,train_05367,train,train,train_legacy
train_02203,train_02203,train_02203,train,train,train_legacy
train_added_val_confirm_00263,val_confirm_00263,val_confirm_00263,val_confirm,train,train_added
train_01946,train_01946,train_01946,train,train,train_legacy
train_added_val_confirm_00146,val_confirm_00146,val_confirm_00146,val_confirm,train,train_added
train_05162,train_05162,train_05162,train,train,train_legacy
train_added_val_search_00334,val_search_00334,val_search_00334,val_search,train,train_added
train_added_val_search_00105,val_search_00105,val_search_00105,val_search,train,train_added
train_00372,train_00372,train_00372,train,train,train_legacy
train_05318,train_05318,train_05318,train,train,train_legacy
train_05477,train_05477,train_05477,train,train,train_legacy
train_01155,train_01155,train_01155,train,train,train_legacy
train_03217,train_03217,train_03217,train,train,train_legacy
train_03676,train_03676,train_03676,train,train,train_legacy
train_04527,train_04527,train_04527,train,train,train_legacy
train_05516,train_05516,train_05516,train,train,train_legacy
train_01287,train_01287,train_01287,train,train,train_legacy
train_02674,train_02674,train_02674,train,train,train_legacy
train_00946,train_00946,train_00946,train,train,train_legacy
train_02540,train_02540,train_02540,train,train,train_legacy
train_02018,train_02018,train_02018,train,train,train_legacy
train_05123,train_05123,train_05123,train,train,train_legacy
train_03052,train_03052,train_03052,train,train,train_legacy
train_01170,train_01170,train_01170,train,train,train_legacy
train_added_test_00750,test_00750,test_00750,test,train,train_added
train_01397,train_01397,train_01397,train,train,train_legacy
train_05261,train_05261,train_05261,train,train,train_legacy
train_00625,train_00625,train_00625,train,train,train_legacy
train_added_test_00345,test_00345,test_00345,test,train,train_added
train_02469,train_02469,train_02469,train,train,train_legacy
train_added_test_01095,test_01095,test_01095,test,train,train_added
train_01359,train_01359,train_01359,train,train,train_legacy
train_02823,train_02823,train_02823,train,train,train_legacy
train_added_test_01878,test_01878,test_01878,test,train,train_added
train_01835,train_01835,train_01835,train,train,train_legacy
train_03146,train_03146,train_03146,train,train,train_legacy
train_05112,train_05112,train_05112,train,train,train_legacy
train_05465,train_05465,train_05465,train,train,train_legacy
train_05842,train_05842,train_05842,train,train,train_legacy
train_01691,train_01691,train_01691,train,train,train_legacy
train_00730,train_00730,train_00730,train,train,train_legacy
train_03189,train_03189,train_03189,train,train,train_legacy
train_02092,train_02092,train_02092,train,train,train_legacy
train_added_val_confirm_00584,val_confirm_00584,val_confirm_00584,val_confirm,train,train_added
train_03370,train_03370,train_03370,train,train,train_legacy
train_02327,train_02327,train_02327,train,train,train_legacy
train_added_test_01294,test_01294,test_01294,test,train,train_added
train_04209,train_04209,train_04209,train,train,train_legacy
train_02864,train_02864,train_02864,train,train,train_legacy
train_03402,train_03402,train_03402,train,train,train_legacy
train_03175,train_03175,train_03175,train,train,train_legacy
train_added_test_00813,test_00813,test_00813,test,train,train_added
train_02688,train_02688,train_02688,train,train,train_legacy
train_05331,train_05331,train_05331,train,train,train_legacy
train_00850,train_00850,train_00850,train,train,train_legacy
train_04341,train_04341,train_04341,train,train,train_legacy
train_03465,train_03465,train_03465,train,train,train_legacy
train_00031,train_00031,train_00031,train,train,train_legacy
train_05271,train_05271,train_05271,train,train,train_legacy
train_00285,train_00285,train_00285,train,train,train_legacy
train_02036,train_02036,train_02036,train,train,train_legacy
train_added_val_confirm_01027,val_confirm_01027,val_confirm_01027,val_confirm,train,train_added
train_00582,train_00582,train_00582,train,train,train_legacy
train_05509,train_05509,train_05509,train,train,train_legacy
train_added_test_00178,test_00178,test_00178,test,train,train_added
train_01299,train_01299,train_01299,train,train,train_legacy
train_03605,train_03605,train_03605,train,train,train_legacy
train_05288,train_05288,train_05288,train,train,train_legacy
train_00146,train_00146,train_00146,train,train,train_legacy
train_05148,train_05148,train_05148,train,train,train_legacy
train_01868,train_01868,train_01868,train,train,train_legacy
train_03828,train_03828,train_03828,train,train,train_legacy
train_03076,train_03076,train_03076,train,train,train_legacy
train_02974,train_02974,train_02974,train,train,train_legacy
train_00419,train_00419,train_00419,train,train,train_legacy
train_02989,train_02989,train_02989,train,train,train_legacy
train_01141,train_01141,train_01141,train,train,train_legacy
train_added_val_search_00164,val_search_00164,val_search_00164,val_search,train,train_added
train_00913,train_00913,train_00913,train,train,train_legacy
train_added_val_search_00159,val_search_00159,val_search_00159,val_search,train,train_added
train_added_val_search_00229,val_search_00229,val_search_00229,val_search,train,train_added
train_03800,train_03800,train_03800,train,train,train_legacy
train_added_val_search_00365,val_search_00365,val_search_00365,val_search,train,train_added
train_05995,train_05995,train_05995,train,train,train_legacy
train_01529,train_01529,train_01529,train,train,train_legacy
train_02171,train_02171,train_02171,train,train,train_legacy
train_02537,train_02537,train_02537,train,train,train_legacy
train_04143,train_04143,train_04143,train,train,train_legacy
train_00359,train_00359,train_00359,train,train,train_legacy
train_01977,train_01977,train_01977,train,train,train_legacy
train_05529,train_05529,train_05529,train,train,train_legacy
train_03690,train_03690,train_03690,train,train,train_legacy
train_03025,train_03025,train_03025,train,train,train_legacy
train_04370,train_04370,train_04370,train,train,train_legacy
train_05649,train_05649,train_05649,train,train,train_legacy
train_04120,train_04120,train_04120,train,train,train_legacy
train_added_test_02413,test_02413,test_02413,test,train,train_added
train_01904,train_01904,train_01904,train,train,train_legacy
train_00930,train_00930,train_00930,train,train,train_legacy
train_added_val_confirm_00204,val_confirm_00204,val_confirm_00204,val_confirm,train,train_added
train_02002,train_02002,train_02002,train,train,train_legacy
train_04739,train_04739,train_04739,train,train,train_legacy
train_added_test_00325,test_00325,test_00325,test,train,train_added
train_added_test_00566,test_00566,test_00566,test,train,train_added
train_01352,train_01352,train_01352,train,train,train_legacy
train_02743,train_02743,train_02743,train,train,train_legacy
train_05284,train_05284,train_05284,train,train,train_legacy
train_00015,train_00015,train_00015,train,train,train_legacy
train_05651,train_05651,train_05651,train,train,train_legacy
train_05680,train_05680,train_05680,train,train,train_legacy
train_added_val_confirm_00049,val_confirm_00049,val_confirm_00049,val_confirm,train,train_added
train_05028,train_05028,train_05028,train,train,train_legacy
train_04467,train_04467,train_04467,train,train,train_legacy
train_05422,train_05422,train_05422,train,train,train_legacy
train_03269,train_03269,train_03269,train,train,train_legacy
train_05097,train_05097,train_05097,train,train,train_legacy
train_02043,train_02043,train_02043,train,train,train_legacy
train_03446,train_03446,train_03446,train,train,train_legacy
train_added_test_01857,test_01857,test_01857,test,train,train_added
train_01016,train_01016,train_01016,train,train,train_legacy
train_01553,train_01553,train_01553,train,train,train_legacy
train_03642,train_03642,train_03642,train,train,train_legacy
train_04442,train_04442,train_04442,train,train,train_legacy
train_03581,train_03581,train_03581,train,train,train_legacy
train_added_test_00744,test_00744,test_00744,test,train,train_added
train_05207,train_05207,train_05207,train,train,train_legacy
train_00055,train_00055,train_00055,train,train,train_legacy
train_05611,train_05611,train_05611,train,train,train_legacy
train_05267,train_05267,train_05267,train,train,train_legacy
train_02409,train_02409,train_02409,train,train,train_legacy
train_04827,train_04827,train_04827,train,train,train_legacy
train_04420,train_04420,train_04420,train,train,train_legacy
train_02429,train_02429,train_02429,train,train,train_legacy
train_02432,train_02432,train_02432,train,train,train_legacy
train_03102,train_03102,train_03102,train,train,train_legacy
train_00326,train_00326,train_00326,train,train,train_legacy
train_02694,train_02694,train_02694,train,train,train_legacy
train_05862,train_05862,train_05862,train,train,train_legacy
train_04118,train_04118,train_04118,train,train,train_legacy
train_02197,train_02197,train_02197,train,train,train_legacy
train_added_test_00422,test_00422,test_00422,test,train,train_added
train_04851,train_04851,train_04851,train,train,train_legacy
train_01089,train_01089,train_01089,train,train,train_legacy
train_04976,train_04976,train_04976,train,train,train_legacy
train_added_val_search_00012,val_search_00012,val_search_00012,val_search,train,train_added
train_04205,train_04205,train_04205,train,train,train_legacy
train_00165,train_00165,train_00165,train,train,train_legacy
train_03788,train_03788,train_03788,train,train,train_legacy
train_03070,train_03070,train_03070,train,train,train_legacy
train_00086,train_00086,train_00086,train,train,train_legacy
train_05302,train_05302,train_05302,train,train,train_legacy
train_05835,train_05835,train_05835,train,train,train_legacy
train_01671,train_01671,train_01671,train,train,train_legacy
train_05813,train_05813,train_05813,train,train,train_legacy
train_05859,train_05859,train_05859,train,train,train_legacy
train_added_val_confirm_01043,val_confirm_01043,val_confirm_01043,val_confirm,train,train_added
train_04630,train_04630,train_04630,train,train,train_legacy
train_03992,train_03992,train_03992,train,train,train_legacy
train_05637,train_05637,train_05637,train,train,train_legacy
train_05594,train_05594,train_05594,train,train,train_legacy
train_00473,train_00473,train_00473,train,train,train_legacy
train_01571,train_01571,train_01571,train,train,train_legacy
train_04817,train_04817,train_04817,train,train,train_legacy
train_02455,train_02455,train_02455,train,train,train_legacy
train_01688,train_01688,train_01688,train,train,train_legacy
train_01195,train_01195,train_01195,train,train,train_legacy
train_02326,train_02326,train_02326,train,train,train_legacy
train_04397,train_04397,train_04397,train,train,train_legacy
train_added_test_01424,test_01424,test_01424,test,train,train_added
train_added_test_01675,test_01675,test_01675,test,train,train_added
train_02549,train_02549,train_02549,train,train,train_legacy
train_01984,train_01984,train_01984,train,train,train_legacy
train_01806,train_01806,train_01806,train,train,train_legacy
train_05749,train_05749,train_05749,train,train,train_legacy
train_05841,train_05841,train_05841,train,train,train_legacy
train_04115,train_04115,train_04115,train,train,train_legacy
train_03371,train_03371,train_03371,train,train,train_legacy
train_04111,train_04111,train_04111,train,train,train_legacy
train_04653,train_04653,train_04653,train,train,train_legacy
train_05281,train_05281,train_05281,train,train,train_legacy
train_02024,train_02024,train_02024,train,train,train_legacy
train_01181,train_01181,train_01181,train,train,train_legacy
train_01520,train_01520,train_01520,train,train,train_legacy
train_04164,train_04164,train_04164,train,train,train_legacy
train_05137,train_05137,train_05137,train,train,train_legacy
train_03105,train_03105,train_03105,train,train,train_legacy
train_01942,train_01942,train_01942,train,train,train_legacy
train_05004,train_05004,train_05004,train,train,train_legacy
train_00144,train_00144,train_00144,train,train,train_legacy
train_added_val_confirm_01087,val_confirm_01087,val_confirm_01087,val_confirm,train,train_added
train_04819,train_04819,train_04819,train,train,train_legacy
train_02045,train_02045,train_02045,train,train,train_legacy
train_02256,train_02256,train_02256,train,train,train_legacy
train_04266,train_04266,train_04266,train,train,train_legacy
train_05027,train_05027,train_05027,train,train,train_legacy
train_04516,train_04516,train_04516,train,train,train_legacy
train_added_val_confirm_00929,val_confirm_00929,val_confirm_00929,val_confirm,train,train_added
train_01675,train_01675,train_01675,train,train,train_legacy
train_04786,train_04786,train_04786,train,train,train_legacy
train_added_test_01682,test_01682,test_01682,test,train,train_added
train_01974,train_01974,train_01974,train,train,train_legacy
train_04912,train_04912,train_04912,train,train,train_legacy
train_05856,train_05856,train_05856,train,train,train_legacy
train_05078,train_05078,train_05078,train,train,train_legacy
train_00697,train_00697,train_00697,train,train,train_legacy
train_02654,train_02654,train_02654,train,train,train_legacy
train_01896,train_01896,train_01896,train,train,train_legacy
train_added_test_02432,test_02432,test_02432,test,train,train_added
train_00452,train_00452,train_00452,train,train,train_legacy
train_added_val_confirm_00090,val_confirm_00090,val_confirm_00090,val_confirm,train,train_added
train_04192,train_04192,train_04192,train,train,train_legacy
train_added_test_01101,test_01101,test_01101,test,train,train_added
train_00939,train_00939,train_00939,train,train,train_legacy
train_03242,train_03242,train_03242,train,train,train_legacy
train_00179,train_00179,train_00179,train,train,train_legacy
train_04969,train_04969,train_04969,train,train,train_legacy
train_00940,train_00940,train_00940,train,train,train_legacy
train_01320,train_01320,train_01320,train,train,train_legacy
train_04519,train_04519,train_04519,train,train,train_legacy
train_01921,train_01921,train_01921,train,train,train_legacy
train_02594,train_02594,train_02594,train,train,train_legacy
train_added_val_confirm_00534,val_confirm_00534,val_confirm_00534,val_confirm,train,train_added
train_added_test_00677,test_00677,test_00677,test,train,train_added
train_05195,train_05195,train_05195,train,train,train_legacy
train_03274,train_03274,train_03274,train,train,train_legacy
train_03343,train_03343,train_03343,train,train,train_legacy
train_04977,train_04977,train_04977,train,train,train_legacy
train_05758,train_05758,train_05758,train,train,train_legacy
train_04756,train_04756,train_04756,train,train,train_legacy
train_added_val_confirm_00077,val_confirm_00077,val_confirm_00077,val_confirm,train,train_added
train_00729,train_00729,train_00729,train,train,train_legacy
train_05392,train_05392,train_05392,train,train,train_legacy
train_00945,train_00945,train_00945,train,train,train_legacy
train_02119,train_02119,train_02119,train,train,train_legacy
train_02273,train_02273,train_02273,train,train,train_legacy
train_05067,train_05067,train_05067,train,train,train_legacy
train_01247,train_01247,train_01247,train,train,train_legacy
train_04590,train_04590,train_04590,train,train,train_legacy
train_05080,train_05080,train_05080,train,train,train_legacy
train_added_val_search_00133,val_search_00133,val_search_00133,val_search,train,train_added
train_00198,train_00198,train_00198,train,train,train_legacy
train_05947,train_05947,train_05947,train,train,train_legacy
train_04495,train_04495,train_04495,train,train,train_legacy
train_added_val_search_00375,val_search_00375,val_search_00375,val_search,train,train_added
train_01325,train_01325,train_01325,train,train,train_legacy
train_03420,train_03420,train_03420,train,train,train_legacy
train_03683,train_03683,train_03683,train,train,train_legacy
train_01179,train_01179,train_01179,train,train,train_legacy
train_01572,train_01572,train_01572,train,train,train_legacy
train_added_val_search_00064,val_search_00064,val_search_00064,val_search,train,train_added
train_00054,train_00054,train_00054,train,train,train_legacy
train_02687,train_02687,train_02687,train,train,train_legacy
train_added_test_02215,test_02215,test_02215,test,train,train_added
train_00785,train_00785,train_00785,train,train,train_legacy
train_03497,train_03497,train_03497,train,train,train_legacy
train_04721,train_04721,train_04721,train,train,train_legacy
train_03544,train_03544,train_03544,train,train,train_legacy
train_03543,train_03543,train_03543,train,train,train_legacy
train_02328,train_02328,train_02328,train,train,train_legacy
train_05735,train_05735,train_05735,train,train,train_legacy
train_04823,train_04823,train_04823,train,train,train_legacy
train_05737,train_05737,train_05737,train,train,train_legacy
train_00544,train_00544,train_00544,train,train,train_legacy
train_01288,train_01288,train_01288,train,train,train_legacy
train_03503,train_03503,train_03503,train,train,train_legacy
train_added_val_search_00084,val_search_00084,val_search_00084,val_search,train,train_added
train_02495,train_02495,train_02495,train,train,train_legacy
train_added_val_search_00389,val_search_00389,val_search_00389,val_search,train,train_added
train_added_test_00785,test_00785,test_00785,test,train,train_added
train_01447,train_01447,train_01447,train,train,train_legacy
train_01634,train_01634,train_01634,train,train,train_legacy
train_added_val_search_00262,val_search_00262,val_search_00262,val_search,train,train_added
train_added_test_00313,test_00313,test_00313,test,train,train_added
train_01981,train_01981,train_01981,train,train,train_legacy
train_added_test_01565,test_01565,test_01565,test,train,train_added
train_02177,train_02177,train_02177,train,train,train_legacy
train_added_test_01974,test_01974,test_01974,test,train,train_added
train_03109,train_03109,train_03109,train,train,train_legacy
train_04296,train_04296,train_04296,train,train,train_legacy
train_01950,train_01950,train_01950,train,train,train_legacy
train_05081,train_05081,train_05081,train,train,train_legacy
train_01291,train_01291,train_01291,train,train,train_legacy
train_added_val_search_00145,val_search_00145,val_search_00145,val_search,train,train_added
train_01873,train_01873,train_01873,train,train,train_legacy
train_added_test_00821,test_00821,test_00821,test,train,train_added
train_00877,train_00877,train_00877,train,train,train_legacy
train_01258,train_01258,train_01258,train,train,train_legacy
train_added_val_confirm_01003,val_confirm_01003,val_confirm_01003,val_confirm,train,train_added
train_01693,train_01693,train_01693,train,train,train_legacy
train_added_test_01371,test_01371,test_01371,test,train,train_added
train_01717,train_01717,train_01717,train,train,train_legacy
train_added_val_confirm_00439,val_confirm_00439,val_confirm_00439,val_confirm,train,train_added
train_03643,train_03643,train_03643,train,train,train_legacy
train_04829,train_04829,train_04829,train,train,train_legacy
train_02529,train_02529,train_02529,train,train,train_legacy
train_00637,train_00637,train_00637,train,train,train_legacy
train_03142,train_03142,train_03142,train,train,train_legacy
train_04176,train_04176,train_04176,train,train,train_legacy
train_03714,train_03714,train_03714,train,train,train_legacy
train_added_val_confirm_01018,val_confirm_01018,val_confirm_01018,val_confirm,train,train_added
train_04535,train_04535,train_04535,train,train,train_legacy
train_05941,train_05941,train_05941,train,train,train_legacy
train_added_val_confirm_00254,val_confirm_00254,val_confirm_00254,val_confirm,train,train_added
train_00759,train_00759,train_00759,train,train,train_legacy
train_added_val_confirm_00519,val_confirm_00519,val_confirm_00519,val_confirm,train,train_added
train_02719,train_02719,train_02719,train,train,train_legacy
train_00373,train_00373,train_00373,train,train,train_legacy
train_05505,train_05505,train_05505,train,train,train_legacy
train_00607,train_00607,train_00607,train,train,train_legacy
train_05079,train_05079,train_05079,train,train,train_legacy
train_02505,train_02505,train_02505,train,train,train_legacy
train_05441,train_05441,train_05441,train,train,train_legacy
train_05890,train_05890,train_05890,train,train,train_legacy
train_added_test_01445,test_01445,test_01445,test,train,train_added
train_01462,train_01462,train_01462,train,train,train_legacy
train_01444,train_01444,train_01444,train,train,train_legacy
train_03659,train_03659,train_03659,train,train,train_legacy
train_03636,train_03636,train_03636,train,train,train_legacy
train_03572,train_03572,train_03572,train,train,train_legacy
train_03406,train_03406,train_03406,train,train,train_legacy
train_02888,train_02888,train_02888,train,train,train_legacy
train_03050,train_03050,train_03050,train,train,train_legacy
train_02150,train_02150,train_02150,train,train,train_legacy
train_03654,train_03654,train_03654,train,train,train_legacy
train_added_val_confirm_01010,val_confirm_01010,val_confirm_01010,val_confirm,train,train_added
train_05122,train_05122,train_05122,train,train,train_legacy
train_05200,train_05200,train_05200,train,train,train_legacy
train_04323,train_04323,train_04323,train,train,train_legacy
train_05217,train_05217,train_05217,train,train,train_legacy
train_01227,train_01227,train_01227,train,train,train_legacy
train_03027,train_03027,train_03027,train,train,train_legacy
train_01313,train_01313,train_01313,train,train,train_legacy
train_03044,train_03044,train_03044,train,train,train_legacy
train_02657,train_02657,train_02657,train,train,train_legacy
train_01626,train_01626,train_01626,train,train,train_legacy
train_04542,train_04542,train_04542,train,train,train_legacy
train_01804,train_01804,train_01804,train,train,train_legacy
train_04702,train_04702,train_04702,train,train,train_legacy
train_00699,train_00699,train_00699,train,train,train_legacy
train_00929,train_00929,train_00929,train,train,train_legacy
train_added_val_search_00358,val_search_00358,val_search_00358,val_search,train,train_added
train_05165,train_05165,train_05165,train,train,train_legacy
train_01842,train_01842,train_01842,train,train,train_legacy
train_05768,train_05768,train_05768,train,train,train_legacy
train_added_val_search_00346,val_search_00346,val_search_00346,val_search,train,train_added
train_added_test_00451,test_00451,test_00451,test,train,train_added
train_00368,train_00368,train_00368,train,train,train_legacy
train_01013,train_01013,train_01013,train,train,train_legacy
train_added_val_confirm_00801,val_confirm_00801,val_confirm_00801,val_confirm,train,train_added
train_04525,train_04525,train_04525,train,train,train_legacy
train_01088,train_01088,train_01088,train,train,train_legacy
train_05878,train_05878,train_05878,train,train,train_legacy
train_04462,train_04462,train_04462,train,train,train_legacy
train_05172,train_05172,train_05172,train,train,train_legacy
train_04027,train_04027,train_04027,train,train,train_legacy
train_05033,train_05033,train_05033,train,train,train_legacy
train_01071,train_01071,train_01071,train,train,train_legacy
train_05068,train_05068,train_05068,train,train,train_legacy
train_04301,train_04301,train_04301,train,train,train_legacy
train_added_val_confirm_00265,val_confirm_00265,val_confirm_00265,val_confirm,train,train_added
train_00185,train_00185,train_00185,train,train,train_legacy
train_added_val_confirm_00522,val_confirm_00522,val_confirm_00522,val_confirm,train,train_added
train_03879,train_03879,train_03879,train,train,train_legacy
train_added_val_confirm_00294,val_confirm_00294,val_confirm_00294,val_confirm,train,train_added
train_03327,train_03327,train_03327,train,train,train_legacy
train_00393,train_00393,train_00393,train,train,train_legacy
train_01005,train_01005,train_01005,train,train,train_legacy
train_00490,train_00490,train_00490,train,train,train_legacy
train_02342,train_02342,train_02342,train,train,train_legacy
train_02493,train_02493,train_02493,train,train,train_legacy
train_added_test_02416,test_02416,test_02416,test,train,train_added
train_01090,train_01090,train_01090,train,train,train_legacy
train_added_val_confirm_00877,val_confirm_00877,val_confirm_00877,val_confirm,train,train_added
train_05898,train_05898,train_05898,train,train,train_legacy
train_02355,train_02355,train_02355,train,train,train_legacy
train_05852,train_05852,train_05852,train,train,train_legacy
train_00269,train_00269,train_00269,train,train,train_legacy
train_01629,train_01629,train_01629,train,train,train_legacy
train_05823,train_05823,train_05823,train,train,train_legacy
train_03822,train_03822,train_03822,train,train,train_legacy
train_00236,train_00236,train_00236,train,train,train_legacy
train_03191,train_03191,train_03191,train,train,train_legacy
train_00527,train_00527,train_00527,train,train,train_legacy
train_added_test_01948,test_01948,test_01948,test,train,train_added
train_02965,train_02965,train_02965,train,train,train_legacy
train_03632,train_03632,train_03632,train,train,train_legacy
train_01535,train_01535,train_01535,train,train,train_legacy
train_05670,train_05670,train_05670,train,train,train_legacy
train_02799,train_02799,train_02799,train,train,train_legacy
train_added_test_00556,test_00556,test_00556,test,train,train_added
train_02545,train_02545,train_02545,train,train,train_legacy
train_02607,train_02607,train_02607,train,train,train_legacy
train_01752,train_01752,train_01752,train,train,train_legacy
train_03579,train_03579,train_03579,train,train,train_legacy
train_02139,train_02139,train_02139,train,train,train_legacy
train_03396,train_03396,train_03396,train,train,train_legacy
train_05243,train_05243,train_05243,train,train,train_legacy
train_03866,train_03866,train_03866,train,train,train_legacy
train_01222,train_01222,train_01222,train,train,train_legacy
train_00448,train_00448,train_00448,train,train,train_legacy
train_01720,train_01720,train_01720,train,train,train_legacy
train_05135,train_05135,train_05135,train,train,train_legacy
train_05415,train_05415,train_05415,train,train,train_legacy
train_01168,train_01168,train_01168,train,train,train_legacy
train_added_test_02419,test_02419,test_02419,test,train,train_added
train_00056,train_00056,train_00056,train,train,train_legacy
train_added_test_01016,test_01016,test_01016,test,train,train_added
train_05444,train_05444,train_05444,train,train,train_legacy
train_00855,train_00855,train_00855,train,train,train_legacy
train_03759,train_03759,train_03759,train,train,train_legacy
train_added_val_confirm_00729,val_confirm_00729,val_confirm_00729,val_confirm,train,train_added
train_added_val_confirm_00706,val_confirm_00706,val_confirm_00706,val_confirm,train,train_added
train_05909,train_05909,train_05909,train,train,train_legacy
train_05818,train_05818,train_05818,train,train,train_legacy
train_02906,train_02906,train_02906,train,train,train_legacy
train_03668,train_03668,train_03668,train,train,train_legacy
train_01732,train_01732,train_01732,train,train,train_legacy
train_04252,train_04252,train_04252,train,train,train_legacy
train_01488,train_01488,train_01488,train,train,train_legacy
train_01998,train_01998,train_01998,train,train,train_legacy
train_00176,train_00176,train_00176,train,train,train_legacy
train_04738,train_04738,train_04738,train,train,train_legacy
train_04349,train_04349,train_04349,train,train,train_legacy
train_03943,train_03943,train_03943,train,train,train_legacy
train_00290,train_00290,train_00290,train,train,train_legacy
train_00836,train_00836,train_00836,train,train,train_legacy
train_05618,train_05618,train_05618,train,train,train_legacy
train_01386,train_01386,train_01386,train,train,train_legacy
train_01799,train_01799,train_01799,train,train,train_legacy
train_04670,train_04670,train_04670,train,train,train_legacy
train_03350,train_03350,train_03350,train,train,train_legacy
train_04281,train_04281,train_04281,train,train,train_legacy
train_added_test_01751,test_01751,test_01751,test,train,train_added
train_02442,train_02442,train_02442,train,train,train_legacy
train_01323,train_01323,train_01323,train,train,train_legacy
train_02622,train_02622,train_02622,train,train,train_legacy
train_04348,train_04348,train_04348,train,train,train_legacy
train_01900,train_01900,train_01900,train,train,train_legacy
train_00734,train_00734,train_00734,train,train,train_legacy
train_00028,train_00028,train_00028,train,train,train_legacy
train_05283,train_05283,train_05283,train,train,train_legacy
train_00507,train_00507,train_00507,train,train,train_legacy
train_added_val_confirm_00940,val_confirm_00940,val_confirm_00940,val_confirm,train,train_added
train_05986,train_05986,train_05986,train,train,train_legacy
train_00107,train_00107,train_00107,train,train,train_legacy
train_02721,train_02721,train_02721,train,train,train_legacy
train_added_test_01860,test_01860,test_01860,test,train,train_added
train_01468,train_01468,train_01468,train,train,train_legacy
train_01812,train_01812,train_01812,train,train,train_legacy
train_04688,train_04688,train_04688,train,train,train_legacy
train_01274,train_01274,train_01274,train,train,train_legacy
train_added_val_confirm_00897,val_confirm_00897,val_confirm_00897,val_confirm,train,train_added
train_02671,train_02671,train_02671,train,train,train_legacy
train_04114,train_04114,train_04114,train,train,train_legacy
train_02887,train_02887,train_02887,train,train,train_legacy
train_02931,train_02931,train_02931,train,train,train_legacy
train_05420,train_05420,train_05420,train,train,train_legacy
train_added_test_01858,test_01858,test_01858,test,train,train_added
train_00810,train_00810,train_00810,train,train,train_legacy
train_05840,train_05840,train_05840,train,train,train_legacy
train_05683,train_05683,train_05683,train,train,train_legacy
train_04710,train_04710,train_04710,train,train,train_legacy
train_added_val_confirm_00962,val_confirm_00962,val_confirm_00962,val_confirm,train,train_added
train_00896,train_00896,train_00896,train,train,train_legacy
train_00442,train_00442,train_00442,train,train,train_legacy
train_04990,train_04990,train_04990,train,train,train_legacy
train_00811,train_00811,train_00811,train,train,train_legacy
train_03349,train_03349,train_03349,train,train,train_legacy
train_05914,train_05914,train_05914,train,train,train_legacy
train_05843,train_05843,train_05843,train,train,train_legacy
train_01389,train_01389,train_01389,train,train,train_legacy
train_00061,train_00061,train_00061,train,train,train_legacy
train_05654,train_05654,train_05654,train,train,train_legacy
train_00928,train_00928,train_00928,train,train,train_legacy
train_00724,train_00724,train_00724,train,train,train_legacy
train_added_val_confirm_00564,val_confirm_00564,val_confirm_00564,val_confirm,train,train_added
train_05086,train_05086,train_05086,train,train,train_legacy
train_05730,train_05730,train_05730,train,train,train_legacy
train_02458,train_02458,train_02458,train,train,train_legacy
train_01867,train_01867,train_01867,train,train,train_legacy
train_00710,train_00710,train_00710,train,train,train_legacy
train_03488,train_03488,train_03488,train,train,train_legacy
train_01997,train_01997,train_01997,train,train,train_legacy
train_01577,train_01577,train_01577,train,train,train_legacy
train_05199,train_05199,train_05199,train,train,train_legacy
train_00953,train_00953,train_00953,train,train,train_legacy
train_04127,train_04127,train_04127,train,train,train_legacy
train_01337,train_01337,train_01337,train,train,train_legacy
train_05495,train_05495,train_05495,train,train,train_legacy
train_02791,train_02791,train_02791,train,train,train_legacy
train_added_val_search_00226,val_search_00226,val_search_00226,val_search,train,train_added
train_04847,train_04847,train_04847,train,train,train_legacy
train_05646,train_05646,train_05646,train,train,train_legacy
train_added_test_01055,test_01055,test_01055,test,train,train_added
train_02762,train_02762,train_02762,train,train,train_legacy
train_04578,train_04578,train_04578,train,train,train_legacy
train_added_val_confirm_00205,val_confirm_00205,val_confirm_00205,val_confirm,train,train_added
train_05592,train_05592,train_05592,train,train,train_legacy
train_05733,train_05733,train_05733,train,train,train_legacy
train_01492,train_01492,train_01492,train,train,train_legacy
train_04306,train_04306,train_04306,train,train,train_legacy
train_01653,train_01653,train_01653,train,train,train_legacy
train_03006,train_03006,train_03006,train,train,train_legacy
train_03301,train_03301,train_03301,train,train,train_legacy
train_03772,train_03772,train_03772,train,train,train_legacy
train_03213,train_03213,train_03213,train,train,train_legacy
train_added_test_01699,test_01699,test_01699,test,train,train_added
train_02510,train_02510,train_02510,train,train,train_legacy
train_04257,train_04257,train_04257,train,train,train_legacy
train_01708,train_01708,train_01708,train,train,train_legacy
train_05295,train_05295,train_05295,train,train,train_legacy
train_04681,train_04681,train_04681,train,train,train_legacy
train_05884,train_05884,train_05884,train,train,train_legacy
train_04918,train_04918,train_04918,train,train,train_legacy
train_02999,train_02999,train_02999,train,train,train_legacy
train_02081,train_02081,train_02081,train,train,train_legacy
train_04365,train_04365,train_04365,train,train,train_legacy
train_00307,train_00307,train_00307,train,train,train_legacy
train_04259,train_04259,train_04259,train,train,train_legacy
train_added_test_01009,test_01009,test_01009,test,train,train_added
train_00572,train_00572,train_00572,train,train,train_legacy
train_04879,train_04879,train_04879,train,train,train_legacy
train_00379,train_00379,train_00379,train,train,train_legacy
train_00838,train_00838,train_00838,train,train,train_legacy
train_00842,train_00842,train_00842,train,train,train_legacy
train_03438,train_03438,train_03438,train,train,train_legacy
train_03013,train_03013,train_03013,train,train,train_legacy
train_03876,train_03876,train_03876,train,train,train_legacy
train_added_test_01887,test_01887,test_01887,test,train,train_added
train_02234,train_02234,train_02234,train,train,train_legacy
train_05754,train_05754,train_05754,train,train,train_legacy
train_04539,train_04539,train_04539,train,train,train_legacy
train_04076,train_04076,train_04076,train,train,train_legacy
train_01196,train_01196,train_01196,train,train,train_legacy
train_added_val_confirm_01059,val_confirm_01059,val_confirm_01059,val_confirm,train,train_added
train_02046,train_02046,train_02046,train,train,train_legacy
train_03896,train_03896,train_03896,train,train,train_legacy
train_04025,train_04025,train_04025,train,train,train_legacy
train_01660,train_01660,train_01660,train,train,train_legacy
train_00570,train_00570,train_00570,train,train,train_legacy
train_04493,train_04493,train_04493,train,train,train_legacy
train_03313,train_03313,train_03313,train,train,train_legacy
train_01798,train_01798,train_01798,train,train,train_legacy
train_01920,train_01920,train_01920,train,train,train_legacy
train_04273,train_04273,train_04273,train,train,train_legacy
train_00504,train_00504,train_00504,train,train,train_legacy
train_04385,train_04385,train_04385,train,train,train_legacy
train_02755,train_02755,train_02755,train,train,train_legacy
train_01609,train_01609,train_01609,train,train,train_legacy
train_01969,train_01969,train_01969,train,train,train_legacy
train_00580,train_00580,train_00580,train,train,train_legacy
train_00852,train_00852,train_00852,train,train,train_legacy
train_04548,train_04548,train_04548,train,train,train_legacy
train_04329,train_04329,train_04329,train,train,train_legacy
train_00073,train_00073,train_00073,train,train,train_legacy
train_00564,train_00564,train_00564,train,train,train_legacy
train_00667,train_00667,train_00667,train,train,train_legacy
train_05124,train_05124,train_05124,train,train,train_legacy
train_03588,train_03588,train_03588,train,train,train_legacy
train_05578,train_05578,train_05578,train,train,train_legacy
train_00375,train_00375,train_00375,train,train,train_legacy
train_added_val_search_00281,val_search_00281,val_search_00281,val_search,train,train_added
train_added_val_confirm_00735,val_confirm_00735,val_confirm_00735,val_confirm,train,train_added
train_05197,train_05197,train_05197,train,train,train_legacy
train_05190,train_05190,train_05190,train,train,train_legacy
train_04429,train_04429,train_04429,train,train,train_legacy
train_04497,train_04497,train_04497,train,train,train_legacy
train_00772,train_00772,train_00772,train,train,train_legacy
train_03254,train_03254,train_03254,train,train,train_legacy
train_05280,train_05280,train_05280,train,train,train_legacy
train_00274,train_00274,train_00274,train,train,train_legacy
train_05610,train_05610,train_05610,train,train,train_legacy
train_04731,train_04731,train_04731,train,train,train_legacy
train_03499,train_03499,train_03499,train,train,train_legacy
train_01666,train_01666,train_01666,train,train,train_legacy
train_02030,train_02030,train_02030,train,train,train_legacy
train_added_val_confirm_00537,val_confirm_00537,val_confirm_00537,val_confirm,train,train_added
train_04531,train_04531,train_04531,train,train,train_legacy
train_00182,train_00182,train_00182,train,train,train_legacy
train_03852,train_03852,train_03852,train,train,train_legacy
train_added_val_confirm_00786,val_confirm_00786,val_confirm_00786,val_confirm,train,train_added
train_01922,train_01922,train_01922,train,train,train_legacy
train_05676,train_05676,train_05676,train,train,train_legacy
train_02040,train_02040,train_02040,train,train,train_legacy
train_00922,train_00922,train_00922,train,train,train_legacy
train_01073,train_01073,train_01073,train,train,train_legacy
train_04165,train_04165,train_04165,train,train,train_legacy
train_04536,train_04536,train_04536,train,train,train_legacy
train_added_test_00631,test_00631,test_00631,test,train,train_added
train_02923,train_02923,train_02923,train,train,train_legacy
train_01114,train_01114,train_01114,train,train,train_legacy
train_00974,train_00974,train_00974,train,train,train_legacy
train_05194,train_05194,train_05194,train,train,train_legacy
train_00497,train_00497,train_00497,train,train,train_legacy
train_05070,train_05070,train_05070,train,train,train_legacy
train_02692,train_02692,train_02692,train,train,train_legacy
train_added_val_confirm_00671,val_confirm_00671,val_confirm_00671,val_confirm,train,train_added
train_03153,train_03153,train_03153,train,train,train_legacy
train_added_val_confirm_00445,val_confirm_00445,val_confirm_00445,val_confirm,train,train_added
train_added_val_search_00380,val_search_00380,val_search_00380,val_search,train,train_added
train_03909,train_03909,train_03909,train,train,train_legacy
train_added_val_confirm_00317,val_confirm_00317,val_confirm_00317,val_confirm,train,train_added
train_05335,train_05335,train_05335,train,train,train_legacy
train_added_val_confirm_00600,val_confirm_00600,val_confirm_00600,val_confirm,train,train_added
train_01541,train_01541,train_01541,train,train,train_legacy
train_03764,train_03764,train_03764,train,train,train_legacy
train_added_val_confirm_00058,val_confirm_00058,val_confirm_00058,val_confirm,train,train_added
train_04978,train_04978,train_04978,train,train,train_legacy
train_added_val_confirm_00598,val_confirm_00598,val_confirm_00598,val_confirm,train,train_added
train_00596,train_00596,train_00596,train,train,train_legacy
train_05108,train_05108,train_05108,train,train,train_legacy
train_03411,train_03411,train_03411,train,train,train_legacy
train_05990,train_05990,train_05990,train,train,train_legacy
train_03858,train_03858,train_03858,train,train,train_legacy
train_02922,train_02922,train_02922,train,train,train_legacy
train_04940,train_04940,train_04940,train,train,train_legacy
train_added_test_01169,test_01169,test_01169,test,train,train_added
train_03060,train_03060,train_03060,train,train,train_legacy
train_01356,train_01356,train_01356,train,train,train_legacy
train_03918,train_03918,train_03918,train,train,train_legacy
train_05700,train_05700,train_05700,train,train,train_legacy
train_02336,train_02336,train_02336,train,train,train_legacy
train_00923,train_00923,train_00923,train,train,train_legacy
train_01932,train_01932,train_01932,train,train,train_legacy
train_00449,train_00449,train_00449,train,train,train_legacy
train_00121,train_00121,train_00121,train,train,train_legacy
train_03640,train_03640,train_03640,train,train,train_legacy
train_02411,train_02411,train_02411,train,train,train_legacy
train_00249,train_00249,train_00249,train,train,train_legacy
train_03440,train_03440,train_03440,train,train,train_legacy
train_01575,train_01575,train_01575,train,train,train_legacy
train_03356,train_03356,train_03356,train,train,train_legacy
train_01363,train_01363,train_01363,train,train,train_legacy
train_05993,train_05993,train_05993,train,train,train_legacy
train_00222,train_00222,train_00222,train,train,train_legacy
train_added_test_01936,test_01936,test_01936,test,train,train_added
train_04571,train_04571,train_04571,train,train,train_legacy
train_05938,train_05938,train_05938,train,train,train_legacy
train_added_test_02352,test_02352,test_02352,test,train,train_added
train_00669,train_00669,train_00669,train,train,train_legacy
train_added_val_confirm_00106,val_confirm_00106,val_confirm_00106,val_confirm,train,train_added
train_00059,train_00059,train_00059,train,train,train_legacy
train_02592,train_02592,train_02592,train,train,train_legacy
train_added_test_01457,test_01457,test_01457,test,train,train_added
train_added_test_00824,test_00824,test_00824,test,train,train_added
train_03704,train_03704,train_03704,train,train,train_legacy
train_01762,train_01762,train_01762,train,train,train_legacy
train_added_val_confirm_00618,val_confirm_00618,val_confirm_00618,val_confirm,train,train_added
train_01631,train_01631,train_01631,train,train,train_legacy
train_01350,train_01350,train_01350,train,train,train_legacy
train_00626,train_00626,train_00626,train,train,train_legacy
train_04022,train_04022,train_04022,train,train,train_legacy
train_02995,train_02995,train_02995,train,train,train_legacy
train_05231,train_05231,train_05231,train,train,train_legacy
train_added_val_confirm_00963,val_confirm_00963,val_confirm_00963,val_confirm,train,train_added
train_01540,train_01540,train_01540,train,train,train_legacy
train_00418,train_00418,train_00418,train,train,train_legacy
train_added_val_confirm_00185,val_confirm_00185,val_confirm_00185,val_confirm,train,train_added
train_added_test_00429,test_00429,test_00429,test,train,train_added
train_02878,train_02878,train_02878,train,train,train_legacy
train_05385,train_05385,train_05385,train,train,train_legacy
train_00655,train_00655,train_00655,train,train,train_legacy
train_02187,train_02187,train_02187,train,train,train_legacy
train_03227,train_03227,train_03227,train,train,train_legacy
train_03598,train_03598,train_03598,train,train,train_legacy
train_05714,train_05714,train_05714,train,train,train_legacy
train_02746,train_02746,train_02746,train,train,train_legacy
train_00802,train_00802,train_00802,train,train,train_legacy
train_02278,train_02278,train_02278,train,train,train_legacy
train_05424,train_05424,train_05424,train,train,train_legacy
train_00513,train_00513,train_00513,train,train,train_legacy
train_03247,train_03247,train_03247,train,train,train_legacy
train_03810,train_03810,train_03810,train,train,train_legacy
train_01600,train_01600,train_01600,train,train,train_legacy
train_04491,train_04491,train_04491,train,train,train_legacy
train_01252,train_01252,train_01252,train,train,train_legacy
train_05819,train_05819,train_05819,train,train,train_legacy
train_01522,train_01522,train_01522,train,train,train_legacy
train_05706,train_05706,train_05706,train,train,train_legacy
train_00583,train_00583,train_00583,train,train,train_legacy
train_04700,train_04700,train_04700,train,train,train_legacy
train_01775,train_01775,train_01775,train,train,train_legacy
train_00777,train_00777,train_00777,train,train,train_legacy
train_added_val_confirm_00206,val_confirm_00206,val_confirm_00206,val_confirm,train,train_added
train_05850,train_05850,train_05850,train,train,train_legacy
train_03983,train_03983,train_03983,train,train,train_legacy
train_00648,train_00648,train_00648,train,train,train_legacy
train_02893,train_02893,train_02893,train,train,train_legacy
train_03024,train_03024,train_03024,train,train,train_legacy
train_03086,train_03086,train_03086,train,train,train_legacy
train_04994,train_04994,train_04994,train,train,train_legacy
train_05496,train_05496,train_05496,train,train,train_legacy
train_04440,train_04440,train_04440,train,train,train_legacy
train_01358,train_01358,train_01358,train,train,train_legacy
train_02900,train_02900,train_02900,train,train,train_legacy
train_00853,train_00853,train_00853,train,train,train_legacy
train_01743,train_01743,train_01743,train,train,train_legacy
train_03823,train_03823,train_03823,train,train,train_legacy
train_02652,train_02652,train_02652,train,train,train_legacy
train_00988,train_00988,train_00988,train,train,train_legacy
train_01611,train_01611,train_01611,train,train,train_legacy
train_02812,train_02812,train_02812,train,train,train_legacy
train_00383,train_00383,train_00383,train,train,train_legacy
train_01597,train_01597,train_01597,train,train,train_legacy
train_added_val_confirm_00578,val_confirm_00578,val_confirm_00578,val_confirm,train,train_added
train_04736,train_04736,train_04736,train,train,train_legacy
train_03397,train_03397,train_03397,train,train,train_legacy
train_04766,train_04766,train_04766,train,train,train_legacy
train_02628,train_02628,train_02628,train,train,train_legacy
train_03224,train_03224,train_03224,train,train,train_legacy
train_02681,train_02681,train_02681,train,train,train_legacy
train_03452,train_03452,train_03452,train,train,train_legacy
train_04129,train_04129,train_04129,train,train,train_legacy
train_00665,train_00665,train_00665,train,train,train_legacy
train_02148,train_02148,train_02148,train,train,train_legacy
train_05228,train_05228,train_05228,train,train,train_legacy
train_00367,train_00367,train_00367,train,train,train_legacy
train_02023,train_02023,train_02023,train,train,train_legacy
train_02645,train_02645,train_02645,train,train,train_legacy
train_04091,train_04091,train_04091,train,train,train_legacy
train_00541,train_00541,train_00541,train,train,train_legacy
train_added_val_confirm_00443,val_confirm_00443,val_confirm_00443,val_confirm,train,train_added
train_02752,train_02752,train_02752,train,train,train_legacy
train_05206,train_05206,train_05206,train,train,train_legacy
train_00167,train_00167,train_00167,train,train,train_legacy
train_02775,train_02775,train_02775,train,train,train_legacy
train_05009,train_05009,train_05009,train,train,train_legacy
train_added_val_confirm_00570,val_confirm_00570,val_confirm_00570,val_confirm,train,train_added
train_03127,train_03127,train_03127,train,train,train_legacy
train_00432,train_00432,train_00432,train,train,train_legacy
train_01399,train_01399,train_01399,train,train,train_legacy
train_05919,train_05919,train_05919,train,train,train_legacy
train_02914,train_02914,train_02914,train,train,train_legacy
train_00493,train_00493,train_00493,train,train,train_legacy
train_02980,train_02980,train_02980,train,train,train_legacy
train_added_test_00209,test_00209,test_00209,test,train,train_added
train_04524,train_04524,train_04524,train,train,train_legacy
train_02417,train_02417,train_02417,train,train,train_legacy
train_01748,train_01748,train_01748,train,train,train_legacy
train_01279,train_01279,train_01279,train,train,train_legacy
train_01054,train_01054,train_01054,train,train,train_legacy
train_00088,train_00088,train_00088,train,train,train_legacy
train_02366,train_02366,train_02366,train,train,train_legacy
train_03220,train_03220,train_03220,train,train,train_legacy
train_03376,train_03376,train_03376,train,train,train_legacy
train_01132,train_01132,train_01132,train,train,train_legacy
train_00215,train_00215,train_00215,train,train,train_legacy
train_05515,train_05515,train_05515,train,train,train_legacy
train_05149,train_05149,train_05149,train,train,train_legacy
train_03996,train_03996,train_03996,train,train,train_legacy
train_01115,train_01115,train_01115,train,train,train_legacy
train_03492,train_03492,train_03492,train,train,train_legacy
train_04572,train_04572,train_04572,train,train,train_legacy
train_05814,train_05814,train_05814,train,train,train_legacy
train_02620,train_02620,train_02620,train,train,train_legacy
train_01172,train_01172,train_01172,train,train,train_legacy
train_03131,train_03131,train_03131,train,train,train_legacy
train_01165,train_01165,train_01165,train,train,train_legacy
train_03556,train_03556,train_03556,train,train,train_legacy
train_05652,train_05652,train_05652,train,train,train_legacy
train_00747,train_00747,train_00747,train,train,train_legacy
train_03222,train_03222,train_03222,train,train,train_legacy
train_00127,train_00127,train_00127,train,train,train_legacy
train_added_val_confirm_01031,val_confirm_01031,val_confirm_01031,val_confirm,train,train_added
train_01530,train_01530,train_01530,train,train,train_legacy
train_00816,train_00816,train_00816,train,train,train_legacy
train_03021,train_03021,train_03021,train,train,train_legacy
train_03124,train_03124,train_03124,train,train,train_legacy
train_added_val_confirm_00276,val_confirm_00276,val_confirm_00276,val_confirm,train,train_added
train_04226,train_04226,train_04226,train,train,train_legacy
train_03519,train_03519,train_03519,train,train,train_legacy
train_01403,train_01403,train_01403,train,train,train_legacy
train_01508,train_01508,train_01508,train,train,train_legacy
train_04445,train_04445,train_04445,train,train,train_legacy
train_03936,train_03936,train_03936,train,train,train_legacy
train_00976,train_00976,train_00976,train,train,train_legacy
train_01865,train_01865,train_01865,train,train,train_legacy
train_02318,train_02318,train_02318,train,train,train_legacy
train_added_val_search_00160,val_search_00160,val_search_00160,val_search,train,train_added
train_04610,train_04610,train_04610,train,train,train_legacy
train_03846,train_03846,train_03846,train,train,train_legacy
train_02261,train_02261,train_02261,train,train,train_legacy
train_added_val_confirm_00261,val_confirm_00261,val_confirm_00261,val_confirm,train,train_added
train_01418,train_01418,train_01418,train,train,train_legacy
train_02016,train_02016,train_02016,train,train,train_legacy
train_04113,train_04113,train_04113,train,train,train_legacy
train_added_val_confirm_00990,val_confirm_00990,val_confirm_00990,val_confirm,train,train_added
train_03893,train_03893,train_03893,train,train,train_legacy
train_00549,train_00549,train_00549,train,train,train_legacy
train_added_test_02404,test_02404,test_02404,test,train,train_added
train_05580,train_05580,train_05580,train,train,train_legacy
train_03949,train_03949,train_03949,train,train,train_legacy
train_05563,train_05563,train_05563,train,train,train_legacy
train_04220,train_04220,train_04220,train,train,train_legacy
train_05290,train_05290,train_05290,train,train,train_legacy
train_05204,train_05204,train_05204,train,train,train_legacy
train_03929,train_03929,train_03929,train,train,train_legacy
train_00524,train_00524,train_00524,train,train,train_legacy
train_04121,train_04121,train_04121,train,train,train_legacy
train_05869,train_05869,train_05869,train,train,train_legacy
train_added_test_00924,test_00924,test_00924,test,train,train_added
train_02001,train_02001,train_02001,train,train,train_legacy
train_03776,train_03776,train_03776,train,train,train_legacy
train_02221,train_02221,train_02221,train,train,train_legacy
train_00550,train_00550,train_00550,train,train,train_legacy
train_05140,train_05140,train_05140,train,train,train_legacy
train_03962,train_03962,train_03962,train,train,train_legacy
train_00321,train_00321,train_00321,train,train,train_legacy
train_00769,train_00769,train_00769,train,train,train_legacy
train_02913,train_02913,train_02913,train,train,train_legacy
train_01822,train_01822,train_01822,train,train,train_legacy
train_03022,train_03022,train_03022,train,train,train_legacy
train_04241,train_04241,train_04241,train,train,train_legacy
train_00187,train_00187,train_00187,train,train,train_legacy
train_04686,train_04686,train_04686,train,train,train_legacy
train_04810,train_04810,train_04810,train,train,train_legacy
train_00038,train_00038,train_00038,train,train,train_legacy
train_04460,train_04460,train_04460,train,train,train_legacy
train_02894,train_02894,train_02894,train,train,train_legacy
train_05875,train_05875,train_05875,train,train,train_legacy
train_added_test_00857,test_00857,test_00857,test,train,train_added
train_02682,train_02682,train_02682,train,train,train_legacy
train_01129,train_01129,train_01129,train,train,train_legacy
train_04038,train_04038,train_04038,train,train,train_legacy
train_05306,train_05306,train_05306,train,train,train_legacy
train_00346,train_00346,train_00346,train,train,train_legacy
train_02217,train_02217,train_02217,train,train,train_legacy
train_01366,train_01366,train_01366,train,train,train_legacy
train_00809,train_00809,train_00809,train,train,train_legacy
train_05778,train_05778,train_05778,train,train,train_legacy
train_04560,train_04560,train_04560,train,train,train_legacy
train_01387,train_01387,train_01387,train,train,train_legacy
train_05052,train_05052,train_05052,train,train,train_legacy
train_03148,train_03148,train_03148,train,train,train_legacy
train_01648,train_01648,train_01648,train,train,train_legacy
train_05911,train_05911,train_05911,train,train,train_legacy
train_04508,train_04508,train_04508,train,train,train_legacy
train_01260,train_01260,train_01260,train,train,train_legacy
train_05672,train_05672,train_05672,train,train,train_legacy
train_04991,train_04991,train_04991,train,train,train_legacy
train_01563,train_01563,train_01563,train,train,train_legacy
train_00916,train_00916,train_00916,train,train,train_legacy
train_added_val_confirm_00183,val_confirm_00183,val_confirm_00183,val_confirm,train,train_added
train_03240,train_03240,train_03240,train,train,train_legacy
train_00051,train_00051,train_00051,train,train,train_legacy
train_00189,train_00189,train_00189,train,train,train_legacy
train_04951,train_04951,train_04951,train,train,train_legacy
train_02102,train_02102,train_02102,train,train,train_legacy
train_00178,train_00178,train_00178,train,train,train_legacy
train_00441,train_00441,train_00441,train,train,train_legacy
train_03696,train_03696,train_03696,train,train,train_legacy
train_02478,train_02478,train_02478,train,train,train_legacy
train_03423,train_03423,train_03423,train,train,train_legacy
train_00083,train_00083,train_00083,train,train,train_legacy
train_05164,train_05164,train_05164,train,train,train_legacy
train_04577,train_04577,train_04577,train,train,train_legacy
train_02720,train_02720,train_02720,train,train,train_legacy
train_05837,train_05837,train_05837,train,train,train_legacy
train_02538,train_02538,train_02538,train,train,train_legacy
train_05674,train_05674,train_05674,train,train,train_legacy
train_03734,train_03734,train_03734,train,train,train_legacy
train_00420,train_00420,train_00420,train,train,train_legacy
train_04066,train_04066,train_04066,train,train,train_legacy
train_01902,train_01902,train_01902,train,train,train_legacy
train_00331,train_00331,train_00331,train,train,train_legacy
train_04635,train_04635,train_04635,train,train,train_legacy
train_01002,train_01002,train_01002,train,train,train_legacy
train_05721,train_05721,train_05721,train,train,train_legacy
train_02879,train_02879,train_02879,train,train,train_legacy
train_01241,train_01241,train_01241,train,train,train_legacy
train_00757,train_00757,train_00757,train,train,train_legacy
train_added_val_search_00378,val_search_00378,val_search_00378,val_search,train,train_added
train_05971,train_05971,train_05971,train,train,train_legacy
train_04031,train_04031,train_04031,train,train,train_legacy
train_02239,train_02239,train_02239,train,train,train_legacy
train_02054,train_02054,train_02054,train,train,train_legacy
train_05050,train_05050,train_05050,train,train,train_legacy
train_00293,train_00293,train_00293,train,train,train_legacy
train_added_val_confirm_00931,val_confirm_00931,val_confirm_00931,val_confirm,train,train_added
train_04513,train_04513,train_04513,train,train,train_legacy
train_added_test_02041,test_02041,test_02041,test,train,train_added
train_00036,train_00036,train_00036,train,train,train_legacy
train_00000,train_00000,train_00000,train,train,train_legacy
train_added_test_00314,test_00314,test_00314,test,train,train_added
train_04624,train_04624,train_04624,train,train,train_legacy
train_00531,train_00531,train_00531,train,train,train_legacy
train_added_test_00772,test_00772,test_00772,test,train,train_added
train_04278,train_04278,train_04278,train,train,train_legacy
train_02561,train_02561,train_02561,train,train,train_legacy
train_03107,train_03107,train_03107,train,train,train_legacy
train_01960,train_01960,train_01960,train,train,train_legacy
train_added_val_confirm_00853,val_confirm_00853,val_confirm_00853,val_confirm,train,train_added
train_05853,train_05853,train_05853,train,train,train_legacy
train_04825,train_04825,train_04825,train,train,train_legacy
train_added_test_01278,test_01278,test_01278,test,train,train_added
train_04496,train_04496,train_04496,train,train,train_legacy
train_01879,train_01879,train_01879,train,train,train_legacy
train_02128,train_02128,train_02128,train,train,train_legacy
train_04728,train_04728,train_04728,train,train,train_legacy
train_05908,train_05908,train_05908,train,train,train_legacy
train_03819,train_03819,train_03819,train,train,train_legacy
train_01343,train_01343,train_01343,train,train,train_legacy
train_03330,train_03330,train_03330,train,train,train_legacy
train_01145,train_01145,train_01145,train,train,train_legacy
train_05793,train_05793,train_05793,train,train,train_legacy
train_added_val_confirm_00268,val_confirm_00268,val_confirm_00268,val_confirm,train,train_added
train_02220,train_02220,train_02220,train,train,train_legacy
train_added_val_confirm_00427,val_confirm_00427,val_confirm_00427,val_confirm,train,train_added
train_00674,train_00674,train_00674,train,train,train_legacy
train_04915,train_04915,train_04915,train,train,train_legacy
train_05589,train_05589,train_05589,train,train,train_legacy
train_04526,train_04526,train_04526,train,train,train_legacy
train_04245,train_04245,train_04245,train,train,train_legacy
train_02259,train_02259,train_02259,train,train,train_legacy
train_00784,train_00784,train_00784,train,train,train_legacy
train_03697,train_03697,train_03697,train,train,train_legacy
train_05264,train_05264,train_05264,train,train,train_legacy
train_added_test_01432,test_01432,test_01432,test,train,train_added
train_added_val_confirm_01080,val_confirm_01080,val_confirm_01080,val_confirm,train,train_added
train_03208,train_03208,train_03208,train,train,train_legacy
train_00617,train_00617,train_00617,train,train,train_legacy
train_02202,train_02202,train_02202,train,train,train_legacy
train_05072,train_05072,train_05072,train,train,train_legacy
train_05313,train_05313,train_05313,train,train,train_legacy
train_01625,train_01625,train_01625,train,train,train_legacy
train_02858,train_02858,train_02858,train,train,train_legacy
train_00283,train_00283,train_00283,train,train,train_legacy
train_02741,train_02741,train_02741,train,train,train_legacy
train_added_test_00064,test_00064,test_00064,test,train,train_added
train_04612,train_04612,train_04612,train,train,train_legacy
train_00902,train_00902,train_00902,train,train,train_legacy
train_01162,train_01162,train_01162,train,train,train_legacy
train_03902,train_03902,train_03902,train,train,train_legacy
train_01751,train_01751,train_01751,train,train,train_legacy
train_03128,train_03128,train_03128,train,train,train_legacy
train_03646,train_03646,train_03646,train,train,train_legacy
train_added_val_confirm_01055,val_confirm_01055,val_confirm_01055,val_confirm,train,train_added
train_02132,train_02132,train_02132,train,train,train_legacy
train_05605,train_05605,train_05605,train,train,train_legacy
train_added_val_search_00224,val_search_00224,val_search_00224,val_search,train,train_added
train_03372,train_03372,train_03372,train,train,train_legacy
train_03917,train_03917,train_03917,train,train,train_legacy
train_04369,train_04369,train_04369,train,train,train_legacy
train_00884,train_00884,train_00884,train,train,train_legacy
train_01063,train_01063,train_01063,train,train,train_legacy
train_00421,train_00421,train_00421,train,train,train_legacy
train_04852,train_04852,train_04852,train,train,train_legacy
train_01617,train_01617,train_01617,train,train,train_legacy
train_02889,train_02889,train_02889,train,train,train_legacy
train_added_val_search_00057,val_search_00057,val_search_00057,val_search,train,train_added
train_05693,train_05693,train_05693,train,train,train_legacy
train_05021,train_05021,train_05021,train,train,train_legacy
train_04914,train_04914,train_04914,train,train,train_legacy
train_added_val_confirm_00120,val_confirm_00120,val_confirm_00120,val_confirm,train,train_added
train_03034,train_03034,train_03034,train,train,train_legacy
train_05289,train_05289,train_05289,train,train,train_legacy
train_05650,train_05650,train_05650,train,train,train_legacy
train_added_test_01775,test_01775,test_01775,test,train,train_added
train_03851,train_03851,train_03851,train,train,train_legacy
train_02306,train_02306,train_02306,train,train,train_legacy
train_04709,train_04709,train_04709,train,train,train_legacy
train_04707,train_04707,train_04707,train,train,train_legacy
train_added_test_01750,test_01750,test_01750,test,train,train_added
train_02083,train_02083,train_02083,train,train,train_legacy
train_03793,train_03793,train_03793,train,train,train_legacy
train_00444,train_00444,train_00444,train,train,train_legacy
train_02960,train_02960,train_02960,train,train,train_legacy
train_05748,train_05748,train_05748,train,train,train_legacy
train_05340,train_05340,train_05340,train,train,train_legacy
train_02157,train_02157,train_02157,train,train,train_legacy
train_01656,train_01656,train_01656,train,train,train_legacy
train_03065,train_03065,train_03065,train,train,train_legacy
train_05136,train_05136,train_05136,train,train,train_legacy
train_01654,train_01654,train_01654,train,train,train_legacy
train_03119,train_03119,train_03119,train,train,train_legacy
train_03674,train_03674,train_03674,train,train,train_legacy
train_added_test_00301,test_00301,test_00301,test,train,train_added
train_added_val_confirm_00744,val_confirm_00744,val_confirm_00744,val_confirm,train,train_added
train_added_test_02254,test_02254,test_02254,test,train,train_added
train_04473,train_04473,train_04473,train,train,train_legacy
train_added_test_01839,test_01839,test_01839,test,train,train_added
train_04093,train_04093,train_04093,train,train,train_legacy
train_02073,train_02073,train_02073,train,train,train_legacy
train_00392,train_00392,train_00392,train,train,train_legacy
train_00231,train_00231,train_00231,train,train,train_legacy
train_04859,train_04859,train_04859,train,train,train_legacy
train_02244,train_02244,train_02244,train,train,train_legacy
train_added_val_confirm_01095,val_confirm_01095,val_confirm_01095,val_confirm,train,train_added
train_05022,train_05022,train_05022,train,train,train_legacy
train_02630,train_02630,train_02630,train,train,train_legacy
train_03317,train_03317,train_03317,train,train,train_legacy
train_03991,train_03991,train_03991,train,train,train_legacy
train_04313,train_04313,train_04313,train,train,train_legacy
train_00027,train_00027,train_00027,train,train,train_legacy
train_00815,train_00815,train_00815,train,train,train_legacy
train_02559,train_02559,train_02559,train,train,train_legacy
train_00188,train_00188,train_00188,train,train,train_legacy
train_02527,train_02527,train_02527,train,train,train_legacy
train_added_test_02236,test_02236,test_02236,test,train,train_added
train_05247,train_05247,train_05247,train,train,train_legacy
train_05824,train_05824,train_05824,train,train,train_legacy
train_00043,train_00043,train_00043,train,train,train_legacy
train_01410,train_01410,train_01410,train,train,train_legacy
train_00574,train_00574,train_00574,train,train,train_legacy
train_05963,train_05963,train_05963,train,train,train_legacy
train_03121,train_03121,train_03121,train,train,train_legacy
train_03367,train_03367,train_03367,train,train,train_legacy
train_01501,train_01501,train_01501,train,train,train_legacy
train_02565,train_02565,train_02565,train,train,train_legacy
train_added_test_00199,test_00199,test_00199,test,train,train_added
train_05015,train_05015,train_05015,train,train,train_legacy
train_02182,train_02182,train_02182,train,train,train_legacy
train_05912,train_05912,train_05912,train,train,train_legacy
train_01289,train_01289,train_01289,train,train,train_legacy
train_05434,train_05434,train_05434,train,train,train_legacy
train_00512,train_00512,train_00512,train,train,train_legacy
train_05382,train_05382,train_05382,train,train,train_legacy
train_04505,train_04505,train_04505,train,train,train_legacy
train_05366,train_05366,train_05366,train,train,train_legacy
train_added_val_search_00047,val_search_00047,val_search_00047,val_search,train,train_added
train_03573,train_03573,train_03573,train,train,train_legacy
train_00587,train_00587,train_00587,train,train,train_legacy
train_03888,train_03888,train_03888,train,train,train_legacy
train_00102,train_00102,train_00102,train,train,train_legacy
train_05777,train_05777,train_05777,train,train,train_legacy
train_02748,train_02748,train_02748,train,train,train_legacy
train_01305,train_01305,train_01305,train,train,train_legacy
train_01428,train_01428,train_01428,train,train,train_legacy
train_03262,train_03262,train_03262,train,train,train_legacy
train_01478,train_01478,train_01478,train,train,train_legacy
train_05273,train_05273,train_05273,train,train,train_legacy
train_00323,train_00323,train_00323,train,train,train_legacy
train_00135,train_00135,train_00135,train,train,train_legacy
train_03971,train_03971,train_03971,train,train,train_legacy
train_01432,train_01432,train_01432,train,train,train_legacy
train_01690,train_01690,train_01690,train,train,train_legacy
train_04391,train_04391,train_04391,train,train,train_legacy
train_02433,train_02433,train_02433,train,train,train_legacy
train_04544,train_04544,train_04544,train,train,train_legacy
train_added_test_02015,test_02015,test_02015,test,train,train_added
train_03289,train_03289,train_03289,train,train,train_legacy
train_04811,train_04811,train_04811,train,train,train_legacy
train_02961,train_02961,train_02961,train,train,train_legacy
train_00150,train_00150,train_00150,train,train,train_legacy
train_04981,train_04981,train_04981,train,train,train_legacy
train_00695,train_00695,train_00695,train,train,train_legacy
train_00126,train_00126,train_00126,train,train,train_legacy
train_05218,train_05218,train_05218,train,train,train_legacy
train_01173,train_01173,train_01173,train,train,train_legacy
train_added_val_search_00341,val_search_00341,val_search_00341,val_search,train,train_added
train_01552,train_01552,train_01552,train,train,train_legacy
train_04480,train_04480,train_04480,train,train,train_legacy
train_02423,train_02423,train_02423,train,train,train_legacy
train_05057,train_05057,train_05057,train,train,train_legacy
train_00096,train_00096,train_00096,train,train,train_legacy
train_04777,train_04777,train_04777,train,train,train_legacy
train_added_test_01233,test_01233,test_01233,test,train,train_added
train_00660,train_00660,train_00660,train,train,train_legacy
train_01834,train_01834,train_01834,train,train,train_legacy
train_added_val_search_00327,val_search_00327,val_search_00327,val_search,train,train_added
train_added_val_search_00322,val_search_00322,val_search_00322,val_search,train,train_added
train_01233,train_01233,train_01233,train,train,train_legacy
train_03015,train_03015,train_03015,train,train,train_legacy
train_added_test_01048,test_01048,test_01048,test,train,train_added
train_04398,train_04398,train_04398,train,train,train_legacy
train_added_val_search_00370,val_search_00370,val_search_00370,val_search,train,train_added
train_05032,train_05032,train_05032,train,train,train_legacy
train_03670,train_03670,train_03670,train,train,train_legacy
train_02122,train_02122,train_02122,train,train,train_legacy
train_added_test_01028,test_01028,test_01028,test,train,train_added
train_03476,train_03476,train_03476,train,train,train_legacy
train_00958,train_00958,train_00958,train,train,train_legacy
train_00951,train_00951,train_00951,train,train,train_legacy
train_01312,train_01312,train_01312,train,train,train_legacy
train_01205,train_01205,train_01205,train,train,train_legacy
train_04073,train_04073,train_04073,train,train,train_legacy
train_added_test_00881,test_00881,test_00881,test,train,train_added
train_04299,train_04299,train_04299,train,train,train_legacy
train_added_test_01012,test_01012,test_01012,test,train,train_added
train_03008,train_03008,train_03008,train,train,train_legacy
train_01765,train_01765,train_01765,train,train,train_legacy
train_added_val_confirm_00336,val_confirm_00336,val_confirm_00336,val_confirm,train,train_added
train_02385,train_02385,train_02385,train,train,train_legacy
train_01486,train_01486,train_01486,train,train,train_legacy
train_05013,train_05013,train_05013,train,train,train_legacy
train_02892,train_02892,train_02892,train,train,train_legacy
train_01652,train_01652,train_01652,train,train,train_legacy
train_added_val_confirm_00822,val_confirm_00822,val_confirm_00822,val_confirm,train,train_added
train_01917,train_01917,train_01917,train,train,train_legacy
train_05906,train_05906,train_05906,train,train,train_legacy
train_02830,train_02830,train_02830,train,train,train_legacy
train_03870,train_03870,train_03870,train,train,train_legacy
train_02245,train_02245,train_02245,train,train,train_legacy
train_added_test_00102,test_00102,test_00102,test,train,train_added
train_04171,train_04171,train_04171,train,train,train_legacy
train_01357,train_01357,train_01357,train,train,train_legacy
train_00837,train_00837,train_00837,train,train,train_legacy
train_05303,train_05303,train_05303,train,train,train_legacy
train_04706,train_04706,train_04706,train,train,train_legacy
train_03712,train_03712,train_03712,train,train,train_legacy
train_05989,train_05989,train_05989,train,train,train_legacy
train_02896,train_02896,train_02896,train,train,train_legacy
train_03137,train_03137,train_03137,train,train,train_legacy
train_04271,train_04271,train_04271,train,train,train_legacy
train_03582,train_03582,train_03582,train,train,train_legacy
train_02255,train_02255,train_02255,train,train,train_legacy
train_00746,train_00746,train_00746,train,train,train_legacy
train_added_val_confirm_00180,val_confirm_00180,val_confirm_00180,val_confirm,train,train_added
train_03088,train_03088,train_03088,train,train,train_legacy
train_added_test_00459,test_00459,test_00459,test,train,train_added
train_01203,train_01203,train_01203,train,train,train_legacy
train_01174,train_01174,train_01174,train,train,train_legacy
train_05423,train_05423,train_05423,train,train,train_legacy
train_added_val_confirm_00968,val_confirm_00968,val_confirm_00968,val_confirm,train,train_added
train_02489,train_02489,train_02489,train,train,train_legacy
train_00503,train_00503,train_00503,train,train,train_legacy
train_00789,train_00789,train_00789,train,train,train_legacy
train_00156,train_00156,train_00156,train,train,train_legacy
train_04617,train_04617,train_04617,train,train,train_legacy
train_03679,train_03679,train_03679,train,train,train_legacy
train_added_val_confirm_00203,val_confirm_00203,val_confirm_00203,val_confirm,train,train_added
train_02512,train_02512,train_02512,train,train,train_legacy
train_04451,train_04451,train_04451,train,train,train_legacy
train_01641,train_01641,train_01641,train,train,train_legacy
train_04950,train_04950,train_04950,train,train,train_legacy
train_01996,train_01996,train_01996,train,train,train_legacy
train_05498,train_05498,train_05498,train,train,train_legacy
train_01811,train_01811,train_01811,train,train,train_legacy
train_02351,train_02351,train_02351,train,train,train_legacy
train_added_val_search_00395,val_search_00395,val_search_00395,val_search,train,train_added
train_05326,train_05326,train_05326,train,train,train_legacy
train_01837,train_01837,train_01837,train,train,train_legacy
train_03344,train_03344,train_03344,train,train,train_legacy
train_03382,train_03382,train_03382,train,train,train_legacy
train_00227,train_00227,train_00227,train,train,train_legacy
train_03622,train_03622,train_03622,train,train,train_legacy
train_added_val_confirm_00468,val_confirm_00468,val_confirm_00468,val_confirm,train,train_added
train_04184,train_04184,train_04184,train,train,train_legacy
train_added_test_00822,test_00822,test_00822,test,train,train_added
train_00716,train_00716,train_00716,train,train,train_legacy
train_added_test_01218,test_01218,test_01218,test,train,train_added
train_03767,train_03767,train_03767,train,train,train_legacy
train_04663,train_04663,train_04663,train,train,train_legacy
train_05062,train_05062,train_05062,train,train,train_legacy
train_00530,train_00530,train_00530,train,train,train_legacy
train_04386,train_04386,train_04386,train,train,train_legacy
train_03194,train_03194,train_03194,train,train,train_legacy
train_04068,train_04068,train_04068,train,train,train_legacy
train_05488,train_05488,train_05488,train,train,train_legacy
train_01156,train_01156,train_01156,train,train,train_legacy
train_02232,train_02232,train_02232,train,train,train_legacy
train_added_test_00577,test_00577,test_00577,test,train,train_added
train_00727,train_00727,train_00727,train,train,train_legacy
train_03603,train_03603,train_03603,train,train,train_legacy
train_03554,train_03554,train_03554,train,train,train_legacy
train_03797,train_03797,train_03797,train,train,train_legacy
train_02798,train_02798,train_02798,train,train,train_legacy
train_05391,train_05391,train_05391,train,train,train_legacy
train_02982,train_02982,train_02982,train,train,train_legacy
train_01281,train_01281,train_01281,train,train,train_legacy
train_added_val_search_00070,val_search_00070,val_search_00070,val_search,train,train_added
train_00087,train_00087,train_00087,train,train,train_legacy
train_added_val_confirm_00798,val_confirm_00798,val_confirm_00798,val_confirm,train,train_added
train_05479,train_05479,train_05479,train,train,train_legacy
train_01741,train_01741,train_01741,train,train,train_legacy
train_01127,train_01127,train_01127,train,train,train_legacy
train_05861,train_05861,train_05861,train,train,train_legacy
train_03803,train_03803,train_03803,train,train,train_legacy
train_added_val_confirm_00279,val_confirm_00279,val_confirm_00279,val_confirm,train,train_added
train_05338,train_05338,train_05338,train,train,train_legacy
train_02734,train_02734,train_02734,train,train,train_legacy
train_added_val_confirm_00644,val_confirm_00644,val_confirm_00644,val_confirm,train,train_added
train_05705,train_05705,train_05705,train,train,train_legacy
train_03249,train_03249,train_03249,train,train,train_legacy
train_02271,train_02271,train_02271,train,train,train_legacy
train_01757,train_01757,train_01757,train,train,train_legacy
train_04939,train_04939,train_04939,train,train,train_legacy
train_05064,train_05064,train_05064,train,train,train_legacy
train_01049,train_01049,train_01049,train,train,train_legacy
train_00472,train_00472,train_00472,train,train,train_legacy
train_00510,train_00510,train_00510,train,train,train_legacy
train_01953,train_01953,train_01953,train,train,train_legacy
train_added_test_02025,test_02025,test_02025,test,train,train_added
train_04082,train_04082,train_04082,train,train,train_legacy
train_04883,train_04883,train_04883,train,train,train_legacy
train_00599,train_00599,train_00599,train,train,train_legacy
train_02736,train_02736,train_02736,train,train,train_legacy
train_05889,train_05889,train_05889,train,train,train_legacy
train_01261,train_01261,train_01261,train,train,train_legacy
train_05882,train_05882,train_05882,train,train,train_legacy
train_04084,train_04084,train_04084,train,train,train_legacy
train_02438,train_02438,train_02438,train,train,train_legacy
train_04464,train_04464,train_04464,train,train,train_legacy
train_05620,train_05620,train_05620,train,train,train_legacy
train_added_test_00862,test_00862,test_00862,test,train,train_added
train_02275,train_02275,train_02275,train,train,train_legacy
train_01767,train_01767,train_01767,train,train,train_legacy
train_added_test_00258,test_00258,test_00258,test,train,train_added
train_05440,train_05440,train_05440,train,train,train_legacy
train_04474,train_04474,train_04474,train,train,train_legacy
train_03388,train_03388,train_03388,train,train,train_legacy
train_added_test_01737,test_01737,test_01737,test,train,train_added
train_04426,train_04426,train_04426,train,train,train_legacy
train_01134,train_01134,train_01134,train,train,train_legacy
train_added_val_confirm_00794,val_confirm_00794,val_confirm_00794,val_confirm,train,train_added
train_04255,train_04255,train_04255,train,train,train_legacy
train_05262,train_05262,train_05262,train,train,train_legacy
train_added_val_search_00300,val_search_00300,val_search_00300,val_search,train,train_added
train_added_test_01452,test_01452,test_01452,test,train,train_added
train_00143,train_00143,train_00143,train,train,train_legacy
train_03304,train_03304,train_03304,train,train,train_legacy
train_03592,train_03592,train_03592,train,train,train_legacy
train_02124,train_02124,train_02124,train,train,train_legacy
train_03973,train_03973,train_03973,train,train,train_legacy
train_04007,train_04007,train_04007,train,train,train_legacy
train_03495,train_03495,train_03495,train,train,train_legacy
train_03111,train_03111,train_03111,train,train,train_legacy
train_01431,train_01431,train_01431,train,train,train_legacy
train_added_test_01247,test_01247,test_01247,test,train,train_added
train_03278,train_03278,train_03278,train,train,train_legacy
train_added_test_01025,test_01025,test_01025,test,train,train_added
train_01901,train_01901,train_01901,train,train,train_legacy
train_01710,train_01710,train_01710,train,train,train_legacy
train_05773,train_05773,train_05773,train,train,train_legacy
train_04770,train_04770,train_04770,train,train,train_legacy
train_03345,train_03345,train_03345,train,train,train_legacy
train_05677,train_05677,train_05677,train,train,train_legacy
train_added_val_search_00036,val_search_00036,val_search_00036,val_search,train,train_added
train_02856,train_02856,train_02856,train,train,train_legacy
train_05171,train_05171,train_05171,train,train,train_legacy
train_03792,train_03792,train_03792,train,train,train_legacy
train_added_test_01899,test_01899,test_01899,test,train,train_added
train_00303,train_00303,train_00303,train,train,train_legacy
train_02818,train_02818,train_02818,train,train,train_legacy
train_05752,train_05752,train_05752,train,train,train_legacy
train_03333,train_03333,train_03333,train,train,train_legacy
train_05550,train_05550,train_05550,train,train,train_legacy
train_01531,train_01531,train_01531,train,train,train_legacy
train_03608,train_03608,train_03608,train,train,train_legacy
train_02421,train_02421,train_02421,train,train,train_legacy
train_added_val_search_00379,val_search_00379,val_search_00379,val_search,train,train_added
train_03395,train_03395,train_03395,train,train,train_legacy
train_03407,train_03407,train_03407,train,train,train_legacy
train_01850,train_01850,train_01850,train,train,train_legacy
train_added_test_01525,test_01525,test_01525,test,train,train_added
train_05312,train_05312,train_05312,train,train,train_legacy
train_02643,train_02643,train_02643,train,train,train_legacy
train_04412,train_04412,train_04412,train,train,train_legacy
train_02134,train_02134,train_02134,train,train,train_legacy
train_added_val_search_00331,val_search_00331,val_search_00331,val_search,train,train_added
train_added_val_confirm_00543,val_confirm_00543,val_confirm_00543,val_confirm,train,train_added
train_01583,train_01583,train_01583,train,train,train_legacy
train_03743,train_03743,train_03743,train,train,train_legacy
train_00871,train_00871,train_00871,train,train,train_legacy
train_02547,train_02547,train_02547,train,train,train_legacy
train_02304,train_02304,train_02304,train,train,train_legacy
train_added_val_confirm_01070,val_confirm_01070,val_confirm_01070,val_confirm,train,train_added
train_added_val_confirm_00647,val_confirm_00647,val_confirm_00647,val_confirm,train,train_added
train_05704,train_05704,train_05704,train,train,train_legacy
train_03739,train_03739,train_03739,train,train,train_legacy
train_00201,train_00201,train_00201,train,train,train_legacy
train_added_test_00063,test_00063,test_00063,test,train,train_added
train_added_val_confirm_00241,val_confirm_00241,val_confirm_00241,val_confirm,train,train_added
train_05666,train_05666,train_05666,train,train,train_legacy
train_added_test_02321,test_02321,test_02321,test,train,train_added
train_05543,train_05543,train_05543,train,train,train_legacy
train_04437,train_04437,train_04437,train,train,train_legacy
train_01592,train_01592,train_01592,train,train,train_legacy
train_added_val_confirm_01098,val_confirm_01098,val_confirm_01098,val_confirm,train,train_added
train_04300,train_04300,train_04300,train,train,train_legacy
train_02281,train_02281,train_02281,train,train,train_legacy
train_05973,train_05973,train_05973,train,train,train_legacy
train_05044,train_05044,train_05044,train,train,train_legacy
train_added_test_01569,test_01569,test_01569,test,train,train_added
train_01941,train_01941,train_01941,train,train,train_legacy
train_05900,train_05900,train_05900,train,train,train_legacy
train_00141,train_00141,train_00141,train,train,train_legacy
train_04225,train_04225,train_04225,train,train,train_legacy
train_00745,train_00745,train_00745,train,train,train_legacy
train_03682,train_03682,train_03682,train,train,train_legacy
train_02802,train_02802,train_02802,train,train,train_legacy
train_03514,train_03514,train_03514,train,train,train_legacy
train_01579,train_01579,train_01579,train,train,train_legacy
train_05489,train_05489,train_05489,train,train,train_legacy
train_02616,train_02616,train_02616,train,train,train_legacy
train_00926,train_00926,train_00926,train,train,train_legacy
train_02305,train_02305,train_02305,train,train,train_legacy
train_added_val_confirm_01050,val_confirm_01050,val_confirm_01050,val_confirm,train,train_added
train_04051,train_04051,train_04051,train,train,train_legacy
train_added_val_confirm_00130,val_confirm_00130,val_confirm_00130,val_confirm,train,train_added
train_01526,train_01526,train_01526,train,train,train_legacy
train_00577,train_00577,train_00577,train,train,train_legacy
train_added_val_confirm_00688,val_confirm_00688,val_confirm_00688,val_confirm,train,train_added
train_00863,train_00863,train_00863,train,train,train_legacy
train_added_val_confirm_00461,val_confirm_00461,val_confirm_00461,val_confirm,train,train_added
train_00737,train_00737,train_00737,train,train,train_legacy
train_added_test_01297,test_01297,test_01297,test,train,train_added
train_05988,train_05988,train_05988,train,train,train_legacy
train_03255,train_03255,train_03255,train,train,train_legacy
train_00235,train_00235,train_00235,train,train,train_legacy
train_added_val_search_00330,val_search_00330,val_search_00330,val_search,train,train_added
train_05439,train_05439,train_05439,train,train,train_legacy
train_00181,train_00181,train_00181,train,train,train_legacy
train_00216,train_00216,train_00216,train,train,train_legacy
train_01759,train_01759,train_01759,train,train,train_legacy
train_05616,train_05616,train_05616,train,train,train_legacy
train_03827,train_03827,train_03827,train,train,train_legacy
train_04719,train_04719,train_04719,train,train,train_legacy
train_05184,train_05184,train_05184,train,train,train_legacy
train_00229,train_00229,train_00229,train,train,train_legacy
train_04727,train_04727,train_04727,train,train,train_legacy
train_02776,train_02776,train_02776,train,train,train_legacy
train_02577,train_02577,train_02577,train,train,train_legacy
train_02579,train_02579,train_02579,train,train,train_legacy
train_00044,train_00044,train_00044,train,train,train_legacy
train_00750,train_00750,train_00750,train,train,train_legacy
train_03447,train_03447,train_03447,train,train,train_legacy
train_05738,train_05738,train_05738,train,train,train_legacy
train_05920,train_05920,train_05920,train,train,train_legacy
train_01639,train_01639,train_01639,train,train,train_legacy
train_added_val_confirm_00399,val_confirm_00399,val_confirm_00399,val_confirm,train,train_added
train_03152,train_03152,train_03152,train,train,train_legacy
train_02951,train_02951,train_02951,train,train,train_legacy
train_02015,train_02015,train_02015,train,train,train_legacy
train_00780,train_00780,train_00780,train,train,train_legacy
train_03614,train_03614,train_03614,train,train,train_legacy
train_01527,train_01527,train_01527,train,train,train_legacy
train_01277,train_01277,train_01277,train,train,train_legacy
train_01458,train_01458,train_01458,train,train,train_legacy
train_01192,train_01192,train_01192,train,train,train_legacy
train_added_test_01309,test_01309,test_01309,test,train,train_added
train_02137,train_02137,train_02137,train,train,train_legacy
train_04604,train_04604,train_04604,train,train,train_legacy
train_04484,train_04484,train_04484,train,train,train_legacy
train_05968,train_05968,train_05968,train,train,train_legacy
train_03294,train_03294,train_03294,train,train,train_legacy
train_05726,train_05726,train_05726,train,train,train_legacy
train_added_test_00745,test_00745,test_00745,test,train,train_added
train_00897,train_00897,train_00897,train,train,train_legacy
train_04972,train_04972,train_04972,train,train,train_legacy
train_03123,train_03123,train_03123,train,train,train_legacy
train_00095,train_00095,train_00095,train,train,train_legacy
train_02175,train_02175,train_02175,train,train,train_legacy
train_02747,train_02747,train_02747,train,train,train_legacy
train_00494,train_00494,train_00494,train,train,train_legacy
train_02430,train_02430,train_02430,train,train,train_legacy
train_added_test_01596,test_01596,test_01596,test,train,train_added
train_00604,train_00604,train_00604,train,train,train_legacy
train_05987,train_05987,train_05987,train,train,train_legacy
train_00440,train_00440,train_00440,train,train,train_legacy
train_00677,train_00677,train_00677,train,train,train_legacy
train_added_val_confirm_00812,val_confirm_00812,val_confirm_00812,val_confirm,train,train_added
train_added_test_01392,test_01392,test_01392,test,train,train_added
train_02065,train_02065,train_02065,train,train,train_legacy
train_added_test_01325,test_01325,test_01325,test,train,train_added
train_02164,train_02164,train_02164,train,train,train_legacy
train_00456,train_00456,train_00456,train,train,train_legacy
train_05430,train_05430,train_05430,train,train,train_legacy
train_added_test_00159,test_00159,test_00159,test,train,train_added
train_added_val_confirm_00852,val_confirm_00852,val_confirm_00852,val_confirm,train,train_added
train_00219,train_00219,train_00219,train,train,train_legacy
train_02431,train_02431,train_02431,train,train,train_legacy
train_05922,train_05922,train_05922,train,train,train_legacy
train_01284,train_01284,train_01284,train,train,train_legacy
train_04690,train_04690,train_04690,train,train,train_legacy
train_03698,train_03698,train_03698,train,train,train_legacy
train_01892,train_01892,train_01892,train,train,train_legacy
train_04141,train_04141,train_04141,train,train,train_legacy
train_added_test_01333,test_01333,test_01333,test,train,train_added
train_03081,train_03081,train_03081,train,train,train_legacy
train_04351,train_04351,train_04351,train,train,train_legacy
train_02191,train_02191,train_02191,train,train,train_legacy
train_02388,train_02388,train_02388,train,train,train_legacy
train_added_test_00431,test_00431,test_00431,test,train,train_added
train_03491,train_03491,train_03491,train,train,train_legacy
train_03512,train_03512,train_03512,train,train,train_legacy
train_05418,train_05418,train_05418,train,train,train_legacy
train_04417,train_04417,train_04417,train,train,train_legacy
train_04441,train_04441,train_04441,train,train,train_legacy
train_01480,train_01480,train_01480,train,train,train_legacy
train_03184,train_03184,train_03184,train,train,train_legacy
train_05913,train_05913,train_05913,train,train,train_legacy
train_02114,train_02114,train_02114,train,train,train_legacy
train_00457,train_00457,train_00457,train,train,train_legacy
train_added_test_01935,test_01935,test_01935,test,train,train_added
train_00941,train_00941,train_00941,train,train,train_legacy
train_05254,train_05254,train_05254,train,train,train_legacy
train_03068,train_03068,train_03068,train,train,train_legacy
train_04293,train_04293,train_04293,train,train,train_legacy
train_01801,train_01801,train_01801,train,train,train_legacy
train_03305,train_03305,train_03305,train,train,train_legacy
train_05708,train_05708,train_05708,train,train,train_legacy
train_01940,train_01940,train_01940,train,train,train_legacy
train_added_test_01943,test_01943,test_01943,test,train,train_added
train_05945,train_05945,train_05945,train,train,train_legacy
train_05772,train_05772,train_05772,train,train,train_legacy
train_01916,train_01916,train_01916,train,train,train_legacy
train_01543,train_01543,train_01543,train,train,train_legacy
train_03295,train_03295,train_03295,train,train,train_legacy
train_added_test_02439,test_02439,test_02439,test,train,train_added
train_added_test_00032,test_00032,test_00032,test,train,train_added
train_05958,train_05958,train_05958,train,train,train_legacy
train_00652,train_00652,train_00652,train,train,train_legacy
train_05746,train_05746,train_05746,train,train,train_legacy
train_04489,train_04489,train_04489,train,train,train_legacy
train_04842,train_04842,train_04842,train,train,train_legacy
train_02322,train_02322,train_02322,train,train,train_legacy
train_05747,train_05747,train_05747,train,train,train_legacy
train_00826,train_00826,train_00826,train,train,train_legacy
train_04478,train_04478,train_04478,train,train,train_legacy
train_04716,train_04716,train_04716,train,train,train_legacy
train_04179,train_04179,train_04179,train,train,train_legacy
train_00654,train_00654,train_00654,train,train,train_legacy
train_00013,train_00013,train_00013,train,train,train_legacy
train_05642,train_05642,train_05642,train,train,train_legacy
train_03147,train_03147,train_03147,train,train,train_legacy
train_02884,train_02884,train_02884,train,train,train_legacy
train_03872,train_03872,train_03872,train,train,train_legacy
train_added_val_search_00053,val_search_00053,val_search_00053,val_search,train,train_added
train_00796,train_00796,train_00796,train,train,train_legacy
train_05784,train_05784,train_05784,train,train,train_legacy
train_05975,train_05975,train_05975,train,train,train_legacy
train_01118,train_01118,train_01118,train,train,train_legacy
train_added_val_confirm_00770,val_confirm_00770,val_confirm_00770,val_confirm,train,train_added
train_02788,train_02788,train_02788,train,train,train_legacy
train_00749,train_00749,train_00749,train,train,train_legacy
train_added_val_confirm_01099,val_confirm_01099,val_confirm_01099,val_confirm,train,train_added
train_04224,train_04224,train_04224,train,train,train_legacy
train_05416,train_05416,train_05416,train,train,train_legacy
train_00052,train_00052,train_00052,train,train,train_legacy
train_added_test_01995,test_01995,test_01995,test,train,train_added
train_05892,train_05892,train_05892,train,train,train_legacy
train_03700,train_03700,train_03700,train,train,train_legacy
train_05036,train_05036,train_05036,train,train,train_legacy
train_00089,train_00089,train_00089,train,train,train_legacy
train_05929,train_05929,train_05929,train,train,train_legacy
train_added_val_confirm_00141,val_confirm_00141,val_confirm_00141,val_confirm,train,train_added
train_01103,train_01103,train_01103,train,train,train_legacy
train_05323,train_05323,train_05323,train,train,train_legacy
train_05370,train_05370,train_05370,train,train,train_legacy
train_03703,train_03703,train_03703,train,train,train_legacy
train_04099,train_04099,train_04099,train,train,train_legacy
train_02324,train_02324,train_02324,train,train,train_legacy
train_01993,train_01993,train_01993,train,train,train_legacy
train_01020,train_01020,train_01020,train,train,train_legacy
train_02299,train_02299,train_02299,train,train,train_legacy
train_02446,train_02446,train_02446,train,train,train_legacy
train_04384,train_04384,train_04384,train,train,train_legacy
train_01698,train_01698,train_01698,train,train,train_legacy
train_00935,train_00935,train_00935,train,train,train_legacy
train_02263,train_02263,train_02263,train,train,train_legacy
train_02052,train_02052,train_02052,train,train,train_legacy
train_added_val_confirm_00677,val_confirm_00677,val_confirm_00677,val_confirm,train,train_added
train_04878,train_04878,train_04878,train,train,train_legacy
train_02434,train_02434,train_02434,train,train,train_legacy
train_03662,train_03662,train_03662,train,train,train_legacy
train_05590,train_05590,train_05590,train,train,train_legacy
train_04882,train_04882,train_04882,train,train,train_legacy
train_02584,train_02584,train_02584,train,train,train_legacy
train_00522,train_00522,train_00522,train,train,train_legacy
train_added_test_01623,test_01623,test_01623,test,train,train_added
train_05826,train_05826,train_05826,train,train,train_legacy
train_04895,train_04895,train_04895,train,train,train_legacy
train_02774,train_02774,train_02774,train,train,train_legacy
train_05242,train_05242,train_05242,train,train,train_legacy
train_02337,train_02337,train_02337,train,train,train_legacy
train_added_val_search_00228,val_search_00228,val_search_00228,val_search,train,train_added
train_04874,train_04874,train_04874,train,train,train_legacy
train_00046,train_00046,train_00046,train,train,train_legacy
train_05628,train_05628,train_05628,train,train,train_legacy
train_05357,train_05357,train_05357,train,train,train_legacy
train_03672,train_03672,train_03672,train,train,train_legacy
train_05463,train_05463,train_05463,train,train,train_legacy
train_02945,train_02945,train_02945,train,train,train_legacy
train_01664,train_01664,train_01664,train,train,train_legacy
train_02927,train_02927,train_02927,train,train,train_legacy
train_03518,train_03518,train_03518,train,train,train_legacy
train_added_test_02176,test_02176,test_02176,test,train,train_added
train_05554,train_05554,train_05554,train,train,train_legacy
train_02728,train_02728,train_02728,train,train,train_legacy
train_01014,train_01014,train_01014,train,train,train_legacy
train_04547,train_04547,train_04547,train,train,train_legacy
train_00350,train_00350,train_00350,train,train,train_legacy
train_02483,train_02483,train_02483,train,train,train_legacy
train_01784,train_01784,train_01784,train,train,train_legacy
train_05845,train_05845,train_05845,train,train,train_legacy
train_00844,train_00844,train_00844,train,train,train_legacy
train_02331,train_02331,train_02331,train,train,train_legacy
train_02408,train_02408,train_02408,train,train,train_legacy
train_added_val_confirm_00074,val_confirm_00074,val_confirm_00074,val_confirm,train,train_added
train_00673,train_00673,train_00673,train,train,train_legacy
train_added_val_confirm_00449,val_confirm_00449,val_confirm_00449,val_confirm,train,train_added
train_added_test_00044,test_00044,test_00044,test,train,train_added
train_03460,train_03460,train_03460,train,train,train_legacy
train_00927,train_00927,train_00927,train,train,train_legacy
train_04435,train_04435,train_04435,train,train,train_legacy
train_04779,train_04779,train_04779,train,train,train_legacy
train_00885,train_00885,train_00885,train,train,train_legacy
train_00804,train_00804,train_00804,train,train,train_legacy
train_00111,train_00111,train_00111,train,train,train_legacy
train_03033,train_03033,train_03033,train,train,train_legacy
train_03501,train_03501,train_03501,train,train,train_legacy
train_02875,train_02875,train_02875,train,train,train_legacy
train_00798,train_00798,train_00798,train,train,train_legacy
train_05760,train_05760,train_05760,train,train,train_legacy
train_02618,train_02618,train_02618,train,train,train_legacy
train_added_val_confirm_00900,val_confirm_00900,val_confirm_00900,val_confirm,train,train_added
train_added_val_confirm_00708,val_confirm_00708,val_confirm_00708,val_confirm,train,train_added
train_05409,train_05409,train_05409,train,train,train_legacy
train_04186,train_04186,train_04186,train,train,train_legacy
train_05128,train_05128,train_05128,train,train,train_legacy
train_00450,train_00450,train_00450,train,train,train_legacy
train_02007,train_02007,train_02007,train,train,train_legacy
train_03873,train_03873,train_03873,train,train,train_legacy
train_03373,train_03373,train_03373,train,train,train_legacy
train_added_test_01066,test_01066,test_01066,test,train,train_added
train_01301,train_01301,train_01301,train,train,train_legacy
train_00429,train_00429,train_00429,train,train,train_legacy
train_02770,train_02770,train_02770,train,train,train_legacy
train_added_test_00554,test_00554,test_00554,test,train,train_added
train_05083,train_05083,train_05083,train,train,train_legacy
train_added_test_01843,test_01843,test_01843,test,train,train_added
train_05025,train_05025,train_05025,train,train,train_legacy
train_added_val_search_00079,val_search_00079,val_search_00079,val_search,train,train_added
train_01704,train_01704,train_01704,train,train,train_legacy
train_added_test_01745,test_01745,test_01745,test,train,train_added
train_02381,train_02381,train_02381,train,train,train_legacy
train_03192,train_03192,train_03192,train,train,train_legacy
train_05487,train_05487,train_05487,train,train,train_legacy
train_03617,train_03617,train_03617,train,train,train_legacy
train_05939,train_05939,train_05939,train,train,train_legacy
train_00684,train_00684,train_00684,train,train,train_legacy
train_00725,train_00725,train_00725,train,train,train_legacy
train_03157,train_03157,train_03157,train,train,train_legacy
train_04388,train_04388,train_04388,train,train,train_legacy
train_00385,train_00385,train_00385,train,train,train_legacy
train_03865,train_03865,train_03865,train,train,train_legacy
train_04001,train_04001,train_04001,train,train,train_legacy
train_01514,train_01514,train_01514,train,train,train_legacy
train_00795,train_00795,train_00795,train,train,train_legacy
train_04576,train_04576,train_04576,train,train,train_legacy
train_added_val_confirm_00010,val_confirm_00010,val_confirm_00010,val_confirm,train,train_added
train_03387,train_03387,train_03387,train,train,train_legacy
train_00586,train_00586,train_00586,train,train,train_legacy
train_01908,train_01908,train_01908,train,train,train_legacy
train_00571,train_00571,train_00571,train,train,train_legacy
train_01621,train_01621,train_01621,train,train,train_legacy
train_02059,train_02059,train_02059,train,train,train_legacy
train_03744,train_03744,train_03744,train,train,train_legacy
train_01149,train_01149,train_01149,train,train,train_legacy
train_02222,train_02222,train_02222,train,train,train_legacy
train_04071,train_04071,train_04071,train,train,train_legacy
train_03059,train_03059,train_03059,train,train,train_legacy
train_00661,train_00661,train_00661,train,train,train_legacy
train_01884,train_01884,train_01884,train,train,train_legacy
train_05741,train_05741,train_05741,train,train,train_legacy
train_02208,train_02208,train_02208,train,train,train_legacy
train_02120,train_02120,train_02120,train,train,train_legacy
train_01612,train_01612,train_01612,train,train,train_legacy
train_04267,train_04267,train_04267,train,train,train_legacy
train_05250,train_05250,train_05250,train,train,train_legacy
train_added_val_search_00023,val_search_00023,val_search_00023,val_search,train,train_added
train_01647,train_01647,train_01647,train,train,train_legacy
train_02077,train_02077,train_02077,train,train,train_legacy
train_added_val_confirm_00670,val_confirm_00670,val_confirm_00670,val_confirm,train,train_added
train_01487,train_01487,train_01487,train,train,train_legacy
train_05274,train_05274,train_05274,train,train,train_legacy
train_03048,train_03048,train_03048,train,train,train_legacy
train_00112,train_00112,train_00112,train,train,train_legacy
train_03176,train_03176,train_03176,train,train,train_legacy
train_00768,train_00768,train_00768,train,train,train_legacy
train_03853,train_03853,train_03853,train,train,train_legacy
train_01004,train_01004,train_01004,train,train,train_legacy
train_02848,train_02848,train_02848,train,train,train_legacy
train_04807,train_04807,train_04807,train,train,train_legacy
train_01649,train_01649,train_01649,train,train,train_legacy
train_04034,train_04034,train_04034,train,train,train_legacy
train_02530,train_02530,train_02530,train,train,train_legacy
train_01511,train_01511,train_01511,train,train,train_legacy
train_01709,train_01709,train_01709,train,train,train_legacy
train_05388,train_05388,train_05388,train,train,train_legacy
train_00099,train_00099,train_00099,train,train,train_legacy
train_added_val_confirm_00223,val_confirm_00223,val_confirm_00223,val_confirm,train,train_added
train_05118,train_05118,train_05118,train,train,train_legacy
train_added_val_confirm_00547,val_confirm_00547,val_confirm_00547,val_confirm,train,train_added
train_02898,train_02898,train_02898,train,train,train_legacy
train_added_test_01646,test_01646,test_01646,test,train,train_added
train_00581,train_00581,train_00581,train,train,train_legacy
train_added_val_confirm_00243,val_confirm_00243,val_confirm_00243,val_confirm,train,train_added
train_00646,train_00646,train_00646,train,train,train_legacy
train_02035,train_02035,train_02035,train,train,train_legacy
train_03934,train_03934,train_03934,train,train,train_legacy
train_00318,train_00318,train_00318,train,train,train_legacy
train_01859,train_01859,train_01859,train,train,train_legacy
train_05630,train_05630,train_05630,train,train,train_legacy
train_02435,train_02435,train_02435,train,train,train_legacy
train_02051,train_02051,train_02051,train,train,train_legacy
train_01562,train_01562,train_01562,train,train,train_legacy
train_01544,train_01544,train_01544,train,train,train_legacy
train_04055,train_04055,train_04055,train,train,train_legacy
train_00879,train_00879,train_00879,train,train,train_legacy
train_02641,train_02641,train_02641,train,train,train_legacy
train_added_test_02166,test_02166,test_02166,test,train,train_added
train_01513,train_01513,train_01513,train,train,train_legacy
train_added_test_00976,test_00976,test_00976,test,train,train_added
train_02329,train_02329,train_02329,train,train,train_legacy
train_added_val_search_00369,val_search_00369,val_search_00369,val_search,train,train_added
train_01839,train_01839,train_01839,train,train,train_legacy
train_03623,train_03623,train_03623,train,train,train_legacy
train_00314,train_00314,train_00314,train,train,train_legacy
train_02787,train_02787,train_02787,train,train,train_legacy
train_03040,train_03040,train_03040,train,train,train_legacy
train_04740,train_04740,train_04740,train,train,train_legacy
train_03439,train_03439,train_03439,train,train,train_legacy
train_01008,train_01008,train_01008,train,train,train_legacy
train_added_test_00162,test_00162,test_00162,test,train,train_added
train_04096,train_04096,train_04096,train,train,train_legacy
train_added_val_confirm_01062,val_confirm_01062,val_confirm_01062,val_confirm,train,train_added
train_00620,train_00620,train_00620,train,train,train_legacy
train_05544,train_05544,train_05544,train,train,train_legacy
train_03352,train_03352,train_03352,train,train,train_legacy
train_05048,train_05048,train_05048,train,train,train_legacy
train_05485,train_05485,train_05485,train,train,train_legacy
train_00072,train_00072,train_00072,train,train,train_legacy
train_02967,train_02967,train_02967,train,train,train_legacy
train_02508,train_02508,train_02508,train,train,train_legacy
train_03100,train_03100,train_03100,train,train,train_legacy
train_01106,train_01106,train_01106,train,train,train_legacy
train_02984,train_02984,train_02984,train,train,train_legacy
train_02392,train_02392,train_02392,train,train,train_legacy
train_03324,train_03324,train_03324,train,train,train_legacy
train_added_val_confirm_00372,val_confirm_00372,val_confirm_00372,val_confirm,train,train_added
train_02479,train_02479,train_02479,train,train,train_legacy
train_00889,train_00889,train_00889,train,train,train_legacy
train_04875,train_04875,train_04875,train,train,train_legacy
train_02904,train_02904,train_02904,train,train,train_legacy
train_01994,train_01994,train_01994,train,train,train_legacy
train_04910,train_04910,train_04910,train,train,train_legacy
train_01295,train_01295,train_01295,train,train,train_legacy
train_00470,train_00470,train_00470,train,train,train_legacy
train_04507,train_04507,train_04507,train,train,train_legacy
train_00532,train_00532,train_00532,train,train,train_legacy
train_05694,train_05694,train_05694,train,train,train_legacy
train_04102,train_04102,train_04102,train,train,train_legacy
train_01885,train_01885,train_01885,train,train,train_legacy
train_03510,train_03510,train_03510,train,train,train_legacy
train_05272,train_05272,train_05272,train,train,train_legacy
train_04683,train_04683,train_04683,train,train,train_legacy
train_02474,train_02474,train_02474,train,train,train_legacy
train_03038,train_03038,train_03038,train,train,train_legacy
train_01112,train_01112,train_01112,train,train,train_legacy
train_05130,train_05130,train_05130,train,train,train_legacy
train_00955,train_00955,train_00955,train,train,train_legacy
train_01139,train_01139,train_01139,train,train,train_legacy
train_05095,train_05095,train_05095,train,train,train_legacy
train_added_test_00407,test_00407,test_00407,test,train,train_added
train_02814,train_02814,train_02814,train,train,train_legacy
train_00271,train_00271,train_00271,train,train,train_legacy
train_02096,train_02096,train_02096,train,train,train_legacy
train_03012,train_03012,train_03012,train,train,train_legacy
train_05901,train_05901,train_05901,train,train,train_legacy
train_00678,train_00678,train_00678,train,train,train_legacy
train_05352,train_05352,train_05352,train,train,train_legacy
train_05937,train_05937,train_05937,train,train,train_legacy
train_03164,train_03164,train_03164,train,train,train_legacy
train_05774,train_05774,train_05774,train,train,train_legacy
train_05679,train_05679,train_05679,train,train,train_legacy
train_04601,train_04601,train_04601,train,train,train_legacy
train_04112,train_04112,train_04112,train,train,train_legacy
train_04204,train_04204,train_04204,train,train,train_legacy
train_01965,train_01965,train_01965,train,train,train_legacy
train_03523,train_03523,train_03523,train,train,train_legacy
train_01760,train_01760,train_01760,train,train,train_legacy
train_04193,train_04193,train_04193,train,train,train_legacy
train_02282,train_02282,train_02282,train,train,train_legacy
train_05792,train_05792,train_05792,train,train,train_legacy
train_03651,train_03651,train_03651,train,train,train_legacy
train_04870,train_04870,train_04870,train,train,train_legacy
train_04103,train_04103,train_04103,train,train,train_legacy
train_00313,train_00313,train_00313,train,train,train_legacy
train_04699,train_04699,train_04699,train,train,train_legacy
train_04684,train_04684,train_04684,train,train,train_legacy
train_added_test_00462,test_00462,test_00462,test,train,train_added
train_00208,train_00208,train_00208,train,train,train_legacy
train_01331,train_01331,train_01331,train,train,train_legacy
train_04789,train_04789,train_04789,train,train,train_legacy
train_04725,train_04725,train_04725,train,train,train_legacy
train_04041,train_04041,train_04041,train,train,train_legacy
train_05301,train_05301,train_05301,train,train,train_legacy
train_03029,train_03029,train_03029,train,train,train_legacy
train_02971,train_02971,train_02971,train,train,train_legacy
train_added_val_confirm_00271,val_confirm_00271,val_confirm_00271,val_confirm,train,train_added
train_added_val_confirm_00903,val_confirm_00903,val_confirm_00903,val_confirm,train,train_added
train_05362,train_05362,train_05362,train,train,train_legacy
train_00014,train_00014,train_00014,train,train,train_legacy
train_05094,train_05094,train_05094,train,train,train_legacy
train_05494,train_05494,train_05494,train,train,train_legacy
train_04676,train_04676,train_04676,train,train,train_legacy
train_05051,train_05051,train_05051,train,train,train_legacy
train_04637,train_04637,train_04637,train,train,train_legacy
train_05836,train_05836,train_05836,train,train,train_legacy
train_added_test_01033,test_01033,test_01033,test,train,train_added
train_00155,train_00155,train_00155,train,train,train_legacy
train_00975,train_00975,train_00975,train,train,train_legacy
train_00241,train_00241,train_00241,train,train,train_legacy
train_02143,train_02143,train_02143,train,train,train_legacy
train_04722,train_04722,train_04722,train,train,train_legacy
train_01321,train_01321,train_01321,train,train,train_legacy
train_05880,train_05880,train_05880,train,train,train_legacy
train_added_val_confirm_00193,val_confirm_00193,val_confirm_00193,val_confirm,train,train_added
train_02992,train_02992,train_02992,train,train,train_legacy
train_03104,train_03104,train_03104,train,train,train_legacy
train_05653,train_05653,train_05653,train,train,train_legacy
train_03328,train_03328,train_03328,train,train,train_legacy
train_03537,train_03537,train_03537,train,train,train_legacy
train_04656,train_04656,train_04656,train,train,train_legacy
train_01517,train_01517,train_01517,train,train,train_legacy
train_05926,train_05926,train_05926,train,train,train_legacy
train_04585,train_04585,train_04585,train,train,train_legacy
train_04169,train_04169,train_04169,train,train,train_legacy
train_01669,train_01669,train_01669,train,train,train_legacy
train_04360,train_04360,train_04360,train,train,train_legacy
train_added_test_00085,test_00085,test_00085,test,train,train_added
train_00260,train_00260,train_00260,train,train,train_legacy
train_05949,train_05949,train_05949,train,train,train_legacy
train_04854,train_04854,train_04854,train,train,train_legacy
train_00116,train_00116,train_00116,train,train,train_legacy
train_02151,train_02151,train_02151,train,train,train_legacy
train_02647,train_02647,train_02647,train,train,train_legacy
train_00458,train_00458,train_00458,train,train,train_legacy
train_00415,train_00415,train_00415,train,train,train_legacy
train_added_test_00363,test_00363,test_00363,test,train,train_added
train_04648,train_04648,train_04648,train,train,train_legacy
train_01131,train_01131,train_01131,train,train,train_legacy
train_05369,train_05369,train_05369,train,train,train_legacy
train_04868,train_04868,train_04868,train,train,train_legacy
train_added_val_confirm_01048,val_confirm_01048,val_confirm_01048,val_confirm,train,train_added
train_03687,train_03687,train_03687,train,train,train_legacy
train_02361,train_02361,train_02361,train,train,train_legacy
train_03908,train_03908,train_03908,train,train,train_legacy
train_01495,train_01495,train_01495,train,train,train_legacy
train_03602,train_03602,train_03602,train,train,train_legacy
train_01703,train_01703,train_01703,train,train,train_legacy
train_04822,train_04822,train_04822,train,train,train_legacy
train_01880,train_01880,train_01880,train,train,train_legacy
train_added_test_02405,test_02405,test_02405,test,train,train_added
train_00694,train_00694,train_00694,train,train,train_legacy
train_01761,train_01761,train_01761,train,train,train_legacy
train_04609,train_04609,train_04609,train,train,train_legacy
train_02161,train_02161,train_02161,train,train,train_legacy
train_added_val_confirm_00509,val_confirm_00509,val_confirm_00509,val_confirm,train,train_added
train_added_test_01884,test_01884,test_01884,test,train,train_added
train_01809,train_01809,train_01809,train,train,train_legacy
train_01042,train_01042,train_01042,train,train,train_legacy
train_03766,train_03766,train_03766,train,train,train_legacy
train_00330,train_00330,train_00330,train,train,train_legacy
train_02293,train_02293,train_02293,train,train,train_legacy
train_01445,train_01445,train_01445,train,train,train_legacy
train_05916,train_05916,train_05916,train,train,train_legacy
train_01466,train_01466,train_01466,train,train,train_legacy
train_04533,train_04533,train_04533,train,train,train_legacy
train_05129,train_05129,train_05129,train,train,train_legacy
train_05619,train_05619,train_05619,train,train,train_legacy
train_03259,train_03259,train_03259,train,train,train_legacy
train_01909,train_01909,train_01909,train,train,train_legacy
train_00186,train_00186,train_00186,train,train,train_legacy
train_02749,train_02749,train_02749,train,train,train_legacy
train_00097,train_00097,train_00097,train,train,train_legacy
train_03577,train_03577,train_03577,train,train,train_legacy
train_00707,train_00707,train_00707,train,train,train_legacy
train_04362,train_04362,train_04362,train,train,train_legacy
train_02312,train_02312,train_02312,train,train,train_legacy
train_added_test_01541,test_01541,test_01541,test,train,train_added
train_05629,train_05629,train_05629,train,train,train_legacy
train_04110,train_04110,train_04110,train,train,train_legacy
train_05433,train_05433,train_05433,train,train,train_legacy
train_added_val_confirm_00098,val_confirm_00098,val_confirm_00098,val_confirm,train,train_added
train_05054,train_05054,train_05054,train,train,train_legacy
train_00602,train_00602,train_00602,train,train,train_legacy
train_02588,train_02588,train_02588,train,train,train_legacy
train_05011,train_05011,train_05011,train,train,train_legacy
train_03272,train_03272,train_03272,train,train,train_legacy
train_00410,train_00410,train_00410,train,train,train_legacy
train_03511,train_03511,train_03511,train,train,train_legacy
train_05456,train_05456,train_05456,train,train,train_legacy
train_04704,train_04704,train_04704,train,train,train_legacy
train_added_test_01667,test_01667,test_01667,test,train,train_added
train_01555,train_01555,train_01555,train,train,train_legacy
train_00294,train_00294,train_00294,train,train,train_legacy
train_02179,train_02179,train_02179,train,train,train_legacy
train_00253,train_00253,train_00253,train,train,train_legacy
train_03733,train_03733,train_03733,train,train,train_legacy
train_04376,train_04376,train_04376,train,train,train_legacy
train_02891,train_02891,train_02891,train,train,train_legacy
train_01283,train_01283,train_01283,train,train,train_legacy
train_00278,train_00278,train_00278,train,train,train_legacy
train_05300,train_05300,train_05300,train,train,train_legacy
train_01794,train_01794,train_01794,train,train,train_legacy
train_added_val_search_00006,val_search_00006,val_search_00006,val_search,train,train_added
train_05355,train_05355,train_05355,train,train,train_legacy
train_03911,train_03911,train_03911,train,train,train_legacy
train_01000,train_01000,train_01000,train,train,train_legacy
train_01825,train_01825,train_01825,train,train,train_legacy
train_02058,train_02058,train_02058,train,train,train_legacy
train_00443,train_00443,train_00443,train,train,train_legacy
train_added_val_confirm_00689,val_confirm_00689,val_confirm_00689,val_confirm,train,train_added
train_00026,train_00026,train_00026,train,train,train_legacy
train_02466,train_02466,train_02466,train,train,train_legacy
train_01116,train_01116,train_01116,train,train,train_legacy
train_05585,train_05585,train_05585,train,train,train_legacy
train_00621,train_00621,train_00621,train,train,train_legacy
train_03448,train_03448,train_03448,train,train,train_legacy
train_02750,train_02750,train_02750,train,train,train_legacy
train_02568,train_02568,train_02568,train,train,train_legacy
train_03377,train_03377,train_03377,train,train,train_legacy
train_00388,train_00388,train_00388,train,train,train_legacy
train_04593,train_04593,train_04593,train,train,train_legacy
train_01897,train_01897,train_01897,train,train,train_legacy
train_00882,train_00882,train_00882,train,train,train_legacy
train_05245,train_05245,train_05245,train,train,train_legacy
train_01695,train_01695,train_01695,train,train,train_legacy
train_added_test_01174,test_01174,test_01174,test,train,train_added
train_added_val_confirm_00327,val_confirm_00327,val_confirm_00327,val_confirm,train,train_added
train_added_val_confirm_00073,val_confirm_00073,val_confirm_00073,val_confirm,train,train_added
train_00233,train_00233,train_00233,train,train,train_legacy
train_added_test_00742,test_00742,test_00742,test,train,train_added
train_03264,train_03264,train_03264,train,train,train_legacy
train_05924,train_05924,train_05924,train,train,train_legacy
train_03193,train_03193,train_03193,train,train,train_legacy
train_03980,train_03980,train_03980,train,train,train_legacy
train_03458,train_03458,train_03458,train,train,train_legacy
train_02076,train_02076,train_02076,train,train,train_legacy
train_01738,train_01738,train_01738,train,train,train_legacy
train_01231,train_01231,train_01231,train,train,train_legacy
train_05147,train_05147,train_05147,train,train,train_legacy
train_04743,train_04743,train_04743,train,train,train_legacy
train_04289,train_04289,train_04289,train,train,train_legacy
train_01591,train_01591,train_01591,train,train,train_legacy
train_added_val_confirm_00321,val_confirm_00321,val_confirm_00321,val_confirm,train,train_added
train_01539,train_01539,train_01539,train,train,train_legacy
train_03002,train_03002,train_03002,train,train,train_legacy
train_04466,train_04466,train_04466,train,train,train_legacy
train_03474,train_03474,train_03474,train,train,train_legacy
train_02850,train_02850,train_02850,train,train,train_legacy
train_added_test_01746,test_01746,test_01746,test,train,train_added
train_01479,train_01479,train_01479,train,train,train_legacy
train_03461,train_03461,train_03461,train,train,train_legacy
train_01793,train_01793,train_01793,train,train,train_legacy
train_04232,train_04232,train_04232,train,train,train_legacy
train_05412,train_05412,train_05412,train,train,train_legacy
train_03685,train_03685,train_03685,train,train,train_legacy
train_05931,train_05931,train_05931,train,train,train_legacy
train_added_test_00795,test_00795,test_00795,test,train,train_added
train_03814,train_03814,train_03814,train,train,train_legacy
train_02390,train_02390,train_02390,train,train,train_legacy
train_03635,train_03635,train_03635,train,train,train_legacy
train_02599,train_02599,train_02599,train,train,train_legacy
train_03727,train_03727,train_03727,train,train,train_legacy
train_05587,train_05587,train_05587,train,train,train_legacy
train_05287,train_05287,train_05287,train,train,train_legacy
train_02362,train_02362,train_02362,train,train,train_legacy
train_05770,train_05770,train_05770,train,train,train_legacy
train_03960,train_03960,train_03960,train,train,train_legacy
train_03339,train_03339,train_03339,train,train,train_legacy
train_00162,train_00162,train_00162,train,train,train_legacy
train_added_val_confirm_00132,val_confirm_00132,val_confirm_00132,val_confirm,train,train_added
train_05394,train_05394,train_05394,train,train,train_legacy
train_01771,train_01771,train_01771,train,train,train_legacy
train_02997,train_02997,train_02997,train,train,train_legacy
train_added_test_00606,test_00606,test_00606,test,train,train_added
train_05269,train_05269,train_05269,train,train,train_legacy
train_05976,train_05976,train_05976,train,train,train_legacy
train_01864,train_01864,train_01864,train,train,train_legacy
train_added_val_search_00287,val_search_00287,val_search_00287,val_search,train,train_added
train_02870,train_02870,train_02870,train,train,train_legacy
train_03771,train_03771,train_03771,train,train,train_legacy
train_02881,train_02881,train_02881,train,train,train_legacy
train_00569,train_00569,train_00569,train,train,train_legacy
train_01080,train_01080,train_01080,train,train,train_legacy
train_04797,train_04797,train_04797,train,train,train_legacy
train_05955,train_05955,train_05955,train,train,train_legacy
train_04694,train_04694,train_04694,train,train,train_legacy
train_03399,train_03399,train_03399,train,train,train_legacy
train_03169,train_03169,train_03169,train,train,train_legacy
train_02491,train_02491,train_02491,train,train,train_legacy
train_05718,train_05718,train_05718,train,train,train_legacy
train_02578,train_02578,train_02578,train,train,train_legacy
train_03286,train_03286,train_03286,train,train,train_legacy
train_added_val_confirm_00859,val_confirm_00859,val_confirm_00859,val_confirm,train,train_added
train_00371,train_00371,train_00371,train,train,train_legacy
train_01282,train_01282,train_01282,train,train,train_legacy
train_added_test_02111,test_02111,test_02111,test,train,train_added
train_01914,train_01914,train_01914,train,train,train_legacy
train_00830,train_00830,train_00830,train,train,train_legacy
train_added_val_confirm_00133,val_confirm_00133,val_confirm_00133,val_confirm,train,train_added
train_added_val_confirm_00541,val_confirm_00541,val_confirm_00541,val_confirm,train,train_added
train_03736,train_03736,train_03736,train,train,train_legacy
train_03995,train_03995,train_03995,train,train,train_legacy
train_04988,train_04988,train_04988,train,train,train_legacy
train_02025,train_02025,train_02025,train,train,train_legacy
train_added_test_01199,test_01199,test_01199,test,train,train_added
train_05573,train_05573,train_05573,train,train,train_legacy
train_01423,train_01423,train_01423,train,train,train_legacy
train_00339,train_00339,train_00339,train,train,train_legacy
train_03976,train_03976,train_03976,train,train,train_legacy
train_05429,train_05429,train_05429,train,train,train_legacy
train_03666,train_03666,train_03666,train,train,train_legacy
train_02706,train_02706,train_02706,train,train,train_legacy
train_00369,train_00369,train_00369,train,train,train_legacy
train_02779,train_02779,train_02779,train,train,train_legacy
train_05024,train_05024,train_05024,train,train,train_legacy
train_05514,train_05514,train_05514,train,train,train_legacy
train_00763,train_00763,train_00763,train,train,train_legacy
train_04952,train_04952,train_04952,train,train,train_legacy
train_01707,train_01707,train_01707,train,train,train_legacy
train_00891,train_00891,train_00891,train,train,train_legacy
train_01725,train_01725,train_01725,train,train,train_legacy
train_added_val_confirm_00697,val_confirm_00697,val_confirm_00697,val_confirm,train,train_added
train_05103,train_05103,train_05103,train,train,train_legacy
train_03729,train_03729,train_03729,train,train,train_legacy
train_04045,train_04045,train_04045,train,train,train_legacy
train_00719,train_00719,train_00719,train,train,train_legacy
train_00856,train_00856,train_00856,train,train,train_legacy
train_added_test_02450,test_02450,test_02450,test,train,train_added
train_04808,train_04808,train_04808,train,train,train_legacy
train_01038,train_01038,train_01038,train,train,train_legacy
train_02615,train_02615,train_02615,train,train,train_legacy
train_01273,train_01273,train_01273,train,train,train_legacy
train_03935,train_03935,train_03935,train,train,train_legacy
train_05534,train_05534,train_05534,train,train,train_legacy
train_05763,train_05763,train_05763,train,train,train_legacy
train_04785,train_04785,train_04785,train,train,train_legacy
train_05244,train_05244,train_05244,train,train,train_legacy
train_00689,train_00689,train_00689,train,train,train_legacy
train_00997,train_00997,train_00997,train,train,train_legacy
train_05830,train_05830,train_05830,train,train,train_legacy
train_02451,train_02451,train_02451,train,train,train_legacy
train_05851,train_05851,train_05851,train,train,train_legacy
train_01962,train_01962,train_01962,train,train,train_legacy
train_02309,train_02309,train_02309,train,train,train_legacy
train_05421,train_05421,train_05421,train,train,train_legacy
train_00170,train_00170,train_00170,train,train,train_legacy
train_05615,train_05615,train_05615,train,train,train_legacy
train_00244,train_00244,train_00244,train,train,train_legacy
train_04284,train_04284,train_04284,train,train,train_legacy
train_added_test_00668,test_00668,test_00668,test,train,train_added
train_added_test_00323,test_00323,test_00323,test,train,train_added
train_added_val_confirm_00891,val_confirm_00891,val_confirm_00891,val_confirm,train,train_added
train_00195,train_00195,train_00195,train,train,train_legacy
train_04814,train_04814,train_04814,train,train,train_legacy
train_added_val_search_00102,val_search_00102,val_search_00102,val_search,train,train_added
train_01973,train_01973,train_01973,train,train,train_legacy
train_04187,train_04187,train_04187,train,train,train_legacy
train_01566,train_01566,train_01566,train,train,train_legacy
train_04553,train_04553,train_04553,train,train,train_legacy
train_added_test_00586,test_00586,test_00586,test,train,train_added
train_05183,train_05183,train_05183,train,train,train_legacy
train_05390,train_05390,train_05390,train,train,train_legacy
train_04849,train_04849,train_04849,train,train,train_legacy
train_05466,train_05466,train_05466,train,train,train_legacy
train_00483,train_00483,train_00483,train,train,train_legacy
train_05520,train_05520,train_05520,train,train,train_legacy
train_added_test_01003,test_01003,test_01003,test,train,train_added
train_00555,train_00555,train_00555,train,train,train_legacy
train_01740,train_01740,train_01740,train,train,train_legacy
train_01193,train_01193,train_01193,train,train,train_legacy
train_added_val_confirm_00168,val_confirm_00168,val_confirm_00168,val_confirm,train,train_added
train_added_val_confirm_00581,val_confirm_00581,val_confirm_00581,val_confirm,train,train_added
train_05510,train_05510,train_05510,train,train,train_legacy
train_added_test_01173,test_01173,test_01173,test,train,train_added
train_05575,train_05575,train_05575,train,train,train_legacy
train_05031,train_05031,train_05031,train,train,train_legacy
train_00740,train_00740,train_00740,train,train,train_legacy
train_02426,train_02426,train_02426,train,train,train_legacy
train_01477,train_01477,train_01477,train,train,train_legacy
train_05170,train_05170,train_05170,train,train,train_legacy
train_added_test_02146,test_02146,test_02146,test,train,train_added
train_04215,train_04215,train_04215,train,train,train_legacy
train_04159,train_04159,train_04159,train,train,train_legacy
train_05621,train_05621,train_05621,train,train,train_legacy
train_05980,train_05980,train_05980,train,train,train_legacy
train_01955,train_01955,train_01955,train,train,train_legacy
train_02548,train_02548,train_02548,train,train,train_legacy
train_01046,train_01046,train_01046,train,train,train_legacy
train_added_test_02226,test_02226,test_02226,test,train,train_added
train_04197,train_04197,train_04197,train,train,train_legacy
train_added_val_search_00183,val_search_00183,val_search_00183,val_search,train,train_added
train_04760,train_04760,train_04760,train,train,train_legacy
train_added_val_confirm_00374,val_confirm_00374,val_confirm_00374,val_confirm,train,train_added
train_00403,train_00403,train_00403,train,train,train_legacy
train_05176,train_05176,train_05176,train,train,train_legacy
train_02543,train_02543,train_02543,train,train,train_legacy
train_01120,train_01120,train_01120,train,train,train_legacy
train_03051,train_03051,train_03051,train,train,train_legacy
train_01422,train_01422,train_01422,train,train,train_legacy
train_00966,train_00966,train_00966,train,train,train_legacy
train_01559,train_01559,train_01559,train,train,train_legacy
train_03459,train_03459,train_03459,train,train,train_legacy
train_02698,train_02698,train_02698,train,train,train_legacy
train_00488,train_00488,train_00488,train,train,train_legacy
train_03639,train_03639,train_03639,train,train,train_legacy
train_04768,train_04768,train_04768,train,train,train_legacy
train_added_val_confirm_00397,val_confirm_00397,val_confirm_00397,val_confirm,train,train_added
train_added_test_01553,test_01553,test_01553,test,train,train_added
train_00498,train_00498,train_00498,train,train,train_legacy
train_04693,train_04693,train_04693,train,train,train_legacy
train_04945,train_04945,train_04945,train,train,train_legacy
train_added_val_confirm_00994,val_confirm_00994,val_confirm_00994,val_confirm,train,train_added
train_added_test_00563,test_00563,test_00563,test,train,train_added
train_00153,train_00153,train_00153,train,train,train_legacy
train_00445,train_00445,train_00445,train,train,train_legacy
train_01866,train_01866,train_01866,train,train,train_legacy
train_04860,train_04860,train_04860,train,train,train_legacy
train_01364,train_01364,train_01364,train,train,train_legacy
train_04236,train_04236,train_04236,train,train,train_legacy
train_03009,train_03009,train_03009,train,train,train_legacy
train_00817,train_00817,train_00817,train,train,train_legacy
train_04227,train_04227,train_04227,train,train,train_legacy
train_04131,train_04131,train_04131,train,train,train_legacy
train_02472,train_02472,train_02472,train,train,train_legacy
train_02966,train_02966,train_02966,train,train,train_legacy
train_03841,train_03841,train_03841,train,train,train_legacy
train_00250,train_00250,train_00250,train,train,train_legacy
train_00585,train_00585,train_00585,train,train,train_legacy
train_05132,train_05132,train_05132,train,train,train_legacy
train_04256,train_04256,train_04256,train,train,train_legacy
train_00451,train_00451,train_00451,train,train,train_legacy
train_added_val_confirm_00579,val_confirm_00579,val_confirm_00579,val_confirm,train,train_added
train_02556,train_02556,train_02556,train,train,train_legacy
train_01724,train_01724,train_01724,train,train,train_legacy
train_03466,train_03466,train_03466,train,train,train_legacy
train_03312,train_03312,train_03312,train,train,train_legacy
train_added_test_01958,test_01958,test_01958,test,train,train_added
train_02764,train_02764,train_02764,train,train,train_legacy
train_04447,train_04447,train_04447,train,train,train_legacy
train_05715,train_05715,train_05715,train,train,train_legacy
train_04549,train_04549,train_04549,train,train,train_legacy
train_added_val_confirm_00325,val_confirm_00325,val_confirm_00325,val_confirm,train,train_added
train_00335,train_00335,train_00335,train,train,train_legacy
train_01985,train_01985,train_01985,train,train,train_legacy
train_00942,train_00942,train_00942,train,train,train_legacy
train_added_test_01677,test_01677,test_01677,test,train,train_added
train_05537,train_05537,train_05537,train,train,train_legacy
train_03928,train_03928,train_03928,train,train,train_legacy
train_02285,train_02285,train_02285,train,train,train_legacy
train_02737,train_02737,train_02737,train,train,train_legacy
train_02297,train_02297,train_02297,train,train,train_legacy
train_02777,train_02777,train_02777,train,train,train_legacy
train_added_test_01938,test_01938,test_01938,test,train,train_added
train_added_val_confirm_00920,val_confirm_00920,val_confirm_00920,val_confirm,train,train_added
train_01436,train_01436,train_01436,train,train,train_legacy
train_02672,train_02672,train_02672,train,train,train_legacy
train_02289,train_02289,train_02289,train,train,train_legacy
train_01952,train_01952,train_01952,train,train,train_legacy
train_04434,train_04434,train_04434,train,train,train_legacy
train_01191,train_01191,train_01191,train,train,train_legacy
train_05753,train_05753,train_05753,train,train,train_legacy
train_01832,train_01832,train_01832,train,train,train_legacy
train_added_val_confirm_00701,val_confirm_00701,val_confirm_00701,val_confirm,train,train_added
train_01818,train_01818,train_01818,train,train,train_legacy
train_01536,train_01536,train_01536,train,train,train_legacy
train_03837,train_03837,train_03837,train,train,train_legacy
train_added_test_01380,test_01380,test_01380,test,train,train_added
train_added_test_00998,test_00998,test_00998,test,train,train_added
train_03470,train_03470,train_03470,train,train,train_legacy
train_03611,train_03611,train_03611,train,train,train_legacy
train_05579,train_05579,train_05579,train,train,train_legacy
train_03000,train_03000,train_03000,train,train,train_legacy
train_added_val_confirm_00249,val_confirm_00249,val_confirm_00249,val_confirm,train,train_added
train_04104,train_04104,train_04104,train,train,train_legacy
train_added_test_02472,test_02472,test_02472,test,train,train_added
train_05003,train_05003,train_05003,train,train,train_legacy
train_02640,train_02640,train_02640,train,train,train_legacy
train_01992,train_01992,train_01992,train,train,train_legacy
train_04815,train_04815,train_04815,train,train,train_legacy
train_02496,train_02496,train_02496,train,train,train_legacy
train_01889,train_01889,train_01889,train,train,train_legacy
train_00505,train_00505,train_00505,train,train,train_legacy
train_05120,train_05120,train_05120,train,train,train_legacy
train_00287,train_00287,train_00287,train,train,train_legacy
train_05513,train_05513,train_05513,train,train,train_legacy
train_00381,train_00381,train_00381,train,train,train_legacy
train_01427,train_01427,train_01427,train,train,train_legacy
train_05431,train_05431,train_05431,train,train,train_legacy
train_02075,train_02075,train_02075,train,train,train_legacy
train_02724,train_02724,train_02724,train,train,train_legacy
train_02903,train_02903,train_02903,train,train,train_legacy
train_added_test_00176,test_00176,test_00176,test,train,train_added
train_03143,train_03143,train_03143,train,train,train_legacy
train_04320,train_04320,train_04320,train,train,train_legacy
train_00033,train_00033,train_00033,train,train,train_legacy
train_00545,train_00545,train_00545,train,train,train_legacy
train_00268,train_00268,train_00268,train,train,train_legacy
train_05030,train_05030,train_05030,train,train,train_legacy
train_added_test_00528,test_00528,test_00528,test,train,train_added
train_01143,train_01143,train_01143,train,train,train_legacy
train_05727,train_05727,train_05727,train,train,train_legacy
train_02072,train_02072,train_02072,train,train,train_legacy
train_added_val_search_00222,val_search_00222,val_search_00222,val_search,train,train_added
train_added_val_confirm_00714,val_confirm_00714,val_confirm_00714,val_confirm,train,train_added
train_01661,train_01661,train_01661,train,train,train_legacy
train_03003,train_03003,train_03003,train,train,train_legacy
train_05408,train_05408,train_05408,train,train,train_legacy
train_02673,train_02673,train_02673,train,train,train_legacy
train_added_val_confirm_00092,val_confirm_00092,val_confirm_00092,val_confirm,train,train_added
train_02486,train_02486,train_02486,train,train,train_legacy
train_added_val_confirm_00257,val_confirm_00257,val_confirm_00257,val_confirm,train,train_added
train_added_test_01716,test_01716,test_01716,test,train,train_added
train_04962,train_04962,train_04962,train,train,train_legacy
train_00967,train_00967,train_00967,train,train,train_legacy
train_04773,train_04773,train_04773,train,train,train_legacy
train_04888,train_04888,train_04888,train,train,train_legacy
train_05728,train_05728,train_05728,train,train,train_legacy
train_04967,train_04967,train_04967,train,train,train_legacy
train_05531,train_05531,train_05531,train,train,train_legacy
train_00886,train_00886,train_00886,train,train,train_legacy
train_03975,train_03975,train_03975,train,train,train_legacy
train_04436,train_04436,train_04436,train,train,train_legacy
train_added_test_02305,test_02305,test_02305,test,train,train_added
train_00004,train_00004,train_00004,train,train,train_legacy
train_03677,train_03677,train_03677,train,train,train_legacy
train_04043,train_04043,train_04043,train,train,train_legacy
train_05174,train_05174,train_05174,train,train,train_legacy
train_02266,train_02266,train_02266,train,train,train_legacy
train_01036,train_01036,train_01036,train,train,train_legacy
train_added_test_00810,test_00810,test_00810,test,train,train_added
train_03524,train_03524,train_03524,train,train,train_legacy
train_01424,train_01424,train_01424,train,train,train_legacy
train_05012,train_05012,train_05012,train,train,train_legacy
train_00947,train_00947,train_00947,train,train,train_legacy
train_03338,train_03338,train_03338,train,train,train_legacy
train_03485,train_03485,train_03485,train,train,train_legacy
train_05657,train_05657,train_05657,train,train,train_legacy
train_04692,train_04692,train_04692,train,train,train_legacy
train_00234,train_00234,train_00234,train,train,train_legacy
train_04562,train_04562,train_04562,train,train,train_legacy
train_added_val_confirm_00184,val_confirm_00184,val_confirm_00184,val_confirm,train,train_added
train_02334,train_02334,train_02334,train,train,train_legacy
train_00702,train_00702,train_00702,train,train,train_legacy
train_05364,train_05364,train_05364,train,train,train_legacy
train_01396,train_01396,train_01396,train,train,train_legacy
train_04935,train_04935,train_04935,train,train,train_legacy
train_05776,train_05776,train_05776,train,train,train_legacy
train_00292,train_00292,train_00292,train,train,train_legacy
train_01776,train_01776,train_01776,train,train,train_legacy
train_added_val_confirm_00177,val_confirm_00177,val_confirm_00177,val_confirm,train,train_added
train_03963,train_03963,train_03963,train,train,train_legacy
train_02595,train_02595,train_02595,train,train,train_legacy
train_00168,train_00168,train_00168,train,train,train_legacy
train_03045,train_03045,train_03045,train,train,train_legacy
train_01937,train_01937,train_01937,train,train,train_legacy
train_02609,train_02609,train_02609,train,train,train_legacy
train_01318,train_01318,train_01318,train,train,train_legacy
train_02562,train_02562,train_02562,train,train,train_legacy
train_02793,train_02793,train_02793,train,train,train_legacy
train_02044,train_02044,train_02044,train,train,train_legacy
train_03794,train_03794,train_03794,train,train,train_legacy
train_04613,train_04613,train_04613,train,train,train_legacy
train_added_test_00990,test_00990,test_00990,test,train,train_added
train_01194,train_01194,train_01194,train,train,train_legacy
train_05985,train_05985,train_05985,train,train,train_legacy
train_added_val_confirm_00403,val_confirm_00403,val_confirm_00403,val_confirm,train,train_added
train_00225,train_00225,train_00225,train,train,train_legacy
train_02405,train_02405,train_02405,train,train,train_legacy
train_00806,train_00806,train_00806,train,train,train_legacy
train_05581,train_05581,train_05581,train,train,train_legacy
train_added_test_00488,test_00488,test_00488,test,train,train_added
train_01957,train_01957,train_01957,train,train,train_legacy
train_02212,train_02212,train_02212,train,train,train_legacy
train_04422,train_04422,train_04422,train,train,train_legacy
train_added_test_01813,test_01813,test_01813,test,train,train_added
train_03775,train_03775,train_03775,train,train,train_legacy
train_04413,train_04413,train_04413,train,train,train_legacy
train_02633,train_02633,train_02633,train,train,train_legacy
train_02886,train_02886,train_02886,train,train,train_legacy
train_05173,train_05173,train_05173,train,train,train_legacy
train_01606,train_01606,train_01606,train,train,train_legacy
train_added_test_00783,test_00783,test_00783,test,train,train_added
train_added_val_confirm_00976,val_confirm_00976,val_confirm_00976,val_confirm,train,train_added
train_05803,train_05803,train_05803,train,train,train_legacy
train_03177,train_03177,train_03177,train,train,train_legacy
train_00011,train_00011,train_00011,train,train,train_legacy
train_01435,train_01435,train_01435,train,train,train_legacy
train_04579,train_04579,train_04579,train,train,train_legacy
train_05316,train_05316,train_05316,train,train,train_legacy
train_00305,train_00305,train_00305,train,train,train_legacy
train_04816,train_04816,train_04816,train,train,train_legacy
train_00309,train_00309,train_00309,train,train,train_legacy
train_02917,train_02917,train_02917,train,train,train_legacy
train_04669,train_04669,train_04669,train,train,train_legacy
train_04824,train_04824,train_04824,train,train,train_legacy
train_01713,train_01713,train_01713,train,train,train_legacy
train_05427,train_05427,train_05427,train,train,train_legacy
train_00979,train_00979,train_00979,train,train,train_legacy
train_04380,train_04380,train_04380,train,train,train_legacy
train_03953,train_03953,train_03953,train,train,train_legacy
train_added_val_search_00095,val_search_00095,val_search_00095,val_search,train,train_added
train_02394,train_02394,train_02394,train,train,train_legacy
train_05970,train_05970,train_05970,train,train,train_legacy
train_00969,train_00969,train_00969,train,train,train_legacy
train_00118,train_00118,train_00118,train,train,train_legacy
train_03693,train_03693,train_03693,train,train,train_legacy
train_02484,train_02484,train_02484,train,train,train_legacy
train_03516,train_03516,train_03516,train,train,train_legacy
train_03802,train_03802,train_03802,train,train,train_legacy
train_added_test_01410,test_01410,test_01410,test,train,train_added
train_00682,train_00682,train_00682,train,train,train_legacy
train_02836,train_02836,train_02836,train,train,train_legacy
train_03277,train_03277,train_03277,train,train,train_legacy
train_00701,train_00701,train_00701,train,train,train_legacy
train_05858,train_05858,train_05858,train,train,train_legacy
train_03250,train_03250,train_03250,train,train,train_legacy
train_04645,train_04645,train_04645,train,train,train_legacy
train_04881,train_04881,train_04881,train,train,train_legacy
train_added_test_02139,test_02139,test_02139,test,train,train_added
train_00858,train_00858,train_00858,train,train,train_legacy
train_00557,train_00557,train_00557,train,train,train_legacy
train_02535,train_02535,train_02535,train,train,train_legacy
train_03684,train_03684,train_03684,train,train,train_legacy
train_01542,train_01542,train_01542,train,train,train_legacy
train_01911,train_01911,train_01911,train,train,train_legacy
train_04887,train_04887,train_04887,train,train,train_legacy
train_05486,train_05486,train_05486,train,train,train_legacy
train_00538,train_00538,train_00538,train,train,train_legacy
train_03982,train_03982,train_03982,train,train,train_legacy
train_00823,train_00823,train_00823,train,train,train_legacy
train_02242,train_02242,train_02242,train,train,train_legacy
train_added_val_confirm_00620,val_confirm_00620,val_confirm_00620,val_confirm,train,train_added
train_03692,train_03692,train_03692,train,train,train_legacy
train_02213,train_02213,train_02213,train,train,train_legacy
train_05551,train_05551,train_05551,train,train,train_legacy
train_00714,train_00714,train_00714,train,train,train_legacy
train_02953,train_02953,train_02953,train,train,train_legacy
train_01382,train_01382,train_01382,train,train,train_legacy
train_00337,train_00337,train_00337,train,train,train_legacy
train_added_test_00444,test_00444,test_00444,test,train,train_added
train_01484,train_01484,train_01484,train,train,train_legacy
train_04891,train_04891,train_04891,train,train,train_legacy
train_03047,train_03047,train_03047,train,train,train_legacy
train_03239,train_03239,train_03239,train,train,train_legacy
train_03517,train_03517,train_03517,train,train,train_legacy
train_01335,train_01335,train_01335,train,train,train_legacy
train_02117,train_02117,train_02117,train,train,train_legacy
train_00025,train_00025,train_00025,train,train,train_legacy
train_00971,train_00971,train_00971,train,train,train_legacy
train_02861,train_02861,train_02861,train,train,train_legacy
train_02908,train_02908,train_02908,train,train,train_legacy
train_02450,train_02450,train_02450,train,train,train_legacy
train_04661,train_04661,train_04661,train,train,train_legacy
train_02935,train_02935,train_02935,train,train,train_legacy
train_04004,train_04004,train_04004,train,train,train_legacy
train_03403,train_03403,train_03403,train,train,train_legacy
train_05624,train_05624,train_05624,train,train,train_legacy
train_04833,train_04833,train_04833,train,train,train_legacy
train_04145,train_04145,train_04145,train,train,train_legacy
train_00476,train_00476,train_00476,train,train,train_legacy
train_04708,train_04708,train_04708,train,train,train_legacy
train_added_val_confirm_00005,val_confirm_00005,val_confirm_00005,val_confirm,train,train_added
train_added_test_01051,test_01051,test_01051,test,train,train_added
train_04903,train_04903,train_04903,train,train,train_legacy
train_00938,train_00938,train_00938,train,train,train_legacy
train_05849,train_05849,train_05849,train,train,train_legacy
train_05153,train_05153,train_05153,train,train,train_legacy
train_04665,train_04665,train_04665,train,train,train_legacy
train_04402,train_04402,train_04402,train,train,train_legacy
train_03628,train_03628,train_03628,train,train,train_legacy
train_04591,train_04591,train_04591,train,train,train_legacy
train_01714,train_01714,train_01714,train,train,train_legacy
train_00485,train_00485,train_00485,train,train,train_legacy
train_01354,train_01354,train_01354,train,train,train_legacy
train_00808,train_00808,train_00808,train,train,train_legacy
train_05645,train_05645,train_05645,train,train,train_legacy
train_added_val_search_00030,val_search_00030,val_search_00030,val_search,train,train_added
train_04735,train_04735,train_04735,train,train,train_legacy
train_02236,train_02236,train_02236,train,train,train_legacy
train_03017,train_03017,train_03017,train,train,train_legacy
train_04741,train_04741,train_04741,train,train,train_legacy
train_02269,train_02269,train_02269,train,train,train_legacy
train_02826,train_02826,train_02826,train,train,train_legacy
train_02476,train_02476,train_02476,train,train,train_legacy
train_01711,train_01711,train_01711,train,train,train_legacy
train_04287,train_04287,train_04287,train,train,train_legacy
train_05215,train_05215,train_05215,train,train,train_legacy
train_added_test_01572,test_01572,test_01572,test,train,train_added
train_03939,train_03939,train_03939,train,train,train_legacy
train_02930,train_02930,train_02930,train,train,train_legacy
train_00487,train_00487,train_00487,train,train,train_legacy
train_00742,train_00742,train_00742,train,train,train_legacy
train_03161,train_03161,train_03161,train,train,train_legacy
train_01029,train_01029,train_01029,train,train,train_legacy
train_04767,train_04767,train_04767,train,train,train_legacy
train_01858,train_01858,train_01858,train,train,train_legacy
train_02744,train_02744,train_02744,train,train,train_legacy
train_01202,train_01202,train_01202,train,train,train_legacy
train_02153,train_02153,train_02153,train,train,train_legacy
train_added_val_confirm_00858,val_confirm_00858,val_confirm_00858,val_confirm,train,train_added
train_05528,train_05528,train_05528,train,train,train_legacy
train_04254,train_04254,train_04254,train,train,train_legacy
train_04263,train_04263,train_04263,train,train,train_legacy
train_added_val_search_00273,val_search_00273,val_search_00273,val_search,train,train_added
train_03649,train_03649,train_03649,train,train,train_legacy
train_02201,train_02201,train_02201,train,train,train_legacy
train_01183,train_01183,train_01183,train,train,train_legacy
train_01700,train_01700,train_01700,train,train,train_legacy
train_01105,train_01105,train_01105,train,train,train_legacy
train_03468,train_03468,train_03468,train,train,train_legacy
train_00680,train_00680,train_00680,train,train,train_legacy
train_00788,train_00788,train_00788,train,train,train_legacy
train_04406,train_04406,train_04406,train,train,train_legacy
train_added_val_confirm_00807,val_confirm_00807,val_confirm_00807,val_confirm,train,train_added
train_02116,train_02116,train_02116,train,train,train_legacy
train_05336,train_05336,train_05336,train,train,train_legacy
train_05631,train_05631,train_05631,train,train,train_legacy
train_added_val_confirm_00969,val_confirm_00969,val_confirm_00969,val_confirm,train,train_added
train_01881,train_01881,train_01881,train,train,train_legacy
train_00363,train_00363,train_00363,train,train,train_legacy
train_added_val_confirm_00007,val_confirm_00007,val_confirm_00007,val_confirm,train,train_added
train_added_test_00208,test_00208,test_00208,test,train,train_added
train_00064,train_00064,train_00064,train,train,train_legacy
train_04602,train_04602,train_04602,train,train,train_legacy
train_03358,train_03358,train_03358,train,train,train_legacy
train_04687,train_04687,train_04687,train,train,train_legacy
train_04971,train_04971,train_04971,train,train,train_legacy
train_02526,train_02526,train_02526,train,train,train_legacy
train_04157,train_04157,train_04157,train,train,train_legacy
train_00074,train_00074,train_00074,train,train,train_legacy
train_01207,train_01207,train_01207,train,train,train_legacy
train_02773,train_02773,train_02773,train,train,train_legacy
train_03824,train_03824,train_03824,train,train,train_legacy
train_05935,train_05935,train_05935,train,train,train_legacy
train_01011,train_01011,train_01011,train,train,train_legacy
train_00765,train_00765,train_00765,train,train,train_legacy
train_03053,train_03053,train_03053,train,train,train_legacy
train_05227,train_05227,train_05227,train,train,train_legacy
train_added_test_00958,test_00958,test_00958,test,train,train_added
train_02130,train_02130,train_02130,train,train,train_legacy
train_01533,train_01533,train_01533,train,train,train_legacy
train_01066,train_01066,train_01066,train,train,train_legacy
train_01745,train_01745,train_01745,train,train,train_legacy
train_04330,train_04330,train_04330,train,train,train_legacy
train_added_val_confirm_00943,val_confirm_00943,val_confirm_00943,val_confirm,train,train_added
train_04803,train_04803,train_04803,train,train,train_legacy
train_02658,train_02658,train_02658,train,train,train_legacy
train_01497,train_01497,train_01497,train,train,train_legacy
train_05729,train_05729,train_05729,train,train,train_legacy
train_04088,train_04088,train_04088,train,train,train_legacy
train_05724,train_05724,train_05724,train,train,train_legacy
train_04347,train_04347,train_04347,train,train,train_legacy
train_05007,train_05007,train_05007,train,train,train_legacy
train_04598,train_04598,train_04598,train,train,train_legacy
train_03869,train_03869,train_03869,train,train,train_legacy
train_added_val_confirm_00625,val_confirm_00625,val_confirm_00625,val_confirm,train,train_added
train_00630,train_00630,train_00630,train,train,train_legacy
train_01551,train_01551,train_01551,train,train,train_legacy
train_04139,train_04139,train_04139,train,train,train_legacy
train_00901,train_00901,train_00901,train,train,train_legacy
train_04880,train_04880,train_04880,train,train,train_legacy
train_added_test_01883,test_01883,test_01883,test,train,train_added
train_02135,train_02135,train_02135,train,train,train_legacy
train_00465,train_00465,train_00465,train,train,train_legacy
train_added_test_01211,test_01211,test_01211,test,train,train_added
train_00489,train_00489,train_00489,train,train,train_legacy
train_added_val_search_00037,val_search_00037,val_search_00037,val_search,train,train_added
train_02398,train_02398,train_02398,train,train,train_legacy
train_04492,train_04492,train_04492,train,train,train_legacy
train_01871,train_01871,train_01871,train,train,train_legacy
train_01770,train_01770,train_01770,train,train,train_legacy
train_05805,train_05805,train_05805,train,train,train_legacy
train_00663,train_00663,train_00663,train,train,train_legacy
train_00499,train_00499,train_00499,train,train,train_legacy
train_added_test_01629,test_01629,test_01629,test,train,train_added
train_04152,train_04152,train_04152,train,train,train_legacy
train_02860,train_02860,train_02860,train,train,train_legacy
train_03094,train_03094,train_03094,train,train,train_legacy
train_02885,train_02885,train_02885,train,train,train_legacy
train_05065,train_05065,train_05065,train,train,train_legacy
train_05219,train_05219,train_05219,train,train,train_legacy
train_03348,train_03348,train_03348,train,train,train_legacy
train_02401,train_02401,train_02401,train,train,train_legacy
train_01518,train_01518,train_01518,train,train,train_legacy
train_03695,train_03695,train_03695,train,train,train_legacy
train_01548,train_01548,train_01548,train,train,train_legacy
train_01847,train_01847,train_01847,train,train,train_legacy
train_05940,train_05940,train_05940,train,train,train_legacy
train_00205,train_00205,train_00205,train,train,train_legacy
train_04581,train_04581,train_04581,train,train,train_legacy
train_02338,train_02338,train_02338,train,train,train_legacy
train_added_test_00989,test_00989,test_00989,test,train,train_added
train_01226,train_01226,train_01226,train,train,train_legacy
train_01040,train_01040,train_01040,train,train,train_legacy
train_04090,train_04090,train_04090,train,train,train_legacy
train_00211,train_00211,train_00211,train,train,train_legacy
train_04592,train_04592,train_04592,train,train,train_legacy
train_added_val_confirm_00313,val_confirm_00313,val_confirm_00313,val_confirm,train,train_added
train_00065,train_00065,train_00065,train,train,train_legacy
train_03073,train_03073,train_03073,train,train,train_legacy
train_05476,train_05476,train_05476,train,train,train_legacy
train_03215,train_03215,train_03215,train,train,train_legacy
train_04344,train_04344,train_04344,train,train,train_legacy
train_added_test_01571,test_01571,test_01571,test,train,train_added
train_added_test_00398,test_00398,test_00398,test,train,train_added
train_00264,train_00264,train_00264,train,train,train_legacy
train_03667,train_03667,train_03667,train,train,train_legacy
train_05175,train_05175,train_05175,train,train,train_legacy
train_02551,train_02551,train_02551,train,train,train_legacy
train_04876,train_04876,train_04876,train,train,train_legacy
train_03552,train_03552,train_03552,train,train,train_legacy
train_05711,train_05711,train_05711,train,train,train_legacy
train_00820,train_00820,train_00820,train,train,train_legacy
train_01971,train_01971,train_01971,train,train,train_legacy
train_04272,train_04272,train_04272,train,train,train_legacy
train_01390,train_01390,train_01390,train,train,train_legacy
train_added_test_00229,test_00229,test_00229,test,train,train_added
train_added_test_00781,test_00781,test_00781,test,train,train_added
train_00634,train_00634,train_00634,train,train,train_legacy
train_03880,train_03880,train_03880,train,train,train_legacy
train_00140,train_00140,train_00140,train,train,train_legacy
train_02461,train_02461,train_02461,train,train,train_legacy
train_02272,train_02272,train_02272,train,train,train_legacy
train_01269,train_01269,train_01269,train,train,train_legacy
train_added_val_confirm_00054,val_confirm_00054,val_confirm_00054,val_confirm,train,train_added
train_02963,train_02963,train_02963,train,train,train_legacy
train_05239,train_05239,train_05239,train,train,train_legacy
train_01670,train_01670,train_01670,train,train,train_legacy
train_02371,train_02371,train_02371,train,train,train_legacy
train_04931,train_04931,train_04931,train,train,train_legacy
train_00251,train_00251,train_00251,train,train,train_legacy
train_added_test_01895,test_01895,test_01895,test,train,train_added
train_01030,train_01030,train_01030,train,train,train_legacy
train_00715,train_00715,train_00715,train,train,train_legacy
train_04211,train_04211,train_04211,train,train,train_legacy
train_added_val_confirm_00808,val_confirm_00808,val_confirm_00808,val_confirm,train,train_added
train_added_test_00272,test_00272,test_00272,test,train,train_added
train_02843,train_02843,train_02843,train,train,train_legacy
train_00139,train_00139,train_00139,train,train,train_legacy
train_03035,train_03035,train_03035,train,train,train_legacy
train_02021,train_02021,train_02021,train,train,train_legacy
train_05764,train_05764,train_05764,train,train,train_legacy
train_added_test_01934,test_01934,test_01934,test,train,train_added
train_04893,train_04893,train_04893,train,train,train_legacy
train_05482,train_05482,train_05482,train,train,train_legacy
train_05209,train_05209,train_05209,train,train,train_legacy
train_01443,train_01443,train_01443,train,train,train_legacy
train_03926,train_03926,train_03926,train,train,train_legacy
train_02185,train_02185,train_02185,train,train,train_legacy
train_03691,train_03691,train_03691,train,train,train_legacy
train_00435,train_00435,train_00435,train,train,train_legacy
train_01404,train_01404,train_01404,train,train,train_legacy
train_00159,train_00159,train_00159,train,train,train_legacy
train_02320,train_02320,train_02320,train,train,train_legacy
train_05113,train_05113,train_05113,train,train,train_legacy
train_00058,train_00058,train_00058,train,train,train_legacy
train_02038,train_02038,train_02038,train,train,train_legacy
train_01723,train_01723,train_01723,train,train,train_legacy
train_05327,train_05327,train_05327,train,train,train_legacy
train_02833,train_02833,train_02833,train,train,train_legacy
train_05018,train_05018,train_05018,train,train,train_legacy
train_04772,train_04772,train_04772,train,train,train_legacy
train_added_test_02181,test_02181,test_02181,test,train,train_added
train_05292,train_05292,train_05292,train,train,train_legacy
train_00933,train_00933,train_00933,train,train,train_legacy
train_00931,train_00931,train_00931,train,train,train_legacy
train_02846,train_02846,train_02846,train,train,train_legacy
train_00612,train_00612,train_00612,train,train,train_legacy
train_01056,train_01056,train_01056,train,train,train_legacy
train_01211,train_01211,train_01211,train,train,train_legacy
train_03921,train_03921,train_03921,train,train,train_legacy
train_00137,train_00137,train_00137,train,train,train_legacy
train_00845,train_00845,train_00845,train,train,train_legacy
train_00336,train_00336,train_00336,train,train,train_legacy
train_03433,train_03433,train_03433,train,train,train_legacy
train_04149,train_04149,train_04149,train,train,train_legacy
train_01402,train_01402,train_01402,train,train,train_legacy
train_02348,train_02348,train_02348,train,train,train_legacy
train_03791,train_03791,train_03791,train,train,train_legacy
train_03209,train_03209,train_03209,train,train,train_legacy
train_added_val_confirm_00954,val_confirm_00954,val_confirm_00954,val_confirm,train,train_added
train_02192,train_02192,train_02192,train,train,train_legacy
train_05902,train_05902,train_05902,train,train,train_legacy
train_04374,train_04374,train_04374,train,train,train_legacy
train_02801,train_02801,train_02801,train,train,train_legacy
train_04938,train_04938,train_04938,train,train,train_legacy
train_added_test_00876,test_00876,test_00876,test,train,train_added
train_00771,train_00771,train_00771,train,train,train_legacy
train_03144,train_03144,train_03144,train,train,train_legacy
train_03504,train_03504,train_03504,train,train,train_legacy
train_05816,train_05816,train_05816,train,train,train_legacy
train_02113,train_02113,train_02113,train,train,train_legacy
train_01228,train_01228,train_01228,train,train,train_legacy
train_05560,train_05560,train_05560,train,train,train_legacy
train_02286,train_02286,train_02286,train,train,train_legacy
train_02882,train_02882,train_02882,train,train,train_legacy
train_05087,train_05087,train_05087,train,train,train_legacy
train_03705,train_03705,train_03705,train,train,train_legacy
train_05933,train_05933,train_05933,train,train,train_legacy
train_05756,train_05756,train_05756,train,train,train_legacy
train_04632,train_04632,train_04632,train,train,train_legacy
train_04024,train_04024,train_04024,train,train,train_legacy
train_03548,train_03548,train_03548,train,train,train_legacy
train_05538,train_05538,train_05538,train,train,train_legacy
train_03832,train_03832,train_03832,train,train,train_legacy
train_04753,train_04753,train_04753,train,train,train_legacy
train_02108,train_02108,train_02108,train,train,train_legacy
train_added_val_confirm_00448,val_confirm_00448,val_confirm_00448,val_confirm,train,train_added
train_04561,train_04561,train_04561,train,train,train_legacy
train_02988,train_02988,train_02988,train,train,train_legacy
train_01976,train_01976,train_01976,train,train,train_legacy
train_01311,train_01311,train_01311,train,train,train_legacy
train_00224,train_00224,train_00224,train,train,train_legacy
train_05156,train_05156,train_05156,train,train,train_legacy
train_00412,train_00412,train_00412,train,train,train_legacy
train_03245,train_03245,train_03245,train,train,train_legacy
train_03587,train_03587,train_03587,train,train,train_legacy
train_added_val_search_00309,val_search_00309,val_search_00309,val_search,train,train_added
train_02321,train_02321,train_02321,train,train,train_legacy
train_added_test_01598,test_01598,test_01598,test,train,train_added
train_04657,train_04657,train_04657,train,train,train_legacy
train_02977,train_02977,train_02977,train,train,train_legacy
train_added_val_search_00193,val_search_00193,val_search_00193,val_search,train,train_added
train_01959,train_01959,train_01959,train,train,train_legacy
train_03565,train_03565,train_03565,train,train,train_legacy
train_01912,train_01912,train_01912,train,train,train_legacy
train_03809,train_03809,train_03809,train,train,train_legacy
train_05098,train_05098,train_05098,train,train,train_legacy
train_02136,train_02136,train_02136,train,train,train_legacy
train_00302,train_00302,train_00302,train,train,train_legacy
train_04231,train_04231,train_04231,train,train,train_legacy
train_03400,train_03400,train_03400,train,train,train_legacy
train_01933,train_01933,train_01933,train,train,train_legacy
train_03741,train_03741,train_03741,train,train,train_legacy
train_03755,train_03755,train_03755,train,train,train_legacy
train_03026,train_03026,train_03026,train,train,train_legacy
train_02037,train_02037,train_02037,train,train,train_legacy
train_03159,train_03159,train_03159,train,train,train_legacy
train_05675,train_05675,train_05675,train,train,train_legacy
train_02573,train_02573,train_02573,train,train,train_legacy
train_03765,train_03765,train_03765,train,train,train_legacy
train_05380,train_05380,train_05380,train,train,train_legacy
train_00060,train_00060,train_00060,train,train,train_legacy
train_03252,train_03252,train_03252,train,train,train_legacy
train_03549,train_03549,train_03549,train,train,train_legacy
train_04119,train_04119,train_04119,train,train,train_legacy
train_02224,train_02224,train_02224,train,train,train_legacy
train_05542,train_05542,train_05542,train,train,train_legacy
train_00683,train_00683,train_00683,train,train,train_legacy
train_02467,train_02467,train_02467,train,train,train_legacy
train_05107,train_05107,train_05107,train,train,train_legacy
train_01561,train_01561,train_01561,train,train,train_legacy
train_01844,train_01844,train_01844,train,train,train_legacy
train_00343,train_00343,train_00343,train,train,train_legacy
train_04788,train_04788,train_04788,train,train,train_legacy
train_05681,train_05681,train_05681,train,train,train_legacy
train_00057,train_00057,train_00057,train,train,train_legacy
train_03920,train_03920,train_03920,train,train,train_legacy
train_01061,train_01061,train_01061,train,train,train_legacy
train_02691,train_02691,train_02691,train,train,train_legacy
train_01307,train_01307,train_01307,train,train,train_legacy
train_01043,train_01043,train_01043,train,train,train_legacy
train_04221,train_04221,train_04221,train,train,train_legacy
train_00259,train_00259,train_00259,train,train,train_legacy
train_04662,train_04662,train_04662,train,train,train_legacy
train_05478,train_05478,train_05478,train,train,train_legacy
train_added_val_confirm_00103,val_confirm_00103,val_confirm_00103,val_confirm,train,train_added
train_04537,train_04537,train_04537,train,train,train_legacy
train_02667,train_02667,train_02667,train,train,train_legacy
train_added_val_search_00374,val_search_00374,val_search_00374,val_search,train,train_added
train_03835,train_03835,train_03835,train,train,train_legacy
train_04357,train_04357,train_04357,train,train,train_legacy
train_03481,train_03481,train_03481,train,train,train_legacy
train_01214,train_01214,train_01214,train,train,train_legacy
train_00611,train_00611,train_00611,train,train,train_legacy
train_05571,train_05571,train_05571,train,train,train_legacy
train_00676,train_00676,train_00676,train,train,train_legacy
train_added_val_confirm_00226,val_confirm_00226,val_confirm_00226,val_confirm,train,train_added
train_01685,train_01685,train_01685,train,train,train_legacy
train_04898,train_04898,train_04898,train,train,train_legacy
train_01689,train_01689,train_01689,train,train,train_legacy
train_added_test_00265,test_00265,test_00265,test,train,train_added
train_03997,train_03997,train_03997,train,train,train_legacy
train_01929,train_01929,train_01929,train,train,train_legacy
train_04522,train_04522,train_04522,train,train,train_legacy
train_00668,train_00668,train_00668,train,train,train_legacy
train_05373,train_05373,train_05373,train,train,train_legacy
train_01412,train_01412,train_01412,train,train,train_legacy
train_05791,train_05791,train_05791,train,train,train_legacy
train_00688,train_00688,train_00688,train,train,train_legacy
train_02909,train_02909,train_02909,train,train,train_legacy
train_01385,train_01385,train_01385,train,train,train_legacy
train_00743,train_00743,train_00743,train,train,train_legacy
train_added_val_confirm_00583,val_confirm_00583,val_confirm_00583,val_confirm,train,train_added
train_05041,train_05041,train_05041,train,train,train_legacy
train_added_val_confirm_01023,val_confirm_01023,val_confirm_01023,val_confirm,train,train_added
train_00588,train_00588,train_00588,train,train,train_legacy
train_02094,train_02094,train_02094,train,train,train_legacy
train_04934,train_04934,train_04934,train,train,train_legacy
train_03768,train_03768,train_03768,train,train,train_legacy
train_00039,train_00039,train_00039,train,train,train_legacy
train_05069,train_05069,train_05069,train,train,train_legacy
train_04049,train_04049,train_04049,train,train,train_legacy
train_added_val_confirm_00536,val_confirm_00536,val_confirm_00536,val_confirm,train,train_added
train_added_val_confirm_00305,val_confirm_00305,val_confirm_00305,val_confirm,train,train_added
train_01966,train_01966,train_01966,train,train,train_legacy
train_03811,train_03811,train_03811,train,train,train_legacy
train_00870,train_00870,train_00870,train,train,train_legacy
train_02174,train_02174,train_02174,train,train,train_legacy
train_03861,train_03861,train_03861,train,train,train_legacy
train_00790,train_00790,train_00790,train,train,train_legacy
train_05161,train_05161,train_05161,train,train,train_legacy
train_05307,train_05307,train_05307,train,train,train_legacy
train_added_val_confirm_00211,val_confirm_00211,val_confirm_00211,val_confirm,train,train_added
train_00040,train_00040,train_00040,train,train,train_legacy
train_02795,train_02795,train_02795,train,train,train_legacy
train_00197,train_00197,train_00197,train,train,train_legacy
train_05002,train_05002,train_05002,train,train,train_legacy
train_00517,train_00517,train_00517,train,train,train_legacy
train_03120,train_03120,train_03120,train,train,train_legacy
train_01494,train_01494,train_01494,train,train,train_legacy
train_added_test_02240,test_02240,test_02240,test,train,train_added
train_04012,train_04012,train_04012,train,train,train_legacy
train_01187,train_01187,train_01187,train,train,train_legacy
train_02167,train_02167,train_02167,train,train,train_legacy
train_01285,train_01285,train_01285,train,train,train_legacy
train_00005,train_00005,train_00005,train,train,train_legacy
train_00770,train_00770,train_00770,train,train,train_legacy
train_05964,train_05964,train_05964,train,train,train_legacy
train_01154,train_01154,train_01154,train,train,train_legacy
train_02194,train_02194,train_02194,train,train,train_legacy
train_05501,train_05501,train_05501,train,train,train_legacy
train_00598,train_00598,train_00598,train,train,train_legacy
train_03725,train_03725,train_03725,train,train,train_legacy
train_01578,train_01578,train_01578,train,train,train_legacy
train_02509,train_02509,train_02509,train,train,train_legacy
train_03075,train_03075,train_03075,train,train,train_legacy
train_01140,train_01140,train_01140,train,train,train_legacy
train_03599,train_03599,train_03599,train,train,train_legacy
train_01204,train_01204,train_01204,train,train,train_legacy
train_00409,train_00409,train_00409,train,train,train_legacy
train_added_test_00910,test_00910,test_00910,test,train,train_added
train_05286,train_05286,train_05286,train,train,train_legacy
train_02063,train_02063,train_02063,train,train,train_legacy
train_04801,train_04801,train_04801,train,train,train_legacy
train_00849,train_00849,train_00849,train,train,train_legacy
train_added_val_confirm_00815,val_confirm_00815,val_confirm_00815,val_confirm,train,train_added
train_01876,train_01876,train_01876,train,train,train_legacy
train_02214,train_02214,train_02214,train,train,train_legacy
train_03650,train_03650,train_03650,train,train,train_legacy
train_03688,train_03688,train_03688,train,train,train_legacy
train_added_val_confirm_00411,val_confirm_00411,val_confirm_00411,val_confirm,train,train_added
train_added_val_confirm_00451,val_confirm_00451,val_confirm_00451,val_confirm,train,train_added
train_04832,train_04832,train_04832,train,train,train_legacy
train_00492,train_00492,train_00492,train,train,train_legacy
train_00084,train_00084,train_00084,train,train,train_legacy
train_01619,train_01619,train_01619,train,train,train_legacy
train_02655,train_02655,train_02655,train,train,train_legacy
train_03354,train_03354,train_03354,train,train,train_legacy
train_04651,train_04651,train_04651,train,train,train_legacy
train_05497,train_05497,train_05497,train,train,train_legacy
train_added_val_search_00046,val_search_00046,val_search_00046,val_search,train,train_added
train_05061,train_05061,train_05061,train,train,train_legacy
train_added_val_confirm_00725,val_confirm_00725,val_confirm_00725,val_confirm,train,train_added
train_05334,train_05334,train_05334,train,train,train_legacy
train_added_val_search_00180,val_search_00180,val_search_00180,val_search,train,train_added
train_02277,train_02277,train_02277,train,train,train_legacy
train_03282,train_03282,train_03282,train,train,train_legacy
train_added_test_00194,test_00194,test_00194,test,train,train_added
train_04026,train_04026,train_04026,train,train,train_legacy
train_05606,train_05606,train_05606,train,train,train_legacy
train_02651,train_02651,train_02651,train,train,train_legacy
train_01300,train_01300,train_01300,train,train,train_legacy
train_01763,train_01763,train_01763,train,train,train_legacy
train_03584,train_03584,train_03584,train,train,train_legacy
train_04048,train_04048,train_04048,train,train,train_legacy
train_03752,train_03752,train_03752,train,train,train_legacy
train_05411,train_05411,train_05411,train,train,train_legacy
train_05539,train_05539,train_05539,train,train,train_legacy
train_added_val_search_00197,val_search_00197,val_search_00197,val_search,train,train_added
train_01750,train_01750,train_01750,train,train,train_legacy
train_03341,train_03341,train_03341,train,train,train_legacy
train_00713,train_00713,train_00713,train,train,train_legacy
train_04208,train_04208,train_04208,train,train,train_legacy
train_added_val_confirm_00777,val_confirm_00777,val_confirm_00777,val_confirm,train,train_added
train_02386,train_02386,train_02386,train,train,train_legacy
train_05459,train_05459,train_05459,train,train,train_legacy
train_04117,train_04117,train_04117,train,train,train_legacy
train_05686,train_05686,train_05686,train,train,train_legacy
train_05139,train_05139,train_05139,train,train,train_legacy
train_05049,train_05049,train_05049,train,train,train_legacy
train_04999,train_04999,train_04999,train,train,train_legacy
train_00536,train_00536,train_00536,train,train,train_legacy
train_added_test_01275,test_01275,test_01275,test,train,train_added
train_03155,train_03155,train_03155,train,train,train_legacy
train_02418,train_02418,train_02418,train,train,train_legacy
train_03601,train_03601,train_03601,train,train,train_legacy
train_04774,train_04774,train_04774,train,train,train_legacy
train_00203,train_00203,train_00203,train,train,train_legacy
train_04652,train_04652,train_04652,train,train,train_legacy
train_02138,train_02138,train_02138,train,train,train_legacy
train_02184,train_02184,train_02184,train,train,train_legacy
train_04170,train_04170,train_04170,train,train,train_legacy
train_04963,train_04963,train_04963,train,train,train_legacy
train_00245,train_00245,train_00245,train,train,train_legacy
train_02926,train_02926,train_02926,train,train,train_legacy
train_added_test_02339,test_02339,test_02339,test,train,train_added
train_02319,train_02319,train_02319,train,train,train_legacy
train_04006,train_04006,train_04006,train,train,train_legacy
train_01790,train_01790,train_01790,train,train,train_legacy
train_00516,train_00516,train_00516,train,train,train_legacy
train_00675,train_00675,train_00675,train,train,train_legacy
train_01807,train_01807,train_01807,train,train,train_legacy
train_02629,train_02629,train_02629,train,train,train_legacy
train_04984,train_04984,train_04984,train,train,train_legacy
train_00980,train_00980,train_00980,train,train,train_legacy
train_02158,train_02158,train_02158,train,train,train_legacy
train_04154,train_04154,train_04154,train,train,train_legacy
train_00957,train_00957,train_00957,train,train,train_legacy
train_01667,train_01667,train_01667,train,train,train_legacy
train_00370,train_00370,train_00370,train,train,train_legacy
train_03818,train_03818,train_03818,train,train,train_legacy
train_03325,train_03325,train_03325,train,train,train_legacy
train_00535,train_00535,train_00535,train,train,train_legacy
train_added_test_01029,test_01029,test_01029,test,train,train_added
train_02598,train_02598,train_02598,train,train,train_legacy
train_added_val_confirm_00657,val_confirm_00657,val_confirm_00657,val_confirm,train,train_added
train_00744,train_00744,train_00744,train,train,train_legacy
train_05000,train_05000,train_05000,train,train,train_legacy
train_added_val_confirm_00694,val_confirm_00694,val_confirm_00694,val_confirm,train,train_added
train_00925,train_00925,train_00925,train,train,train_legacy
train_04070,train_04070,train_04070,train,train,train_legacy
train_added_val_confirm_00491,val_confirm_00491,val_confirm_00491,val_confirm,train,train_added
train_03737,train_03737,train_03737,train,train,train_legacy
train_02918,train_02918,train_02918,train,train,train_legacy
train_01749,train_01749,train_01749,train,train,train_legacy
train_05191,train_05191,train_05191,train,train,train_legacy
train_01789,train_01789,train_01789,train,train,train_legacy
train_05040,train_05040,train_05040,train,train,train_legacy
train_02765,train_02765,train_02765,train,train,train_legacy
train_04607,train_04607,train_04607,train,train,train_legacy
train_05374,train_05374,train_05374,train,train,train_legacy
train_01126,train_01126,train_01126,train,train,train_legacy
train_added_test_01662,test_01662,test_01662,test,train,train_added
train_05325,train_05325,train_05325,train,train,train_legacy
train_04667,train_04667,train_04667,train,train,train_legacy
train_04625,train_04625,train_04625,train,train,train_legacy
train_added_test_02233,test_02233,test_02233,test,train,train_added
train_02998,train_02998,train_02998,train,train,train_legacy
train_added_val_search_00076,val_search_00076,val_search_00076,val_search,train,train_added
train_04752,train_04752,train_04752,train,train,train_legacy
train_03080,train_03080,train_03080,train,train,train_legacy
train_02238,train_02238,train_02238,train,train,train_legacy
train_02424,train_02424,train_02424,train,train,train_legacy
train_02517,train_02517,train_02517,train,train,train_legacy
train_00894,train_00894,train_00894,train,train,train_legacy
train_05127,train_05127,train_05127,train,train,train_legacy
train_05008,train_05008,train_05008,train,train,train_legacy
train_02399,train_02399,train_02399,train,train,train_legacy
train_00880,train_00880,train_00880,train,train,train_legacy
train_00463,train_00463,train_00463,train,train,train_legacy
train_00904,train_00904,train_00904,train,train,train_legacy
train_00521,train_00521,train_00521,train,train,train_legacy
train_01903,train_01903,train_01903,train,train,train_legacy
train_04947,train_04947,train_04947,train,train,train_legacy
train_added_test_01429,test_01429,test_01429,test,train,train_added
train_03020,train_03020,train_03020,train,train,train_legacy
train_added_val_confirm_00661,val_confirm_00661,val_confirm_00661,val_confirm,train,train_added
train_added_test_00377,test_00377,test_00377,test,train,train_added
train_00807,train_00807,train_00807,train,train,train_legacy
train_02656,train_02656,train_02656,train,train,train_legacy
train_04342,train_04342,train_04342,train,train,train_legacy
train_02459,train_02459,train_02459,train,train,train_legacy
train_added_test_01045,test_01045,test_01045,test,train,train_added
train_added_val_confirm_01081,val_confirm_01081,val_confirm_01081,val_confirm,train,train_added
train_05311,train_05311,train_05311,train,train,train_legacy
train_04133,train_04133,train_04133,train,train,train_legacy
train_04970,train_04970,train_04970,train,train,train_legacy
train_04928,train_04928,train_04928,train,train,train_legacy
train_02100,train_02100,train_02100,train,train,train_legacy
train_02617,train_02617,train_02617,train,train,train_legacy
train_05769,train_05769,train_05769,train,train,train_legacy
train_03207,train_03207,train_03207,train,train,train_legacy
train_05401,train_05401,train_05401,train,train,train_legacy
train_05725,train_05725,train_05725,train,train,train_legacy
train_01930,train_01930,train_01930,train,train,train_legacy
train_02068,train_02068,train_02068,train,train,train_legacy
train_added_val_search_00328,val_search_00328,val_search_00328,val_search,train,train_added
train_03890,train_03890,train_03890,train,train,train_legacy
train_04251,train_04251,train_04251,train,train,train_legacy
train_05178,train_05178,train_05178,train,train,train_legacy
train_00985,train_00985,train_00985,train,train,train_legacy
train_00312,train_00312,train_00312,train,train,train_legacy
train_05766,train_05766,train_05766,train,train,train_legacy
train_01927,train_01927,train_01927,train,train,train_legacy
train_added_val_confirm_00151,val_confirm_00151,val_confirm_00151,val_confirm,train,train_added
train_04504,train_04504,train_04504,train,train,train_legacy
train_03984,train_03984,train_03984,train,train,train_legacy
train_02028,train_02028,train_02028,train,train,train_legacy
train_01931,train_01931,train_01931,train,train,train_legacy
train_00887,train_00887,train_00887,train,train,train_legacy
train_02098,train_02098,train_02098,train,train,train_legacy
train_03726,train_03726,train_03726,train,train,train_legacy
train_01244,train_01244,train_01244,train,train,train_legacy
train_03409,train_03409,train_03409,train,train,train_legacy
train_03390,train_03390,train_03390,train,train,train_legacy
train_00860,train_00860,train_00860,train,train,train_legacy
train_00761,train_00761,train_00761,train,train,train_legacy
train_04222,train_04222,train_04222,train,train,train_legacy
train_04249,train_04249,train_04249,train,train,train_legacy
train_03368,train_03368,train_03368,train,train,train_legacy
train_04404,train_04404,train_04404,train,train,train_legacy
train_00090,train_00090,train_00090,train,train,train_legacy
train_02771,train_02771,train_02771,train,train,train_legacy
train_added_val_confirm_00616,val_confirm_00616,val_confirm_00616,val_confirm,train,train_added
train_05953,train_05953,train_05953,train,train,train_legacy
train_03538,train_03538,train_03538,train,train,train_legacy
train_03990,train_03990,train_03990,train,train,train_legacy
train_01726,train_01726,train_01726,train,train,train_legacy
train_02866,train_02866,train_02866,train,train,train_legacy
train_01951,train_01951,train_01951,train,train,train_legacy
train_05857,train_05857,train_05857,train,train,train_legacy
train_03158,train_03158,train_03158,train,train,train_legacy
train_00277,train_00277,train_00277,train,train,train_legacy
train_04886,train_04886,train_04886,train,train,train_legacy
train_02033,train_02033,train_02033,train,train,train_legacy
train_00575,train_00575,train_00575,train,train,train_legacy
train_03631,train_03631,train_03631,train,train,train_legacy
train_05403,train_05403,train_05403,train,train,train_legacy
train_03732,train_03732,train_03732,train,train,train_legacy
train_01516,train_01516,train_01516,train,train,train_legacy
train_05732,train_05732,train_05732,train,train,train_legacy
train_02925,train_02925,train_02925,train,train,train_legacy
train_00395,train_00395,train_00395,train,train,train_legacy
train_02026,train_02026,train_02026,train,train,train_legacy
train_01096,train_01096,train_01096,train,train,train_legacy
train_01819,train_01819,train_01819,train,train,train_legacy
train_01150,train_01150,train_01150,train,train,train_legacy
train_05163,train_05163,train_05163,train,train,train_legacy
train_added_test_00320,test_00320,test_00320,test,train,train_added
train_05944,train_05944,train_05944,train,train,train_legacy
train_04216,train_04216,train_04216,train,train,train_legacy
train_05073,train_05073,train_05073,train,train,train_legacy
train_04937,train_04937,train_04937,train,train,train_legacy
train_02017,train_02017,train_02017,train,train,train_legacy
train_00708,train_00708,train_00708,train,train,train_legacy
train_00706,train_00706,train_00706,train,train,train_legacy
train_00035,train_00035,train_00035,train,train,train_legacy
train_00138,train_00138,train_00138,train,train,train_legacy
train_00671,train_00671,train_00671,train,train,train_legacy
train_00999,train_00999,train_00999,train,train,train_legacy
train_05864,train_05864,train_05864,train,train,train_legacy
train_04195,train_04195,train_04195,train,train,train_legacy
train_04471,train_04471,train_04471,train,train,train_legacy
train_00610,train_00610,train_00610,train,train,train_legacy
train_02981,train_02981,train_02981,train,train,train_legacy
train_03413,train_03413,train_03413,train,train,train_legacy
train_02604,train_02604,train_02604,train,train,train_legacy
train_00136,train_00136,train_00136,train,train,train_legacy
train_01593,train_01593,train_01593,train,train,train_legacy
train_02294,train_02294,train_02294,train,train,train_legacy
train_03475,train_03475,train_03475,train,train,train_legacy
train_04584,train_04584,train_04584,train,train,train_legacy
train_02949,train_02949,train_02949,train,train,train_legacy
train_00970,train_00970,train_00970,train,train,train_legacy
train_00108,train_00108,train_00108,train,train,train_legacy
train_added_val_confirm_00057,val_confirm_00057,val_confirm_00057,val_confirm,train,train_added
train_00177,train_00177,train_00177,train,train,train_legacy
train_04680,train_04680,train_04680,train,train,train_legacy
train_00797,train_00797,train_00797,train,train,train_legacy
train_05110,train_05110,train_05110,train,train,train_legacy
train_02400,train_02400,train_02400,train,train,train_legacy
train_05075,train_05075,train_05075,train,train,train_legacy
train_03610,train_03610,train_03610,train,train,train_legacy
train_01556,train_01556,train_01556,train,train,train_legacy
train_03074,train_03074,train_03074,train,train,train_legacy
train_03657,train_03657,train_03657,train,train,train_legacy
train_03906,train_03906,train_03906,train,train,train_legacy
train_04932,train_04932,train_04932,train,train,train_legacy
train_05248,train_05248,train_05248,train,train,train_legacy
val_confirm_00378,val_confirm_00378,val_confirm_00378,val_confirm,val,val_nested
val_search_00026,val_search_00026,val_search_00026,val_search,val,val_nested
val_confirm_01073,val_confirm_01073,val_confirm_01073,val_confirm,val,val_nested
val_confirm_00575,val_confirm_00575,val_confirm_00575,val_confirm,val,val_nested
val_confirm_00235,val_confirm_00235,val_confirm_00235,val_confirm,val,val_nested
val_confirm_00622,val_confirm_00622,val_confirm_00622,val_confirm,val,val_nested
val_confirm_00524,val_confirm_00524,val_confirm_00524,val_confirm,val,val_nested
val_confirm_00430,val_confirm_00430,val_confirm_00430,val_confirm,val,val_nested
val_confirm_01030,val_confirm_01030,val_confirm_01030,val_confirm,val,val_nested
val_confirm_00112,val_confirm_00112,val_confirm_00112,val_confirm,val,val_nested
val_confirm_00561,val_confirm_00561,val_confirm_00561,val_confirm,val,val_nested
val_confirm_00653,val_confirm_00653,val_confirm_00653,val_confirm,val,val_nested
val_confirm_00993,val_confirm_00993,val_confirm_00993,val_confirm,val,val_nested
val_confirm_00650,val_confirm_00650,val_confirm_00650,val_confirm,val,val_nested
val_search_00314,val_search_00314,val_search_00314,val_search,val,val_nested
val_confirm_00720,val_confirm_00720,val_confirm_00720,val_confirm,val,val_nested
val_confirm_00291,val_confirm_00291,val_confirm_00291,val_confirm,val,val_nested
val_confirm_01029,val_confirm_01029,val_confirm_01029,val_confirm,val,val_nested
val_confirm_00408,val_confirm_00408,val_confirm_00408,val_confirm,val,val_nested
val_confirm_00791,val_confirm_00791,val_confirm_00791,val_confirm,val,val_nested
val_confirm_01033,val_confirm_01033,val_confirm_01033,val_confirm,val,val_nested
val_confirm_01076,val_confirm_01076,val_confirm_01076,val_confirm,val,val_nested
val_confirm_00107,val_confirm_00107,val_confirm_00107,val_confirm,val,val_nested
val_confirm_00912,val_confirm_00912,val_confirm_00912,val_confirm,val,val_nested
val_search_00072,val_search_00072,val_search_00072,val_search,val,val_nested
val_confirm_00299,val_confirm_00299,val_confirm_00299,val_confirm,val,val_nested
val_confirm_00432,val_confirm_00432,val_confirm_00432,val_confirm,val,val_nested
val_search_00324,val_search_00324,val_search_00324,val_search,val,val_nested
val_confirm_00379,val_confirm_00379,val_confirm_00379,val_confirm,val,val_nested
val_search_00117,val_search_00117,val_search_00117,val_search,val,val_nested
val_confirm_00652,val_confirm_00652,val_confirm_00652,val_confirm,val,val_nested
val_search_00177,val_search_00177,val_search_00177,val_search,val,val_nested
val_confirm_01074,val_confirm_01074,val_confirm_01074,val_confirm,val,val_nested
val_confirm_00150,val_confirm_00150,val_confirm_00150,val_confirm,val,val_nested
val_confirm_00356,val_confirm_00356,val_confirm_00356,val_confirm,val,val_nested
val_confirm_00992,val_confirm_00992,val_confirm_00992,val_confirm,val,val_nested
val_confirm_00016,val_confirm_00016,val_confirm_00016,val_confirm,val,val_nested
val_confirm_00732,val_confirm_00732,val_confirm_00732,val_confirm,val,val_nested
val_confirm_00191,val_confirm_00191,val_confirm_00191,val_confirm,val,val_nested
val_confirm_00638,val_confirm_00638,val_confirm_00638,val_confirm,val,val_nested
val_confirm_01005,val_confirm_01005,val_confirm_01005,val_confirm,val,val_nested
val_confirm_01078,val_confirm_01078,val_confirm_01078,val_confirm,val,val_nested
val_confirm_00847,val_confirm_00847,val_confirm_00847,val_confirm,val,val_nested
val_confirm_00539,val_confirm_00539,val_confirm_00539,val_confirm,val,val_nested
val_confirm_00363,val_confirm_00363,val_confirm_00363,val_confirm,val,val_nested
val_search_00019,val_search_00019,val_search_00019,val_search,val,val_nested
val_confirm_00603,val_confirm_00603,val_confirm_00603,val_confirm,val,val_nested
val_search_00204,val_search_00204,val_search_00204,val_search,val,val_nested
val_confirm_00119,val_confirm_00119,val_confirm_00119,val_confirm,val,val_nested
val_confirm_00462,val_confirm_00462,val_confirm_00462,val_confirm,val,val_nested
val_search_00354,val_search_00354,val_search_00354,val_search,val,val_nested
val_confirm_01038,val_confirm_01038,val_confirm_01038,val_confirm,val,val_nested
val_search_00216,val_search_00216,val_search_00216,val_search,val,val_nested
val_confirm_00070,val_confirm_00070,val_confirm_00070,val_confirm,val,val_nested
val_confirm_00914,val_confirm_00914,val_confirm_00914,val_confirm,val,val_nested
val_search_00242,val_search_00242,val_search_00242,val_search,val,val_nested
val_confirm_00383,val_confirm_00383,val_confirm_00383,val_confirm,val,val_nested
val_confirm_00775,val_confirm_00775,val_confirm_00775,val_confirm,val,val_nested
val_confirm_00551,val_confirm_00551,val_confirm_00551,val_confirm,val,val_nested
val_confirm_00102,val_confirm_00102,val_confirm_00102,val_confirm,val,val_nested
val_confirm_00312,val_confirm_00312,val_confirm_00312,val_confirm,val,val_nested
val_search_00153,val_search_00153,val_search_00153,val_search,val,val_nested
val_confirm_00237,val_confirm_00237,val_confirm_00237,val_confirm,val,val_nested
val_confirm_00526,val_confirm_00526,val_confirm_00526,val_confirm,val,val_nested
val_confirm_01075,val_confirm_01075,val_confirm_01075,val_confirm,val,val_nested
val_confirm_00401,val_confirm_00401,val_confirm_00401,val_confirm,val,val_nested
val_search_00249,val_search_00249,val_search_00249,val_search,val,val_nested
val_search_00277,val_search_00277,val_search_00277,val_search,val,val_nested
val_confirm_00492,val_confirm_00492,val_confirm_00492,val_confirm,val,val_nested
val_confirm_00781,val_confirm_00781,val_confirm_00781,val_confirm,val,val_nested
val_confirm_00917,val_confirm_00917,val_confirm_00917,val_confirm,val,val_nested
val_search_00142,val_search_00142,val_search_00142,val_search,val,val_nested
val_confirm_00159,val_confirm_00159,val_confirm_00159,val_confirm,val,val_nested
val_confirm_00210,val_confirm_00210,val_confirm_00210,val_confirm,val,val_nested
val_search_00137,val_search_00137,val_search_00137,val_search,val,val_nested
val_confirm_00809,val_confirm_00809,val_confirm_00809,val_confirm,val,val_nested
val_confirm_00804,val_confirm_00804,val_confirm_00804,val_confirm,val,val_nested
val_confirm_00306,val_confirm_00306,val_confirm_00306,val_confirm,val,val_nested
val_confirm_00169,val_confirm_00169,val_confirm_00169,val_confirm,val,val_nested
val_confirm_00395,val_confirm_00395,val_confirm_00395,val_confirm,val,val_nested
val_search_00113,val_search_00113,val_search_00113,val_search,val,val_nested
val_confirm_00476,val_confirm_00476,val_confirm_00476,val_confirm,val,val_nested
val_confirm_00595,val_confirm_00595,val_confirm_00595,val_confirm,val,val_nested
val_search_00236,val_search_00236,val_search_00236,val_search,val,val_nested
val_confirm_00762,val_confirm_00762,val_confirm_00762,val_confirm,val,val_nested
val_confirm_00686,val_confirm_00686,val_confirm_00686,val_confirm,val,val_nested
val_confirm_00504,val_confirm_00504,val_confirm_00504,val_confirm,val,val_nested
val_search_00351,val_search_00351,val_search_00351,val_search,val,val_nested
val_confirm_00128,val_confirm_00128,val_confirm_00128,val_confirm,val,val_nested
val_confirm_00642,val_confirm_00642,val_confirm_00642,val_confirm,val,val_nested
val_confirm_00641,val_confirm_00641,val_confirm_00641,val_confirm,val,val_nested
val_confirm_01067,val_confirm_01067,val_confirm_01067,val_confirm,val,val_nested
val_confirm_00523,val_confirm_00523,val_confirm_00523,val_confirm,val,val_nested
val_search_00043,val_search_00043,val_search_00043,val_search,val,val_nested
val_confirm_00614,val_confirm_00614,val_confirm_00614,val_confirm,val,val_nested
val_confirm_00621,val_confirm_00621,val_confirm_00621,val_confirm,val,val_nested
val_confirm_00889,val_confirm_00889,val_confirm_00889,val_confirm,val,val_nested
val_search_00345,val_search_00345,val_search_00345,val_search,val,val_nested
val_confirm_00984,val_confirm_00984,val_confirm_00984,val_confirm,val,val_nested
val_search_00182,val_search_00182,val_search_00182,val_search,val,val_nested
val_confirm_01052,val_confirm_01052,val_confirm_01052,val_confirm,val,val_nested
val_search_00333,val_search_00333,val_search_00333,val_search,val,val_nested
val_search_00109,val_search_00109,val_search_00109,val_search,val,val_nested
val_confirm_00761,val_confirm_00761,val_confirm_00761,val_confirm,val,val_nested
val_confirm_01085,val_confirm_01085,val_confirm_01085,val_confirm,val,val_nested
val_confirm_00482,val_confirm_00482,val_confirm_00482,val_confirm,val,val_nested
val_confirm_00776,val_confirm_00776,val_confirm_00776,val_confirm,val,val_nested
val_confirm_00823,val_confirm_00823,val_confirm_00823,val_confirm,val,val_nested
val_confirm_01092,val_confirm_01092,val_confirm_01092,val_confirm,val,val_nested
val_search_00361,val_search_00361,val_search_00361,val_search,val,val_nested
val_confirm_00371,val_confirm_00371,val_confirm_00371,val_confirm,val,val_nested
val_confirm_00287,val_confirm_00287,val_confirm_00287,val_confirm,val,val_nested
val_confirm_00052,val_confirm_00052,val_confirm_00052,val_confirm,val,val_nested
val_confirm_00610,val_confirm_00610,val_confirm_00610,val_confirm,val,val_nested
val_confirm_00681,val_confirm_00681,val_confirm_00681,val_confirm,val,val_nested
val_confirm_00792,val_confirm_00792,val_confirm_00792,val_confirm,val,val_nested
val_confirm_00402,val_confirm_00402,val_confirm_00402,val_confirm,val,val_nested
val_search_00211,val_search_00211,val_search_00211,val_search,val,val_nested
val_confirm_00240,val_confirm_00240,val_confirm_00240,val_confirm,val,val_nested
val_confirm_01001,val_confirm_01001,val_confirm_01001,val_confirm,val,val_nested
val_confirm_00986,val_confirm_00986,val_confirm_00986,val_confirm,val,val_nested
val_search_00250,val_search_00250,val_search_00250,val_search,val,val_nested
val_search_00264,val_search_00264,val_search_00264,val_search,val,val_nested
val_confirm_00251,val_confirm_00251,val_confirm_00251,val_confirm,val,val_nested
val_confirm_00400,val_confirm_00400,val_confirm_00400,val_confirm,val,val_nested
val_search_00090,val_search_00090,val_search_00090,val_search,val,val_nested
val_confirm_00018,val_confirm_00018,val_confirm_00018,val_confirm,val,val_nested
val_confirm_00167,val_confirm_00167,val_confirm_00167,val_confirm,val,val_nested
val_confirm_00124,val_confirm_00124,val_confirm_00124,val_confirm,val,val_nested
val_confirm_00386,val_confirm_00386,val_confirm_00386,val_confirm,val,val_nested
val_search_00340,val_search_00340,val_search_00340,val_search,val,val_nested
val_confirm_00985,val_confirm_00985,val_confirm_00985,val_confirm,val,val_nested
val_confirm_00001,val_confirm_00001,val_confirm_00001,val_confirm,val,val_nested
val_confirm_00125,val_confirm_00125,val_confirm_00125,val_confirm,val,val_nested
val_confirm_00387,val_confirm_00387,val_confirm_00387,val_confirm,val,val_nested
val_search_00123,val_search_00123,val_search_00123,val_search,val,val_nested
val_confirm_00275,val_confirm_00275,val_confirm_00275,val_confirm,val,val_nested
val_confirm_00848,val_confirm_00848,val_confirm_00848,val_confirm,val,val_nested
val_confirm_00369,val_confirm_00369,val_confirm_00369,val_confirm,val,val_nested
val_confirm_00542,val_confirm_00542,val_confirm_00542,val_confirm,val,val_nested
val_confirm_00695,val_confirm_00695,val_confirm_00695,val_confirm,val,val_nested
val_confirm_00787,val_confirm_00787,val_confirm_00787,val_confirm,val,val_nested
val_confirm_00590,val_confirm_00590,val_confirm_00590,val_confirm,val,val_nested
val_search_00290,val_search_00290,val_search_00290,val_search,val,val_nested
val_confirm_00865,val_confirm_00865,val_confirm_00865,val_confirm,val,val_nested
val_confirm_00354,val_confirm_00354,val_confirm_00354,val_confirm,val,val_nested
val_search_00166,val_search_00166,val_search_00166,val_search,val,val_nested
val_confirm_00881,val_confirm_00881,val_confirm_00881,val_confirm,val,val_nested
val_search_00085,val_search_00085,val_search_00085,val_search,val,val_nested
val_search_00007,val_search_00007,val_search_00007,val_search,val,val_nested
val_confirm_00420,val_confirm_00420,val_confirm_00420,val_confirm,val,val_nested
val_confirm_00948,val_confirm_00948,val_confirm_00948,val_confirm,val,val_nested
val_confirm_00525,val_confirm_00525,val_confirm_00525,val_confirm,val,val_nested
val_confirm_00719,val_confirm_00719,val_confirm_00719,val_confirm,val,val_nested
val_search_00274,val_search_00274,val_search_00274,val_search,val,val_nested
val_confirm_00389,val_confirm_00389,val_confirm_00389,val_confirm,val,val_nested
val_confirm_00108,val_confirm_00108,val_confirm_00108,val_confirm,val,val_nested
val_confirm_00334,val_confirm_00334,val_confirm_00334,val_confirm,val,val_nested
val_search_00247,val_search_00247,val_search_00247,val_search,val,val_nested
val_confirm_00256,val_confirm_00256,val_confirm_00256,val_confirm,val,val_nested
val_search_00257,val_search_00257,val_search_00257,val_search,val,val_nested
val_confirm_00426,val_confirm_00426,val_confirm_00426,val_confirm,val,val_nested
val_confirm_00043,val_confirm_00043,val_confirm_00043,val_confirm,val,val_nested
val_search_00256,val_search_00256,val_search_00256,val_search,val,val_nested
val_confirm_00972,val_confirm_00972,val_confirm_00972,val_confirm,val,val_nested
val_confirm_01014,val_confirm_01014,val_confirm_01014,val_confirm,val,val_nested
val_confirm_00065,val_confirm_00065,val_confirm_00065,val_confirm,val,val_nested
val_search_00190,val_search_00190,val_search_00190,val_search,val,val_nested
val_confirm_00532,val_confirm_00532,val_confirm_00532,val_confirm,val,val_nested
val_confirm_00615,val_confirm_00615,val_confirm_00615,val_confirm,val,val_nested
val_search_00081,val_search_00081,val_search_00081,val_search,val,val_nested
val_confirm_00366,val_confirm_00366,val_confirm_00366,val_confirm,val,val_nested
val_confirm_00486,val_confirm_00486,val_confirm_00486,val_confirm,val,val_nested
val_confirm_00136,val_confirm_00136,val_confirm_00136,val_confirm,val,val_nested
val_confirm_00613,val_confirm_00613,val_confirm_00613,val_confirm,val,val_nested
val_search_00355,val_search_00355,val_search_00355,val_search,val,val_nested
val_search_00261,val_search_00261,val_search_00261,val_search,val,val_nested
val_confirm_00802,val_confirm_00802,val_confirm_00802,val_confirm,val,val_nested
val_confirm_00345,val_confirm_00345,val_confirm_00345,val_confirm,val,val_nested
val_confirm_00882,val_confirm_00882,val_confirm_00882,val_confirm,val,val_nested
val_confirm_00353,val_confirm_00353,val_confirm_00353,val_confirm,val,val_nested
val_confirm_00222,val_confirm_00222,val_confirm_00222,val_confirm,val,val_nested
val_confirm_00416,val_confirm_00416,val_confirm_00416,val_confirm,val,val_nested
val_search_00384,val_search_00384,val_search_00384,val_search,val,val_nested
val_confirm_00083,val_confirm_00083,val_confirm_00083,val_confirm,val,val_nested
val_confirm_00805,val_confirm_00805,val_confirm_00805,val_confirm,val,val_nested
val_search_00088,val_search_00088,val_search_00088,val_search,val,val_nested
val_search_00356,val_search_00356,val_search_00356,val_search,val,val_nested
val_confirm_00767,val_confirm_00767,val_confirm_00767,val_confirm,val,val_nested
val_confirm_00813,val_confirm_00813,val_confirm_00813,val_confirm,val,val_nested
val_confirm_00884,val_confirm_00884,val_confirm_00884,val_confirm,val,val_nested
val_search_00377,val_search_00377,val_search_00377,val_search,val,val_nested
val_confirm_00916,val_confirm_00916,val_confirm_00916,val_confirm,val,val_nested
val_search_00368,val_search_00368,val_search_00368,val_search,val,val_nested
val_confirm_00655,val_confirm_00655,val_confirm_00655,val_confirm,val,val_nested
val_confirm_00941,val_confirm_00941,val_confirm_00941,val_confirm,val,val_nested
val_confirm_00441,val_confirm_00441,val_confirm_00441,val_confirm,val,val_nested
val_confirm_00945,val_confirm_00945,val_confirm_00945,val_confirm,val,val_nested
val_confirm_00079,val_confirm_00079,val_confirm_00079,val_confirm,val,val_nested
val_confirm_01036,val_confirm_01036,val_confirm_01036,val_confirm,val,val_nested
val_confirm_00683,val_confirm_00683,val_confirm_00683,val_confirm,val,val_nested
val_confirm_00816,val_confirm_00816,val_confirm_00816,val_confirm,val,val_nested
val_confirm_00056,val_confirm_00056,val_confirm_00056,val_confirm,val,val_nested
val_confirm_00905,val_confirm_00905,val_confirm_00905,val_confirm,val,val_nested
val_confirm_00148,val_confirm_00148,val_confirm_00148,val_confirm,val,val_nested
val_search_00364,val_search_00364,val_search_00364,val_search,val,val_nested
val_confirm_00446,val_confirm_00446,val_confirm_00446,val_confirm,val,val_nested
val_confirm_00596,val_confirm_00596,val_confirm_00596,val_confirm,val,val_nested
val_search_00148,val_search_00148,val_search_00148,val_search,val,val_nested
val_confirm_00182,val_confirm_00182,val_confirm_00182,val_confirm,val,val_nested
val_confirm_00135,val_confirm_00135,val_confirm_00135,val_confirm,val,val_nested
val_search_00107,val_search_00107,val_search_00107,val_search,val,val_nested
val_confirm_00926,val_confirm_00926,val_confirm_00926,val_confirm,val,val_nested
val_confirm_00104,val_confirm_00104,val_confirm_00104,val_confirm,val,val_nested
val_search_00032,val_search_00032,val_search_00032,val_search,val,val_nested
val_confirm_00198,val_confirm_00198,val_confirm_00198,val_confirm,val,val_nested
val_search_00319,val_search_00319,val_search_00319,val_search,val,val_nested
val_confirm_00628,val_confirm_00628,val_confirm_00628,val_confirm,val,val_nested
val_confirm_01058,val_confirm_01058,val_confirm_01058,val_confirm,val,val_nested
val_search_00078,val_search_00078,val_search_00078,val_search,val,val_nested
val_search_00151,val_search_00151,val_search_00151,val_search,val,val_nested
val_confirm_00633,val_confirm_00633,val_confirm_00633,val_confirm,val,val_nested
val_confirm_00039,val_confirm_00039,val_confirm_00039,val_confirm,val,val_nested
val_confirm_00217,val_confirm_00217,val_confirm_00217,val_confirm,val,val_nested
val_confirm_00435,val_confirm_00435,val_confirm_00435,val_confirm,val,val_nested
val_confirm_00288,val_confirm_00288,val_confirm_00288,val_confirm,val,val_nested
val_confirm_01051,val_confirm_01051,val_confirm_01051,val_confirm,val,val_nested
val_confirm_00782,val_confirm_00782,val_confirm_00782,val_confirm,val,val_nested
val_confirm_00965,val_confirm_00965,val_confirm_00965,val_confirm,val,val_nested
val_confirm_00978,val_confirm_00978,val_confirm_00978,val_confirm,val,val_nested
val_search_00265,val_search_00265,val_search_00265,val_search,val,val_nested
val_confirm_00740,val_confirm_00740,val_confirm_00740,val_confirm,val,val_nested
val_confirm_00717,val_confirm_00717,val_confirm_00717,val_confirm,val,val_nested
val_search_00174,val_search_00174,val_search_00174,val_search,val,val_nested
val_confirm_00382,val_confirm_00382,val_confirm_00382,val_confirm,val,val_nested
val_search_00062,val_search_00062,val_search_00062,val_search,val,val_nested
val_confirm_01079,val_confirm_01079,val_confirm_01079,val_confirm,val,val_nested
val_search_00125,val_search_00125,val_search_00125,val_search,val,val_nested
val_confirm_00750,val_confirm_00750,val_confirm_00750,val_confirm,val,val_nested
val_search_00315,val_search_00315,val_search_00315,val_search,val,val_nested
val_confirm_00341,val_confirm_00341,val_confirm_00341,val_confirm,val,val_nested
val_confirm_00351,val_confirm_00351,val_confirm_00351,val_confirm,val,val_nested
val_confirm_00789,val_confirm_00789,val_confirm_00789,val_confirm,val,val_nested
val_confirm_00979,val_confirm_00979,val_confirm_00979,val_confirm,val,val_nested
val_search_00050,val_search_00050,val_search_00050,val_search,val,val_nested
val_search_00196,val_search_00196,val_search_00196,val_search,val,val_nested
val_confirm_00298,val_confirm_00298,val_confirm_00298,val_confirm,val,val_nested
val_confirm_00932,val_confirm_00932,val_confirm_00932,val_confirm,val,val_nested
val_confirm_01090,val_confirm_01090,val_confirm_01090,val_confirm,val,val_nested
val_confirm_00224,val_confirm_00224,val_confirm_00224,val_confirm,val,val_nested
val_search_00112,val_search_00112,val_search_00112,val_search,val,val_nested
val_confirm_00514,val_confirm_00514,val_confirm_00514,val_confirm,val,val_nested
val_search_00306,val_search_00306,val_search_00306,val_search,val,val_nested
val_confirm_00244,val_confirm_00244,val_confirm_00244,val_confirm,val,val_nested
val_confirm_00721,val_confirm_00721,val_confirm_00721,val_confirm,val,val_nested
val_confirm_00970,val_confirm_00970,val_confirm_00970,val_confirm,val,val_nested
val_confirm_00469,val_confirm_00469,val_confirm_00469,val_confirm,val,val_nested
val_confirm_00189,val_confirm_00189,val_confirm_00189,val_confirm,val,val_nested
val_confirm_00752,val_confirm_00752,val_confirm_00752,val_confirm,val,val_nested
val_search_00152,val_search_00152,val_search_00152,val_search,val,val_nested
val_search_00008,val_search_00008,val_search_00008,val_search,val,val_nested
val_confirm_00513,val_confirm_00513,val_confirm_00513,val_confirm,val,val_nested
val_confirm_00527,val_confirm_00527,val_confirm_00527,val_confirm,val,val_nested
val_confirm_00927,val_confirm_00927,val_confirm_00927,val_confirm,val,val_nested
val_confirm_00410,val_confirm_00410,val_confirm_00410,val_confirm,val,val_nested
val_confirm_00870,val_confirm_00870,val_confirm_00870,val_confirm,val,val_nested
val_confirm_00754,val_confirm_00754,val_confirm_00754,val_confirm,val,val_nested
val_search_00000,val_search_00000,val_search_00000,val_search,val,val_nested
val_confirm_00498,val_confirm_00498,val_confirm_00498,val_confirm,val,val_nested
val_confirm_00531,val_confirm_00531,val_confirm_00531,val_confirm,val,val_nested
val_search_00067,val_search_00067,val_search_00067,val_search,val,val_nested
val_confirm_00384,val_confirm_00384,val_confirm_00384,val_confirm,val,val_nested
val_confirm_00585,val_confirm_00585,val_confirm_00585,val_confirm,val,val_nested
val_search_00108,val_search_00108,val_search_00108,val_search,val,val_nested
val_search_00205,val_search_00205,val_search_00205,val_search,val,val_nested
val_confirm_01072,val_confirm_01072,val_confirm_01072,val_confirm,val,val_nested
val_confirm_01002,val_confirm_01002,val_confirm_01002,val_confirm,val,val_nested
val_confirm_00319,val_confirm_00319,val_confirm_00319,val_confirm,val,val_nested
val_confirm_00751,val_confirm_00751,val_confirm_00751,val_confirm,val,val_nested
val_confirm_00116,val_confirm_00116,val_confirm_00116,val_confirm,val,val_nested
val_search_00016,val_search_00016,val_search_00016,val_search,val,val_nested
val_confirm_01000,val_confirm_01000,val_confirm_01000,val_confirm,val,val_nested
val_search_00231,val_search_00231,val_search_00231,val_search,val,val_nested
val_search_00254,val_search_00254,val_search_00254,val_search,val,val_nested
val_confirm_00772,val_confirm_00772,val_confirm_00772,val_confirm,val,val_nested
val_confirm_01039,val_confirm_01039,val_confirm_01039,val_confirm,val,val_nested
val_confirm_00002,val_confirm_00002,val_confirm_00002,val_confirm,val,val_nested
val_confirm_00158,val_confirm_00158,val_confirm_00158,val_confirm,val,val_nested
val_confirm_00129,val_confirm_00129,val_confirm_00129,val_confirm,val,val_nested
val_search_00001,val_search_00001,val_search_00001,val_search,val,val_nested
val_confirm_00855,val_confirm_00855,val_confirm_00855,val_confirm,val,val_nested
val_confirm_00627,val_confirm_00627,val_confirm_00627,val_confirm,val,val_nested
val_confirm_00350,val_confirm_00350,val_confirm_00350,val_confirm,val,val_nested
val_confirm_00535,val_confirm_00535,val_confirm_00535,val_confirm,val,val_nested
val_confirm_00012,val_confirm_00012,val_confirm_00012,val_confirm,val,val_nested
val_search_00083,val_search_00083,val_search_00083,val_search,val,val_nested
val_confirm_00704,val_confirm_00704,val_confirm_00704,val_confirm,val,val_nested
val_confirm_00623,val_confirm_00623,val_confirm_00623,val_confirm,val,val_nested
val_confirm_00577,val_confirm_00577,val_confirm_00577,val_confirm,val,val_nested
val_search_00269,val_search_00269,val_search_00269,val_search,val,val_nested
val_confirm_00413,val_confirm_00413,val_confirm_00413,val_confirm,val,val_nested
val_confirm_00611,val_confirm_00611,val_confirm_00611,val_confirm,val,val_nested
val_confirm_00921,val_confirm_00921,val_confirm_00921,val_confirm,val,val_nested
val_confirm_00559,val_confirm_00559,val_confirm_00559,val_confirm,val,val_nested
val_search_00237,val_search_00237,val_search_00237,val_search,val,val_nested
val_confirm_00452,val_confirm_00452,val_confirm_00452,val_confirm,val,val_nested
val_confirm_00843,val_confirm_00843,val_confirm_00843,val_confirm,val,val_nested
val_confirm_00871,val_confirm_00871,val_confirm_00871,val_confirm,val,val_nested
val_confirm_00186,val_confirm_00186,val_confirm_00186,val_confirm,val,val_nested
val_confirm_00117,val_confirm_00117,val_confirm_00117,val_confirm,val,val_nested
val_confirm_00170,val_confirm_00170,val_confirm_00170,val_confirm,val,val_nested
val_confirm_00192,val_confirm_00192,val_confirm_00192,val_confirm,val,val_nested
val_confirm_00643,val_confirm_00643,val_confirm_00643,val_confirm,val,val_nested
val_confirm_00799,val_confirm_00799,val_confirm_00799,val_confirm,val,val_nested
val_confirm_00609,val_confirm_00609,val_confirm_00609,val_confirm,val,val_nested
val_confirm_00741,val_confirm_00741,val_confirm_00741,val_confirm,val,val_nested
val_confirm_01063,val_confirm_01063,val_confirm_01063,val_confirm,val,val_nested
val_confirm_00296,val_confirm_00296,val_confirm_00296,val_confirm,val,val_nested
val_confirm_00252,val_confirm_00252,val_confirm_00252,val_confirm,val,val_nested
val_search_00238,val_search_00238,val_search_00238,val_search,val,val_nested
val_confirm_00758,val_confirm_00758,val_confirm_00758,val_confirm,val,val_nested
val_search_00086,val_search_00086,val_search_00086,val_search,val,val_nested
val_search_00259,val_search_00259,val_search_00259,val_search,val,val_nested
val_confirm_00764,val_confirm_00764,val_confirm_00764,val_confirm,val,val_nested
val_confirm_00682,val_confirm_00682,val_confirm_00682,val_confirm,val,val_nested
val_confirm_00956,val_confirm_00956,val_confirm_00956,val_confirm,val,val_nested
val_confirm_00594,val_confirm_00594,val_confirm_00594,val_confirm,val,val_nested
val_confirm_00549,val_confirm_00549,val_confirm_00549,val_confirm,val,val_nested
val_confirm_00674,val_confirm_00674,val_confirm_00674,val_confirm,val,val_nested
val_confirm_00068,val_confirm_00068,val_confirm_00068,val_confirm,val,val_nested
val_confirm_00447,val_confirm_00447,val_confirm_00447,val_confirm,val,val_nested
val_confirm_00745,val_confirm_00745,val_confirm_00745,val_confirm,val,val_nested
val_confirm_00360,val_confirm_00360,val_confirm_00360,val_confirm,val,val_nested
val_confirm_00250,val_confirm_00250,val_confirm_00250,val_confirm,val,val_nested
val_search_00039,val_search_00039,val_search_00039,val_search,val,val_nested
val_confirm_00856,val_confirm_00856,val_confirm_00856,val_confirm,val,val_nested
val_confirm_00769,val_confirm_00769,val_confirm_00769,val_confirm,val,val_nested
val_confirm_01049,val_confirm_01049,val_confirm_01049,val_confirm,val,val_nested
val_confirm_00422,val_confirm_00422,val_confirm_00422,val_confirm,val,val_nested
val_confirm_00673,val_confirm_00673,val_confirm_00673,val_confirm,val,val_nested
val_confirm_00467,val_confirm_00467,val_confirm_00467,val_confirm,val,val_nested
val_search_00111,val_search_00111,val_search_00111,val_search,val,val_nested
val_confirm_00343,val_confirm_00343,val_confirm_00343,val_confirm,val,val_nested
val_confirm_00195,val_confirm_00195,val_confirm_00195,val_confirm,val,val_nested
val_confirm_00608,val_confirm_00608,val_confirm_00608,val_confirm,val,val_nested
val_confirm_00699,val_confirm_00699,val_confirm_00699,val_confirm,val,val_nested
val_search_00087,val_search_00087,val_search_00087,val_search,val,val_nested
val_confirm_00690,val_confirm_00690,val_confirm_00690,val_confirm,val,val_nested
val_confirm_00038,val_confirm_00038,val_confirm_00038,val_confirm,val,val_nested
val_confirm_00738,val_confirm_00738,val_confirm_00738,val_confirm,val,val_nested
val_search_00091,val_search_00091,val_search_00091,val_search,val,val_nested
val_confirm_01012,val_confirm_01012,val_confirm_01012,val_confirm,val,val_nested
val_confirm_00700,val_confirm_00700,val_confirm_00700,val_confirm,val,val_nested
val_search_00279,val_search_00279,val_search_00279,val_search,val,val_nested
val_confirm_00607,val_confirm_00607,val_confirm_00607,val_confirm,val,val_nested
val_search_00390,val_search_00390,val_search_00390,val_search,val,val_nested
val_confirm_00320,val_confirm_00320,val_confirm_00320,val_confirm,val,val_nested
val_search_00054,val_search_00054,val_search_00054,val_search,val,val_nested
val_confirm_00293,val_confirm_00293,val_confirm_00293,val_confirm,val,val_nested
val_confirm_00270,val_confirm_00270,val_confirm_00270,val_confirm,val,val_nested
val_search_00157,val_search_00157,val_search_00157,val_search,val,val_nested
val_confirm_00820,val_confirm_00820,val_confirm_00820,val_confirm,val,val_nested
val_confirm_00624,val_confirm_00624,val_confirm_00624,val_confirm,val,val_nested
val_confirm_00930,val_confirm_00930,val_confirm_00930,val_confirm,val,val_nested
val_search_00170,val_search_00170,val_search_00170,val_search,val,val_nested
val_confirm_00242,val_confirm_00242,val_confirm_00242,val_confirm,val,val_nested
val_confirm_01064,val_confirm_01064,val_confirm_01064,val_confirm,val,val_nested
val_search_00255,val_search_00255,val_search_00255,val_search,val,val_nested
val_confirm_00499,val_confirm_00499,val_confirm_00499,val_confirm,val,val_nested
val_search_00003,val_search_00003,val_search_00003,val_search,val,val_nested
val_confirm_01015,val_confirm_01015,val_confirm_01015,val_confirm,val,val_nested
val_search_00349,val_search_00349,val_search_00349,val_search,val,val_nested
val_search_00241,val_search_00241,val_search_00241,val_search,val,val_nested
val_confirm_00300,val_confirm_00300,val_confirm_00300,val_confirm,val,val_nested
val_confirm_00517,val_confirm_00517,val_confirm_00517,val_confirm,val,val_nested
val_confirm_00081,val_confirm_00081,val_confirm_00081,val_confirm,val,val_nested
val_confirm_00576,val_confirm_00576,val_confirm_00576,val_confirm,val,val_nested
val_confirm_00230,val_confirm_00230,val_confirm_00230,val_confirm,val,val_nested
val_search_00101,val_search_00101,val_search_00101,val_search,val,val_nested
val_search_00129,val_search_00129,val_search_00129,val_search,val,val_nested
val_confirm_00437,val_confirm_00437,val_confirm_00437,val_confirm,val,val_nested
val_search_00301,val_search_00301,val_search_00301,val_search,val,val_nested
val_confirm_00328,val_confirm_00328,val_confirm_00328,val_confirm,val,val_nested
val_confirm_00006,val_confirm_00006,val_confirm_00006,val_confirm,val,val_nested
val_search_00199,val_search_00199,val_search_00199,val_search,val,val_nested
val_confirm_00520,val_confirm_00520,val_confirm_00520,val_confirm,val,val_nested
val_confirm_00019,val_confirm_00019,val_confirm_00019,val_confirm,val,val_nested
val_confirm_00857,val_confirm_00857,val_confirm_00857,val_confirm,val,val_nested
val_confirm_00703,val_confirm_00703,val_confirm_00703,val_confirm,val,val_nested
val_search_00136,val_search_00136,val_search_00136,val_search,val,val_nested
val_confirm_00748,val_confirm_00748,val_confirm_00748,val_confirm,val,val_nested
val_search_00066,val_search_00066,val_search_00066,val_search,val,val_nested
val_confirm_00872,val_confirm_00872,val_confirm_00872,val_confirm,val,val_nested
val_search_00200,val_search_00200,val_search_00200,val_search,val,val_nested
val_search_00071,val_search_00071,val_search_00071,val_search,val,val_nested
val_search_00096,val_search_00096,val_search_00096,val_search,val,val_nested
val_confirm_00289,val_confirm_00289,val_confirm_00289,val_confirm,val,val_nested
val_search_00227,val_search_00227,val_search_00227,val_search,val,val_nested
val_search_00094,val_search_00094,val_search_00094,val_search,val,val_nested
val_confirm_00591,val_confirm_00591,val_confirm_00591,val_confirm,val,val_nested
val_confirm_00115,val_confirm_00115,val_confirm_00115,val_confirm,val,val_nested
val_confirm_00025,val_confirm_00025,val_confirm_00025,val_confirm,val,val_nested
val_confirm_00474,val_confirm_00474,val_confirm_00474,val_confirm,val,val_nested
val_search_00243,val_search_00243,val_search_00243,val_search,val,val_nested
val_confirm_00899,val_confirm_00899,val_confirm_00899,val_confirm,val,val_nested
val_search_00217,val_search_00217,val_search_00217,val_search,val,val_nested
val_confirm_00027,val_confirm_00027,val_confirm_00027,val_confirm,val,val_nested
val_search_00303,val_search_00303,val_search_00303,val_search,val,val_nested
val_search_00034,val_search_00034,val_search_00034,val_search,val,val_nested
val_confirm_00333,val_confirm_00333,val_confirm_00333,val_confirm,val,val_nested
val_confirm_00314,val_confirm_00314,val_confirm_00314,val_confirm,val,val_nested
val_confirm_00726,val_confirm_00726,val_confirm_00726,val_confirm,val,val_nested
val_confirm_00955,val_confirm_00955,val_confirm_00955,val_confirm,val,val_nested
val_confirm_00507,val_confirm_00507,val_confirm_00507,val_confirm,val,val_nested
val_search_00311,val_search_00311,val_search_00311,val_search,val,val_nested
val_confirm_00836,val_confirm_00836,val_confirm_00836,val_confirm,val,val_nested
val_confirm_00780,val_confirm_00780,val_confirm_00780,val_confirm,val,val_nested
val_confirm_00637,val_confirm_00637,val_confirm_00637,val_confirm,val,val_nested
val_search_00278,val_search_00278,val_search_00278,val_search,val,val_nested
val_confirm_00138,val_confirm_00138,val_confirm_00138,val_confirm,val,val_nested
val_confirm_00391,val_confirm_00391,val_confirm_00391,val_confirm,val,val_nested
val_confirm_00755,val_confirm_00755,val_confirm_00755,val_confirm,val,val_nested
val_search_00045,val_search_00045,val_search_00045,val_search,val,val_nested
val_confirm_00396,val_confirm_00396,val_confirm_00396,val_confirm,val,val_nested
val_search_00298,val_search_00298,val_search_00298,val_search,val,val_nested
val_search_00052,val_search_00052,val_search_00052,val_search,val,val_nested
val_confirm_00646,val_confirm_00646,val_confirm_00646,val_confirm,val,val_nested
val_confirm_00862,val_confirm_00862,val_confirm_00862,val_confirm,val,val_nested
val_confirm_00817,val_confirm_00817,val_confirm_00817,val_confirm,val,val_nested
val_confirm_00165,val_confirm_00165,val_confirm_00165,val_confirm,val,val_nested
val_confirm_00678,val_confirm_00678,val_confirm_00678,val_confirm,val,val_nested
val_confirm_00867,val_confirm_00867,val_confirm_00867,val_confirm,val,val_nested
val_search_00135,val_search_00135,val_search_00135,val_search,val,val_nested
val_confirm_00835,val_confirm_00835,val_confirm_00835,val_confirm,val,val_nested
val_confirm_00593,val_confirm_00593,val_confirm_00593,val_confirm,val,val_nested
val_search_00191,val_search_00191,val_search_00191,val_search,val,val_nested
val_search_00366,val_search_00366,val_search_00366,val_search,val,val_nested
val_confirm_00778,val_confirm_00778,val_confirm_00778,val_confirm,val,val_nested
val_search_00029,val_search_00029,val_search_00029,val_search,val,val_nested
val_confirm_00562,val_confirm_00562,val_confirm_00562,val_confirm,val,val_nested
val_confirm_00949,val_confirm_00949,val_confirm_00949,val_confirm,val,val_nested
val_confirm_00431,val_confirm_00431,val_confirm_00431,val_confirm,val,val_nested
val_search_00362,val_search_00362,val_search_00362,val_search,val,val_nested
val_search_00004,val_search_00004,val_search_00004,val_search,val,val_nested
val_confirm_00137,val_confirm_00137,val_confirm_00137,val_confirm,val,val_nested
val_search_00010,val_search_00010,val_search_00010,val_search,val,val_nested
val_search_00031,val_search_00031,val_search_00031,val_search,val,val_nested
val_confirm_00667,val_confirm_00667,val_confirm_00667,val_confirm,val,val_nested
val_search_00044,val_search_00044,val_search_00044,val_search,val,val_nested
val_confirm_01054,val_confirm_01054,val_confirm_01054,val_confirm,val,val_nested
val_search_00179,val_search_00179,val_search_00179,val_search,val,val_nested
val_confirm_01026,val_confirm_01026,val_confirm_01026,val_confirm,val,val_nested
val_confirm_00982,val_confirm_00982,val_confirm_00982,val_confirm,val,val_nested
val_confirm_00480,val_confirm_00480,val_confirm_00480,val_confirm,val,val_nested
val_confirm_00838,val_confirm_00838,val_confirm_00838,val_confirm,val,val_nested
val_confirm_00042,val_confirm_00042,val_confirm_00042,val_confirm,val,val_nested
val_confirm_01004,val_confirm_01004,val_confirm_01004,val_confirm,val,val_nested
val_confirm_00040,val_confirm_00040,val_confirm_00040,val_confirm,val,val_nested
val_search_00239,val_search_00239,val_search_00239,val_search,val,val_nested
val_confirm_00463,val_confirm_00463,val_confirm_00463,val_confirm,val,val_nested
val_confirm_00365,val_confirm_00365,val_confirm_00365,val_confirm,val,val_nested
val_confirm_00084,val_confirm_00084,val_confirm_00084,val_confirm,val,val_nested
val_confirm_00045,val_confirm_00045,val_confirm_00045,val_confirm,val,val_nested
val_confirm_00806,val_confirm_00806,val_confirm_00806,val_confirm,val,val_nested
val_confirm_00649,val_confirm_00649,val_confirm_00649,val_confirm,val,val_nested
val_search_00192,val_search_00192,val_search_00192,val_search,val,val_nested
val_search_00335,val_search_00335,val_search_00335,val_search,val,val_nested
val_confirm_00236,val_confirm_00236,val_confirm_00236,val_confirm,val,val_nested
val_confirm_01069,val_confirm_01069,val_confirm_01069,val_confirm,val,val_nested
val_confirm_00144,val_confirm_00144,val_confirm_00144,val_confirm,val,val_nested
val_confirm_00295,val_confirm_00295,val_confirm_00295,val_confirm,val,val_nested
val_confirm_00893,val_confirm_00893,val_confirm_00893,val_confirm,val,val_nested
val_confirm_00253,val_confirm_00253,val_confirm_00253,val_confirm,val,val_nested
val_confirm_00179,val_confirm_00179,val_confirm_00179,val_confirm,val,val_nested
val_confirm_00692,val_confirm_00692,val_confirm_00692,val_confirm,val,val_nested
val_confirm_00844,val_confirm_00844,val_confirm_00844,val_confirm,val,val_nested
val_search_00347,val_search_00347,val_search_00347,val_search,val,val_nested
val_confirm_00756,val_confirm_00756,val_confirm_00756,val_confirm,val,val_nested
val_confirm_00110,val_confirm_00110,val_confirm_00110,val_confirm,val,val_nested
val_confirm_00894,val_confirm_00894,val_confirm_00894,val_confirm,val,val_nested
val_confirm_00660,val_confirm_00660,val_confirm_00660,val_confirm,val,val_nested
val_confirm_00493,val_confirm_00493,val_confirm_00493,val_confirm,val,val_nested
val_confirm_00308,val_confirm_00308,val_confirm_00308,val_confirm,val,val_nested
val_confirm_01028,val_confirm_01028,val_confirm_01028,val_confirm,val,val_nested
val_search_00189,val_search_00189,val_search_00189,val_search,val,val_nested
val_search_00246,val_search_00246,val_search_00246,val_search,val,val_nested
val_confirm_00710,val_confirm_00710,val_confirm_00710,val_confirm,val,val_nested
val_confirm_01019,val_confirm_01019,val_confirm_01019,val_confirm,val,val_nested
val_confirm_00348,val_confirm_00348,val_confirm_00348,val_confirm,val,val_nested
val_confirm_00347,val_confirm_00347,val_confirm_00347,val_confirm,val,val_nested
val_confirm_01009,val_confirm_01009,val_confirm_01009,val_confirm,val,val_nested
val_confirm_00123,val_confirm_00123,val_confirm_00123,val_confirm,val,val_nested
val_confirm_00127,val_confirm_00127,val_confirm_00127,val_confirm,val,val_nested
val_search_00307,val_search_00307,val_search_00307,val_search,val,val_nested
val_search_00308,val_search_00308,val_search_00308,val_search,val,val_nested
val_search_00059,val_search_00059,val_search_00059,val_search,val,val_nested
val_confirm_00691,val_confirm_00691,val_confirm_00691,val_confirm,val,val_nested
val_search_00316,val_search_00316,val_search_00316,val_search,val,val_nested
val_confirm_00172,val_confirm_00172,val_confirm_00172,val_confirm,val,val_nested
val_confirm_00020,val_confirm_00020,val_confirm_00020,val_confirm,val,val_nested
val_confirm_00908,val_confirm_00908,val_confirm_00908,val_confirm,val,val_nested
val_confirm_00145,val_confirm_00145,val_confirm_00145,val_confirm,val,val_nested
val_confirm_00795,val_confirm_00795,val_confirm_00795,val_confirm,val,val_nested
val_search_00077,val_search_00077,val_search_00077,val_search,val,val_nested
val_confirm_00995,val_confirm_00995,val_confirm_00995,val_confirm,val,val_nested
val_confirm_00247,val_confirm_00247,val_confirm_00247,val_confirm,val,val_nested
val_search_00092,val_search_00092,val_search_00092,val_search,val,val_nested
val_confirm_00922,val_confirm_00922,val_confirm_00922,val_confirm,val,val_nested
val_confirm_00318,val_confirm_00318,val_confirm_00318,val_confirm,val,val_nested
val_confirm_00875,val_confirm_00875,val_confirm_00875,val_confirm,val,val_nested
val_search_00270,val_search_00270,val_search_00270,val_search,val,val_nested
val_search_00312,val_search_00312,val_search_00312,val_search,val,val_nested
val_confirm_00229,val_confirm_00229,val_confirm_00229,val_confirm,val,val_nested
val_confirm_00878,val_confirm_00878,val_confirm_00878,val_confirm,val,val_nested
val_confirm_00331,val_confirm_00331,val_confirm_00331,val_confirm,val,val_nested
val_search_00144,val_search_00144,val_search_00144,val_search,val,val_nested
val_confirm_00163,val_confirm_00163,val_confirm_00163,val_confirm,val,val_nested
val_confirm_00911,val_confirm_00911,val_confirm_00911,val_confirm,val,val_nested
val_confirm_00238,val_confirm_00238,val_confirm_00238,val_confirm,val,val_nested
val_confirm_00361,val_confirm_00361,val_confirm_00361,val_confirm,val,val_nested
val_search_00208,val_search_00208,val_search_00208,val_search,val,val_nested
val_confirm_00260,val_confirm_00260,val_confirm_00260,val_confirm,val,val_nested
val_confirm_00634,val_confirm_00634,val_confirm_00634,val_confirm,val,val_nested
val_confirm_00909,val_confirm_00909,val_confirm_00909,val_confirm,val,val_nested
val_confirm_00367,val_confirm_00367,val_confirm_00367,val_confirm,val,val_nested
val_confirm_00684,val_confirm_00684,val_confirm_00684,val_confirm,val,val_nested
val_confirm_00255,val_confirm_00255,val_confirm_00255,val_confirm,val,val_nested
val_confirm_00572,val_confirm_00572,val_confirm_00572,val_confirm,val,val_nested
val_confirm_00149,val_confirm_00149,val_confirm_00149,val_confirm,val,val_nested
val_search_00388,val_search_00388,val_search_00388,val_search,val,val_nested
val_confirm_00904,val_confirm_00904,val_confirm_00904,val_confirm,val,val_nested
val_confirm_00339,val_confirm_00339,val_confirm_00339,val_confirm,val,val_nested
val_search_00252,val_search_00252,val_search_00252,val_search,val,val_nested
val_confirm_00936,val_confirm_00936,val_confirm_00936,val_confirm,val,val_nested
val_confirm_00033,val_confirm_00033,val_confirm_00033,val_confirm,val,val_nested
val_confirm_00423,val_confirm_00423,val_confirm_00423,val_confirm,val,val_nested
val_search_00060,val_search_00060,val_search_00060,val_search,val,val_nested
val_confirm_00988,val_confirm_00988,val_confirm_00988,val_confirm,val,val_nested
val_search_00165,val_search_00165,val_search_00165,val_search,val,val_nested
val_search_00049,val_search_00049,val_search_00049,val_search,val,val_nested
val_search_00215,val_search_00215,val_search_00215,val_search,val,val_nested
val_confirm_00309,val_confirm_00309,val_confirm_00309,val_confirm,val,val_nested
val_confirm_00101,val_confirm_00101,val_confirm_00101,val_confirm,val,val_nested
val_confirm_01016,val_confirm_01016,val_confirm_01016,val_confirm,val,val_nested
val_confirm_00335,val_confirm_00335,val_confirm_00335,val_confirm,val,val_nested
val_search_00082,val_search_00082,val_search_00082,val_search,val,val_nested
val_confirm_00854,val_confirm_00854,val_confirm_00854,val_confirm,val,val_nested
val_search_00353,val_search_00353,val_search_00353,val_search,val,val_nested
val_confirm_00548,val_confirm_00548,val_confirm_00548,val_confirm,val,val_nested
val_confirm_00096,val_confirm_00096,val_confirm_00096,val_confirm,val,val_nested
val_confirm_00194,val_confirm_00194,val_confirm_00194,val_confirm,val,val_nested
val_search_00130,val_search_00130,val_search_00130,val_search,val,val_nested
val_search_00220,val_search_00220,val_search_00220,val_search,val,val_nested
val_confirm_00837,val_confirm_00837,val_confirm_00837,val_confirm,val,val_nested
val_search_00352,val_search_00352,val_search_00352,val_search,val,val_nested
val_confirm_00573,val_confirm_00573,val_confirm_00573,val_confirm,val,val_nested
val_confirm_00731,val_confirm_00731,val_confirm_00731,val_confirm,val,val_nested
val_search_00027,val_search_00027,val_search_00027,val_search,val,val_nested
val_confirm_00190,val_confirm_00190,val_confirm_00190,val_confirm,val,val_nested
val_confirm_00259,val_confirm_00259,val_confirm_00259,val_confirm,val,val_nested
val_confirm_00810,val_confirm_00810,val_confirm_00810,val_confirm,val,val_nested
val_search_00005,val_search_00005,val_search_00005,val_search,val,val_nested
val_search_00022,val_search_00022,val_search_00022,val_search,val,val_nested
val_confirm_00316,val_confirm_00316,val_confirm_00316,val_confirm,val,val_nested
val_confirm_00896,val_confirm_00896,val_confirm_00896,val_confirm,val,val_nested
val_confirm_00267,val_confirm_00267,val_confirm_00267,val_confirm,val,val_nested
val_confirm_00139,val_confirm_00139,val_confirm_00139,val_confirm,val,val_nested
val_confirm_00873,val_confirm_00873,val_confirm_00873,val_confirm,val,val_nested
val_confirm_00037,val_confirm_00037,val_confirm_00037,val_confirm,val,val_nested
val_search_00033,val_search_00033,val_search_00033,val_search,val,val_nested
val_confirm_00126,val_confirm_00126,val_confirm_00126,val_confirm,val,val_nested
val_confirm_00779,val_confirm_00779,val_confirm_00779,val_confirm,val,val_nested
val_confirm_00964,val_confirm_00964,val_confirm_00964,val_confirm,val,val_nested
val_search_00100,val_search_00100,val_search_00100,val_search,val,val_nested
val_confirm_00850,val_confirm_00850,val_confirm_00850,val_confirm,val,val_nested
val_confirm_01020,val_confirm_01020,val_confirm_01020,val_confirm,val,val_nested
val_confirm_00910,val_confirm_00910,val_confirm_00910,val_confirm,val,val_nested
val_confirm_00028,val_confirm_00028,val_confirm_00028,val_confirm,val,val_nested
val_search_00337,val_search_00337,val_search_00337,val_search,val,val_nested
val_confirm_00114,val_confirm_00114,val_confirm_00114,val_confirm,val,val_nested
val_confirm_00442,val_confirm_00442,val_confirm_00442,val_confirm,val,val_nested
val_confirm_00062,val_confirm_00062,val_confirm_00062,val_confirm,val,val_nested
val_search_00185,val_search_00185,val_search_00185,val_search,val,val_nested
val_confirm_00811,val_confirm_00811,val_confirm_00811,val_confirm,val,val_nested
val_confirm_00404,val_confirm_00404,val_confirm_00404,val_confirm,val,val_nested
val_confirm_00465,val_confirm_00465,val_confirm_00465,val_confirm,val,val_nested
val_search_00187,val_search_00187,val_search_00187,val_search,val,val_nested
val_confirm_00942,val_confirm_00942,val_confirm_00942,val_confirm,val,val_nested
val_search_00065,val_search_00065,val_search_00065,val_search,val,val_nested
val_confirm_00208,val_confirm_00208,val_confirm_00208,val_confirm,val,val_nested
val_search_00041,val_search_00041,val_search_00041,val_search,val,val_nested
val_confirm_00415,val_confirm_00415,val_confirm_00415,val_confirm,val,val_nested
val_confirm_00511,val_confirm_00511,val_confirm_00511,val_confirm,val,val_nested
val_confirm_00220,val_confirm_00220,val_confirm_00220,val_confirm,val,val_nested
val_confirm_00036,val_confirm_00036,val_confirm_00036,val_confirm,val,val_nested
val_confirm_00459,val_confirm_00459,val_confirm_00459,val_confirm,val,val_nested
val_confirm_00636,val_confirm_00636,val_confirm_00636,val_confirm,val,val_nested
val_confirm_00154,val_confirm_00154,val_confirm_00154,val_confirm,val,val_nested
val_confirm_00047,val_confirm_00047,val_confirm_00047,val_confirm,val,val_nested
val_confirm_00214,val_confirm_00214,val_confirm_00214,val_confirm,val,val_nested
val_confirm_00424,val_confirm_00424,val_confirm_00424,val_confirm,val,val_nested
val_search_00173,val_search_00173,val_search_00173,val_search,val,val_nested
val_confirm_00376,val_confirm_00376,val_confirm_00376,val_confirm,val,val_nested
val_confirm_00282,val_confirm_00282,val_confirm_00282,val_confirm,val,val_nested
val_confirm_00675,val_confirm_00675,val_confirm_00675,val_confirm,val,val_nested
val_confirm_00560,val_confirm_00560,val_confirm_00560,val_confirm,val,val_nested
val_confirm_01091,val_confirm_01091,val_confirm_01091,val_confirm,val,val_nested
val_confirm_00790,val_confirm_00790,val_confirm_00790,val_confirm,val,val_nested
val_confirm_00285,val_confirm_00285,val_confirm_00285,val_confirm,val,val_nested
val_confirm_00556,val_confirm_00556,val_confirm_00556,val_confirm,val,val_nested
val_confirm_00966,val_confirm_00966,val_confirm_00966,val_confirm,val,val_nested
val_confirm_00991,val_confirm_00991,val_confirm_00991,val_confirm,val,val_nested
val_search_00121,val_search_00121,val_search_00121,val_search,val,val_nested
val_confirm_00538,val_confirm_00538,val_confirm_00538,val_confirm,val,val_nested
val_search_00149,val_search_00149,val_search_00149,val_search,val,val_nested
val_confirm_00626,val_confirm_00626,val_confirm_00626,val_confirm,val,val_nested
val_confirm_00064,val_confirm_00064,val_confirm_00064,val_confirm,val,val_nested
val_confirm_00414,val_confirm_00414,val_confirm_00414,val_confirm,val,val_nested
val_confirm_00529,val_confirm_00529,val_confirm_00529,val_confirm,val,val_nested
val_confirm_00737,val_confirm_00737,val_confirm_00737,val_confirm,val,val_nested
val_confirm_00662,val_confirm_00662,val_confirm_00662,val_confirm,val,val_nested
val_confirm_00659,val_confirm_00659,val_confirm_00659,val_confirm,val,val_nested
val_confirm_00629,val_confirm_00629,val_confirm_00629,val_confirm,val,val_nested
val_search_00017,val_search_00017,val_search_00017,val_search,val,val_nested
val_confirm_00303,val_confirm_00303,val_confirm_00303,val_confirm,val,val_nested
val_confirm_00011,val_confirm_00011,val_confirm_00011,val_confirm,val,val_nested
val_search_00106,val_search_00106,val_search_00106,val_search,val,val_nested
val_confirm_00380,val_confirm_00380,val_confirm_00380,val_confirm,val,val_nested
val_confirm_00825,val_confirm_00825,val_confirm_00825,val_confirm,val,val_nested
val_confirm_00934,val_confirm_00934,val_confirm_00934,val_confirm,val,val_nested
val_confirm_01097,val_confirm_01097,val_confirm_01097,val_confirm,val,val_nested
val_search_00114,val_search_00114,val_search_00114,val_search,val,val_nested
val_confirm_00746,val_confirm_00746,val_confirm_00746,val_confirm,val,val_nested
val_confirm_01071,val_confirm_01071,val_confirm_01071,val_confirm,val,val_nested
val_confirm_00393,val_confirm_00393,val_confirm_00393,val_confirm,val,val_nested
val_confirm_00868,val_confirm_00868,val_confirm_00868,val_confirm,val,val_nested
val_confirm_00632,val_confirm_00632,val_confirm_00632,val_confirm,val,val_nested
val_search_00313,val_search_00313,val_search_00313,val_search,val,val_nested
val_confirm_00500,val_confirm_00500,val_confirm_00500,val_confirm,val,val_nested
val_confirm_00998,val_confirm_00998,val_confirm_00998,val_confirm,val,val_nested
val_confirm_00421,val_confirm_00421,val_confirm_00421,val_confirm,val,val_nested
val_confirm_00494,val_confirm_00494,val_confirm_00494,val_confirm,val,val_nested
val_confirm_01017,val_confirm_01017,val_confirm_01017,val_confirm,val,val_nested
val_confirm_00323,val_confirm_00323,val_confirm_00323,val_confirm,val,val_nested
val_confirm_00512,val_confirm_00512,val_confirm_00512,val_confirm,val,val_nested
val_confirm_00155,val_confirm_00155,val_confirm_00155,val_confirm,val,val_nested
val_search_00172,val_search_00172,val_search_00172,val_search,val,val_nested
val_confirm_00693,val_confirm_00693,val_confirm_00693,val_confirm,val,val_nested
val_search_00276,val_search_00276,val_search_00276,val_search,val,val_nested
val_confirm_00093,val_confirm_00093,val_confirm_00093,val_confirm,val,val_nested
val_confirm_00160,val_confirm_00160,val_confirm_00160,val_confirm,val,val_nested
val_search_00118,val_search_00118,val_search_00118,val_search,val,val_nested
val_confirm_00496,val_confirm_00496,val_confirm_00496,val_confirm,val,val_nested
val_confirm_00973,val_confirm_00973,val_confirm_00973,val_confirm,val,val_nested
val_search_00212,val_search_00212,val_search_00212,val_search,val,val_nested
val_confirm_00436,val_confirm_00436,val_confirm_00436,val_confirm,val,val_nested
val_search_00253,val_search_00253,val_search_00253,val_search,val,val_nested
val_search_00175,val_search_00175,val_search_00175,val_search,val,val_nested
val_confirm_00997,val_confirm_00997,val_confirm_00997,val_confirm,val,val_nested
val_search_00169,val_search_00169,val_search_00169,val_search,val,val_nested
val_confirm_00734,val_confirm_00734,val_confirm_00734,val_confirm,val,val_nested
val_confirm_00895,val_confirm_00895,val_confirm_00895,val_confirm,val,val_nested
val_confirm_00069,val_confirm_00069,val_confirm_00069,val_confirm,val,val_nested
val_confirm_00842,val_confirm_00842,val_confirm_00842,val_confirm,val,val_nested
val_confirm_00967,val_confirm_00967,val_confirm_00967,val_confirm,val,val_nested
val_confirm_00696,val_confirm_00696,val_confirm_00696,val_confirm,val,val_nested
val_confirm_00277,val_confirm_00277,val_confirm_00277,val_confirm,val,val_nested
val_search_00061,val_search_00061,val_search_00061,val_search,val,val_nested
val_confirm_00724,val_confirm_00724,val_confirm_00724,val_confirm,val,val_nested
val_confirm_00225,val_confirm_00225,val_confirm_00225,val_confirm,val,val_nested
val_confirm_00957,val_confirm_00957,val_confirm_00957,val_confirm,val,val_nested
val_confirm_00702,val_confirm_00702,val_confirm_00702,val_confirm,val,val_nested
val_confirm_00095,val_confirm_00095,val_confirm_00095,val_confirm,val,val_nested
val_confirm_00883,val_confirm_00883,val_confirm_00883,val_confirm,val,val_nested
val_confirm_00067,val_confirm_00067,val_confirm_00067,val_confirm,val,val_nested
val_confirm_00913,val_confirm_00913,val_confirm_00913,val_confirm,val,val_nested
val_search_00280,val_search_00280,val_search_00280,val_search,val,val_nested
val_search_00009,val_search_00009,val_search_00009,val_search,val,val_nested
val_confirm_00663,val_confirm_00663,val_confirm_00663,val_confirm,val,val_nested
val_confirm_00495,val_confirm_00495,val_confirm_00495,val_confirm,val,val_nested
val_search_00344,val_search_00344,val_search_00344,val_search,val,val_nested
val_confirm_00231,val_confirm_00231,val_confirm_00231,val_confirm,val,val_nested
val_search_00218,val_search_00218,val_search_00218,val_search,val,val_nested
val_confirm_00157,val_confirm_00157,val_confirm_00157,val_confirm,val,val_nested
val_confirm_00004,val_confirm_00004,val_confirm_00004,val_confirm,val,val_nested
val_confirm_00952,val_confirm_00952,val_confirm_00952,val_confirm,val,val_nested
val_confirm_00301,val_confirm_00301,val_confirm_00301,val_confirm,val,val_nested
val_confirm_01047,val_confirm_01047,val_confirm_01047,val_confirm,val,val_nested
val_confirm_00227,val_confirm_00227,val_confirm_00227,val_confirm,val,val_nested
val_confirm_00977,val_confirm_00977,val_confirm_00977,val_confirm,val,val_nested
val_confirm_00947,val_confirm_00947,val_confirm_00947,val_confirm,val,val_nested
val_confirm_00784,val_confirm_00784,val_confirm_00784,val_confirm,val,val_nested
val_search_00240,val_search_00240,val_search_00240,val_search,val,val_nested
val_search_00223,val_search_00223,val_search_00223,val_search,val,val_nested
val_confirm_01096,val_confirm_01096,val_confirm_01096,val_confirm,val,val_nested
val_confirm_00176,val_confirm_00176,val_confirm_00176,val_confirm,val,val_nested
val_confirm_00009,val_confirm_00009,val_confirm_00009,val_confirm,val,val_nested
val_confirm_01065,val_confirm_01065,val_confirm_01065,val_confirm,val,val_nested
val_search_00394,val_search_00394,val_search_00394,val_search,val,val_nested
val_confirm_00821,val_confirm_00821,val_confirm_00821,val_confirm,val,val_nested
val_search_00194,val_search_00194,val_search_00194,val_search,val,val_nested
val_confirm_01022,val_confirm_01022,val_confirm_01022,val_confirm,val,val_nested
val_confirm_00888,val_confirm_00888,val_confirm_00888,val_confirm,val,val_nested
val_confirm_00457,val_confirm_00457,val_confirm_00457,val_confirm,val,val_nested
val_confirm_00453,val_confirm_00453,val_confirm_00453,val_confirm,val,val_nested
val_confirm_00651,val_confirm_00651,val_confirm_00651,val_confirm,val,val_nested
val_search_00233,val_search_00233,val_search_00233,val_search,val,val_nested
val_confirm_00639,val_confirm_00639,val_confirm_00639,val_confirm,val,val_nested
val_confirm_01093,val_confirm_01093,val_confirm_01093,val_confirm,val,val_nested
val_confirm_00975,val_confirm_00975,val_confirm_00975,val_confirm,val,val_nested
val_confirm_00515,val_confirm_00515,val_confirm_00515,val_confirm,val,val_nested
val_confirm_00131,val_confirm_00131,val_confirm_00131,val_confirm,val,val_nested
val_search_00122,val_search_00122,val_search_00122,val_search,val,val_nested
val_search_00097,val_search_00097,val_search_00097,val_search,val,val_nested
val_search_00386,val_search_00386,val_search_00386,val_search,val,val_nested
val_confirm_00471,val_confirm_00471,val_confirm_00471,val_confirm,val,val_nested
val_confirm_00483,val_confirm_00483,val_confirm_00483,val_confirm,val,val_nested
val_search_00320,val_search_00320,val_search_00320,val_search,val,val_nested
val_search_00235,val_search_00235,val_search_00235,val_search,val,val_nested
val_confirm_00958,val_confirm_00958,val_confirm_00958,val_confirm,val,val_nested
val_search_00089,val_search_00089,val_search_00089,val_search,val,val_nested
val_confirm_00021,val_confirm_00021,val_confirm_00021,val_confirm,val,val_nested
val_confirm_00055,val_confirm_00055,val_confirm_00055,val_confirm,val,val_nested
val_search_00209,val_search_00209,val_search_00209,val_search,val,val_nested
val_confirm_00147,val_confirm_00147,val_confirm_00147,val_confirm,val,val_nested
val_search_00397,val_search_00397,val_search_00397,val_search,val,val_nested
val_search_00387,val_search_00387,val_search_00387,val_search,val,val_nested
val_confirm_00444,val_confirm_00444,val_confirm_00444,val_confirm,val,val_nested
val_search_00206,val_search_00206,val_search_00206,val_search,val,val_nested
val_search_00134,val_search_00134,val_search_00134,val_search,val,val_nested
val_confirm_00730,val_confirm_00730,val_confirm_00730,val_confirm,val,val_nested
val_search_00128,val_search_00128,val_search_00128,val_search,val,val_nested
val_confirm_00440,val_confirm_00440,val_confirm_00440,val_confirm,val,val_nested
val_confirm_00051,val_confirm_00051,val_confirm_00051,val_confirm,val,val_nested
val_confirm_00544,val_confirm_00544,val_confirm_00544,val_confirm,val,val_nested
val_confirm_00078,val_confirm_00078,val_confirm_00078,val_confirm,val,val_nested
val_search_00147,val_search_00147,val_search_00147,val_search,val,val_nested
val_confirm_01089,val_confirm_01089,val_confirm_01089,val_confirm,val,val_nested
val_confirm_01044,val_confirm_01044,val_confirm_01044,val_confirm,val,val_nested
val_confirm_00233,val_confirm_00233,val_confirm_00233,val_confirm,val,val_nested
val_confirm_00971,val_confirm_00971,val_confirm_00971,val_confirm,val,val_nested
val_confirm_00015,val_confirm_00015,val_confirm_00015,val_confirm,val,val_nested
val_search_00359,val_search_00359,val_search_00359,val_search,val,val_nested
val_confirm_00099,val_confirm_00099,val_confirm_00099,val_confirm,val,val_nested
val_confirm_00715,val_confirm_00715,val_confirm_00715,val_confirm,val,val_nested
val_confirm_00540,val_confirm_00540,val_confirm_00540,val_confirm,val,val_nested
val_confirm_00839,val_confirm_00839,val_confirm_00839,val_confirm,val,val_nested
val_confirm_00869,val_confirm_00869,val_confirm_00869,val_confirm,val,val_nested
val_confirm_00518,val_confirm_00518,val_confirm_00518,val_confirm,val,val_nested
val_confirm_00664,val_confirm_00664,val_confirm_00664,val_confirm,val,val_nested
val_search_00013,val_search_00013,val_search_00013,val_search,val,val_nested
val_confirm_01077,val_confirm_01077,val_confirm_01077,val_confirm,val,val_nested
val_search_00203,val_search_00203,val_search_00203,val_search,val,val_nested
val_confirm_00428,val_confirm_00428,val_confirm_00428,val_confirm,val,val_nested
val_confirm_01034,val_confirm_01034,val_confirm_01034,val_confirm,val,val_nested
val_confirm_00933,val_confirm_00933,val_confirm_00933,val_confirm,val,val_nested
val_confirm_00406,val_confirm_00406,val_confirm_00406,val_confirm,val,val_nested
val_search_00014,val_search_00014,val_search_00014,val_search,val,val_nested
val_search_00342,val_search_00342,val_search_00342,val_search,val,val_nested
val_confirm_00477,val_confirm_00477,val_confirm_00477,val_confirm,val,val_nested
val_confirm_00060,val_confirm_00060,val_confirm_00060,val_confirm,val,val_nested
val_confirm_00803,val_confirm_00803,val_confirm_00803,val_confirm,val,val_nested
val_search_00116,val_search_00116,val_search_00116,val_search,val,val_nested
val_search_00161,val_search_00161,val_search_00161,val_search,val,val_nested
val_confirm_00771,val_confirm_00771,val_confirm_00771,val_confirm,val,val_nested
val_confirm_00571,val_confirm_00571,val_confirm_00571,val_confirm,val,val_nested
val_confirm_00385,val_confirm_00385,val_confirm_00385,val_confirm,val,val_nested
val_confirm_00388,val_confirm_00388,val_confirm_00388,val_confirm,val,val_nested
val_search_00143,val_search_00143,val_search_00143,val_search,val,val_nested
val_confirm_00727,val_confirm_00727,val_confirm_00727,val_confirm,val,val_nested
val_confirm_00072,val_confirm_00072,val_confirm_00072,val_confirm,val,val_nested
val_confirm_00841,val_confirm_00841,val_confirm_00841,val_confirm,val,val_nested
val_search_00372,val_search_00372,val_search_00372,val_search,val,val_nested
val_confirm_01040,val_confirm_01040,val_confirm_01040,val_confirm,val,val_nested
val_confirm_00264,val_confirm_00264,val_confirm_00264,val_confirm,val,val_nested
val_confirm_00635,val_confirm_00635,val_confirm_00635,val_confirm,val,val_nested
val_confirm_00630,val_confirm_00630,val_confirm_00630,val_confirm,val,val_nested
val_search_00126,val_search_00126,val_search_00126,val_search,val,val_nested
val_confirm_00768,val_confirm_00768,val_confirm_00768,val_confirm,val,val_nested
val_confirm_00599,val_confirm_00599,val_confirm_00599,val_confirm,val,val_nested
val_confirm_00680,val_confirm_00680,val_confirm_00680,val_confirm,val,val_nested
val_search_00171,val_search_00171,val_search_00171,val_search,val,val_nested
val_search_00329,val_search_00329,val_search_00329,val_search,val,val_nested
val_confirm_01024,val_confirm_01024,val_confirm_01024,val_confirm,val,val_nested
val_confirm_00105,val_confirm_00105,val_confirm_00105,val_confirm,val,val_nested
val_search_00292,val_search_00292,val_search_00292,val_search,val,val_nested
val_confirm_01060,val_confirm_01060,val_confirm_01060,val_confirm,val,val_nested
val_confirm_00046,val_confirm_00046,val_confirm_00046,val_confirm,val,val_nested
val_confirm_00763,val_confirm_00763,val_confirm_00763,val_confirm,val,val_nested
val_confirm_00814,val_confirm_00814,val_confirm_00814,val_confirm,val,val_nested
val_confirm_00533,val_confirm_00533,val_confirm_00533,val_confirm,val,val_nested
val_confirm_00545,val_confirm_00545,val_confirm_00545,val_confirm,val,val_nested
val_search_00288,val_search_00288,val_search_00288,val_search,val,val_nested
val_confirm_00464,val_confirm_00464,val_confirm_00464,val_confirm,val,val_nested
val_confirm_00488,val_confirm_00488,val_confirm_00488,val_confirm,val,val_nested
val_confirm_00890,val_confirm_00890,val_confirm_00890,val_confirm,val,val_nested
val_confirm_00394,val_confirm_00394,val_confirm_00394,val_confirm,val,val_nested
val_confirm_00181,val_confirm_00181,val_confirm_00181,val_confirm,val,val_nested
val_confirm_00580,val_confirm_00580,val_confirm_00580,val_confirm,val,val_nested
val_search_00302,val_search_00302,val_search_00302,val_search,val,val_nested
val_confirm_00304,val_confirm_00304,val_confirm_00304,val_confirm,val,val_nested
val_confirm_00587,val_confirm_00587,val_confirm_00587,val_confirm,val,val_nested
val_confirm_00733,val_confirm_00733,val_confirm_00733,val_confirm,val,val_nested
val_confirm_00506,val_confirm_00506,val_confirm_00506,val_confirm,val,val_nested
val_search_00258,val_search_00258,val_search_00258,val_search,val,val_nested
val_search_00011,val_search_00011,val_search_00011,val_search,val,val_nested
val_search_00399,val_search_00399,val_search_00399,val_search,val,val_nested
val_confirm_00340,val_confirm_00340,val_confirm_00340,val_confirm,val,val_nested
val_confirm_00774,val_confirm_00774,val_confirm_00774,val_confirm,val,val_nested
val_confirm_00880,val_confirm_00880,val_confirm_00880,val_confirm,val,val_nested
val_confirm_01061,val_confirm_01061,val_confirm_01061,val_confirm,val,val_nested
val_confirm_00739,val_confirm_00739,val_confirm_00739,val_confirm,val,val_nested
val_search_00268,val_search_00268,val_search_00268,val_search,val,val_nested
val_search_00132,val_search_00132,val_search_00132,val_search,val,val_nested
val_confirm_00053,val_confirm_00053,val_confirm_00053,val_confirm,val,val_nested
val_confirm_00831,val_confirm_00831,val_confirm_00831,val_confirm,val,val_nested
val_search_00002,val_search_00002,val_search_00002,val_search,val,val_nested
val_confirm_00879,val_confirm_00879,val_confirm_00879,val_confirm,val,val_nested
val_confirm_00162,val_confirm_00162,val_confirm_00162,val_confirm,val,val_nested
val_search_00124,val_search_00124,val_search_00124,val_search,val,val_nested
val_confirm_01046,val_confirm_01046,val_confirm_01046,val_confirm,val,val_nested
val_confirm_00718,val_confirm_00718,val_confirm_00718,val_confirm,val,val_nested
val_confirm_00175,val_confirm_00175,val_confirm_00175,val_confirm,val,val_nested
val_confirm_00032,val_confirm_00032,val_confirm_00032,val_confirm,val,val_nested
val_search_00025,val_search_00025,val_search_00025,val_search,val,val_nested
val_search_00398,val_search_00398,val_search_00398,val_search,val,val_nested
val_confirm_00142,val_confirm_00142,val_confirm_00142,val_confirm,val,val_nested
val_search_00326,val_search_00326,val_search_00326,val_search,val,val_nested
val_search_00035,val_search_00035,val_search_00035,val_search,val,val_nested
val_confirm_00171,val_confirm_00171,val_confirm_00171,val_confirm,val,val_nested
val_search_00295,val_search_00295,val_search_00295,val_search,val,val_nested
val_confirm_00528,val_confirm_00528,val_confirm_00528,val_confirm,val,val_nested
val_search_00267,val_search_00267,val_search_00267,val_search,val,val_nested
val_confirm_00398,val_confirm_00398,val_confirm_00398,val_confirm,val,val_nested
val_confirm_00024,val_confirm_00024,val_confirm_00024,val_confirm,val,val_nested
val_search_00018,val_search_00018,val_search_00018,val_search,val,val_nested
val_search_00272,val_search_00272,val_search_00272,val_search,val,val_nested
val_search_00056,val_search_00056,val_search_00056,val_search,val,val_nested
val_confirm_00357,val_confirm_00357,val_confirm_00357,val_confirm,val,val_nested
val_confirm_00164,val_confirm_00164,val_confirm_00164,val_confirm,val,val_nested
val_search_00021,val_search_00021,val_search_00021,val_search,val,val_nested
val_confirm_00066,val_confirm_00066,val_confirm_00066,val_confirm,val,val_nested
val_search_00396,val_search_00396,val_search_00396,val_search,val,val_nested
val_confirm_00352,val_confirm_00352,val_confirm_00352,val_confirm,val,val_nested
val_confirm_00928,val_confirm_00928,val_confirm_00928,val_confirm,val,val_nested
val_confirm_00953,val_confirm_00953,val_confirm_00953,val_confirm,val,val_nested
val_confirm_00919,val_confirm_00919,val_confirm_00919,val_confirm,val,val_nested
val_confirm_00834,val_confirm_00834,val_confirm_00834,val_confirm,val,val_nested
val_confirm_01088,val_confirm_01088,val_confirm_01088,val_confirm,val,val_nested
val_confirm_00489,val_confirm_00489,val_confirm_00489,val_confirm,val,val_nested
val_confirm_00178,val_confirm_00178,val_confirm_00178,val_confirm,val,val_nested
val_confirm_00765,val_confirm_00765,val_confirm_00765,val_confirm,val,val_nested
val_confirm_00885,val_confirm_00885,val_confirm_00885,val_confirm,val,val_nested
val_search_00363,val_search_00363,val_search_00363,val_search,val,val_nested
val_confirm_00672,val_confirm_00672,val_confirm_00672,val_confirm,val,val_nested
val_confirm_00987,val_confirm_00987,val_confirm_00987,val_confirm,val,val_nested
val_confirm_00429,val_confirm_00429,val_confirm_00429,val_confirm,val,val_nested
val_search_00127,val_search_00127,val_search_00127,val_search,val,val_nested
val_confirm_00362,val_confirm_00362,val_confirm_00362,val_confirm,val,val_nested
val_confirm_00713,val_confirm_00713,val_confirm_00713,val_confirm,val,val_nested
val_confirm_00923,val_confirm_00923,val_confirm_00923,val_confirm,val,val_nested
val_confirm_00022,val_confirm_00022,val_confirm_00022,val_confirm,val,val_nested
val_confirm_00470,val_confirm_00470,val_confirm_00470,val_confirm,val,val_nested
val_search_00244,val_search_00244,val_search_00244,val_search,val,val_nested
val_search_00284,val_search_00284,val_search_00284,val_search,val,val_nested
val_confirm_00935,val_confirm_00935,val_confirm_00935,val_confirm,val,val_nested
val_confirm_00297,val_confirm_00297,val_confirm_00297,val_confirm,val,val_nested
val_search_00210,val_search_00210,val_search_00210,val_search,val,val_nested
val_confirm_00405,val_confirm_00405,val_confirm_00405,val_confirm,val,val_nested
val_confirm_00832,val_confirm_00832,val_confirm_00832,val_confirm,val,val_nested
val_confirm_00863,val_confirm_00863,val_confirm_00863,val_confirm,val,val_nested
val_confirm_00473,val_confirm_00473,val_confirm_00473,val_confirm,val,val_nested
val_confirm_00364,val_confirm_00364,val_confirm_00364,val_confirm,val,val_nested
val_confirm_01011,val_confirm_01011,val_confirm_01011,val_confirm,val,val_nested
val_search_00286,val_search_00286,val_search_00286,val_search,val,val_nested
val_search_00294,val_search_00294,val_search_00294,val_search,val,val_nested
val_confirm_00788,val_confirm_00788,val_confirm_00788,val_confirm,val,val_nested
val_search_00110,val_search_00110,val_search_00110,val_search,val,val_nested
val_confirm_00679,val_confirm_00679,val_confirm_00679,val_confirm,val,val_nested
val_confirm_00458,val_confirm_00458,val_confirm_00458,val_confirm,val,val_nested
val_confirm_00828,val_confirm_00828,val_confirm_00828,val_confirm,val,val_nested
val_confirm_00368,val_confirm_00368,val_confirm_00368,val_confirm,val,val_nested
val_search_00140,val_search_00140,val_search_00140,val_search,val,val_nested
val_confirm_00418,val_confirm_00418,val_confirm_00418,val_confirm,val,val_nested
val_confirm_00478,val_confirm_00478,val_confirm_00478,val_confirm,val,val_nested
val_confirm_00712,val_confirm_00712,val_confirm_00712,val_confirm,val,val_nested
val_confirm_00658,val_confirm_00658,val_confirm_00658,val_confirm,val,val_nested
val_confirm_00563,val_confirm_00563,val_confirm_00563,val_confirm,val,val_nested
val_confirm_00278,val_confirm_00278,val_confirm_00278,val_confirm,val,val_nested
val_confirm_00981,val_confirm_00981,val_confirm_00981,val_confirm,val,val_nested
val_confirm_00550,val_confirm_00550,val_confirm_00550,val_confirm,val,val_nested
val_confirm_00332,val_confirm_00332,val_confirm_00332,val_confirm,val,val_nested
val_search_00367,val_search_00367,val_search_00367,val_search,val,val_nested
val_confirm_00031,val_confirm_00031,val_confirm_00031,val_confirm,val,val_nested
val_confirm_00645,val_confirm_00645,val_confirm_00645,val_confirm,val,val_nested
val_search_00343,val_search_00343,val_search_00343,val_search,val,val_nested
val_confirm_01066,val_confirm_01066,val_confirm_01066,val_confirm,val,val_nested
val_confirm_00907,val_confirm_00907,val_confirm_00907,val_confirm,val,val_nested
val_confirm_00589,val_confirm_00589,val_confirm_00589,val_confirm,val,val_nested
val_confirm_00455,val_confirm_00455,val_confirm_00455,val_confirm,val,val_nested
val_confirm_01035,val_confirm_01035,val_confirm_01035,val_confirm,val,val_nested
val_confirm_00938,val_confirm_00938,val_confirm_00938,val_confirm,val,val_nested
val_confirm_01013,val_confirm_01013,val_confirm_01013,val_confirm,val,val_nested
val_confirm_00818,val_confirm_00818,val_confirm_00818,val_confirm,val,val_nested
val_confirm_00586,val_confirm_00586,val_confirm_00586,val_confirm,val,val_nested
val_search_00201,val_search_00201,val_search_00201,val_search,val,val_nested
val_search_00350,val_search_00350,val_search_00350,val_search,val,val_nested
val_search_00099,val_search_00099,val_search_00099,val_search,val,val_nested
val_confirm_00338,val_confirm_00338,val_confirm_00338,val_confirm,val,val_nested
val_search_00167,val_search_00167,val_search_00167,val_search,val,val_nested
val_search_00040,val_search_00040,val_search_00040,val_search,val,val_nested
val_confirm_00094,val_confirm_00094,val_confirm_00094,val_confirm,val,val_nested
val_confirm_00346,val_confirm_00346,val_confirm_00346,val_confirm,val,val_nested
val_confirm_00924,val_confirm_00924,val_confirm_00924,val_confirm,val,val_nested
val_confirm_00830,val_confirm_00830,val_confirm_00830,val_confirm,val,val_nested
val_confirm_00475,val_confirm_00475,val_confirm_00475,val_confirm,val,val_nested
val_confirm_00085,val_confirm_00085,val_confirm_00085,val_confirm,val,val_nested
val_confirm_00207,val_confirm_00207,val_confirm_00207,val_confirm,val,val_nested
val_confirm_01007,val_confirm_01007,val_confirm_01007,val_confirm,val,val_nested
val_confirm_00466,val_confirm_00466,val_confirm_00466,val_confirm,val,val_nested
val_search_00296,val_search_00296,val_search_00296,val_search,val,val_nested
val_confirm_00425,val_confirm_00425,val_confirm_00425,val_confirm,val,val_nested
val_confirm_00860,val_confirm_00860,val_confirm_00860,val_confirm,val,val_nested
val_confirm_00390,val_confirm_00390,val_confirm_00390,val_confirm,val,val_nested
val_confirm_00326,val_confirm_00326,val_confirm_00326,val_confirm,val,val_nested
val_confirm_00392,val_confirm_00392,val_confirm_00392,val_confirm,val,val_nested
val_search_00304,val_search_00304,val_search_00304,val_search,val,val_nested
val_confirm_00742,val_confirm_00742,val_confirm_00742,val_confirm,val,val_nested
val_confirm_00996,val_confirm_00996,val_confirm_00996,val_confirm,val,val_nested
val_confirm_00202,val_confirm_00202,val_confirm_00202,val_confirm,val,val_nested
val_search_00285,val_search_00285,val_search_00285,val_search,val,val_nested
val_confirm_00315,val_confirm_00315,val_confirm_00315,val_confirm,val,val_nested
val_confirm_00121,val_confirm_00121,val_confirm_00121,val_confirm,val,val_nested
val_search_00282,val_search_00282,val_search_00282,val_search,val,val_nested
val_search_00230,val_search_00230,val_search_00230,val_search,val,val_nested
val_confirm_01021,val_confirm_01021,val_confirm_01021,val_confirm,val,val_nested
val_confirm_00705,val_confirm_00705,val_confirm_00705,val_confirm,val,val_nested
val_confirm_00861,val_confirm_00861,val_confirm_00861,val_confirm,val,val_nested
val_confirm_00565,val_confirm_00565,val_confirm_00565,val_confirm,val,val_nested
val_confirm_00330,val_confirm_00330,val_confirm_00330,val_confirm,val,val_nested
val_search_00214,val_search_00214,val_search_00214,val_search,val,val_nested
val_search_00155,val_search_00155,val_search_00155,val_search,val,val_nested
val_confirm_00272,val_confirm_00272,val_confirm_00272,val_confirm,val,val_nested
val_confirm_00248,val_confirm_00248,val_confirm_00248,val_confirm,val,val_nested
val_confirm_00617,val_confirm_00617,val_confirm_00617,val_confirm,val,val_nested
val_confirm_00273,val_confirm_00273,val_confirm_00273,val_confirm,val,val_nested
val_confirm_00999,val_confirm_00999,val_confirm_00999,val_confirm,val,val_nested
val_search_00381,val_search_00381,val_search_00381,val_search,val,val_nested
val_confirm_00819,val_confirm_00819,val_confirm_00819,val_confirm,val,val_nested
val_confirm_00472,val_confirm_00472,val_confirm_00472,val_confirm,val,val_nested
val_search_00141,val_search_00141,val_search_00141,val_search,val,val_nested
val_confirm_00827,val_confirm_00827,val_confirm_00827,val_confirm,val,val_nested
val_confirm_00088,val_confirm_00088,val_confirm_00088,val_confirm,val,val_nested
val_confirm_01045,val_confirm_01045,val_confirm_01045,val_confirm,val,val_nested
val_confirm_00419,val_confirm_00419,val_confirm_00419,val_confirm,val,val_nested
val_search_00024,val_search_00024,val_search_00024,val_search,val,val_nested
val_search_00225,val_search_00225,val_search_00225,val_search,val,val_nested
val_confirm_00946,val_confirm_00946,val_confirm_00946,val_confirm,val,val_nested
val_confirm_00212,val_confirm_00212,val_confirm_00212,val_confirm,val,val_nested
val_search_00221,val_search_00221,val_search_00221,val_search,val,val_nested
val_confirm_00359,val_confirm_00359,val_confirm_00359,val_confirm,val,val_nested
val_confirm_00711,val_confirm_00711,val_confirm_00711,val_confirm,val,val_nested
val_confirm_00311,val_confirm_00311,val_confirm_00311,val_confirm,val,val_nested
val_confirm_00960,val_confirm_00960,val_confirm_00960,val_confirm,val,val_nested
val_confirm_00097,val_confirm_00097,val_confirm_00097,val_confirm,val,val_nested
val_confirm_00925,val_confirm_00925,val_confirm_00925,val_confirm,val,val_nested
val_confirm_00412,val_confirm_00412,val_confirm_00412,val_confirm,val,val_nested
val_confirm_00118,val_confirm_00118,val_confirm_00118,val_confirm,val,val_nested
val_confirm_00008,val_confirm_00008,val_confirm_00008,val_confirm,val,val_nested
val_confirm_00381,val_confirm_00381,val_confirm_00381,val_confirm,val,val_nested
val_confirm_00951,val_confirm_00951,val_confirm_00951,val_confirm,val,val_nested
val_search_00080,val_search_00080,val_search_00080,val_search,val,val_nested
val_confirm_00075,val_confirm_00075,val_confirm_00075,val_confirm,val,val_nested
val_confirm_00269,val_confirm_00269,val_confirm_00269,val_confirm,val,val_nested
val_confirm_00597,val_confirm_00597,val_confirm_00597,val_confirm,val,val_nested
val_confirm_00760,val_confirm_00760,val_confirm_00760,val_confirm,val,val_nested
val_search_00317,val_search_00317,val_search_00317,val_search,val,val_nested
val_confirm_00003,val_confirm_00003,val_confirm_00003,val_confirm,val,val_nested
val_confirm_00209,val_confirm_00209,val_confirm_00209,val_confirm,val,val_nested
val_confirm_00232,val_confirm_00232,val_confirm_00232,val_confirm,val,val_nested
val_confirm_00281,val_confirm_00281,val_confirm_00281,val_confirm,val,val_nested
val_confirm_00013,val_confirm_00013,val_confirm_00013,val_confirm,val,val_nested
val_confirm_00521,val_confirm_00521,val_confirm_00521,val_confirm,val,val_nested
val_confirm_00939,val_confirm_00939,val_confirm_00939,val_confirm,val,val_nested
val_confirm_00874,val_confirm_00874,val_confirm_00874,val_confirm,val,val_nested
val_confirm_00337,val_confirm_00337,val_confirm_00337,val_confirm,val,val_nested
val_confirm_00292,val_confirm_00292,val_confirm_00292,val_confirm,val,val_nested
val_search_00357,val_search_00357,val_search_00357,val_search,val,val_nested
val_confirm_00665,val_confirm_00665,val_confirm_00665,val_confirm,val,val_nested
val_confirm_00310,val_confirm_00310,val_confirm_00310,val_confirm,val,val_nested
val_search_00245,val_search_00245,val_search_00245,val_search,val,val_nested
val_confirm_00866,val_confirm_00866,val_confirm_00866,val_confirm,val,val_nested
val_confirm_00845,val_confirm_00845,val_confirm_00845,val_confirm,val,val_nested
val_confirm_00218,val_confirm_00218,val_confirm_00218,val_confirm,val,val_nested
val_confirm_00375,val_confirm_00375,val_confirm_00375,val_confirm,val,val_nested
val_confirm_00245,val_confirm_00245,val_confirm_00245,val_confirm,val,val_nested
val_confirm_00274,val_confirm_00274,val_confirm_00274,val_confirm,val,val_nested
val_confirm_00950,val_confirm_00950,val_confirm_00950,val_confirm,val,val_nested
val_confirm_01041,val_confirm_01041,val_confirm_01041,val_confirm,val,val_nested
val_confirm_00554,val_confirm_00554,val_confirm_00554,val_confirm,val,val_nested
test_01118,test_01118,test_01118,test,test,test_nested
test_00049,test_00049,test_00049,test,test,test_nested
test_00956,test_00956,test_00956,test,test,test_nested
test_00848,test_00848,test_00848,test,test,test_nested
test_01614,test_01614,test_01614,test,test,test_nested
test_02329,test_02329,test_02329,test,test,test_nested
test_02441,test_02441,test_02441,test,test,test_nested
test_01551,test_01551,test_01551,test,test,test_nested
test_01520,test_01520,test_01520,test,test,test_nested
test_01075,test_01075,test_01075,test,test,test_nested
test_01529,test_01529,test_01529,test,test,test_nested
test_02467,test_02467,test_02467,test,test,test_nested
test_02193,test_02193,test_02193,test,test,test_nested
test_00011,test_00011,test_00011,test,test,test_nested
test_02453,test_02453,test_02453,test,test,test_nested
test_01797,test_01797,test_01797,test,test,test_nested
test_00006,test_00006,test_00006,test,test,test_nested
test_01462,test_01462,test_01462,test,test,test_nested
test_00913,test_00913,test_00913,test,test,test_nested
test_01182,test_01182,test_01182,test,test,test_nested
test_00732,test_00732,test_00732,test,test,test_nested
test_00270,test_00270,test_00270,test,test,test_nested
test_01135,test_01135,test_01135,test,test,test_nested
test_00017,test_00017,test_00017,test,test,test_nested
test_01652,test_01652,test_01652,test,test,test_nested
test_02182,test_02182,test_02182,test,test,test_nested
test_01964,test_01964,test_01964,test,test,test_nested
test_00275,test_00275,test_00275,test,test,test_nested
test_02276,test_02276,test_02276,test,test,test_nested
test_01285,test_01285,test_01285,test,test,test_nested
test_01487,test_01487,test_01487,test,test,test_nested
test_02198,test_02198,test_02198,test,test,test_nested
test_00527,test_00527,test_00527,test,test,test_nested
test_01052,test_01052,test_01052,test,test,test_nested
test_01705,test_01705,test_01705,test,test,test_nested
test_00283,test_00283,test_00283,test,test,test_nested
test_00736,test_00736,test_00736,test,test,test_nested
test_00581,test_00581,test_00581,test,test,test_nested
test_00969,test_00969,test_00969,test,test,test_nested
test_00766,test_00766,test_00766,test,test,test_nested
test_00903,test_00903,test_00903,test,test,test_nested
test_01972,test_01972,test_01972,test,test,test_nested
test_01514,test_01514,test_01514,test,test,test_nested
test_01465,test_01465,test_01465,test,test,test_nested
test_01240,test_01240,test_01240,test,test,test_nested
test_00077,test_00077,test_00077,test,test,test_nested
test_01589,test_01589,test_01589,test,test,test_nested
test_02429,test_02429,test_02429,test,test,test_nested
test_01971,test_01971,test_01971,test,test,test_nested
test_01368,test_01368,test_01368,test,test,test_nested
test_02106,test_02106,test_02106,test,test,test_nested
test_01163,test_01163,test_01163,test,test,test_nested
test_00894,test_00894,test_00894,test,test,test_nested
test_00672,test_00672,test_00672,test,test,test_nested
test_01000,test_01000,test_01000,test,test,test_nested
test_01772,test_01772,test_01772,test,test,test_nested
test_01670,test_01670,test_01670,test,test,test_nested
test_02183,test_02183,test_02183,test,test,test_nested
test_01853,test_01853,test_01853,test,test,test_nested
test_00846,test_00846,test_00846,test,test,test_nested
test_00361,test_00361,test_00361,test,test,test_nested
test_01049,test_01049,test_01049,test,test,test_nested
test_01496,test_01496,test_01496,test,test,test_nested
test_00062,test_00062,test_00062,test,test,test_nested
test_00706,test_00706,test_00706,test,test,test_nested
test_00866,test_00866,test_00866,test,test,test_nested
test_01983,test_01983,test_01983,test,test,test_nested
test_02113,test_02113,test_02113,test,test,test_nested
test_00955,test_00955,test_00955,test,test,test_nested
test_01454,test_01454,test_01454,test,test,test_nested
test_01649,test_01649,test_01649,test,test,test_nested
test_00467,test_00467,test_00467,test,test,test_nested
test_02385,test_02385,test_02385,test,test,test_nested
test_00418,test_00418,test_00418,test,test,test_nested
test_00613,test_00613,test_00613,test,test,test_nested
test_02064,test_02064,test_02064,test,test,test_nested
test_00142,test_00142,test_00142,test,test,test_nested
test_02097,test_02097,test_02097,test,test,test_nested
test_02412,test_02412,test_02412,test,test,test_nested
test_00344,test_00344,test_00344,test,test,test_nested
test_00025,test_00025,test_00025,test,test,test_nested
test_00858,test_00858,test_00858,test,test,test_nested
test_01633,test_01633,test_01633,test,test,test_nested
test_02393,test_02393,test_02393,test,test,test_nested
test_01695,test_01695,test_01695,test,test,test_nested
test_01143,test_01143,test_01143,test,test,test_nested
test_01261,test_01261,test_01261,test,test,test_nested
test_01438,test_01438,test_01438,test,test,test_nested
test_01228,test_01228,test_01228,test,test,test_nested
test_01713,test_01713,test_01713,test,test,test_nested
test_00621,test_00621,test_00621,test,test,test_nested
test_01064,test_01064,test_01064,test,test,test_nested
test_01816,test_01816,test_01816,test,test,test_nested
test_01507,test_01507,test_01507,test,test,test_nested
test_00605,test_00605,test_00605,test,test,test_nested
test_00946,test_00946,test_00946,test,test,test_nested
test_00394,test_00394,test_00394,test,test,test_nested
test_00940,test_00940,test_00940,test,test,test_nested
test_01348,test_01348,test_01348,test,test,test_nested
test_00094,test_00094,test_00094,test,test,test_nested
test_01385,test_01385,test_01385,test,test,test_nested
test_01091,test_01091,test_01091,test,test,test_nested
test_00898,test_00898,test_00898,test,test,test_nested
test_01030,test_01030,test_01030,test,test,test_nested
test_01080,test_01080,test_01080,test,test,test_nested
test_01991,test_01991,test_01991,test,test,test_nested
test_02031,test_02031,test_02031,test,test,test_nested
test_00123,test_00123,test_00123,test,test,test_nested
test_01301,test_01301,test_01301,test,test,test_nested
test_01979,test_01979,test_01979,test,test,test_nested
test_01469,test_01469,test_01469,test,test,test_nested
test_01191,test_01191,test_01191,test,test,test_nested
test_01499,test_01499,test_01499,test,test,test_nested
test_01153,test_01153,test_01153,test,test,test_nested
test_02367,test_02367,test_02367,test,test,test_nested
test_01942,test_01942,test_01942,test,test,test_nested
test_00630,test_00630,test_00630,test,test,test_nested
test_00827,test_00827,test_00827,test,test,test_nested
test_00197,test_00197,test_00197,test,test,test_nested
test_02376,test_02376,test_02376,test,test,test_nested
test_01710,test_01710,test_01710,test,test,test_nested
test_00409,test_00409,test_00409,test,test,test_nested
test_01316,test_01316,test_01316,test,test,test_nested
test_02298,test_02298,test_02298,test,test,test_nested
test_00321,test_00321,test_00321,test,test,test_nested
test_02144,test_02144,test_02144,test,test,test_nested
test_00334,test_00334,test_00334,test,test,test_nested
test_00336,test_00336,test_00336,test,test,test_nested
test_01630,test_01630,test_01630,test,test,test_nested
test_01470,test_01470,test_01470,test,test,test_nested
test_01252,test_01252,test_01252,test,test,test_nested
test_01268,test_01268,test_01268,test,test,test_nested
test_02241,test_02241,test_02241,test,test,test_nested
test_00697,test_00697,test_00697,test,test,test_nested
test_00904,test_00904,test_00904,test,test,test_nested
test_00993,test_00993,test_00993,test,test,test_nested
test_02194,test_02194,test_02194,test,test,test_nested
test_00404,test_00404,test_00404,test,test,test_nested
test_01190,test_01190,test_01190,test,test,test_nested
test_01819,test_01819,test_01819,test,test,test_nested
test_00713,test_00713,test_00713,test,test,test_nested
test_00352,test_00352,test_00352,test,test,test_nested
test_01564,test_01564,test_01564,test,test,test_nested
test_00101,test_00101,test_00101,test,test,test_nested
test_01145,test_01145,test_01145,test,test,test_nested
test_00143,test_00143,test_00143,test,test,test_nested
test_00564,test_00564,test_00564,test,test,test_nested
test_02117,test_02117,test_02117,test,test,test_nested
test_01058,test_01058,test_01058,test,test,test_nested
test_02076,test_02076,test_02076,test,test,test_nested
test_01331,test_01331,test_01331,test,test,test_nested
test_01290,test_01290,test_01290,test,test,test_nested
test_00987,test_00987,test_00987,test,test,test_nested
test_01235,test_01235,test_01235,test,test,test_nested
test_01908,test_01908,test_01908,test,test,test_nested
test_01189,test_01189,test_01189,test,test,test_nested
test_02022,test_02022,test_02022,test,test,test_nested
test_01875,test_01875,test_01875,test,test,test_nested
test_00121,test_00121,test_00121,test,test,test_nested
test_02169,test_02169,test_02169,test,test,test_nested
test_00992,test_00992,test_00992,test,test,test_nested
test_01414,test_01414,test_01414,test,test,test_nested
test_01338,test_01338,test_01338,test,test,test_nested
test_02013,test_02013,test_02013,test,test,test_nested
test_00617,test_00617,test_00617,test,test,test_nested
test_02053,test_02053,test_02053,test,test,test_nested
test_00520,test_00520,test_00520,test,test,test_nested
test_01283,test_01283,test_01283,test,test,test_nested
test_02301,test_02301,test_02301,test,test,test_nested
test_02186,test_02186,test_02186,test,test,test_nested
test_02000,test_02000,test_02000,test,test,test_nested
test_00502,test_00502,test_00502,test,test,test_nested
test_00543,test_00543,test_00543,test,test,test_nested
test_02088,test_02088,test_02088,test,test,test_nested
test_00018,test_00018,test_00018,test,test,test_nested
test_00480,test_00480,test_00480,test,test,test_nested
test_02044,test_02044,test_02044,test,test,test_nested
test_00865,test_00865,test_00865,test,test,test_nested
test_01472,test_01472,test_01472,test,test,test_nested
test_01740,test_01740,test_01740,test,test,test_nested
test_01521,test_01521,test_01521,test,test,test_nested
test_00817,test_00817,test_00817,test,test,test_nested
test_00610,test_00610,test_00610,test,test,test_nested
test_01151,test_01151,test_01151,test,test,test_nested
test_01224,test_01224,test_01224,test,test,test_nested
test_02400,test_02400,test_02400,test,test,test_nested
test_00885,test_00885,test_00885,test,test,test_nested
test_01765,test_01765,test_01765,test,test,test_nested
test_00809,test_00809,test_00809,test,test,test_nested
test_01696,test_01696,test_01696,test,test,test_nested
test_02069,test_02069,test_02069,test,test,test_nested
test_01896,test_01896,test_01896,test,test,test_nested
test_01498,test_01498,test_01498,test,test,test_nested
test_02148,test_02148,test_02148,test,test,test_nested
test_01867,test_01867,test_01867,test,test,test_nested
test_00107,test_00107,test_00107,test,test,test_nested
test_01613,test_01613,test_01613,test,test,test_nested
test_01274,test_01274,test_01274,test,test,test_nested
test_01505,test_01505,test_01505,test,test,test_nested
test_00499,test_00499,test_00499,test,test,test_nested
test_02029,test_02029,test_02029,test,test,test_nested
test_01683,test_01683,test_01683,test,test,test_nested
test_00464,test_00464,test_00464,test,test,test_nested
test_00917,test_00917,test_00917,test,test,test_nested
test_02324,test_02324,test_02324,test,test,test_nested
test_00860,test_00860,test_00860,test,test,test_nested
test_02073,test_02073,test_02073,test,test,test_nested
test_01927,test_01927,test_01927,test,test,test_nested
test_02475,test_02475,test_02475,test,test,test_nested
test_00382,test_00382,test_00382,test,test,test_nested
test_01780,test_01780,test_01780,test,test,test_nested
test_00573,test_00573,test_00573,test,test,test_nested
test_02279,test_02279,test_02279,test,test,test_nested
test_01062,test_01062,test_01062,test,test,test_nested
test_01437,test_01437,test_01437,test,test,test_nested
test_02230,test_02230,test_02230,test,test,test_nested
test_02151,test_02151,test_02151,test,test,test_nested
test_02079,test_02079,test_02079,test,test,test_nested
test_00243,test_00243,test_00243,test,test,test_nested
test_01805,test_01805,test_01805,test,test,test_nested
test_01444,test_01444,test_01444,test,test,test_nested
test_02427,test_02427,test_02427,test,test,test_nested
test_00484,test_00484,test_00484,test,test,test_nested
test_01600,test_01600,test_01600,test,test,test_nested
test_00770,test_00770,test_00770,test,test,test_nested
test_00116,test_00116,test_00116,test,test,test_nested
test_00501,test_00501,test_00501,test,test,test_nested
test_02123,test_02123,test_02123,test,test,test_nested
test_00980,test_00980,test_00980,test,test,test_nested
test_00512,test_00512,test_00512,test,test,test_nested
test_00386,test_00386,test_00386,test,test,test_nested
test_00328,test_00328,test_00328,test,test,test_nested
test_02468,test_02468,test_02468,test,test,test_nested
test_01435,test_01435,test_01435,test,test,test_nested
test_02328,test_02328,test_02328,test,test,test_nested
test_01299,test_01299,test_01299,test,test,test_nested
test_00738,test_00738,test_00738,test,test,test_nested
test_01007,test_01007,test_01007,test,test,test_nested
test_00839,test_00839,test_00839,test,test,test_nested
test_00731,test_00731,test_00731,test,test,test_nested
test_01962,test_01962,test_01962,test,test,test_nested
test_00399,test_00399,test_00399,test,test,test_nested
test_00932,test_00932,test_00932,test,test,test_nested
test_00147,test_00147,test_00147,test,test,test_nested
test_00403,test_00403,test_00403,test,test,test_nested
test_02332,test_02332,test_02332,test,test,test_nested
test_00561,test_00561,test_00561,test,test,test_nested
test_00385,test_00385,test_00385,test,test,test_nested
test_01758,test_01758,test_01758,test,test,test_nested
test_02234,test_02234,test_02234,test,test,test_nested
test_00148,test_00148,test_00148,test,test,test_nested
test_01988,test_01988,test_01988,test,test,test_nested
test_00466,test_00466,test_00466,test,test,test_nested
test_00628,test_00628,test_00628,test,test,test_nested
test_01400,test_01400,test_01400,test,test,test_nested
test_01237,test_01237,test_01237,test,test,test_nested
test_01540,test_01540,test_01540,test,test,test_nested
test_02077,test_02077,test_02077,test,test,test_nested
test_00093,test_00093,test_00093,test,test,test_nested
test_00255,test_00255,test_00255,test,test,test_nested
test_01181,test_01181,test_01181,test,test,test_nested
test_01906,test_01906,test_01906,test,test,test_nested
test_01020,test_01020,test_01020,test,test,test_nested
test_00060,test_00060,test_00060,test,test,test_nested
test_02364,test_02364,test_02364,test,test,test_nested
test_01851,test_01851,test_01851,test,test,test_nested
test_02359,test_02359,test_02359,test,test,test_nested
test_01502,test_01502,test_01502,test,test,test_nested
test_02205,test_02205,test_02205,test,test,test_nested
test_01180,test_01180,test_01180,test,test,test_nested
test_00751,test_00751,test_00751,test,test,test_nested
test_00778,test_00778,test_00778,test,test,test_nested
test_00888,test_00888,test_00888,test,test,test_nested
test_00470,test_00470,test_00470,test,test,test_nested
test_00651,test_00651,test_00651,test,test,test_nested
test_00521,test_00521,test_00521,test,test,test_nested
test_01468,test_01468,test_01468,test,test,test_nested
test_00579,test_00579,test_00579,test,test,test_nested
test_00741,test_00741,test_00741,test,test,test_nested
test_00001,test_00001,test_00001,test,test,test_nested
test_00311,test_00311,test_00311,test,test,test_nested
test_01760,test_01760,test_01760,test,test,test_nested
test_00893,test_00893,test_00893,test,test,test_nested
test_00720,test_00720,test_00720,test,test,test_nested
test_01139,test_01139,test_01139,test,test,test_nested
test_00624,test_00624,test_00624,test,test,test_nested
test_01869,test_01869,test_01869,test,test,test_nested
test_00693,test_00693,test_00693,test,test,test_nested
test_02386,test_02386,test_02386,test,test,test_nested
test_02128,test_02128,test_02128,test,test,test_nested
test_00542,test_00542,test_00542,test,test,test_nested
test_00646,test_00646,test_00646,test,test,test_nested
test_02038,test_02038,test_02038,test,test,test_nested
test_02281,test_02281,test_02281,test,test,test_nested
test_01088,test_01088,test_01088,test,test,test_nested
test_00215,test_00215,test_00215,test,test,test_nested
test_01815,test_01815,test_01815,test,test,test_nested
test_00880,test_00880,test_00880,test,test,test_nested
test_00979,test_00979,test_00979,test,test,test_nested
test_00655,test_00655,test_00655,test,test,test_nested
test_01866,test_01866,test_01866,test,test,test_nested
test_00999,test_00999,test_00999,test,test,test_nested
test_02161,test_02161,test_02161,test,test,test_nested
test_01634,test_01634,test_01634,test,test,test_nested
test_00161,test_00161,test_00161,test,test,test_nested
test_00836,test_00836,test_00836,test,test,test_nested
test_01685,test_01685,test_01685,test,test,test_nested
test_00082,test_00082,test_00082,test,test,test_nested
test_01219,test_01219,test_01219,test,test,test_nested
test_00193,test_00193,test_00193,test,test,test_nested
test_00625,test_00625,test_00625,test,test,test_nested
test_00079,test_00079,test_00079,test,test,test_nested
test_01698,test_01698,test_01698,test,test,test_nested
test_01560,test_01560,test_01560,test,test,test_nested
test_00071,test_00071,test_00071,test,test,test_nested
test_01794,test_01794,test_01794,test,test,test_nested
test_00038,test_00038,test_00038,test,test,test_nested
test_01177,test_01177,test_01177,test,test,test_nested
test_01510,test_01510,test_01510,test,test,test_nested
test_01092,test_01092,test_01092,test,test,test_nested
test_01037,test_01037,test_01037,test,test,test_nested
test_01356,test_01356,test_01356,test,test,test_nested
test_00076,test_00076,test_00076,test,test,test_nested
test_01889,test_01889,test_01889,test,test,test_nested
test_01957,test_01957,test_01957,test,test,test_nested
test_02150,test_02150,test_02150,test,test,test_nested
test_01796,test_01796,test_01796,test,test,test_nested
test_00901,test_00901,test_00901,test,test,test_nested
test_00221,test_00221,test_00221,test,test,test_nested
test_00814,test_00814,test_00814,test,test,test_nested
test_01800,test_01800,test_01800,test,test,test_nested
test_02433,test_02433,test_02433,test,test,test_nested
test_02037,test_02037,test_02037,test,test,test_nested
test_01192,test_01192,test_01192,test,test,test_nested
test_00224,test_00224,test_00224,test,test,test_nested
test_01586,test_01586,test_01586,test,test,test_nested
test_02257,test_02257,test_02257,test,test,test_nested
test_00055,test_00055,test_00055,test,test,test_nested
test_01639,test_01639,test_01639,test,test,test_nested
test_01561,test_01561,test_01561,test,test,test_nested
test_00238,test_00238,test_00238,test,test,test_nested
test_00414,test_00414,test_00414,test,test,test_nested
test_01361,test_01361,test_01361,test,test,test_nested
test_01912,test_01912,test_01912,test,test,test_nested
test_01774,test_01774,test_01774,test,test,test_nested
test_02133,test_02133,test_02133,test,test,test_nested
test_00622,test_00622,test_00622,test,test,test_nested
test_00256,test_00256,test_00256,test,test,test_nested
test_01773,test_01773,test_01773,test,test,test_nested
test_01024,test_01024,test_01024,test,test,test_nested
test_00083,test_00083,test_00083,test,test,test_nested
test_01933,test_01933,test_01933,test,test,test_nested
test_00665,test_00665,test_00665,test,test,test_nested
test_01812,test_01812,test_01812,test,test,test_nested
test_02019,test_02019,test_02019,test,test,test_nested
test_01787,test_01787,test_01787,test,test,test_nested
test_00376,test_00376,test_00376,test,test,test_nested
test_01282,test_01282,test_01282,test,test,test_nested
test_00776,test_00776,test_00776,test,test,test_nested
test_02099,test_02099,test_02099,test,test,test_nested
test_01231,test_01231,test_01231,test,test,test_nested
test_02177,test_02177,test_02177,test,test,test_nested
test_00130,test_00130,test_00130,test,test,test_nested
test_00805,test_00805,test_00805,test,test,test_nested
test_00659,test_00659,test_00659,test,test,test_nested
test_01555,test_01555,test_01555,test,test,test_nested
test_02327,test_02327,test_02327,test,test,test_nested
test_00705,test_00705,test_00705,test,test,test_nested
test_02434,test_02434,test_02434,test,test,test_nested
test_00936,test_00936,test_00936,test,test,test_nested
test_00112,test_00112,test_00112,test,test,test_nested
test_00155,test_00155,test_00155,test,test,test_nested
test_01621,test_01621,test_01621,test,test,test_nested
test_02197,test_02197,test_02197,test,test,test_nested
test_00799,test_00799,test_00799,test,test,test_nested
test_01583,test_01583,test_01583,test,test,test_nested
test_02086,test_02086,test_02086,test,test,test_nested
test_01176,test_01176,test_01176,test,test,test_nested
test_02470,test_02470,test_02470,test,test,test_nested
test_00833,test_00833,test_00833,test,test,test_nested
test_01723,test_01723,test_01723,test,test,test_nested
test_01620,test_01620,test_01620,test,test,test_nested
test_00837,test_00837,test_00837,test,test,test_nested
test_00061,test_00061,test_00061,test,test,test_nested
test_02290,test_02290,test_02290,test,test,test_nested
test_00759,test_00759,test_00759,test,test,test_nested
test_02091,test_02091,test_02091,test,test,test_nested
test_00395,test_00395,test_00395,test,test,test_nested
test_02110,test_02110,test_02110,test,test,test_nested
test_00298,test_00298,test_00298,test,test,test_nested
test_01206,test_01206,test_01206,test,test,test_nested
test_01284,test_01284,test_01284,test,test,test_nested
test_00856,test_00856,test_00856,test,test,test_nested
test_02315,test_02315,test_02315,test,test,test_nested
test_01729,test_01729,test_01729,test,test,test_nested
test_00254,test_00254,test_00254,test,test,test_nested
test_00578,test_00578,test_00578,test,test,test_nested
test_02225,test_02225,test_02225,test,test,test_nested
test_00009,test_00009,test_00009,test,test,test_nested
test_01862,test_01862,test_01862,test,test,test_nested
test_00618,test_00618,test_00618,test,test,test_nested
test_00500,test_00500,test_00500,test,test,test_nested
test_01782,test_01782,test_01782,test,test,test_nested
test_01881,test_01881,test_01881,test,test,test_nested
test_02081,test_02081,test_02081,test,test,test_nested
test_00988,test_00988,test_00988,test,test,test_nested
test_00201,test_00201,test_00201,test,test,test_nested
test_00122,test_00122,test_00122,test,test,test_nested
test_01069,test_01069,test_01069,test,test,test_nested
test_00643,test_00643,test_00643,test,test,test_nested
test_01711,test_01711,test_01711,test,test,test_nested
test_01184,test_01184,test_01184,test,test,test_nested
test_00784,test_00784,test_00784,test,test,test_nested
test_01834,test_01834,test_01834,test,test,test_nested
test_00961,test_00961,test_00961,test,test,test_nested
test_02382,test_02382,test_02382,test,test,test_nested
test_02010,test_02010,test_02010,test,test,test_nested
test_02478,test_02478,test_02478,test,test,test_nested
test_01276,test_01276,test_01276,test,test,test_nested
test_02286,test_02286,test_02286,test,test,test_nested
test_00465,test_00465,test_00465,test,test,test_nested
test_01593,test_01593,test_01593,test,test,test_nested
test_01501,test_01501,test_01501,test,test,test_nested
test_02246,test_02246,test_02246,test,test,test_nested
test_00548,test_00548,test_00548,test,test,test_nested
test_01647,test_01647,test_01647,test,test,test_nested
test_02251,test_02251,test_02251,test,test,test_nested
test_00970,test_00970,test_00970,test,test,test_nested
test_01381,test_01381,test_01381,test,test,test_nested
test_02303,test_02303,test_02303,test,test,test_nested
test_01631,test_01631,test_01631,test,test,test_nested
test_00109,test_00109,test_00109,test,test,test_nested
test_00132,test_00132,test_00132,test,test,test_nested
test_00503,test_00503,test_00503,test,test,test_nested
test_02306,test_02306,test_02306,test,test,test_nested
test_02089,test_02089,test_02089,test,test,test_nested
test_00816,test_00816,test_00816,test,test,test_nested
test_00845,test_00845,test_00845,test,test,test_nested
test_01653,test_01653,test_01653,test,test,test_nested
test_01946,test_01946,test_01946,test,test,test_nested
test_01625,test_01625,test_01625,test,test,test_nested
test_00895,test_00895,test_00895,test,test,test_nested
test_02083,test_02083,test_02083,test,test,test_nested
test_00302,test_00302,test_00302,test,test,test_nested
test_02216,test_02216,test_02216,test,test,test_nested
test_02399,test_02399,test_02399,test,test,test_nested
test_00748,test_00748,test_00748,test,test,test_nested
test_01287,test_01287,test_01287,test,test,test_nested
test_01660,test_01660,test_01660,test,test,test_nested
test_00964,test_00964,test_00964,test,test,test_nested
test_01239,test_01239,test_01239,test,test,test_nested
test_01534,test_01534,test_01534,test,test,test_nested
test_01343,test_01343,test_01343,test,test,test_nested
test_02340,test_02340,test_02340,test,test,test_nested
test_01712,test_01712,test_01712,test,test,test_nested
test_02262,test_02262,test_02262,test,test,test_nested
test_01873,test_01873,test_01873,test,test,test_nested
test_01994,test_01994,test_01994,test,test,test_nested
test_00190,test_00190,test_00190,test,test,test_nested
test_00364,test_00364,test_00364,test,test,test_nested
test_00864,test_00864,test_00864,test,test,test_nested
test_01259,test_01259,test_01259,test,test,test_nested
test_02141,test_02141,test_02141,test,test,test_nested
test_02333,test_02333,test_02333,test,test,test_nested
test_00861,test_00861,test_00861,test,test,test_nested
test_01416,test_01416,test_01416,test,test,test_nested
test_02206,test_02206,test_02206,test,test,test_nested
test_00944,test_00944,test_00944,test,test,test_nested
test_00695,test_00695,test_00695,test,test,test_nested
test_00043,test_00043,test_00043,test,test,test_nested
test_00690,test_00690,test_00690,test,test,test_nested
test_00820,test_00820,test_00820,test,test,test_nested
test_00752,test_00752,test_00752,test,test,test_nested
test_01563,test_01563,test_01563,test,test,test_nested
test_02436,test_02436,test_02436,test,test,test_nested
test_02158,test_02158,test_02158,test,test,test_nested
test_00473,test_00473,test_00473,test,test,test_nested
test_01831,test_01831,test_01831,test,test,test_nested
test_00191,test_00191,test_00191,test,test,test_nested
test_01137,test_01137,test_01137,test,test,test_nested
test_01987,test_01987,test_01987,test,test,test_nested
test_00113,test_00113,test_00113,test,test,test_nested
test_00986,test_00986,test_00986,test,test,test_nested
test_01271,test_01271,test_01271,test,test,test_nested
test_01376,test_01376,test_01376,test,test,test_nested
test_00670,test_00670,test_00670,test,test,test_nested
test_01825,test_01825,test_01825,test,test,test_nested
test_01664,test_01664,test_01664,test,test,test_nested
test_00056,test_00056,test_00056,test,test,test_nested
test_00589,test_00589,test_00589,test,test,test_nested
test_01513,test_01513,test_01513,test,test,test_nested
test_02199,test_02199,test_02199,test,test,test_nested
test_01940,test_01940,test_01940,test,test,test_nested
test_00150,test_00150,test_00150,test,test,test_nested
test_01110,test_01110,test_01110,test,test,test_nested
test_01963,test_01963,test_01963,test,test,test_nested
test_00565,test_00565,test_00565,test,test,test_nested
test_01086,test_01086,test_01086,test,test,test_nested
test_01673,test_01673,test_01673,test,test,test_nested
test_00089,test_00089,test_00089,test,test,test_nested
test_02362,test_02362,test_02362,test,test,test_nested
test_00198,test_00198,test_00198,test,test,test_nested
test_01549,test_01549,test_01549,test,test,test_nested
test_00487,test_00487,test_00487,test,test,test_nested
test_01984,test_01984,test_01984,test,test,test_nested
test_00173,test_00173,test_00173,test,test,test_nested
test_01341,test_01341,test_01341,test,test,test_nested
test_00972,test_00972,test_00972,test,test,test_nested
test_00145,test_00145,test_00145,test,test,test_nested
test_01422,test_01422,test_01422,test,test,test_nested
test_02331,test_02331,test_02331,test,test,test_nested
test_00439,test_00439,test_00439,test,test,test_nested
test_02026,test_02026,test_02026,test,test,test_nested
test_02084,test_02084,test_02084,test,test,test_nested
test_01568,test_01568,test_01568,test,test,test_nested
test_00218,test_00218,test_00218,test,test,test_nested
test_01493,test_01493,test_01493,test,test,test_nested
test_01855,test_01855,test_01855,test,test,test_nested
test_00021,test_00021,test_00021,test,test,test_nested
test_00928,test_00928,test_00928,test,test,test_nested
test_01043,test_01043,test_01043,test,test,test_nested
test_01013,test_01013,test_01013,test,test,test_nested
test_01876,test_01876,test_01876,test,test,test_nested
test_02488,test_02488,test_02488,test,test,test_nested
test_01195,test_01195,test_01195,test,test,test_nested
test_01793,test_01793,test_01793,test,test,test_nested
test_00303,test_00303,test_00303,test,test,test_nested
test_00775,test_00775,test_00775,test,test,test_nested
test_00788,test_00788,test_00788,test,test,test_nested
test_00640,test_00640,test_00640,test,test,test_nested
test_01535,test_01535,test_01535,test,test,test_nested
test_01591,test_01591,test_01591,test,test,test_nested
test_01756,test_01756,test_01756,test,test,test_nested
test_01483,test_01483,test_01483,test,test,test_nested
test_01214,test_01214,test_01214,test,test,test_nested
test_01546,test_01546,test_01546,test,test,test_nested
test_02131,test_02131,test_02131,test,test,test_nested
test_01362,test_01362,test_01362,test,test,test_nested
test_01937,test_01937,test_01937,test,test,test_nested
test_01207,test_01207,test_01207,test,test,test_nested
test_01148,test_01148,test_01148,test,test,test_nested
test_00175,test_00175,test_00175,test,test,test_nested
test_02075,test_02075,test_02075,test,test,test_nested
test_00959,test_00959,test_00959,test,test,test_nested
test_00558,test_00558,test_00558,test,test,test_nested
test_00844,test_00844,test_00844,test,test,test_nested
test_01019,test_01019,test_01019,test,test,test_nested
test_00657,test_00657,test_00657,test,test,test_nested
test_01944,test_01944,test_01944,test,test,test_nested
test_00117,test_00117,test_00117,test,test,test_nested
test_01291,test_01291,test_01291,test,test,test_nested
test_01221,test_01221,test_01221,test,test,test_nested
test_00333,test_00333,test_00333,test,test,test_nested
test_01461,test_01461,test_01461,test,test,test_nested
test_01783,test_01783,test_01783,test,test,test_nested
test_00402,test_00402,test_00402,test,test,test_nested
test_00207,test_00207,test_00207,test,test,test_nested
test_01891,test_01891,test_01891,test,test,test_nested
test_02049,test_02049,test_02049,test,test,test_nested
test_00629,test_00629,test_00629,test,test,test_nested
test_02355,test_02355,test_02355,test,test,test_nested
test_00532,test_00532,test_00532,test,test,test_nested
test_02380,test_02380,test_02380,test,test,test_nested
test_00412,test_00412,test_00412,test,test,test_nested
test_00391,test_00391,test_00391,test,test,test_nested
test_00309,test_00309,test_00309,test,test,test_nested
test_00603,test_00603,test_00603,test,test,test_nested
test_02345,test_02345,test_02345,test,test,test_nested
test_01666,test_01666,test_01666,test,test,test_nested
test_02348,test_02348,test_02348,test,test,test_nested
test_00943,test_00943,test_00943,test,test,test_nested
test_01732,test_01732,test_01732,test,test,test_nested
test_02047,test_02047,test_02047,test,test,test_nested
test_02040,test_02040,test_02040,test,test,test_nested
test_00841,test_00841,test_00841,test,test,test_nested
test_02168,test_02168,test_02168,test,test,test_nested
test_01204,test_01204,test_01204,test,test,test_nested
test_00490,test_00490,test_00490,test,test,test_nested
test_02207,test_02207,test_02207,test,test,test_nested
test_01023,test_01023,test_01023,test,test,test_nested
test_00264,test_00264,test_00264,test,test,test_nested
test_01303,test_01303,test_01303,test,test,test_nested
test_00684,test_00684,test_00684,test,test,test_nested
test_01273,test_01273,test_01273,test,test,test_nested
test_01668,test_01668,test_01668,test,test,test_nested
test_00184,test_00184,test_00184,test,test,test_nested
test_01552,test_01552,test_01552,test,test,test_nested
test_01602,test_01602,test_01602,test,test,test_nested
test_02237,test_02237,test_02237,test,test,test_nested
test_00051,test_00051,test_00051,test,test,test_nested
test_01383,test_01383,test_01383,test,test,test_nested
test_01467,test_01467,test_01467,test,test,test_nested
test_01269,test_01269,test_01269,test,test,test_nested
test_00674,test_00674,test_00674,test,test,test_nested
test_01999,test_01999,test_01999,test,test,test_nested
test_01254,test_01254,test_01254,test,test,test_nested
test_01428,test_01428,test_01428,test,test,test_nested
test_02070,test_02070,test_02070,test,test,test_nested
test_02356,test_02356,test_02356,test,test,test_nested
test_01004,test_01004,test_01004,test,test,test_nested
test_00570,test_00570,test_00570,test,test,test_nested
test_02334,test_02334,test_02334,test,test,test_nested
test_00511,test_00511,test_00511,test,test,test_nested
test_01415,test_01415,test_01415,test,test,test_nested
test_00957,test_00957,test_00957,test,test,test_nested
test_01138,test_01138,test_01138,test,test,test_nested
test_00826,test_00826,test_00826,test,test,test_nested
test_00337,test_00337,test_00337,test,test,test_nested
test_00576,test_00576,test_00576,test,test,test_nested
test_00588,test_00588,test_00588,test,test,test_nested
test_01057,test_01057,test_01057,test,test,test_nested
test_02242,test_02242,test_02242,test,test,test_nested
test_01799,test_01799,test_01799,test,test,test_nested
test_01864,test_01864,test_01864,test,test,test_nested
test_00938,test_00938,test_00938,test,test,test_nested
test_00890,test_00890,test_00890,test,test,test_nested
test_00263,test_00263,test_00263,test,test,test_nested
test_01411,test_01411,test_01411,test,test,test_nested
test_01752,test_01752,test_01752,test,test,test_nested
test_01837,test_01837,test_01837,test,test,test_nested
test_00277,test_00277,test_00277,test,test,test_nested
test_01337,test_01337,test_01337,test,test,test_nested
test_00251,test_00251,test_00251,test,test,test_nested
test_02214,test_02214,test_02214,test,test,test_nested
test_01637,test_01637,test_01637,test,test,test_nested
test_00909,test_00909,test_00909,test,test,test_nested
test_02297,test_02297,test_02297,test,test,test_nested
test_00907,test_00907,test_00907,test,test,test_nested
test_02227,test_02227,test_02227,test,test,test_nested
test_02018,test_02018,test_02018,test,test,test_nested
test_01209,test_01209,test_01209,test,test,test_nested
test_02402,test_02402,test_02402,test,test,test_nested
test_00438,test_00438,test_00438,test,test,test_nested
test_01443,test_01443,test_01443,test,test,test_nested
test_01409,test_01409,test_01409,test,test,test_nested
test_02365,test_02365,test_02365,test,test,test_nested
test_00014,test_00014,test_00014,test,test,test_nested
test_00614,test_00614,test_00614,test,test,test_nested
test_00476,test_00476,test_00476,test,test,test_nested
test_02228,test_02228,test_02228,test,test,test_nested
test_00292,test_00292,test_00292,test,test,test_nested
test_00128,test_00128,test_00128,test,test,test_nested
test_00724,test_00724,test_00724,test,test,test_nested
test_00119,test_00119,test_00119,test,test,test_nested
test_00676,test_00676,test_00676,test,test,test_nested
test_00730,test_00730,test_00730,test,test,test_nested
test_01574,test_01574,test_01574,test,test,test_nested
test_00641,test_00641,test_00641,test,test,test_nested
test_01063,test_01063,test_01063,test,test,test_nested
test_00114,test_00114,test_00114,test,test,test_nested
test_00103,test_00103,test_00103,test,test,test_nested
test_01486,test_01486,test_01486,test,test,test_nested
test_00310,test_00310,test_00310,test,test,test_nested
test_02261,test_02261,test_02261,test,test,test_nested
test_00335,test_00335,test_00335,test,test,test_nested
test_01292,test_01292,test_01292,test,test,test_nested
test_00769,test_00769,test_00769,test,test,test_nested
test_01015,test_01015,test_01015,test,test,test_nested
test_00782,test_00782,test_00782,test,test,test_nested
test_02407,test_02407,test_02407,test,test,test_nested
test_00650,test_00650,test_00650,test,test,test_nested
test_02489,test_02489,test_02489,test,test,test_nested
test_00538,test_00538,test_00538,test,test,test_nested
test_00664,test_00664,test_00664,test,test,test_nested
test_00654,test_00654,test_00654,test,test,test_nested
test_00271,test_00271,test_00271,test,test,test_nested
test_02032,test_02032,test_02032,test,test,test_nested
test_01739,test_01739,test_01739,test,test,test_nested
test_02162,test_02162,test_02162,test,test,test_nested
test_00111,test_00111,test_00111,test,test,test_nested
test_01845,test_01845,test_01845,test,test,test_nested
test_01127,test_01127,test_01127,test,test,test_nested
test_02042,test_02042,test_02042,test,test,test_nested
test_00348,test_00348,test_00348,test,test,test_nested
test_00922,test_00922,test_00922,test,test,test_nested
test_00510,test_00510,test_00510,test,test,test_nested
test_01489,test_01489,test_01489,test,test,test_nested
test_00700,test_00700,test_00700,test,test,test_nested
test_01880,test_01880,test_01880,test,test,test_nested
test_01407,test_01407,test_01407,test,test,test_nested
test_00341,test_00341,test_00341,test,test,test_nested
test_00126,test_00126,test_00126,test,test,test_nested
test_02446,test_02446,test_02446,test,test,test_nested
test_02462,test_02462,test_02462,test,test,test_nested
test_02287,test_02287,test_02287,test,test,test_nested
test_01263,test_01263,test_01263,test,test,test_nested
test_02033,test_02033,test_02033,test,test,test_nested
test_01035,test_01035,test_01035,test,test,test_nested
test_00326,test_00326,test_00326,test,test,test_nested
test_01945,test_01945,test_01945,test,test,test_nested
test_00508,test_00508,test_00508,test,test,test_nested
test_01166,test_01166,test_01166,test,test,test_nested
test_01612,test_01612,test_01612,test,test,test_nested
test_00948,test_00948,test_00948,test,test,test_nested
test_01229,test_01229,test_01229,test,test,test_nested
test_01482,test_01482,test_01482,test,test,test_nested
test_00235,test_00235,test_00235,test,test,test_nested
test_00598,test_00598,test_00598,test,test,test_nested
test_01661,test_01661,test_01661,test,test,test_nested
test_00815,test_00815,test_00815,test,test,test_nested
test_01526,test_01526,test_01526,test,test,test_nested
test_00430,test_00430,test_00430,test,test,test_nested
test_00165,test_00165,test_00165,test,test,test_nested
test_01929,test_01929,test_01929,test,test,test_nested
test_00435,test_00435,test_00435,test,test,test_nested
test_00078,test_00078,test_00078,test,test,test_nested
test_02090,test_02090,test_02090,test,test,test_nested
test_02078,test_02078,test_02078,test,test,test_nested
test_00963,test_00963,test_00963,test,test,test_nested
test_00722,test_00722,test_00722,test,test,test_nested
test_02120,test_02120,test_02120,test,test,test_nested
test_01811,test_01811,test_01811,test,test,test_nested
test_00406,test_00406,test_00406,test,test,test_nested
test_01676,test_01676,test_01676,test,test,test_nested
test_00906,test_00906,test_00906,test,test,test_nested
test_02473,test_02473,test_02473,test,test,test_nested
test_01351,test_01351,test_01351,test,test,test_nested
test_01548,test_01548,test_01548,test,test,test_nested
test_02213,test_02213,test_02213,test,test,test_nested
test_01168,test_01168,test_01168,test,test,test_nested
test_01798,test_01798,test_01798,test,test,test_nested
test_00568,test_00568,test_00568,test,test,test_nested
test_02285,test_02285,test_02285,test,test,test_nested
test_00324,test_00324,test_00324,test,test,test_nested
test_01253,test_01253,test_01253,test,test,test_nested
test_01162,test_01162,test_01162,test,test,test_nested
test_02344,test_02344,test_02344,test,test,test_nested
test_00549,test_00549,test_00549,test,test,test_nested
test_01056,test_01056,test_01056,test,test,test_nested
test_01731,test_01731,test_01731,test,test,test_nested
test_01044,test_01044,test_01044,test,test,test_nested
test_01471,test_01471,test_01471,test,test,test_nested
test_01188,test_01188,test_01188,test,test,test_nested
test_01543,test_01543,test_01543,test,test,test_nested
test_00378,test_00378,test_00378,test,test,test_nested
test_00806,test_00806,test_00806,test,test,test_nested
test_02036,test_02036,test_02036,test,test,test_nested
test_01463,test_01463,test_01463,test,test,test_nested
test_00544,test_00544,test_00544,test,test,test_nested
test_01905,test_01905,test_01905,test,test,test_nested
test_00222,test_00222,test_00222,test,test,test_nested
test_01806,test_01806,test_01806,test,test,test_nested
test_00941,test_00941,test_00941,test,test,test_nested
test_00436,test_00436,test_00436,test,test,test_nested
test_02125,test_02125,test_02125,test,test,test_nested
test_00445,test_00445,test_00445,test,test,test_nested
test_00983,test_00983,test_00983,test,test,test_nested
test_00031,test_00031,test_00031,test,test,test_nested
test_00217,test_00217,test_00217,test,test,test_nested
test_01349,test_01349,test_01349,test,test,test_nested
test_00304,test_00304,test_00304,test,test,test_nested
test_02195,test_02195,test_02195,test,test,test_nested
test_00792,test_00792,test_00792,test,test,test_nested
test_00877,test_00877,test_00877,test,test,test_nested
test_02142,test_02142,test_02142,test,test,test_nested
test_00681,test_00681,test_00681,test,test,test_nested
test_00059,test_00059,test_00059,test,test,test_nested
test_00835,test_00835,test_00835,test,test,test_nested
test_02414,test_02414,test_02414,test,test,test_nested
test_00471,test_00471,test_00471,test,test,test_nested
test_01836,test_01836,test_01836,test,test,test_nested
test_02122,test_02122,test_02122,test,test,test_nested
test_01476,test_01476,test_01476,test,test,test_nested
test_00764,test_00764,test_00764,test,test,test_nested
test_02410,test_02410,test_02410,test,test,test_nested
test_00237,test_00237,test_00237,test,test,test_nested
test_00656,test_00656,test_00656,test,test,test_nested
test_02494,test_02494,test_02494,test,test,test_nested
test_01622,test_01622,test_01622,test,test,test_nested
test_01911,test_01911,test_01911,test,test,test_nested
test_01170,test_01170,test_01170,test,test,test_nested
test_00239,test_00239,test_00239,test,test,test_nested
test_01319,test_01319,test_01319,test,test,test_nested
test_01949,test_01949,test_01949,test,test,test_nested
test_00289,test_00289,test_00289,test,test,test_nested
test_01094,test_01094,test_01094,test,test,test_nested
test_01070,test_01070,test_01070,test,test,test_nested
test_01771,test_01771,test_01771,test,test,test_nested
test_00375,test_00375,test_00375,test,test,test_nested
test_02438,test_02438,test_02438,test,test,test_nested
test_01542,test_01542,test_01542,test,test,test_nested
test_02105,test_02105,test_02105,test,test,test_nested
test_02173,test_02173,test_02173,test,test,test_nested
test_00091,test_00091,test_00091,test,test,test_nested
test_01617,test_01617,test_01617,test,test,test_nested
test_00812,test_00812,test_00812,test,test,test_nested
test_01877,test_01877,test_01877,test,test,test_nested
test_02415,test_02415,test_02415,test,test,test_nested
test_02172,test_02172,test_02172,test,test,test_nested
test_00807,test_00807,test_00807,test,test,test_nested
test_02235,test_02235,test_02235,test,test,test_nested
test_01146,test_01146,test_01146,test,test,test_nested
test_01327,test_01327,test_01327,test,test,test_nested
test_00424,test_00424,test_00424,test,test,test_nested
test_00339,test_00339,test_00339,test,test,test_nested
test_00312,test_00312,test_00312,test,test,test_nested
test_02371,test_02371,test_02371,test,test,test_nested
test_02165,test_02165,test_02165,test,test,test_nested
test_00607,test_00607,test_00607,test,test,test_nested
test_01017,test_01017,test_01017,test,test,test_nested
test_01925,test_01925,test_01925,test,test,test_nested
test_01509,test_01509,test_01509,test,test,test_nested
test_02406,test_02406,test_02406,test,test,test_nested
test_02309,test_02309,test_02309,test,test,test_nested
test_02156,test_02156,test_02156,test,test,test_nested
test_01632,test_01632,test_01632,test,test,test_nested
test_02098,test_02098,test_02098,test,test,test_nested
test_00129,test_00129,test_00129,test,test,test_nested
test_00005,test_00005,test_00005,test,test,test_nested
test_01479,test_01479,test_01479,test,test,test_nested
test_00273,test_00273,test_00273,test,test,test_nested
test_01202,test_01202,test_01202,test,test,test_nested
test_00188,test_00188,test_00188,test,test,test_nested
test_01779,test_01779,test_01779,test,test,test_nested
test_02104,test_02104,test_02104,test,test,test_nested
test_01573,test_01573,test_01573,test,test,test_nested
test_00153,test_00153,test_00153,test,test,test_nested
test_01714,test_01714,test_01714,test,test,test_nested
test_00685,test_00685,test_00685,test,test,test_nested
test_01517,test_01517,test_01517,test,test,test_nested
test_00396,test_00396,test_00396,test,test,test_nested
test_00509,test_00509,test_00509,test,test,test_nested
test_01519,test_01519,test_01519,test,test,test_nested
test_00611,test_00611,test_00611,test,test,test_nested
test_01434,test_01434,test_01434,test,test,test_nested
test_00157,test_00157,test_00157,test,test,test_nested
test_02202,test_02202,test_02202,test,test,test_nested
test_00873,test_00873,test_00873,test,test,test_nested
test_00704,test_00704,test_00704,test,test,test_nested
test_01147,test_01147,test_01147,test,test,test_nested
test_02375,test_02375,test_02375,test,test,test_nested
test_01663,test_01663,test_01663,test,test,test_nested
test_00342,test_00342,test_00342,test,test,test_nested
test_00902,test_00902,test_00902,test,test,test_nested
test_02493,test_02493,test_02493,test,test,test_nested
test_01886,test_01886,test_01886,test,test,test_nested
test_01099,test_01099,test_01099,test,test,test_nested
test_02282,test_02282,test_02282,test,test,test_nested
test_01402,test_01402,test_01402,test,test,test_nested
test_01996,test_01996,test_01996,test,test,test_nested
test_02185,test_02185,test_02185,test,test,test_nested
test_01693,test_01693,test_01693,test,test,test_nested
test_01270,test_01270,test_01270,test,test,test_nested
test_02039,test_02039,test_02039,test,test,test_nested
test_00925,test_00925,test_00925,test,test,test_nested
test_02048,test_02048,test_02048,test,test,test_nested
test_00427,test_00427,test_00427,test,test,test_nested
test_00227,test_00227,test_00227,test,test,test_nested
test_00978,test_00978,test_00978,test,test,test_nested
test_01735,test_01735,test_01735,test,test,test_nested
test_02252,test_02252,test_02252,test,test,test_nested
test_01977,test_01977,test_01977,test,test,test_nested
test_01053,test_01053,test_01053,test,test,test_nested
test_01801,test_01801,test_01801,test,test,test_nested
test_01803,test_01803,test_01803,test,test,test_nested
test_01230,test_01230,test_01230,test,test,test_nested
test_00582,test_00582,test_00582,test,test,test_nested
test_02190,test_02190,test_02190,test,test,test_nested
test_00662,test_00662,test_00662,test,test,test_nested
test_01566,test_01566,test_01566,test,test,test_nested
test_01941,test_01941,test_01941,test,test,test_nested
test_02006,test_02006,test_02006,test,test,test_nested
test_00975,test_00975,test_00975,test,test,test_nested
test_02374,test_02374,test_02374,test,test,test_nested
test_00585,test_00585,test_00585,test,test,test_nested
test_00789,test_00789,test_00789,test,test,test_nested
test_01031,test_01031,test_01031,test,test,test_nested
test_00996,test_00996,test_00996,test,test,test_nested
test_00737,test_00737,test_00737,test,test,test_nested
test_02196,test_02196,test_02196,test,test,test_nested
test_02357,test_02357,test_02357,test,test,test_nested
test_02005,test_02005,test_02005,test,test,test_nested
test_01111,test_01111,test_01111,test,test,test_nested
test_01578,test_01578,test_01578,test,test,test_nested
test_01215,test_01215,test_01215,test,test,test_nested
test_00389,test_00389,test_00389,test,test,test_nested
test_01354,test_01354,test_01354,test,test,test_nested
test_02336,test_02336,test_02336,test,test,test_nested
test_02294,test_02294,test_02294,test,test,test_nested
test_00593,test_00593,test_00593,test,test,test_nested
test_01990,test_01990,test_01990,test,test,test_nested
test_00027,test_00027,test_00027,test,test,test_nested
test_00575,test_00575,test_00575,test,test,test_nested
test_00460,test_00460,test_00460,test,test,test_nested
test_01926,test_01926,test_01926,test,test,test_nested
test_00477,test_00477,test_00477,test,test,test_nested
test_01156,test_01156,test_01156,test,test,test_nested
test_00340,test_00340,test_00340,test,test,test_nested
test_01810,test_01810,test_01810,test,test,test_nested
test_02418,test_02418,test_02418,test,test,test_nested
test_00562,test_00562,test_00562,test,test,test_nested
test_01059,test_01059,test_01059,test,test,test_nested
test_02179,test_02179,test_02179,test,test,test_nested
test_00397,test_00397,test_00397,test,test,test_nested
test_02495,test_02495,test_02495,test,test,test_nested
test_00392,test_00392,test_00392,test,test,test_nested
test_02330,test_02330,test_02330,test,test,test_nested
test_00346,test_00346,test_00346,test,test,test_nested
test_00003,test_00003,test_00003,test,test,test_nested
test_01136,test_01136,test_01136,test,test,test_nested
test_00280,test_00280,test_00280,test,test,test_nested
test_00441,test_00441,test_00441,test,test,test_nested
test_02112,test_02112,test_02112,test,test,test_nested
test_00569,test_00569,test_00569,test,test,test_nested
test_01220,test_01220,test_01220,test,test,test_nested
test_01597,test_01597,test_01597,test,test,test_nested
test_02021,test_02021,test_02021,test,test,test_nested
test_00832,test_00832,test_00832,test,test,test_nested
test_01317,test_01317,test_01317,test,test,test_nested
test_00612,test_00612,test_00612,test,test,test_nested
test_01616,test_01616,test_01616,test,test,test_nested
test_01792,test_01792,test_01792,test,test,test_nested
test_00347,test_00347,test_00347,test,test,test_nested
test_00931,test_00931,test_00931,test,test,test_nested
test_00679,test_00679,test_00679,test,test,test_nested
test_02208,test_02208,test_02208,test,test,test_nested
test_02119,test_02119,test_02119,test,test,test_nested
test_00803,test_00803,test_00803,test,test,test_nested
test_01512,test_01512,test_01512,test,test,test_nested
test_00013,test_00013,test_00013,test,test,test_nested
test_01382,test_01382,test_01382,test,test,test_nested
test_00524,test_00524,test_00524,test,test,test_nested
test_00166,test_00166,test_00166,test,test,test_nested
test_01374,test_01374,test_01374,test,test,test_nested
test_01346,test_01346,test_01346,test,test,test_nested
test_00454,test_00454,test_00454,test,test,test_nested
test_00673,test_00673,test_00673,test,test,test_nested
test_00434,test_00434,test_00434,test,test,test_nested
test_01393,test_01393,test_01393,test,test,test_nested
test_01347,test_01347,test_01347,test,test,test_nested
test_00036,test_00036,test_00036,test,test,test_nested
test_00608,test_00608,test_00608,test,test,test_nested
test_01766,test_01766,test_01766,test,test,test_nested
test_01932,test_01932,test_01932,test,test,test_nested
test_00721,test_00721,test_00721,test,test,test_nested
test_01093,test_01093,test_01093,test,test,test_nested
test_01965,test_01965,test_01965,test,test,test_nested
test_00765,test_00765,test_00765,test,test,test_nested
test_02114,test_02114,test_02114,test,test,test_nested
test_01408,test_01408,test_01408,test,test,test_nested
test_01537,test_01537,test_01537,test,test,test_nested
test_01082,test_01082,test_01082,test,test,test_nested
test_00356,test_00356,test_00356,test,test,test_nested
test_00498,test_00498,test_00498,test,test,test_nested
test_00362,test_00362,test_00362,test,test,test_nested
test_02417,test_02417,test_02417,test,test,test_nested
test_01439,test_01439,test_01439,test,test,test_nested
test_00420,test_00420,test_00420,test,test,test_nested
test_00433,test_00433,test_00433,test,test,test_nested
test_00915,test_00915,test_00915,test,test,test_nested
test_00384,test_00384,test_00384,test,test,test_nested
test_01838,test_01838,test_01838,test,test,test_nested
test_02140,test_02140,test_02140,test,test,test_nested
test_00367,test_00367,test_00367,test,test,test_nested
test_00141,test_00141,test_00141,test,test,test_nested
test_00231,test_00231,test_00231,test,test,test_nested
test_01720,test_01720,test_01720,test,test,test_nested
test_01103,test_01103,test_01103,test,test,test_nested
test_00802,test_00802,test_00802,test,test,test_nested
test_00771,test_00771,test_00771,test,test,test_nested
test_01175,test_01175,test_01175,test,test,test_nested
test_02390,test_02390,test_02390,test,test,test_nested
test_00716,test_00716,test_00716,test,test,test_nested
test_00708,test_00708,test_00708,test,test,test_nested
test_00658,test_00658,test_00658,test,test,test_nested
test_01322,test_01322,test_01322,test,test,test_nested
test_01014,test_01014,test_01014,test,test,test_nested
test_01785,test_01785,test_01785,test,test,test_nested
test_00069,test_00069,test_00069,test,test,test_nested
test_00823,test_00823,test_00823,test,test,test_nested
test_02353,test_02353,test_02353,test,test,test_nested
test_00124,test_00124,test_00124,test,test,test_nested
test_01289,test_01289,test_01289,test,test,test_nested
test_01763,test_01763,test_01763,test,test,test_nested
test_02397,test_02397,test_02397,test,test,test_nested
test_02486,test_02486,test_02486,test,test,test_nested
test_02479,test_02479,test_02479,test,test,test_nested
test_00671,test_00671,test_00671,test,test,test_nested
test_01234,test_01234,test_01234,test,test,test_nested
test_01730,test_01730,test_01730,test,test,test_nested
test_00953,test_00953,test_00953,test,test,test_nested
test_00075,test_00075,test_00075,test,test,test_nested
test_00307,test_00307,test_00307,test,test,test_nested
test_01398,test_01398,test_01398,test,test,test_nested
test_01672,test_01672,test_01672,test,test,test_nested
test_01580,test_01580,test_01580,test,test,test_nested
test_01579,test_01579,test_01579,test,test,test_nested
test_00496,test_00496,test_00496,test,test,test_nested
test_02311,test_02311,test_02311,test,test,test_nested
test_00308,test_00308,test_00308,test,test,test_nested
test_01250,test_01250,test_01250,test,test,test_nested
test_01305,test_01305,test_01305,test,test,test_nested
test_01993,test_01993,test_01993,test,test,test_nested
test_00645,test_00645,test_00645,test,test,test_nested
test_01396,test_01396,test_01396,test,test,test_nested
test_00455,test_00455,test_00455,test,test,test_nested
test_01955,test_01955,test_01955,test,test,test_nested
test_02046,test_02046,test_02046,test,test,test_nested
test_01430,test_01430,test_01430,test,test,test_nested
test_01609,test_01609,test_01609,test,test,test_nested
test_01200,test_01200,test_01200,test,test,test_nested
test_00534,test_00534,test_00534,test,test,test_nested
test_02107,test_02107,test_02107,test,test,test_nested
test_02267,test_02267,test_02267,test,test,test_nested
test_02132,test_02132,test_02132,test,test,test_nested
test_00616,test_00616,test_00616,test,test,test_nested
test_00331,test_00331,test_00331,test,test,test_nested
test_00635,test_00635,test_00635,test,test,test_nested
test_02007,test_02007,test_02007,test,test,test_nested
test_00090,test_00090,test_00090,test,test,test_nested
test_00213,test_00213,test_00213,test,test,test_nested
test_01140,test_01140,test_01140,test,test,test_nested
test_00240,test_00240,test_00240,test,test,test_nested
test_00811,test_00811,test_00811,test,test,test_nested
test_00022,test_00022,test_00022,test,test,test_nested
test_00560,test_00560,test_00560,test,test,test_nested
test_00740,test_00740,test_00740,test,test,test_nested
test_00202,test_00202,test_00202,test,test,test_nested
test_01691,test_01691,test_01691,test,test,test_nested
test_01644,test_01644,test_01644,test,test,test_nested
test_00087,test_00087,test_00087,test,test,test_nested
test_00637,test_00637,test_00637,test,test,test_nested
test_00469,test_00469,test_00469,test,test,test_nested
test_02067,test_02067,test_02067,test,test,test_nested
test_01931,test_01931,test_01931,test,test,test_nested
test_00366,test_00366,test_00366,test,test,test_nested
test_01353,test_01353,test_01353,test,test,test_nested
test_01558,test_01558,test_01558,test,test,test_nested
test_01144,test_01144,test_01144,test,test,test_nested
test_02291,test_02291,test_02291,test,test,test_nested
test_00066,test_00066,test_00066,test,test,test_nested
test_02244,test_02244,test_02244,test,test,test_nested
test_00897,test_00897,test_00897,test,test,test_nested
test_01626,test_01626,test_01626,test,test,test_nested
test_01022,test_01022,test_01022,test,test,test_nested
test_02300,test_02300,test_02300,test,test,test_nested
test_01104,test_01104,test_01104,test,test,test_nested
test_01890,test_01890,test_01890,test,test,test_nested
test_01212,test_01212,test_01212,test,test,test_nested
test_02430,test_02430,test_02430,test,test,test_nested
test_02256,test_02256,test_02256,test,test,test_nested
test_00315,test_00315,test_00315,test,test,test_nested
test_02154,test_02154,test_02154,test,test,test_nested
test_00626,test_00626,test_00626,test,test,test_nested
test_00552,test_00552,test_00552,test,test,test_nested
test_00933,test_00933,test_00933,test,test,test_nested
test_00259,test_00259,test_00259,test,test,test_nested
test_00196,test_00196,test_00196,test,test,test_nested
test_02253,test_02253,test_02253,test,test,test_nested
test_00939,test_00939,test_00939,test,test,test_nested
test_02062,test_02062,test_02062,test,test,test_nested
test_00244,test_00244,test_00244,test,test,test_nested
test_02043,test_02043,test_02043,test,test,test_nested
test_01098,test_01098,test_01098,test,test,test_nested
test_02381,test_02381,test_02381,test,test,test_nested
test_02175,test_02175,test_02175,test,test,test_nested
test_01442,test_01442,test_01442,test,test,test_nested
test_01968,test_01968,test_01968,test,test,test_nested
test_02167,test_02167,test_02167,test,test,test_nested
test_01149,test_01149,test_01149,test,test,test_nested
test_01242,test_01242,test_01242,test,test,test_nested
test_02346,test_02346,test_02346,test,test,test_nested
test_02052,test_02052,test_02052,test,test,test_nested
test_00354,test_00354,test_00354,test,test,test_nested
test_00048,test_00048,test_00048,test,test,test_nested
test_02101,test_02101,test_02101,test,test,test_nested
test_00639,test_00639,test_00639,test,test,test_nested
test_01073,test_01073,test_01073,test,test,test_nested
test_01369,test_01369,test_01369,test,test,test_nested
test_02222,test_02222,test_02222,test,test,test_nested
test_00421,test_00421,test_00421,test,test,test_nested
test_00937,test_00937,test_00937,test,test,test_nested
test_00653,test_00653,test_00653,test,test,test_nested
test_01605,test_01605,test_01605,test,test,test_nested
test_01364,test_01364,test_01364,test,test,test_nested
test_01903,test_01903,test_01903,test,test,test_nested
test_00390,test_00390,test_00390,test,test,test_nested
test_02270,test_02270,test_02270,test,test,test_nested
test_00819,test_00819,test_00819,test,test,test_nested
test_00889,test_00889,test_00889,test,test,test_nested
test_00808,test_00808,test_00808,test,test,test_nested
test_02204,test_02204,test_02204,test,test,test_nested
test_00478,test_00478,test_00478,test,test,test_nested
test_01618,test_01618,test_01618,test,test,test_nested
test_01844,test_01844,test_01844,test,test,test_nested
test_01186,test_01186,test_01186,test,test,test_nested
test_01026,test_01026,test_01026,test,test,test_nested
test_00249,test_00249,test_00249,test,test,test_nested
test_01142,test_01142,test_01142,test,test,test_nested
test_01420,test_01420,test_01420,test,test,test_nested
test_02426,test_02426,test_02426,test,test,test_nested
test_00437,test_00437,test_00437,test,test,test_nested
test_01719,test_01719,test_01719,test,test,test_nested
test_01478,test_01478,test_01478,test,test,test_nested
test_00115,test_00115,test_00115,test,test,test_nested
test_01387,test_01387,test_01387,test,test,test_nested
test_00689,test_00689,test_00689,test,test,test_nested
test_00884,test_00884,test_00884,test,test,test_nested
test_02437,test_02437,test_02437,test,test,test_nested
test_01830,test_01830,test_01830,test,test,test_nested
test_01427,test_01427,test_01427,test,test,test_nested
test_00047,test_00047,test_00047,test,test,test_nested
test_00801,test_00801,test_00801,test,test,test_nested
test_02428,test_02428,test_02428,test,test,test_nested
test_02379,test_02379,test_02379,test,test,test_nested
test_00359,test_00359,test_00359,test,test,test_nested
test_01709,test_01709,test_01709,test,test,test_nested
test_01109,test_01109,test_01109,test,test,test_nested
test_01724,test_01724,test_01724,test,test,test_nested
test_01973,test_01973,test_01973,test,test,test_nested
test_00638,test_00638,test_00638,test,test,test_nested
test_02134,test_02134,test_02134,test,test,test_nested
test_02127,test_02127,test_02127,test,test,test_nested
test_00172,test_00172,test_00172,test,test,test_nested
test_01216,test_01216,test_01216,test,test,test_nested
test_02087,test_02087,test_02087,test,test,test_nested
test_01307,test_01307,test_01307,test,test,test_nested
test_01078,test_01078,test_01078,test,test,test_nested
test_01464,test_01464,test_01464,test,test,test_nested
test_01619,test_01619,test_01619,test,test,test_nested
test_02341,test_02341,test_02341,test,test,test_nested
test_01506,test_01506,test_01506,test,test,test_nested
test_01366,test_01366,test_01366,test,test,test_nested
test_00715,test_00715,test_00715,test,test,test_nested
test_00306,test_00306,test_00306,test,test,test_nested
test_00241,test_00241,test_00241,test,test,test_nested
test_02308,test_02308,test_02308,test,test,test_nested
test_00601,test_00601,test_00601,test,test,test_nested
test_00887,test_00887,test_00887,test,test,test_nested
test_01311,test_01311,test_01311,test,test,test_nested
test_00002,test_00002,test_00002,test,test,test_nested
test_01167,test_01167,test_01167,test,test,test_nested
test_02459,test_02459,test_02459,test,test,test_nested
test_01187,test_01187,test_01187,test,test,test_nested
test_00541,test_00541,test_00541,test,test,test_nested
test_00182,test_00182,test_00182,test,test,test_nested
test_02326,test_02326,test_02326,test,test,test_nested
test_02469,test_02469,test_02469,test,test,test_nested
test_00973,test_00973,test_00973,test,test,test_nested
test_00327,test_00327,test_00327,test,test,test_nested
test_02435,test_02435,test_02435,test,test,test_nested
test_00226,test_00226,test_00226,test,test,test_nested
test_00448,test_00448,test_00448,test,test,test_nested
test_02445,test_02445,test_02445,test,test,test_nested
test_01610,test_01610,test_01610,test,test,test_nested
test_01554,test_01554,test_01554,test,test,test_nested
test_02451,test_02451,test_02451,test,test,test_nested
test_02028,test_02028,test_02028,test,test,test_nested
test_01072,test_01072,test_01072,test,test,test_nested
test_02388,test_02388,test_02388,test,test,test_nested
test_01654,test_01654,test_01654,test,test,test_nested
test_01582,test_01582,test_01582,test,test,test_nested
test_01907,test_01907,test_01907,test,test,test_nested
test_02292,test_02292,test_02292,test,test,test_nested
test_01686,test_01686,test_01686,test,test,test_nested
test_00777,test_00777,test_00777,test,test,test_nested
test_00408,test_00408,test_00408,test,test,test_nested
test_02449,test_02449,test_02449,test,test,test_nested
test_02351,test_02351,test_02351,test,test,test_nested
test_02191,test_02191,test_02191,test,test,test_nested
test_01741,test_01741,test_01741,test,test,test_nested
test_02187,test_02187,test_02187,test,test,test_nested
test_01975,test_01975,test_01975,test,test,test_nested
test_01627,test_01627,test_01627,test,test,test_nested
test_01821,test_01821,test_01821,test,test,test_nested
test_00329,test_00329,test_00329,test,test,test_nested
test_00137,test_00137,test_00137,test,test,test_nested
test_01764,test_01764,test_01764,test,test,test_nested
test_01528,test_01528,test_01528,test,test,test_nested
test_00413,test_00413,test_00413,test,test,test_nested
test_00305,test_00305,test_00305,test,test,test_nested
test_02485,test_02485,test_02485,test,test,test_nested
test_01822,test_01822,test_01822,test,test,test_nested
test_01874,test_01874,test_01874,test,test,test_nested
test_00365,test_00365,test_00365,test,test,test_nested
test_00029,test_00029,test_00029,test,test,test_nested
test_01674,test_01674,test_01674,test,test,test_nested
test_02422,test_02422,test_02422,test,test,test_nested
test_00967,test_00967,test_00967,test,test,test_nested
test_01363,test_01363,test_01363,test,test,test_nested
test_00875,test_00875,test_00875,test,test,test_nested
test_01474,test_01474,test_01474,test,test,test_nested
test_00098,test_00098,test_00098,test,test,test_nested
test_01260,test_01260,test_01260,test,test,test_nested
test_01248,test_01248,test_01248,test,test,test_nested
test_01562,test_01562,test_01562,test,test,test_nested
test_00842,test_00842,test_00842,test,test,test_nested
test_01789,test_01789,test_01789,test,test,test_nested
test_01524,test_01524,test_01524,test,test,test_nested
test_00767,test_00767,test_00767,test,test,test_nested
test_00914,test_00914,test_00914,test,test,test_nested
test_00050,test_00050,test_00050,test,test,test_nested
test_02014,test_02014,test_02014,test,test,test_nested
test_01888,test_01888,test_01888,test,test,test_nested
test_02247,test_02247,test_02247,test,test,test_nested
test_01262,test_01262,test_01262,test,test,test_nested
test_00127,test_00127,test_00127,test,test,test_nested
test_02350,test_02350,test_02350,test,test,test_nested
test_00494,test_00494,test_00494,test,test,test_nested
test_02448,test_02448,test_02448,test,test,test_nested
test_00045,test_00045,test_00045,test,test,test_nested
test_00530,test_00530,test_00530,test,test,test_nested
test_00997,test_00997,test_00997,test,test,test_nested
test_01008,test_01008,test_01008,test,test,test_nested
test_01295,test_01295,test_01295,test,test,test_nested
test_00780,test_00780,test_00780,test,test,test_nested
test_01386,test_01386,test_01386,test,test,test_nested
test_01378,test_01378,test_01378,test,test,test_nested
test_00838,test_00838,test_00838,test,test,test_nested
test_01607,test_01607,test_01607,test,test,test_nested
test_00343,test_00343,test_00343,test,test,test_nested
test_00485,test_00485,test_00485,test,test,test_nested
test_01970,test_01970,test_01970,test,test,test_nested
test_02003,test_02003,test_02003,test,test,test_nested
test_01079,test_01079,test_01079,test,test,test_nested
test_01005,test_01005,test_01005,test,test,test_nested
test_01100,test_01100,test_01100,test,test,test_nested
test_00426,test_00426,test_00426,test,test,test_nested
test_00074,test_00074,test_00074,test,test,test_nested
test_02218,test_02218,test_02218,test,test,test_nested
test_01539,test_01539,test_01539,test,test,test_nested
test_01640,test_01640,test_01640,test,test,test_nested
test_00870,test_00870,test_00870,test,test,test_nested
test_02477,test_02477,test_02477,test,test,test_nested
test_01425,test_01425,test_01425,test,test,test_nested
test_00531,test_00531,test_00531,test,test,test_nested
test_01133,test_01133,test_01133,test,test,test_nested
test_01134,test_01134,test_01134,test,test,test_nested
test_00550,test_00550,test_00550,test,test,test_nested
test_00452,test_00452,test_00452,test,test,test_nested
test_00883,test_00883,test_00883,test,test,test_nested
test_01681,test_01681,test_01681,test,test,test_nested
test_00977,test_00977,test_00977,test,test,test_nested
test_00479,test_00479,test_00479,test,test,test_nested
test_00151,test_00151,test_00151,test,test,test_nested
test_01417,test_01417,test_01417,test,test,test_nested
test_00962,test_00962,test_00962,test,test,test_nested
test_00205,test_00205,test_00205,test,test,test_nested
test_01557,test_01557,test_01557,test,test,test_nested
test_01217,test_01217,test_01217,test,test,test_nested
test_01040,test_01040,test_01040,test,test,test_nested
test_01603,test_01603,test_01603,test,test,test_nested
test_01267,test_01267,test_01267,test,test,test_nested
test_00179,test_00179,test_00179,test,test,test_nested
test_02283,test_02283,test_02283,test,test,test_nested
test_02442,test_02442,test_02442,test,test,test_nested
test_00489,test_00489,test_00489,test,test,test_nested
test_02045,test_02045,test_02045,test,test,test_nested
test_01511,test_01511,test_01511,test,test,test_nested
test_00519,test_00519,test_00519,test,test,test_nested
test_02023,test_02023,test_02023,test,test,test_nested
test_00539,test_00539,test_00539,test,test,test_nested
test_02219,test_02219,test_02219,test,test,test_nested
test_02461,test_02461,test_02461,test,test,test_nested
test_02394,test_02394,test_02394,test,test,test_nested
test_02471,test_02471,test_02471,test,test,test_nested
test_01160,test_01160,test_01160,test,test,test_nested
test_01213,test_01213,test_01213,test,test,test_nested
test_00710,test_00710,test_00710,test,test,test_nested
test_02209,test_02209,test_02209,test,test,test_nested
test_01641,test_01641,test_01641,test,test,test_nested
test_01123,test_01123,test_01123,test,test,test_nested
test_00187,test_00187,test_00187,test,test,test_nested
test_01373,test_01373,test_01373,test,test,test_nested
test_00228,test_00228,test_00228,test,test,test_nested
test_01280,test_01280,test_01280,test,test,test_nested
test_02071,test_02071,test_02071,test,test,test_nested
test_01241,test_01241,test_01241,test,test,test_nested
test_01879,test_01879,test_01879,test,test,test_nested
test_00081,test_00081,test_00081,test,test,test_nested
test_01446,test_01446,test_01446,test,test,test_nested
test_00831,test_00831,test_00831,test,test,test_nested
test_01041,test_01041,test_01041,test,test,test_nested
test_02160,test_02160,test_02160,test,test,test_nested
test_01856,test_01856,test_01856,test,test,test_nested
test_01913,test_01913,test_01913,test,test,test_nested
test_01615,test_01615,test_01615,test,test,test_nested
test_01117,test_01117,test_01117,test,test,test_nested
test_01754,test_01754,test_01754,test,test,test_nested
test_02335,test_02335,test_02335,test,test,test_nested
test_00599,test_00599,test_00599,test,test,test_nested
test_00338,test_00338,test_00338,test,test,test_nested
test_01129,test_01129,test_01129,test,test,test_nested
test_00284,test_00284,test_00284,test,test,test_nested
test_01828,test_01828,test_01828,test,test,test_nested
test_01872,test_01872,test_01872,test,test,test_nested
test_02312,test_02312,test_02312,test,test,test_nested
test_02318,test_02318,test_02318,test,test,test_nested
test_01588,test_01588,test_01588,test,test,test_nested
test_00829,test_00829,test_00829,test,test,test_nested
test_00874,test_00874,test_00874,test,test,test_nested
test_02383,test_02383,test_02383,test,test,test_nested
test_01306,test_01306,test_01306,test,test,test_nested
test_00609,test_00609,test_00609,test,test,test_nested
test_00349,test_00349,test_00349,test,test,test_nested
test_01330,test_01330,test_01330,test,test,test_nested
test_02130,test_02130,test_02130,test,test,test_nested
test_00449,test_00449,test_00449,test,test,test_nested
test_00332,test_00332,test_00332,test,test,test_nested
test_02054,test_02054,test_02054,test,test,test_nested
test_01490,test_01490,test_01490,test,test,test_nested
test_00523,test_00523,test_00523,test,test,test_nested
test_02425,test_02425,test_02425,test,test,test_nested
test_00545,test_00545,test_00545,test,test,test_nested
test_01375,test_01375,test_01375,test,test,test_nested
test_00358,test_00358,test_00358,test,test,test_nested
test_01399,test_01399,test_01399,test,test,test_nested
test_01826,test_01826,test_01826,test,test,test_nested
test_02293,test_02293,test_02293,test,test,test_nested
test_01359,test_01359,test_01359,test,test,test_nested
test_01377,test_01377,test_01377,test,test,test_nested
test_01018,test_01018,test_01018,test,test,test_nested
test_02317,test_02317,test_02317,test,test,test_nested
test_02481,test_02481,test_02481,test,test,test_nested
test_01781,test_01781,test_01781,test,test,test_nested
test_01982,test_01982,test_01982,test,test,test_nested
test_01846,test_01846,test_01846,test,test,test_nested
test_00916,test_00916,test_00916,test,test,test_nested
test_00136,test_00136,test_00136,test,test,test_nested
test_01914,test_01914,test_01914,test,test,test_nested
test_00285,test_00285,test_00285,test,test,test_nested
test_00035,test_00035,test_00035,test,test,test_nested
test_01256,test_01256,test_01256,test,test,test_nested
test_02337,test_02337,test_02337,test,test,test_nested
test_01448,test_01448,test_01448,test,test,test_nested
test_01339,test_01339,test_01339,test,test,test_nested
test_02138,test_02138,test_02138,test,test,test_nested
test_02299,test_02299,test_02299,test,test,test_nested
test_01722,test_01722,test_01722,test,test,test_nested
test_00410,test_00410,test_00410,test,test,test_nested
test_00012,test_00012,test_00012,test,test,test_nested
test_00370,test_00370,test_00370,test,test,test_nested
test_00297,test_00297,test_00297,test,test,test_nested
test_00755,test_00755,test_00755,test,test,test_nested
test_01036,test_01036,test_01036,test,test,test_nested
test_00796,test_00796,test_00796,test,test,test_nested
test_01304,test_01304,test_01304,test,test,test_nested
test_00546,test_00546,test_00546,test,test,test_nested
test_01112,test_01112,test_01112,test,test,test_nested
test_02313,test_02313,test_02313,test,test,test_nested
test_01132,test_01132,test_01132,test,test,test_nested
test_00299,test_00299,test_00299,test,test,test_nested
test_00517,test_00517,test_00517,test,test,test_nested
test_00714,test_00714,test_00714,test,test,test_nested
test_02080,test_02080,test_02080,test,test,test_nested
test_01533,test_01533,test_01533,test,test,test_nested
test_02184,test_02184,test_02184,test,test,test_nested
test_00293,test_00293,test_00293,test,test,test_nested
test_01074,test_01074,test_01074,test,test,test_nested
test_00596,test_00596,test_00596,test,test,test_nested
test_00632,test_00632,test_00632,test,test,test_nested
test_00843,test_00843,test_00843,test,test,test_nested
test_02008,test_02008,test_02008,test,test,test_nested
test_01531,test_01531,test_01531,test,test,test_nested
test_02250,test_02250,test_02250,test,test,test_nested
test_01032,test_01032,test_01032,test,test,test_nested
test_00559,test_00559,test_00559,test,test,test_nested
test_00135,test_00135,test_00135,test,test,test_nested
test_00252,test_00252,test_00252,test,test,test_nested
test_01953,test_01953,test_01953,test,test,test_nested
test_01096,test_01096,test_01096,test,test,test_nested
test_01823,test_01823,test_01823,test,test,test_nested
test_00423,test_00423,test_00423,test,test,test_nested
test_01288,test_01288,test_01288,test,test,test_nested
test_00167,test_00167,test_00167,test,test,test_nested
test_00140,test_00140,test_00140,test,test,test_nested
test_00468,test_00468,test_00468,test,test,test_nested
test_01150,test_01150,test_01150,test,test,test_nested
test_00106,test_00106,test_00106,test,test,test_nested
test_02277,test_02277,test_02277,test,test,test_nested
test_02490,test_02490,test_02490,test,test,test_nested
test_01567,test_01567,test_01567,test,test,test_nested
test_01198,test_01198,test_01198,test,test,test_nested
test_01232,test_01232,test_01232,test,test,test_nested
test_01747,test_01747,test_01747,test,test,test_nested
test_01734,test_01734,test_01734,test,test,test_nested
test_02212,test_02212,test_02212,test,test,test_nested
test_02201,test_02201,test_02201,test,test,test_nested
test_00949,test_00949,test_00949,test,test,test_nested
test_00652,test_00652,test_00652,test,test,test_nested
test_00723,test_00723,test_00723,test,test,test_nested
test_01183,test_01183,test_01183,test,test,test_nested
test_01426,test_01426,test_01426,test,test,test_nested
test_01340,test_01340,test_01340,test,test,test_nested
test_00666,test_00666,test_00666,test,test,test_nested
test_01336,test_01336,test_01336,test,test,test_nested
test_01532,test_01532,test_01532,test,test,test_nested
test_02223,test_02223,test_02223,test,test,test_nested
test_02271,test_02271,test_02271,test,test,test_nested
test_02221,test_02221,test_02221,test,test,test_nested
test_01900,test_01900,test_01900,test,test,test_nested
test_01697,test_01697,test_01697,test,test,test_nested
test_01576,test_01576,test_01576,test,test,test_nested
test_00294,test_00294,test_00294,test,test,test_nested
test_02192,test_02192,test_02192,test,test,test_nested
test_01488,test_01488,test_01488,test,test,test_nested
test_00028,test_00028,test_00028,test,test,test_nested
test_02231,test_02231,test_02231,test,test,test_nested
test_02474,test_02474,test_02474,test,test,test_nested
test_01450,test_01450,test_01450,test,test,test_nested
test_01194,test_01194,test_01194,test,test,test_nested
test_01226,test_01226,test_01226,test,test,test_nested
test_00919,test_00919,test_00919,test,test,test_nested
test_00200,test_00200,test_00200,test,test,test_nested
test_01350,test_01350,test_01350,test,test,test_nested
test_02424,test_02424,test_02424,test,test,test_nested
test_00960,test_00960,test_00960,test,test,test_nested
test_00456,test_00456,test_00456,test,test,test_nested
test_01939,test_01939,test_01939,test,test,test_nested
test_01804,test_01804,test_01804,test,test,test_nested
test_00604,test_00604,test_00604,test,test,test_nested
test_00318,test_00318,test_00318,test,test,test_nested
test_00729,test_00729,test_00729,test,test,test_nested
test_01300,test_01300,test_01300,test,test,test_nested
test_00383,test_00383,test_00383,test,test,test_nested
test_01777,test_01777,test_01777,test,test,test_nested
test_01656,test_01656,test_01656,test,test,test_nested
test_02030,test_02030,test_02030,test,test,test_nested
test_00393,test_00393,test_00393,test,test,test_nested
test_01312,test_01312,test_01312,test,test,test_nested
test_01119,test_01119,test_01119,test,test,test_nested
test_02147,test_02147,test_02147,test,test,test_nested
test_01227,test_01227,test_01227,test,test,test_nested
test_02447,test_02447,test_02447,test,test,test_nested
test_00847,test_00847,test_00847,test,test,test_nested
test_00982,test_00982,test_00982,test,test,test_nested
test_01222,test_01222,test_01222,test,test,test_nested
test_01635,test_01635,test_01635,test,test,test_nested
test_02171,test_02171,test_02171,test,test,test_nested
test_00319,test_00319,test_00319,test,test,test_nested
test_01954,test_01954,test_01954,test,test,test_nested
test_01833,test_01833,test_01833,test,test,test_nested
test_01197,test_01197,test_01197,test,test,test_nested
test_02476,test_02476,test_02476,test,test,test_nested
test_01335,test_01335,test_01335,test,test,test_nested
test_01786,test_01786,test_01786,test,test,test_nested
test_01969,test_01969,test_01969,test,test,test_nested
test_01643,test_01643,test_01643,test,test,test_nested
test_00016,test_00016,test_00016,test,test,test_nested
test_02016,test_02016,test_02016,test,test,test_nested
test_01108,test_01108,test_01108,test,test,test_nested
test_00353,test_00353,test_00353,test,test,test_nested
test_01249,test_01249,test_01249,test,test,test_nested
test_00269,test_00269,test_00269,test,test,test_nested
test_01901,test_01901,test_01901,test,test,test_nested
test_01585,test_01585,test_01585,test,test,test_nested
test_01126,test_01126,test_01126,test,test,test_nested
test_01106,test_01106,test_01106,test,test,test_nested
test_02295,test_02295,test_02295,test,test,test_nested
test_02004,test_02004,test_02004,test,test,test_nested
test_00154,test_00154,test_00154,test,test,test_nested
test_01246,test_01246,test_01246,test,test,test_nested
test_01451,test_01451,test_01451,test,test,test_nested
test_02263,test_02263,test_02263,test,test,test_nested
test_02391,test_02391,test_02391,test,test,test_nested
test_02118,test_02118,test_02118,test,test,test_nested
test_00357,test_00357,test_00357,test,test,test_nested
test_00757,test_00757,test_00757,test,test,test_nested
test_01320,test_01320,test_01320,test,test,test_nested
test_00110,test_00110,test_00110,test,test,test_nested
test_00457,test_00457,test_00457,test,test,test_nested
test_00859,test_00859,test_00859,test,test,test_nested
test_01960,test_01960,test_01960,test,test,test_nested
test_00533,test_00533,test_00533,test,test,test_nested
test_01458,test_01458,test_01458,test,test,test_nested
test_02203,test_02203,test_02203,test,test,test_nested
test_01733,test_01733,test_01733,test,test,test_nested
test_01157,test_01157,test_01157,test,test,test_nested
test_00974,test_00974,test_00974,test,test,test_nested
test_00867,test_00867,test_00867,test,test,test_nested
test_00443,test_00443,test_00443,test,test,test_nested
test_01406,test_01406,test_01406,test,test,test_nested
test_02492,test_02492,test_02492,test,test,test_nested
test_02217,test_02217,test_02217,test,test,test_nested
test_00372,test_00372,test_00372,test,test,test_nested
test_00086,test_00086,test_00086,test,test,test_nested
test_02011,test_02011,test_02011,test,test,test_nested
test_01922,test_01922,test_01922,test,test,test_nested
test_02017,test_02017,test_02017,test,test,test_nested
test_00849,test_00849,test_00849,test,test,test_nested
test_01158,test_01158,test_01158,test,test,test_nested
test_00899,test_00899,test_00899,test,test,test_nested
test_00794,test_00794,test_00794,test,test,test_nested
test_00120,test_00120,test_00120,test,test,test_nested
test_02255,test_02255,test_02255,test,test,test_nested
test_01909,test_01909,test_01909,test,test,test_nested
test_00428,test_00428,test_00428,test,test,test_nested
test_02260,test_02260,test_02260,test,test,test_nested
test_01701,test_01701,test_01701,test,test,test_nested
test_00181,test_00181,test_00181,test,test,test_nested
test_01657,test_01657,test_01657,test,test,test_nested
test_02360,test_02360,test_02360,test,test,test_nested
test_00633,test_00633,test_00633,test,test,test_nested
test_00281,test_00281,test_00281,test,test,test_nested
test_02061,test_02061,test_02061,test,test,test_nested
test_01001,test_01001,test_01001,test,test,test_nested
test_02377,test_02377,test_02377,test,test,test_nested
test_01611,test_01611,test_01611,test,test,test_nested
test_00758,test_00758,test_00758,test,test,test_nested
test_01503,test_01503,test_01503,test,test,test_nested
test_00535,test_00535,test_00535,test,test,test_nested
test_00825,test_00825,test_00825,test,test,test_nested
test_00350,test_00350,test_00350,test,test,test_nested
test_00139,test_00139,test_00139,test,test,test_nested
test_02066,test_02066,test_02066,test,test,test_nested
test_01678,test_01678,test_01678,test,test,test_nested
test_00054,test_00054,test_00054,test,test,test_nested
test_02180,test_02180,test_02180,test,test,test_nested
test_00351,test_00351,test_00351,test,test,test_nested
test_00661,test_00661,test_00661,test,test,test_nested
test_01314,test_01314,test_01314,test,test,test_nested
test_00912,test_00912,test_00912,test,test,test_nested
test_01817,test_01817,test_01817,test,test,test_nested
test_01951,test_01951,test_01951,test,test,test_nested
test_02248,test_02248,test_02248,test,test,test_nested
test_00019,test_00019,test_00019,test,test,test_nested
test_00572,test_00572,test_00572,test,test,test_nested
test_00068,test_00068,test_00068,test,test,test_nested
test_00584,test_00584,test_00584,test,test,test_nested
test_01272,test_01272,test_01272,test,test,test_nested
test_01318,test_01318,test_01318,test,test,test_nested
test_01357,test_01357,test_01357,test,test,test_nested
test_01196,test_01196,test_01196,test,test,test_nested
test_02259,test_02259,test_02259,test,test,test_nested
test_01659,test_01659,test_01659,test,test,test_nested
test_00425,test_00425,test_00425,test,test,test_nested
test_02152,test_02152,test_02152,test,test,test_nested
test_02056,test_02056,test_02056,test,test,test_nested
test_01460,test_01460,test_01460,test,test,test_nested
test_01628,test_01628,test_01628,test,test,test_nested
test_02170,test_02170,test_02170,test,test,test_nested
test_00537,test_00537,test_00537,test,test,test_nested
test_01321,test_01321,test_01321,test,test,test_nested
test_01769,test_01769,test_01769,test,test,test_nested
test_00929,test_00929,test_00929,test,test,test_nested
test_00680,test_00680,test_00680,test,test,test_nested
test_01842,test_01842,test_01842,test,test,test_nested
test_01981,test_01981,test_01981,test,test,test_nested
test_00164,test_00164,test_00164,test,test,test_nested
test_01497,test_01497,test_01497,test,test,test_nested
test_00236,test_00236,test_00236,test,test,test_nested
test_01577,test_01577,test_01577,test,test,test_nested
test_02103,test_02103,test_02103,test,test,test_nested
test_01870,test_01870,test_01870,test,test,test_nested
test_00918,test_00918,test_00918,test,test,test_nested
test_00587,test_00587,test_00587,test,test,test_nested
test_01928,test_01928,test_01928,test,test,test_nested
test_01665,test_01665,test_01665,test,test,test_nested
test_02143,test_02143,test_02143,test,test,test_nested
test_00008,test_00008,test_00008,test,test,test_nested
test_01329,test_01329,test_01329,test,test,test_nested
test_01587,test_01587,test_01587,test,test,test_nested
test_02396,test_02396,test_02396,test,test,test_nested
test_00995,test_00995,test_00995,test,test,test_nested
test_00033,test_00033,test_00033,test,test,test_nested
test_01915,test_01915,test_01915,test,test,test_nested
test_01757,test_01757,test_01757,test,test,test_nested
test_00248,test_00248,test_00248,test,test,test_nested
test_01178,test_01178,test_01178,test,test,test_nested
test_01323,test_01323,test_01323,test,test,test_nested
test_01608,test_01608,test_01608,test,test,test_nested
test_01850,test_01850,test_01850,test,test,test_nested
test_00099,test_00099,test_00099,test,test,test_nested
test_00749,test_00749,test_00749,test,test,test_nested
test_01599,test_01599,test_01599,test,test,test_nested
test_02482,test_02482,test_02482,test,test,test_nested
test_01959,test_01959,test_01959,test,test,test_nested
test_00057,test_00057,test_00057,test,test,test_nested
test_02349,test_02349,test_02349,test,test,test_nested
test_01841,test_01841,test_01841,test,test,test_nested
test_00896,test_00896,test_00896,test,test,test_nested
test_00828,test_00828,test_00828,test,test,test_nested
test_00763,test_00763,test_00763,test,test,test_nested
test_01491,test_01491,test_01491,test,test,test_nested
test_01759,test_01759,test_01759,test,test,test_nested
test_00768,test_00768,test_00768,test,test,test_nested
test_00472,test_00472,test_00472,test,test,test_nested
test_01738,test_01738,test_01738,test,test,test_nested
test_00486,test_00486,test_00486,test,test,test_nested
test_01494,test_01494,test_01494,test,test,test_nested
test_00871,test_00871,test_00871,test,test,test_nested
test_00642,test_00642,test_00642,test,test,test_nested
test_01296,test_01296,test_01296,test,test,test_nested
test_01898,test_01898,test_01898,test,test,test_nested
test_00037,test_00037,test_00037,test,test,test_nested
test_01924,test_01924,test_01924,test,test,test_nested
test_00497,test_00497,test_00497,test,test,test_nested
test_02401,test_02401,test_02401,test,test,test_nested
test_00515,test_00515,test_00515,test,test,test_nested
test_01121,test_01121,test_01121,test,test,test_nested
test_01636,test_01636,test_01636,test,test,test_nested
test_00709,test_00709,test_00709,test,test,test_nested
test_00279,test_00279,test_00279,test,test,test_nested
test_00506,test_00506,test_00506,test,test,test_nested
test_00288,test_00288,test_00288,test,test,test_nested
test_01715,test_01715,test_01715,test,test,test_nested
test_01179,test_01179,test_01179,test,test,test_nested
test_01060,test_01060,test_01060,test,test,test_nested
test_00095,test_00095,test_00095,test,test,test_nested
test_01161,test_01161,test_01161,test,test,test_nested
test_02403,test_02403,test_02403,test,test,test_nested
test_01688,test_01688,test_01688,test,test,test_nested
test_02085,test_02085,test_02085,test,test,test_nested
test_01352,test_01352,test_01352,test,test,test_nested
test_02220,test_02220,test_02220,test,test,test_nested
test_00834,test_00834,test_00834,test,test,test_nested
test_02210,test_02210,test_02210,test,test,test_nested
test_02059,test_02059,test_02059,test,test,test_nested
test_02322,test_02322,test_02322,test,test,test_nested
test_02020,test_02020,test_02020,test,test,test_nested
test_01405,test_01405,test_01405,test,test,test_nested
test_01193,test_01193,test_01193,test,test,test_nested
test_01277,test_01277,test_01277,test,test,test_nested
test_00791,test_00791,test_00791,test,test,test_nested
test_00291,test_00291,test_00291,test,test,test_nested
test_00380,test_00380,test_00380,test,test,test_nested
test_02304,test_02304,test_02304,test,test,test_nested
test_00186,test_00186,test_00186,test,test,test_nested
test_01027,test_01027,test_01027,test,test,test_nested
test_00495,test_00495,test_00495,test,test,test_nested
test_00869,test_00869,test_00869,test,test,test_nested
test_01084,test_01084,test_01084,test,test,test_nested
test_02009,test_02009,test_02009,test,test,test_nested
test_01124,test_01124,test_01124,test,test,test_nested
test_01852,test_01852,test_01852,test,test,test_nested
test_00966,test_00966,test_00966,test,test,test_nested
test_01706,test_01706,test_01706,test,test,test_nested
test_01917,test_01917,test_01917,test,test,test_nested
test_00379,test_00379,test_00379,test,test,test_nested
test_00230,test_00230,test_00230,test,test,test_nested
test_01087,test_01087,test_01087,test,test,test_nested
test_01165,test_01165,test_01165,test,test,test_nested
test_00711,test_00711,test_00711,test,test,test_nested
test_02116,test_02116,test_02116,test,test,test_nested
test_01956,test_01956,test_01956,test,test,test_nested
test_00446,test_00446,test_00446,test,test,test_nested
test_00529,test_00529,test_00529,test,test,test_nested
test_00189,test_00189,test_00189,test,test,test_nested
test_01807,test_01807,test_01807,test,test,test_nested
test_01680,test_01680,test_01680,test,test,test_nested
test_02189,test_02189,test_02189,test,test,test_nested
test_00965,test_00965,test_00965,test,test,test_nested
test_01544,test_01544,test_01544,test,test,test_nested
test_00627,test_00627,test_00627,test,test,test_nested
test_01595,test_01595,test_01595,test,test,test_nested
test_00743,test_00743,test_00743,test,test,test_nested
test_01042,test_01042,test_01042,test,test,test_nested
test_02092,test_02092,test_02092,test,test,test_nested
test_00260,test_00260,test_00260,test,test,test_nested
test_00774,test_00774,test_00774,test,test,test_nested
test_01718,test_01718,test_01718,test,test,test_nested
test_01397,test_01397,test_01397,test,test,test_nested
test_01684,test_01684,test_01684,test,test,test_nested
test_01447,test_01447,test_01447,test,test,test_nested
test_00211,test_00211,test_00211,test,test,test_nested
test_00923,test_00923,test_00923,test,test,test_nested
test_01203,test_01203,test_01203,test,test,test_nested
test_01034,test_01034,test_01034,test,test,test_nested
test_00144,test_00144,test_00144,test,test,test_nested
test_01038,test_01038,test_01038,test,test,test_nested
test_02239,test_02239,test_02239,test,test,test_nested
test_00727,test_00727,test_00727,test,test,test_nested
test_01893,test_01893,test_01893,test,test,test_nested
test_01047,test_01047,test_01047,test,test,test_nested
test_00203,test_00203,test_00203,test,test,test_nested
test_01516,test_01516,test_01516,test,test,test_nested
test_02051,test_02051,test_02051,test,test,test_nested
test_01002,test_01002,test_01002,test,test,test_nested
test_01171,test_01171,test_01171,test,test,test_nested
test_00952,test_00952,test_00952,test,test,test_nested
test_01102,test_01102,test_01102,test,test,test_nested
test_00225,test_00225,test_00225,test,test,test_nested
test_00374,test_00374,test_00374,test,test,test_nested
test_01743,test_01743,test_01743,test,test,test_nested
test_02027,test_02027,test_02027,test,test,test_nested
test_01485,test_01485,test_01485,test,test,test_nested
test_00330,test_00330,test_00330,test,test,test_nested
test_01401,test_01401,test_01401,test,test,test_nested
test_02343,test_02343,test_02343,test,test,test_nested
test_00878,test_00878,test_00878,test,test,test_nested
test_02034,test_02034,test_02034,test,test,test_nested
test_02001,test_02001,test_02001,test,test,test_nested
test_00905,test_00905,test_00905,test,test,test_nested
test_01449,test_01449,test_01449,test,test,test_nested
test_00971,test_00971,test_00971,test,test,test_nested
test_00733,test_00733,test_00733,test,test,test_nested
test_00934,test_00934,test_00934,test,test,test_nested
test_02002,test_02002,test_02002,test,test,test_nested
test_00442,test_00442,test_00442,test,test,test_nested
test_02229,test_02229,test_02229,test,test,test_nested
test_01755,test_01755,test_01755,test,test,test_nested
test_01829,test_01829,test_01829,test,test,test_nested
test_01849,test_01849,test_01849,test,test,test_nested
test_00891,test_00891,test_00891,test,test,test_nested
test_01868,test_01868,test_01868,test,test,test_nested
test_02310,test_02310,test_02310,test,test,test_nested
test_00411,test_00411,test_00411,test,test,test_nested
test_01742,test_01742,test_01742,test,test,test_nested
test_01114,test_01114,test_01114,test,test,test_nested
test_01645,test_01645,test_01645,test,test,test_nested
test_00317,test_00317,test_00317,test,test,test_nested
test_00262,test_00262,test_00262,test,test,test_nested
test_02272,test_02272,test_02272,test,test,test_nested
test_02224,test_02224,test_02224,test,test,test_nested
test_02458,test_02458,test_02458,test,test,test_nested
test_01923,test_01923,test_01923,test,test,test_nested
test_01076,test_01076,test_01076,test,test,test_nested
test_01370,test_01370,test_01370,test,test,test_nested
test_00097,test_00097,test_00097,test,test,test_nested
test_01527,test_01527,test_01527,test,test,test_nested
test_02050,test_02050,test_02050,test,test,test_nested
test_00735,test_00735,test_00735,test,test,test_nested
test_00261,test_00261,test_00261,test,test,test_nested
test_01279,test_01279,test_01279,test,test,test_nested
test_00892,test_00892,test_00892,test,test,test_nested
test_02145,test_02145,test_02145,test,test,test_nested
test_00138,test_00138,test_00138,test,test,test_nested
test_00174,test_00174,test_00174,test,test,test_nested
test_01726,test_01726,test_01726,test,test,test_nested
test_01154,test_01154,test_01154,test,test,test_nested
test_02082,test_02082,test_02082,test,test,test_nested
test_00373,test_00373,test_00373,test,test,test_nested
test_02174,test_02174,test_02174,test,test,test_nested
test_00935,test_00935,test_00935,test,test,test_nested
test_01669,test_01669,test_01669,test,test,test_nested
test_01308,test_01308,test_01308,test,test,test_nested
test_02452,test_02452,test_02452,test,test,test_nested
test_02126,test_02126,test_02126,test,test,test_nested
test_00276,test_00276,test_00276,test,test,test_nested
test_00551,test_00551,test_00551,test,test,test_nested
test_02387,test_02387,test_02387,test,test,test_nested
test_01125,test_01125,test_01125,test,test,test_nested
test_02454,test_02454,test_02454,test,test,test_nested
test_00067,test_00067,test_00067,test,test,test_nested
test_01484,test_01484,test_01484,test,test,test_nested
test_00900,test_00900,test_00900,test,test,test_nested
test_00134,test_00134,test_00134,test,test,test_nested
test_00678,test_00678,test_00678,test,test,test_nested
test_02108,test_02108,test_02108,test,test,test_nested
test_02420,test_02420,test_02420,test,test,test_nested
test_00118,test_00118,test_00118,test,test,test_nested
test_01690,test_01690,test_01690,test,test,test_nested
test_00602,test_00602,test_00602,test,test,test_nested
test_01492,test_01492,test_01492,test,test,test_nested
test_01116,test_01116,test_01116,test,test,test_nested
test_01601,test_01601,test_01601,test,test,test_nested
test_01584,test_01584,test_01584,test,test,test_nested
test_01164,test_01164,test_01164,test,test,test_nested
test_00669,test_00669,test_00669,test,test,test_nested
test_01590,test_01590,test_01590,test,test,test_nested
test_02483,test_02483,test_02483,test,test,test_nested
test_00053,test_00053,test_00053,test,test,test_nested
test_01648,test_01648,test_01648,test,test,test_nested
test_00790,test_00790,test_00790,test,test,test_nested
test_01459,test_01459,test_01459,test,test,test_nested
test_01961,test_01961,test_01961,test,test,test_nested
test_00698,test_00698,test_00698,test,test,test_nested
test_02289,test_02289,test_02289,test,test,test_nested
test_00514,test_00514,test_00514,test,test,test_nested
test_01128,test_01128,test_01128,test,test,test_nested
test_01692,test_01692,test_01692,test,test,test_nested
test_00753,test_00753,test_00753,test,test,test_nested
test_01547,test_01547,test_01547,test,test,test_nested
test_01885,test_01885,test_01885,test,test,test_nested
test_00052,test_00052,test_00052,test,test,test_nested
test_00004,test_00004,test_00004,test,test,test_nested
test_02314,test_02314,test_02314,test,test,test_nested
test_00754,test_00754,test_00754,test,test,test_nested
test_01205,test_01205,test_01205,test,test,test_nested
test_02323,test_02323,test_02323,test,test,test_nested
test_01784,test_01784,test_01784,test,test,test_nested
test_00818,test_00818,test_00818,test,test,test_nested
test_02129,test_02129,test_02129,test,test,test_nested
test_00682,test_00682,test_00682,test,test,test_nested
test_00746,test_00746,test_00746,test,test,test_nested
test_02320,test_02320,test_02320,test,test,test_nested
test_00703,test_00703,test_00703,test,test,test_nested
test_00594,test_00594,test_00594,test,test,test_nested
test_00168,test_00168,test_00168,test,test,test_nested
test_00798,test_00798,test_00798,test,test,test_nested
test_01054,test_01054,test_01054,test,test,test_nested
test_00212,test_00212,test_00212,test,test,test_nested
test_00204,test_00204,test_00204,test,test,test_nested
test_00567,test_00567,test_00567,test,test,test_nested
test_02178,test_02178,test_02178,test,test,test_nested
test_00615,test_00615,test_00615,test,test,test_nested
test_02444,test_02444,test_02444,test,test,test_nested
test_00278,test_00278,test_00278,test,test,test_nested
test_02035,test_02035,test_02035,test,test,test_nested
test_00707,test_00707,test_00707,test,test,test_nested
test_00041,test_00041,test_00041,test,test,test_nested
test_00104,test_00104,test_00104,test,test,test_nested
test_00195,test_00195,test_00195,test,test,test_nested
test_01433,test_01433,test_01433,test,test,test_nested
test_01761,test_01761,test_01761,test,test,test_nested
test_01067,test_01067,test_01067,test,test,test_nested
test_01105,test_01105,test_01105,test,test,test_nested
test_02024,test_02024,test_02024,test,test,test_nested
test_02368,test_02368,test_02368,test,test,test_nested
test_02361,test_02361,test_02361,test,test,test_nested
test_00007,test_00007,test_00007,test,test,test_nested
test_01006,test_01006,test_01006,test,test,test_nested
test_01658,test_01658,test_01658,test,test,test_nested
test_02238,test_02238,test_02238,test,test,test_nested
test_01570,test_01570,test_01570,test,test,test_nested
test_01592,test_01592,test_01592,test,test,test_nested
test_00156,test_00156,test_00156,test,test,test_nested
test_01728,test_01728,test_01728,test,test,test_nested
test_01651,test_01651,test_01651,test,test,test_nested
test_00163,test_00163,test_00163,test,test,test_nested
test_00160,test_00160,test_00160,test,test,test_nested
test_00854,test_00854,test_00854,test,test,test_nested
test_00026,test_00026,test_00026,test,test,test_nested
test_02280,test_02280,test_02280,test,test,test_nested
test_00800,test_00800,test_00800,test,test,test_nested
test_00571,test_00571,test_00571,test,test,test_nested
test_00170,test_00170,test_00170,test,test,test_nested
test_02109,test_02109,test_02109,test,test,test_nested
test_01120,test_01120,test_01120,test,test,test_nested
test_01538,test_01538,test_01538,test,test,test_nested
test_01655,test_01655,test_01655,test,test,test_nested
test_00540,test_00540,test_00540,test,test,test_nested
test_02464,test_02464,test_02464,test,test,test_nested
test_00840,test_00840,test_00840,test,test,test_nested
test_02164,test_02164,test_02164,test,test,test_nested
test_01795,test_01795,test_01795,test,test,test_nested
test_01894,test_01894,test_01894,test,test,test_nested
test_00773,test_00773,test_00773,test,test,test_nested
test_00547,test_00547,test_00547,test,test,test_nested
test_01687,test_01687,test_01687,test,test,test_nested
test_01671,test_01671,test_01671,test,test,test_nested
test_02358,test_02358,test_02358,test,test,test_nested
test_00266,test_00266,test_00266,test,test,test_nested
test_01365,test_01365,test_01365,test,test,test_nested
test_01130,test_01130,test_01130,test,test,test_nested
test_02456,test_02456,test_02456,test,test,test_nested
test_00039,test_00039,test_00039,test,test,test_nested
test_02094,test_02094,test_02094,test,test,test_nested
test_00070,test_00070,test_00070,test,test,test_nested
test_02136,test_02136,test_02136,test,test,test_nested
test_00246,test_00246,test_00246,test,test,test_nested
test_01155,test_01155,test_01155,test,test,test_nested
test_01245,test_01245,test_01245,test,test,test_nested
test_00040,test_00040,test_00040,test,test,test_nested
test_01704,test_01704,test_01704,test,test,test_nested
test_02121,test_02121,test_02121,test,test,test_nested
test_00483,test_00483,test_00483,test,test,test_nested
test_00882,test_00882,test_00882,test,test,test_nested
test_01767,test_01767,test_01767,test,test,test_nested
test_02058,test_02058,test_02058,test,test,test_nested
test_00125,test_00125,test_00125,test,test,test_nested
test_01152,test_01152,test_01152,test,test,test_nested
test_01389,test_01389,test_01389,test,test,test_nested
test_02398,test_02398,test_02398,test,test,test_nested
test_01412,test_01412,test_01412,test,test,test_nested
test_00920,test_00920,test_00920,test,test,test_nested
test_01802,test_01802,test_01802,test,test,test_nested
test_00185,test_00185,test_00185,test,test,test_nested
test_00282,test_00282,test_00282,test,test,test_nested
test_02102,test_02102,test_02102,test,test,test_nested
test_00553,test_00553,test_00553,test,test,test_nested
test_01089,test_01089,test_01089,test,test,test_nested
test_01604,test_01604,test_01604,test,test,test_nested
test_00042,test_00042,test_00042,test,test,test_nested
test_00024,test_00024,test_00024,test,test,test_nested
test_00525,test_00525,test_00525,test,test,test_nested
test_00691,test_00691,test_00691,test,test,test_nested
test_01085,test_01085,test_01085,test,test,test_nested
test_00450,test_00450,test_00450,test,test,test_nested
test_00597,test_00597,test_00597,test,test,test_nested
test_01236,test_01236,test_01236,test,test,test_nested
test_01581,test_01581,test_01581,test,test,test_nested
test_02465,test_02465,test_02465,test,test,test_nested
test_00886,test_00886,test_00886,test,test,test_nested
test_00701,test_00701,test_00701,test,test,test_nested
test_01344,test_01344,test_01344,test,test,test_nested
test_01113,test_01113,test_01113,test,test,test_nested
test_01559,test_01559,test_01559,test,test,test_nested
test_01083,test_01083,test_01083,test,test,test_nested
test_01882,test_01882,test_01882,test,test,test_nested
test_02159,test_02159,test_02159,test,test,test_nested
test_00927,test_00927,test_00927,test,test,test_nested
test_00171,test_00171,test_00171,test,test,test_nested
test_01827,test_01827,test_01827,test,test,test_nested
test_02369,test_02369,test_02369,test,test,test_nested
test_01384,test_01384,test_01384,test,test,test_nested
test_01481,test_01481,test_01481,test,test,test_nested
test_00368,test_00368,test_00368,test,test,test_nested
test_00223,test_00223,test_00223,test,test,test_nested
test_00726,test_00726,test_00726,test,test,test_nested
test_00210,test_00210,test_00210,test,test,test_nested
test_00105,test_00105,test_00105,test,test,test_nested
test_00046,test_00046,test_00046,test,test,test_nested
test_01650,test_01650,test_01650,test,test,test_nested
test_01251,test_01251,test_01251,test,test,test_nested
test_01466,test_01466,test_01466,test,test,test_nested
test_01358,test_01358,test_01358,test,test,test_nested
test_01998,test_01998,test_01998,test,test,test_nested
test_00793,test_00793,test_00793,test,test,test_nested
test_02155,test_02155,test_02155,test,test,test_nested
test_02319,test_02319,test_02319,test,test,test_nested
test_00947,test_00947,test_00947,test,test,test_nested
test_00482,test_00482,test_00482,test,test,test_nested
test_01980,test_01980,test_01980,test,test,test_nested
test_01077,test_01077,test_01077,test,test,test_nested
test_00158,test_00158,test_00158,test,test,test_nested
test_01689,test_01689,test_01689,test,test,test_nested
test_00717,test_00717,test_00717,test,test,test_nested
test_01403,test_01403,test_01403,test,test,test_nested
test_00855,test_00855,test_00855,test,test,test_nested
test_01778,test_01778,test_01778,test,test,test_nested
test_01342,test_01342,test_01342,test,test,test_nested
test_00371,test_00371,test_00371,test,test,test_nested
test_01379,test_01379,test_01379,test,test,test_nested
test_02302,test_02302,test_02302,test,test,test_nested
test_02258,test_02258,test_02258,test,test,test_nested
test_00233,test_00233,test_00233,test,test,test_nested
test_00555,test_00555,test_00555,test,test,test_nested
test_00388,test_00388,test_00388,test,test,test_nested
test_02274,test_02274,test_02274,test,test,test_nested
test_01717,test_01717,test_01717,test,test,test_nested
test_02157,test_02157,test_02157,test,test,test_nested
test_01081,test_01081,test_01081,test,test,test_nested
test_01966,test_01966,test_01966,test,test,test_nested
test_02095,test_02095,test_02095,test,test,test_nested
test_00020,test_00020,test_00020,test,test,test_nested
test_00447,test_00447,test_00447,test,test,test_nested
test_01367,test_01367,test_01367,test,test,test_nested
test_02249,test_02249,test_02249,test,test,test_nested
test_01455,test_01455,test_01455,test,test,test_nested
test_00756,test_00756,test_00756,test,test,test_nested
test_02057,test_02057,test_02057,test,test,test_nested
test_01848,test_01848,test_01848,test,test,test_nested
test_02100,test_02100,test_02100,test,test,test_nested
test_01727,test_01727,test_01727,test,test,test_nested
test_01360,test_01360,test_01360,test,test,test_nested
test_00100,test_00100,test_00100,test,test,test_nested
test_01011,test_01011,test_01011,test,test,test_nested
test_00286,test_00286,test_00286,test,test,test_nested
test_02307,test_02307,test_02307,test,test,test_nested
test_01244,test_01244,test_01244,test,test,test_nested
test_02060,test_02060,test_02060,test,test,test_nested
test_00623,test_00623,test_00623,test,test,test_nested
test_00108,test_00108,test_00108,test,test,test_nested
test_01243,test_01243,test_01243,test,test,test_nested
test_00023,test_00023,test_00023,test,test,test_nested
test_01721,test_01721,test_01721,test,test,test_nested
test_00696,test_00696,test_00696,test,test,test_nested
test_00417,test_00417,test_00417,test,test,test_nested
test_01818,test_01818,test_01818,test,test,test_nested
test_00268,test_00268,test_00268,test,test,test_nested
test_00267,test_00267,test_00267,test,test,test_nested
test_00747,test_00747,test_00747,test,test,test_nested
test_01286,test_01286,test_01286,test,test,test_nested
test_02268,test_02268,test_02268,test,test,test_nested
test_00316,test_00316,test_00316,test,test,test_nested
test_01865,test_01865,test_01865,test,test,test_nested
test_01390,test_01390,test_01390,test,test,test_nested
test_00580,test_00580,test_00580,test,test,test_nested
test_01859,test_01859,test_01859,test,test,test_nested
test_01768,test_01768,test_01768,test,test,test_nested
test_00131,test_00131,test_00131,test,test,test_nested
test_00220,test_00220,test_00220,test,test,test_nested
test_01255,test_01255,test_01255,test,test,test_nested
test_00475,test_00475,test_00475,test,test,test_nested
test_00911,test_00911,test_00911,test,test,test_nested
test_00620,test_00620,test_00620,test,test,test_nested
test_01298,test_01298,test_01298,test,test,test_nested
test_01345,test_01345,test_01345,test,test,test_nested
test_00296,test_00296,test_00296,test,test,test_nested
test_00300,test_00300,test_00300,test,test,test_nested
test_00850,test_00850,test_00850,test,test,test_nested
test_02072,test_02072,test_02072,test,test,test_nested
test_01762,test_01762,test_01762,test,test,test_nested
test_01788,test_01788,test_01788,test,test,test_nested
test_02068,test_02068,test_02068,test,test,test_nested
test_01642,test_01642,test_01642,test,test,test_nested
test_00852,test_00852,test_00852,test,test,test_nested
test_01068,test_01068,test_01068,test,test,test_nested
test_00387,test_00387,test_00387,test,test,test_nested
test_00458,test_00458,test_00458,test,test,test_nested
test_02421,test_02421,test_02421,test,test,test_nested
test_01185,test_01185,test_01185,test,test,test_nested
test_01986,test_01986,test_01986,test,test,test_nested
test_01172,test_01172,test_01172,test,test,test_nested
test_00247,test_00247,test_00247,test,test,test_nested
test_01355,test_01355,test_01355,test,test,test_nested
test_00133,test_00133,test_00133,test,test,test_nested
test_00583,test_00583,test_00583,test,test,test_nested
test_00355,test_00355,test_00355,test,test,test_nested
test_02466,test_02466,test_02466,test,test,test_nested
test_00504,test_00504,test_00504,test,test,test_nested
test_00981,test_00981,test_00981,test,test,test_nested
test_01201,test_01201,test_01201,test,test,test_nested
test_01992,test_01992,test_01992,test,test,test_nested
test_02325,test_02325,test_02325,test,test,test_nested
test_00072,test_00072,test_00072,test,test,test_nested
test_02278,test_02278,test_02278,test,test,test_nested
