id,source_id,statement,status,label_id,old_split,new_split,nested_role,nested_source_id
train_added_val_confirm_00200,val_confirm_00200,"When the heart is sad, restless and filled with despair, remember that only to God do we complain.",Anxiety,2,val_confirm,train,train_added,val_confirm_00200
train_added_val_search_00385,val_search_00385,Very worn.. I didn't drink at dawn :(,Normal,0,val_search,train,train_added,val_search_00385
train_added_val_confirm_00824,val_confirm_00824,"When I think about advancing in my career be it a job or a degree I feel like I can’t do it and I should die instead. 
After my bachelors degree passing out in 2019, I enrolled myself in a masters program abroad in 2021 where I first had an episode and I had to come back and drop out. I’m on medication since 2018 and in continual therapy. After me abruptly leaving my degree course I thought I’ll take up a job in my home country and I did. I worked for a year and then I just couldn’t continue. I had hormonal issues because of my medication and severe depression I was suicidal and I couldn’t attend a single meeting without crying. I left my job this year after revealing that my mental health is not appropriate for work right now and I need a break. Now again I’m planning to do my masters abroad as my boyfriend lives there and I want to live with him. it’s either masters or a job in my home country for a year and then masters. Both options feel difficult and I feel like I can not make it. I have been feeling so stressed that I feel I should give up on life because I can’t do anything with my career and I can’t survive like a dead body. I have to do something. Sometimes I feel so paralysed that I feel like I’m a financial burden to my family and will be a burden on my boyfriend as well if I move.",Bipolar,3,val_confirm,train,train_added,val_confirm_00824
train_added_test_00739,test_00739,"oh, all over the world.",Normal,0,test,train,train_added,test_00739
train_added_val_confirm_00286,val_confirm_00286,I stopped smoking a couple days ago cuz my lungs are inflamed. I have done nothing but lay in bed in my own dirt. Te thought of food makes me feel repulsed. Ig I just do not know what to do because I mentally and physically cannot do this again. Its getting bad again,Depression,1,val_confirm,train,train_added,val_confirm_00286
train_added_test_00092,test_00092,That's why don't be so stupid being a faker the virtual world is cruel especially about gender,Normal,0,test,train,train_added,test_00092
train_added_test_01090,test_01090,"Tingling left chin and other parts - should I be concerned? Hi guys,

So straight into it - I was stressing (panic attack probably) about my brother’s health (He got Leukaemia a few years ago) because I had thought it had came back. Also been pretty depressed thinking about in the past 2 months (never knew how bad it was). 

Now when I was worried about this, I felt a tingling sensation on my left chin. This was around two weeks.  Maybe 4 times or so this has happened, however recently it feels like it has been more recurring (not sure if focusing on it has to do with it). I was super stressed thinking I’ve got cancer so I got my CBC, which there was no issue with.

Now I went to the dentist today and told him about the tingling. He said to me to get an x-ray and he really wasn’t sure why it was like that. My wisdom teeth had came through and he was pretty stern on me getting it checked. That scared me a decent amount, he said that x-ray will show what the problem is.


Since this ordeal and getting the all clear after the CBC, I will get random tingling throughout my body for a few seconds in small sports it goes away. (As soon as I move my limb or finger, they go away) I’ve also been a bitch more itchy of late and get the occasional sharp pains.


However apart from this I’ve been fine (no other symptoms) Eating a lot, lots of energy, no headaches, not feeling tired, no blood in stool and no night sweats. I’m just concerned what this could be. Should I be concerned? 

Thanks guys love you all!",Anxiety,2,test,train,train_added,test_01090
train_added_test_00591,test_00591,So why are people so cute?,Normal,0,test,train,train_added,test_00591
train_added_test_00725,test_00725,"STRANGE!!! CLEARLY MAKES A FATAL MISTAKE, BUT WHY DON'T YOU ASK FOR SORRY, YES...? The promotion of Bipang Ambawang, aka roast pork, a specialty of Ambawang, Kalimantan, as a Eid culinary by President Jokowi continues to reap a storm. Netizens sprayed criticism, slurs, and even blasphemy on social media.",Normal,0,test,train,train_added,test_00725
train_added_val_confirm_00490,val_confirm_00490,that wouldn't seem right.,Normal,0,val_confirm,train,train_added,val_confirm_00490
train_added_test_02484,test_02484,Latuda and akathisia My Latuda got up to 120 mg a few days ago and I'm suffering from terrible agitation and I can't stop moving my feet up and down. Is this akathisia? And will this side effect go away or do I have to treat it with propranolol or something?,Bipolar,3,test,train,train_added,test_02484
train_added_val_confirm_00080,val_confirm_00080,KKKKKKKKKKKKSERIO,Normal,0,val_confirm,train,train_added,val_confirm_00080
train_added_val_confirm_00864,val_confirm_00864,so how do you make long distance calls?,Normal,0,val_confirm,train,train_added,val_confirm_00864
train_added_val_search_00202,val_search_00202,"Medication compliance and organization tips? I’m a 24 year old female, diagnosed in 2012 and I have always had struggles with facing the beast of medications…  organizing them and seeing it all in front of me gets so overwhelming… I just don’t. Even picking them up from the pharmacy is a lot to handle sometimes that I wait to pick them up. Or if at all.

Whether it’s for my ADHD, Bipolar, pain management, rx vitamins.. it’s always an internal struggle. The cognitive dissonance between knowing I’m actively making the decision to not take them and knowing I want to get better is a difficult thing to face. I don’t know how to make it click or how to start. 

I’ve heard this is unfortunately a common occurrence for people with my particular diagnosis. If you have organizational advice or advice on a mentality switch- please advise.",Bipolar,3,val_search,train,train_added,val_search_00202
train_added_val_search_00371,val_search_00371,Because I do not know what to do. What do you do when you feel like the world is caving in?,Depression,1,val_search,train,train_added,val_search_00371
train_added_val_confirm_00377,val_confirm_00377,"Hey guys, I am from Australia. Does anyone here just feel like you cannot win? I am on Prozac which does work but its leaving me unable to orgasm and decrease libido. I know for some this is not important, but its really making me frustrated in my relationship. I would love to switch to something with les sexual side effects but the only one that stands out to me is Wellbutrin which is not available in AUS unless you want to pay $120 a month for it. Mitrazipine could work, but as someone who already struggles with their weight - the metabolic side effects are not worth it. Overall - just frustrated that in australia we do not really have a solid drug that does not have huge effects on metabolism AND sexual dysfunction - anyone in the same boat? Living in Australia",Depression,1,val_confirm,train,train_added,val_confirm_00377
train_added_test_00879,test_00879,"In mania - here we go again. :) :( In mania. I had increased nightmares this weekend, slept restlessly the next two nights, stayed home Monday and Tuesday to chill and try to regulate because I just didn’t feel right. Wednesday almost bought a $1700 necklace. Woke up this morning HYPER AF. Awesome and fun and all that jazz. But also mad and threw my hairbrush. 

Yes, I’m on my meds. No I’m not quitting my job. No I’m not going to stop my meds. But fuck. I love it and hate it.

Edit: I’m going to the Taylor Swift concert tomorrow and it would be so fun on mania. 😬🤔 Maybe I don’t call my psych until Monday. 😬😬😬",Bipolar,3,test,train,train_added,test_00879
train_added_test_00481,test_00481,"talking weed use with therapist how do your therapists react when you tell them you consume cannabis? I’ve gotten everything from the non-judgmental “does that help?” to a full on rant about how drugs can cause more anxiety/depression and please let us know if you’re on other drugs… I wonder if they’re giving the same rant for people who drink multiple times a werk. 

I think my main regret with bringing it up is I feel like therapists don’t see me as reliable anymore. which is really funny because I consume a very small amount of edibles about two-three times a mo. and i don’t drink alcohol or use any other substances. but I can see it on their face that they don’t believe me. it seems like a catch 22. does it even help to be honest?",Anxiety,2,test,train,train_added,test_00481
train_added_val_confirm_00091,val_confirm_00091,"Starting to worry I was misdiagnosed, please help. Okay so I've been medicated for 3.5 years now after the initial symptoms started (extremely rapid mood swings) after a nervous breakdown. And since I've been medicated I haven't had any kind of significant mood swings.  

Except I do still have minor mood swings but nothing like before and I'm wondering if I'm actually borderline instead.  

So my question is, how well do meds work? Will they always keep me truly stable 100% of the time? Is it normal to get into an episode while medicated?  

Thanks!",Bipolar,3,val_confirm,train,train_added,val_confirm_00091
train_added_val_search_00176,val_search_00176,"Hallucinations My hallucinations are far and few. When they happen it scares the shit out of me. How many of you experience them? Mine are mainly auditory. If I'm in a paranoid state I see figures in the corner of my eye but as soon as I turn no one is there. I've had one physical one a few years ago. I was driving and I felt someone grip my left shoulder. The only one in the car was my sleeping toddler strapped in his carseat. Tonight I thought I saw a blanket on my couch move, and I heard specifically clear as day, my fb messenger ding four times. Checked them, nothing. No spam, no requests, no calls. I'm petrified of this getting worse. They only seem to flare up when I'm under intense stress.",Bipolar,3,val_search,train,train_added,val_search_00176
train_added_val_confirm_00014,val_confirm_00014,"Bismillah, first step. good luck",Normal,0,val_confirm,train,train_added,val_confirm_00014
train_added_val_search_00058,val_search_00058,"Is anyone else’s mania a nightmare? Just got diagnosed yesterday, and I’m struggling a bit with mania. For me, mania feels like I have so much energy that my body is going to explode. My thoughts are constantly racing, I’m full of rage, and I try to do everything but accomplish nothing. I can’t stop talking or obsessing and the anxiety is out of this world. 

Mania has never been fun or exciting for me. I don’t spend money or party or have a lot of sex. I don’t feel like a god or that I’m on top of the world. It feels like I’m in a tornado and have no control over my life. Does anyone else feel this way?",Bipolar,3,val_search,train,train_added,val_search_00058
train_added_test_00274,test_00274,I am 17...I have social anxiety from the beginning...I am half blood...so half of my family was abroad...i had to live with my uncle and aunt because of my studies...That social anxiety and living alone...these tings made me really depressed..i tried committing suicide..even hurt myself...Anyways...i got together with my family..my depression got a lot better...but 2 months ago my father committed suicide...I am really depressed now and my social anxiety is at its peak too...I have lost interest in everything...i cannot concentrate..my grades are falling...cannot enjoy life...i do not even want to hurt myself..it is like I am too lazy or do not want to anymore...I tried talking to my family once last year about my depression and they all said that it is just my age...Because of that I am confused now...i do not know whether i should get help or not...or should i just keep living like this..which i do not mind anymore...Anyways....thank you for reading...Have a good day.. .,Depression,1,test,train,train_added,test_00274
train_added_val_confirm_00876,val_confirm_00876,"The Calm After the Storm A year and a half ago I had a long pyschotic episode followed by a BP diagnosis and several months of depression. I had to take a year off of college but I’ve now been back at school for almost a year. With everything that’s happened— the medications, the extreme emotion levels, the social isolation for an extended time— I’ve found myself at an interesting place. 
Anyone else find themselves constantly having to maneuver through conversation just to avoid a long, intense topic about your past? Specifically related to your bipolar?

-CH",Bipolar,3,val_confirm,train,train_added,val_confirm_00876
train_added_test_02200,test_02200,"Diagnosed with 2 illness' My whole life I have had severe generalized anxiety and health phobias. I have always worried there is something wrong. This started in 6th grade. I am 33 now. Everything I have worried about has never happened but I was diagnosed with Sjogren's Syndrome in '16 (autoimmune disease that attacks moisture producing glands) and more recently Hypogammaglobulinanemia (an immune deficiency where my blood lacks the proteins needed to protect me against virus and infection). 

Has anyone else with health phobias actually been diagnosed with an illness? It's been an incredibly difficult time for me but I'm working with a psychiatrist and just started seeing a therapist who specializes in chronic illness and anxiety. I'm looking for some words of encouragement or experiences. Thanks all.",Anxiety,2,test,train,train_added,test_02200
train_added_val_confirm_00485,val_confirm_00485,"My story of chronic chest pain and health anxiety Six weeks ago I (M26) was keeled over in bed clutching my chest. I felt a pain on my left side that felt deep and biting. It subsided shortly but since then I had what felt like a mass in my chest. I’m not new-comer to chest pain either. Last year I was diagnosed with having PVCs (preventricular contractions) which are benign but ended up requiring me to get a Halter monitor and Echo. Those results indicated my heart was fine. Now, however, I was panicked thinking I might have a respiratory problem. I started googling lung cancer symptoms, bone cancer symptoms, the whole nine yards. One night, I had a full blown panic attack thinking I was going to die from what felt like a huge tumor growing in my chest. And that damn pain never went away, I paid attention to the tightness I felt in my chest all the time, it was inescapable. While at times I would be distracted and not notice it, a large portion of my day is spent studying and during those times of quite my mind would be drawn to the tightness I was feeling. I should also mention I’m in medical school, so learning all of the pathologies that could happen to a person made anything I felt be drawn to the worst diseases I’ve since come to learn. 

It was only last week that I actually discovered this subreddit, and I became sure my chest pain was related to anxiety. The anxiety of school, the anxiety of my chest pain, and the anxiety I had regarding my own mortality after a recent friend passed away. And what made it worse was that all of these things were acting as a positive feedback loop. For example, I’d stress about an exam, which would provoke my chest pain, which would make me more anxious which lead to worse chest pain and on and on. Maddening. Even though I knew how incredible rare it would be for a young non-smoker to be diagnosed with a disease like lung cancer, it was always where my mind went. 

In order to rule out actually having a physiological problem, I got an X-ray done today and it came back negative for anything. Though, I question if that was the right thing to do. I don’t want to be a hypochondriac, and get needless and expensive tests done. And in some ways I felt like I “gave” in to my emotions. However, I’d be lying if I said I wasn’t much more relaxed knowing that my problem stems from anxiety, and not pathology. 

I write this only to say that chest pain is scary, but more often not a life-threatening ordeal. I hope to calm those who come here freaking out about a symptom similar to mine. And while I still have the pain, I now understand it and accept it. 

Our bodies are weird, and no one has the same body as you or will experience the same symptoms as you. My body likes to give me chest pains which are sometimes chronic, sometimes short, sometimes after a tough exercise. But after having run the gamut of tests, I’m actually just - fine. 

TL;DR: Chest pain turned out to be nothing but anxiety after extensive testing. You’re fine. ",Anxiety,2,val_confirm,train,train_added,val_confirm_00485
train_added_val_search_00297,val_search_00297,al you greeting again dong.,Normal,0,val_search,train,train_added,val_search_00297
train_added_test_01515,test_01515,i need to fly to new york.,Normal,0,test,train,train_added,test_01515
train_added_val_confirm_00283,val_confirm_00283,"A little bit about me, I am 16 (m), have family and friends who care about me and have actively tried to see it through about helping me with mental health. The problem? I do not use it. I cannot get myself to do it. Everyday I sleep less and less, get angrier and angrier. Recently I have noticed something about myself, as much as I hate the thought of suicide, it still comes back to me. Like to haunt me or just get me to do it. In my closet there is a rope for you know what, and 350$ stuffed away in case I want to just run away. Is that weird? Is it weird that I find comfort in knowing that 6 feet to my left is a way to end it all, or to try and get a fresh start? I do not hate my life, but at the same time I do.Late 2020 - early 2021 has been the lowest point in my life and as much as I want to say that I have gotten over it all, it just simply is not true. Feels more like kicking the can. I guess what I am trying to say is that I have dug a hole so deep that there is only two options, kill myself or run away. I have been getting worse over the past month...",Depression,1,val_confirm,train,train_added,val_confirm_00283
train_added_val_search_00321,val_search_00321,i want to die so bad and i might carry on with it,Depression,1,val_search,train,train_added,val_search_00321
train_added_val_confirm_01068,val_confirm_01068,"Amphetamines And Bipolar I have heard the EXTREMELY rare cases of someone having bipolar being prescribed Adderall. It helps with motivation, sense of well being, focus etc. 

But, I can only imagine that it could easily send one into mania. Any experiences or opinions?",Bipolar,3,val_confirm,train,train_added,val_confirm_01068
train_added_val_confirm_00574,val_confirm_00574,my alt acc look like it s made by someone with major depression and schizophrenia while being high on ketamine,Depression,1,val_confirm,train,train_added,val_confirm_00574
train_added_val_search_00103,val_search_00103,The mall is busy.. .The market is busy.. .The streets are busy.. ..But the mosque is getting quiet.. ..The creatures want Eid..,Normal,0,val_search,train,train_added,val_search_00103
train_added_test_01606,test_01606,"Anxiety over tests Hi there, aside from therapy, wondering if any of you could share advice about how to get over anxiety when doing medical tests. 

I recently had an ultrasound and was in tears during it bc I had convinced myself that something scary would be found. It was to the point that the radiologist came to talk to me and gave me the results on the spot. I greatly appreciated this but I understand is not possible every time. 

I have a follow up MRI scheduled for next week (likely to confirm an incidentaloma) and I’m having a VERY hard time. I’ve rescheduled it twice and I dread the two days I will have to wait for the results. The anxiety is crippling. 

Thanks for reading and any advice you can give me. ",Anxiety,2,test,train,train_added,test_01606
train_added_test_00712,test_00712,"Got a bloodtest, scared to hear about Leukemia. I've posted this in r/AskDocs but I just wanted to hear more. Sorry. I'm seeking as much support as I can that isn't from people close to me because I don't want to scare them too.  

I'm a 18 year old female living in Canada. 5'9, 60kg, Half Chinese Half Russian.

I have always had pretty good health for my entire life, so such a sudden change in health is scaring me to death. For the last week, my skin suddenly changed. I have never really bruised, no matter how hard I would hit my knee on something no bruise would ever appear. My family always joked about how even if I fell off a building I'd be completely fine since my skin was ""so thick.""

For the last week, I've noticed weird changes in bloodclotting. I pick at my acne sometimes (gross, I know) and it would be fine the next day; however, suddenly now when I wake up, I see a HUGE blood scab and bruising around a small white head I picked at the night before. It made me look diseased but I brushed it off as something silly.

Then my legs and arms started having weird red dots all over, paired with bruising in odd places like the middle of my thigh where I would never get hit or hurt. It isn't a rash, and my doctor appointment confirmed today that it wasn't a rash too.

Not only were my legs and arms covered in these red speckles but my chest, upper belly, and my gums were too. The days before I was surprisingly out of breath. I was out with my friend and constantly needed to sit down after a couple minutes of walking. Even in the bus, I was extremely uncomfortable with standing and would squat in the middle if there were no chairs because I could not stand to stand. My friend joked about it and so did I as I usually would walk quite fast and wanted to go everywhere. Such a sudden change left her a bit weirded out too.

I finally decided that I was freaked out enough to go in a walk-in clinic. The doctor said it MIGHT be hemophilia and sent me to get my bloodchecked. Now I'm waiting anxiously at home and can't get the thought out of my head. I know it's useless to be afraid and think about it but I've never had such a sudden health change in my life. As I'm typing this I feel strange little zaps in the joint of my right hand. I haven't really told my friends and definitely not my parents as I don't want them to worry.

All I can do is wait.

Some pictures of my skin:

[https://imgur.com/a/A6FYF3k](https://imgur.com/a/A6FYF3k)

There are more bruises but they are a bit more faint, either way, I don't do enough physical activity to seriously injure myself in these many places.",Anxiety,2,test,train,train_added,test_00712
train_added_test_02124,test_02124,"oxcarbazepine gums bleeding side effect? So I’ve been on oxcarbazepine for a month now and I’ve had a lot of the side effects. Fatigue, low sodium, headaches, stiff joints, etc. most have been resolved by getting more sodium in but one side effect is that my gums are super sensitive or bleeding? It started like a week ago but when I brushed my teeth on day the bottom of my canine and some molars started bleeding. I floss regularly and suddenly they were super sensitive. 
Does anyone else deal with this side effect and know if it improves? This medication is working really well for me but my gums do hurt a bit right now and I really hope they improve. 

I am on 300 mg of oxcarbazepine, 150 mg of Effexor xr, and have bipolar type 2.",Bipolar,3,test,train,train_added,test_02124
train_added_val_confirm_00546,val_confirm_00546,WHY ARE YOU VERY EASY??? WHY HAVE YOU ARRIVED ANXIETY LIKE THIS,Anxiety,2,val_confirm,train,train_added,val_confirm_00546
train_added_test_00192,test_00192,razzberrie wha so now it gb yay haha no more laggy computer but my mba can not upgrade,Normal,0,test,train,train_added,test_00192
train_added_test_00702,test_00702,@UxSoup aaaah ty,Normal,0,test,train,train_added,test_00702
train_added_val_confirm_00355,val_confirm_00355,i'm actually in school right now.,Normal,0,val_confirm,train,train_added,val_confirm_00355
train_added_val_confirm_00569,val_confirm_00569,"We have dinner, we get drinks, and I agree to try again. I want to say here, I have never had this kind of behavior before. When I’ve broken up with someone, or had them break up with me, even if I’m heartbroken I’ve always been done. So I don’t know what the disconnect is here. It’s been a little over two weeks now we’ve been seeing each other again.",Normal,0,val_confirm,train,train_added,val_confirm_00569
train_added_val_confirm_00322,val_confirm_00322,why did I feel so nervous earlier?,Anxiety,2,val_confirm,train,train_added,val_confirm_00322
train_added_val_search_00263,val_search_00263,"Set your intention Happy Sunday /r/Anxiety!

It's everyone's favorite day of the week... Sunday, the last 24 hours before Monday rears its head again. Let this thread be a space to set your intentions, share your goals and concerns, or just check in, about the week ahead.",Anxiety,2,val_search,train,train_added,val_search_00263
train_added_val_search_00213,val_search_00213,Want to misuh. Misuhâ˜,Normal,0,val_search,train,train_added,val_search_00213
train_added_test_00872,test_00872,"Does anyone else get sad or nervous when they get prescribed a new medication? I’ve been struggling with anxiety since childhood and have had multiple psychiatrists, therapists and general practitioners help me try to find the right combo of meds to help me. Recently, I’ve been in a 6 month long extended period of anxiety for many reasons, but we have also been trying to find the right meds. 

Talked to my psych. today and we decided to add a new medication in to try, one I used in high school that was helpful at the time, however I still felt a little sad after the appointment. I’m happy to be working toward a helpful solution, but mourning the fact that I can’t be “normal” and will likely be on medications for a very long time. It makes me feel a little broken, and I fear my friends and family may even see me that way. 

I’m just wondering if anyone else has felt this way? I’m happy to be trying new solutions, but also a little blue. Does that make any sense?",Anxiety,2,test,train,train_added,test_00872
train_added_test_01504,test_01504,"I love music. I like to dance to edm and rock music to help me deal with life. Its always about an hour or two of this rocks! Why was I ever sad?! and then all of a sudden it just hits me. I start to spiral and worry about everything that I should be doing but cannot. I give in, turn off the music and lay back down. I hate it. I just want one thing besides sleep that brings me peace. Everywhere I go (I have tried the hiking, going for walks, sitting in a park, etc.) but I hate that too. I live in a very small, rural town. So going out is not really that fun, not like a bigger city where you can just walk around all day and explore. Even when I do something fun, after about an hour I want to stop because I am too hopeless to continue.",Depression,1,test,train,train_added,test_01504
train_added_val_confirm_00497,val_confirm_00497,"Distraction techniques? I suffer from extreme health anxiety, my main fears being that I will spontaneously drop dead from a heart attack or stroke. If I feel my heart acting up from palpitations, or if I feel like my face feels strange, it will send me off the deep end. It's so frustrating that I fixate on this every single day. 

I would love to hear how everyone distracts themselves when they are at the peak of their anxiety. Sometimes watching a light hearted show like Family Guy helps me. A lot of times if I'm talking to a friend on the phone, I won't even notice any of my symptoms (which I take as a sign it's all in my head!). I feel like my health anxiety is the worst at night when I'm laying in bed, and all I can do is hyper focus on my body sensations. So everyone: Let's hear how you deal with it in the moment!",Anxiety,2,val_confirm,train,train_added,val_confirm_00497
train_added_test_00574,test_00574,my dad call me immature when i have anxiety attack he swears and scream at my mom point at me and hovers over me when he yell and threatens to beat me if i don t somehow cure my mental illness i needed real help for a real problem and he sent me to a pseudoscientific hypnotherapist just because his friend went there i need help that doesn t make me a baby,Depression,1,test,train,train_added,test_00574
train_added_val_confirm_00017,val_confirm_00017,"Unsure if I'm bipolar/borderline/neither... I know no one can make a diagnosis except a doctor, but I was just wondering what others experiences are. I have been on mood stabilizers for about 2 months now. They have really seemed to help me, and I have been practicing meditation/DBT/mindfulness(which goes along with the DBT).

I was diagnosed as bipolar in December when I was baker acted in late November because I was contemplating suicide. Okay, I've been missing my medications, and I've been contemplating going out and doing drugs and having sex; I'm also extremely irritable, and I just want to push people out of my life. I can't stop thinking about these two guys I have a crush on, and I almost want them to stop talking to me by messaging them to delete me from their phones/ off their messaging apps etc. I've done this kind of stuff all my life; well since I was a teenager (I'm 25 now)... I'd just randomly push people away(mostly guys I'd have a crush on)... It's like I was upset with myself for thinking about them so much, and I figured the only way to make it stop was to push them away, but I'd almost regret it afterwards. When it came to female friends I'd just disappear on them for months at a time. Also, I'd have impulse control issues during these phases, but it would only come on randomly like spending money, overeating, sex, drugs, drinking, etc. 

It's weird because in daily life most people would never guess I have these issues since I'm really nice, and I try to keep these problems to myself and my mom and my therapist. Right now though I'm feeling all the urges associated with my manic episodes, and I'm not sure what to do. I started taking my medicine tonight, so I'm hoping it will help. I'm on Lamictal and Trileptal if anyone is interested... Does this sound familiar to anyone else?  I know all experiences are different, but I've asked other friends and family members before if they ever have these type of experiences and they just look at me like I'm crazy. ",Bipolar,3,val_confirm,train,train_added,val_confirm_00017
train_added_val_confirm_00906,val_confirm_00906,This hand is so sinful,Normal,0,val_confirm,train,train_added,val_confirm_00906
train_added_test_02149,test_02149,Marijuana vape cartridges Are all of these bad for anxiety or do you know of something that are good?,Anxiety,2,test,train,train_added,test_02149
train_added_test_02163,test_02163,"Feel the feelings Going through a really challenging situation atm and it's made me realise I've been avoiding tough feelings for a long time, maybe all my life.

Now that I see this am trying to just let them flow, and breathe through it, but it's really really hard, and it hurts, and is scary, and my avoidance habits are strong.

I'll keep trying, but if anyone has any advice / experience with this that you can share, the support would be very welcome.",Anxiety,2,test,train,train_added,test_02163
train_added_test_02065,test_02065,Has anyone taken prozak? Has anyone taken prozak before? If so what was your experience? I am nervous about taking it.,Anxiety,2,test,train,train_added,test_02065
train_added_val_confirm_00188,val_confirm_00188,I think I might have dysthymia. I have been feeling depressed for years. I also think I might have social anxiety. Doctor prescribed me Zoloft but I am scared of side effects so much. What to do? How to deal with dysthymia?,Depression,1,val_confirm,train,train_added,val_confirm_00188
train_added_test_00295,test_00295,"Reclaiming Life After Destructive Mania So I have sought help for mental illness since I was 15 but was always misdiagnosed for 19 years.  This resulted in a MASSIVE manic episode (2015) where I lost my job ended up on the street and in the psych ward.  Declared bankruptcy.  

Luckily my folks helped me get off the street I sought help got the right diagnosis.  Clawed my way back into working and have held down full time work for over three and a half years.  

Problem is I’m still depressed and traumatized by the whole thing.  I have a pretty serious drinking problem and get after it as soon as I get home from the office.  I would use weed but it causes mania for me.  I went to an outpatient rehab but the counselor was an idiot so did me no good.  

I also cannot seem to get back to a healthy diet or exercise regimen.  I’m just Blue and am like well got a decade shaved off life expectancy with the diagnosis so what’s the use ?????. 

Just don’t know how to overcome these three issues.  If I even want to or if it’s worth it.  ",Bipolar,3,test,train,train_added,test_00295
train_added_val_confirm_00840,val_confirm_00840,"Is not simply because I want to do more things that I could, but because I have been inside of my head so long- day dreaming, that I want those things that I cannot have. The things that dream me has. The only main difference in my dreams in comparison to reality is me. I look better, I feel better and I act better. All of those end up with an entirely different life than what I live. They are also in-achievable. I cannot accept who I am in any way. A reason I cry when I think about killing myself",Depression,1,val_confirm,train,train_added,val_confirm_00840
train_added_test_00667,test_00667,"I am a recent college graduate. Since March, when I graduated, I have been filling out applications left and right. I have been on interviews, had rejects, and organizations have just not replied at all. I was fine and just shrugged it off. Recently, I attended two interviews. One was for a job I honestly did not want and the other was for a job with the college I got my master's degree from. The one I did not want, I did not get because it would conflict with my family's schedule. Well, I heard back from the college job today and they rejected me. That has sent me into the worst spiral of depression that I have had in a while. For the past 4 hours all I can do is lay in bed and cry. I do not understand how I got rejected. I attended the college and graduated with honors. The position is in the field I got my degree from them with. All I hear in my mind is that I am unemployable. I got my degree for nothing. It was waste. I am better off not even using the degree and just working at Target or Taco Bell. I Was Ok Until I was not",Depression,1,test,train,train_added,test_00667
train_added_val_confirm_00173,val_confirm_00173,"How am I supposed to look forward in life? TW: Depression, nihilism, addiction, etc.

Hi all, I’m really sorry if this post triggers anybody, please don’t read if you’re prone to being triggered by content relating to depression/despair. 

With that in mind, how the fuck am I supposed to be excited about living the rest of my life? I’m only 23 years old, and I’m so goddamn tired. The older I get, the more acutely aware I get of just how wrong my brain is. I try so hard, and it can’t be fixed? As we all know. I’m on medication, but in a few months I’ll be off my moms insurance and I CANNOT afford private insurance. I know everyone says we NEED to be on meds, and I agree. I need to be on meds. But staring down the barrel right now, I know I cannot and will not be able to just a while from now. And I hate this fucking disorder so much, because all it does is lie to you. I can’t trust my happiness or my sadness or my apathy. I am genuinely so exhausted of managing these feelings, and it gets worse every year as I get more and more compounded “adult” stress. How am I supposed to want to go on like this? And no I am not at risk of ending my life, I have too much guilt and shame to think of doing that to my family, but that just compounds the pain of existing for no reason beyond obligation. How do you all do it? Why do you all do it? Literally any input or advise or comment is appreciated to help me feel maybe just a little less alone, sorry for being so whiny.",Bipolar,3,val_confirm,train,train_added,val_confirm_00173
train_added_val_search_00150,val_search_00150,"Do you ever find your ""symptoms"" change or transfer to different areas? A couple of months ago I started getting this sharp pain in my upper right abdomen just below the ribcage. I'm 27 and regrettably eat a fair amount of takeout so naturally I assumed this to be gallbladder issues. I ended up getting it checked at the ER one night when I got some really sharp pains and found a ""bump"" in that area. The doctor was convinced the bump was just fatty cartilage and since the pains seemed to happen at random and not after meals that it was likely not my gallbladder. They scheduled an ultrasound anyway which turned up with no issues which I was happy about.

&amp;#x200B;

That said since then I started getting neck/back pain, which didn't really concern me given my crappy posture and I've always had a fair amount of neck tension. However in the past couple weeks I started getting random shoulder/arm pains that come just as quick as they go, and today i started getting quick sharp chest pains, though I'm convinced the chest issue comes from some recreational smoking last night with some friends.

&amp;#x200B;

Anyways, thinking about all this made me wonder if many other people here have dealt with anything similar, and honestly typing this all out has helped me deal with some of the anxiety which is a welcome bit of relief.",Anxiety,2,val_search,train,train_added,val_search_00150
train_added_val_confirm_01032,val_confirm_01032,"Mania?? I was diagnosed with bipolar over 4 years ago. We have a difficult history.  Last September I started a med (latuda 80mg) that actually works! I’m actually stable for the first time since I was diagnosed. 

I was super anxious last night and realized something. I quit my job this month. I’m impulsively spending and it’s causing issues in my relationship. I’m not sleeping much. I cut all my hair off yesterday after pulling an all nighter and I’ve been very anxious. I feel pretty shitty about myself and now I’m scared that I’m starting to lose control again. I made a therapy appointment and I talk to my psychiatrist again in a week.. 
am I manic or am I just over thinking this?",Bipolar,3,val_confirm,train,train_added,val_confirm_01032
train_added_test_00084,test_00084,"Welp I am back &amp; dk that ill ever truly leave as depression is never a battle you really just win for good its just managing it better but i digress.So i came home for the 4th July wknd to visit fam from my new FT warehouse job. Well this has turned out to be lamest most boring 4ths that i can ever remember. We litrally did nothing &amp; my fam treated it like just another day on calender. Normally the subdivision my fam lives in in country has a bbq/burgers and/or fireworks get together/social. Well I have noticed over the last few years as the neighborhood has grown it has pulled back more and more from neighborhood events. I guess more and more people are having their own fam &amp; friends over rather than inviting a select group from neighborhood. But whatever it is its really sapped fun out of holidays. This has been worst its been bc lately at least there is been an impromptu gathering rather than something planned. But this holiday, absolutely nothing. I have never been more bored in my life (well i have but) &amp; now i have another 40 hours in warehouse to look forward to. And not to sound like spoiled brat but there was not even any pie for my visit (there was but read on). I am living on budget at my new job &amp; really cannot so much as splurge on pie, i try to stick to protein &amp; health bc of physical nature &amp; long hrs of job &amp; as such was looking forward to pie at home. There actually was a full chocolate pie but upon going for it was told its over a month old &amp; needs to be tossed. Epic salt in wound right there. So needless to say I am a but salty &amp; depressed after waisting a weekend &amp; not getting the necessary mental health serotonin recharge. Family",Depression,1,test,train,train_added,test_00084
train_added_test_00034,test_00034,very restless,Anxiety,2,test,train,train_added,test_00034
train_added_test_00687,test_00687,"I am sad and wore down. I am tired of going on. I am just really, really sad. Clinical depression is a MF. Sleep did not help. Sunshine does not help. Drinking does not seem to do much anymore either. I wish I could afford therapy or medication, or just something. I am just really f*king sad right now",Depression,1,test,train,train_added,test_00687
train_added_test_00908,test_00908,"Manic only when on SSRIs I am 37F. I have had two severe psychotic manic episodes in the last two years.  Both times, I was on Zoloft.

For the first one in summer 2021, the pharmacy messed up my Zoloft dose and I was taking 1.5 times as much as I should’ve been.  It was a euphoric mania, and it occurred during a period of extreme stress from a divorce as well. I also started taking a 5-htp supplement around the time of my episode. I was hospitalized. I was also on lamotrigine at the time. 

I gained a ton of weight from both the antipsychotics and lithium. I went off antipsychotic first, seroquel, that caused me to gain around a pound every single day. Lithium I stayed on longer but I gained around 5 pounds a month. 

I then fell into a severe depression.  Like unbelievably severe. I thought I had had severe depressive episodes before, but I was wrong. I was not functional and planning my suicide. My psychiatrist initially refused to prescribe an SSRI, or put me on vyvanse, what I used to take for adhd and also helped with depression. I eventually talked him into it, I can’t remember exactly how.  I was also on lamotragine I think I would’ve died if I had not been out on Zoloft at that time. But it was a lower dose. 

Fast forward, during a time of work stress maybe 6 months later, I slipped into a more agitated mania. I was also on lamotrigine.  I was again hospitalized, stopped taking Zoloft and vyvanse, and went on Zyprexa and lithium. 

Weight gain with Zyprexa was still significant but leveled out relatively quickly, and lithium doesn’t seem to be an issue this time.

After writing a book, I guess my main question is- does anybody here only go manic on SSRIs?  In the past the one other time I was on one it caused rapid mood cycling, and so did Zoloft until I was on lamotrigine. I’ve been labeled as bipolar I, which I initially  talked him out of and he changed it to not otherwise specified, until I had my second one. I’ve been told the average age for first mania for a woman is 31, and I was 35.  But I don’t think it was a coincidence they were both on Zoloft. I am pretty convinced I won’t go manic without Zoloft or another SSRI. But I can’t afford to take the risk. Which means I’m stuck on meds I may not need for basically forever. Has anyone had a similar experience?",Bipolar,3,test,train,train_added,test_00908
train_added_test_02342,test_02342,got ta stop turning in homework late would be gettin an a in information system if it wasnt for the few late assigments,Normal,0,test,train,train_added,test_02342
train_added_test_01404,test_01404,"One dumb thing causing the big M today Hi y’all! I cannot use the TW flair I dunno why.
I am overall stable. But something happened today and I FEEL manic. Grandiose thoughts, hyper active brain (usually my brain is quiet and organised, now it works so much I have a headache lol) etc, you name it. Dreams of doing this and that, eh. And I couldn’t even take a nap.
All because... I wrote to my aunt I was never close with. Yes you read it right. You might ask yourself- „ee, what?” I hasten to explain.
So there was the year 2019, I went full-blown manic. It was really intense. My closest family was away but they knew something was up because of the things I had been telling them, my online activity and overall behaviour reported by more distant family that lives nearby. (I visited them xx times per day.)
So one time I really was scared I will die or something, I opened the door to run to the family nearby and when I opened the door there was this aunt (she is not the one I visited, she lives also nearby, but more far away then the other family members)
I was afraid to sleep (I didnt sleep properly in this time period, only kind of blacked out) 
She tuckled me to sleep and I had some rest. 
When my closest family came back, clearly distressed (the way the house looked + many other things) they called the ambulance and there I was in the mental hospital lol. 
This aunt was helping my mother to deal with me.
Ok now back to these times, this aunt is a kind of person that forwards these pictures with written things on them to everybody. As I don’t own the whatsapp app, I wasnt reading them. I only installed it sometimes and I wrote like a flower to her as a response or wishing also everything well (as a response to these pictures)
Today I opened whatsapp and the last pictures from her were at the beginning of march. It was unusal because she used to send them a lot. I kind of regretted not replying more to her even with a flower emoji and I randomly send her „happy (second) day of spring 🌷”
And like that, it kind of switched something in my brain lol. 
I want to mention that my mania was always occuring in spring/summer time. 
It is a little bit chaotic but english isnt my first language. I wish I didnt send this message.
There is also a possibility that I somehow didnt get these pictures and she was still sending them.
It makes me think, if I couldn’t control this impulse to send a message, maybe there will be other things I will not be able to control.",Bipolar,3,test,train,train_added,test_01404
train_added_val_confirm_00262,val_confirm_00262,"Do you really want to be dating, are you sure that the relationship will end up getting married?",Normal,0,val_confirm,train,train_added,val_confirm_00262
train_added_val_confirm_00959,val_confirm_00959,"Oops I did it again. Sometimes in a rush I will accidentally take my srqual by mistake in the morning… and I’m usually at work, it hits me hard .. I will usually go home but sometimes I will stay. Appearing to be drunk .Takes me all morning to work it through my system until the afternoon , after coffee .. has anyone done this before?",Bipolar,3,val_confirm,train,train_added,val_confirm_00959
train_added_val_search_00271,val_search_00271,I'm worried about speed,Anxiety,2,val_search,train,train_added,val_search_00271
train_added_test_00719,test_00719,I feel myself slipping away from everyone and everything. I only sleep when my body requires it and it shuts me down. I lay in my bed at night staring into darkness while crying for seemingly no reason. I walk around numb and it feels so wrong. I feel empty and emotionless while are the same time suffocated by the shear sadness of my reality. I am getting to a point where death seems not like a burden or something to fear but the only thing that will make me whole again. I do not know how to feel anymore.,Depression,1,test,train,train_added,test_00719
train_added_test_01832,test_01832,"DAE get bruises that just pop up and you don't know where they came from? I noticed a big one today on the side of my elbow on my right arm, then a couple smaller ones on the front of my other arm, then a couple more on my right arm again.",Anxiety,2,test,train,train_added,test_01832
train_added_val_confirm_00640,val_confirm_00640,#openfollow for RP . ReTweet juseyo not RT!!!!!,Normal,0,val_confirm,train,train_added,val_confirm_00640
train_added_val_search_00376,val_search_00376,"I was recently diagnosed with bipolar and it's making me question my own identity I was recently diagnosed with bipolar disorder three weeks ago. I am going through a major depressive episode and went to see a psychologist my mother recommended. My anxiety is slowly killing me and forcing everyone that I care about away from me. The meds aren't doing their job and I'm just really looking for some support and reassurance that I'm not all alone and absolutely insane.

I prided myself in my abilities in the arts and my motivation and commitment when school started, and always attributed my falling grades to the lack of motivation as the year dragged on. After being diagnosed I'm just not sure exactly of who I am anymore. I'm afraid people are going to look at all my past, recent, and future achievements with ""oh its due to mania"", but I feel like I need that validation to keep doing what I do. It has always been a way for me to express myself.

My mom and grandma also have bipolar. My mom is extremely unstable and controlling, and the only thing holding her back from completely grabbing my skin and stepping into it herself is the fact that I wasn't bipolar like her. Now that I am, she has been forcing her past feelings of when she was young onto me. She's pushing onto me her experiences, trying to relive her life through me, and its making me question my own identity and whether or not I'll just end up like this nightmare that is my mother. 

My mother is also only taking me to her psychiatrist and doctors. I should trust them, as they are reputable institutions in the area, but I don't because of their affiliation with my mother. She is the only person I know who has this, so I decided to make an account and find some people to help me go through this process.",Bipolar,3,val_search,train,train_added,val_search_00376
train_added_test_00950,test_00950,think i need to start buying and using wrinkle cream,Normal,0,test,train,train_added,test_00950
train_added_val_confirm_00846,val_confirm_00846,@MissXu that penclip is soooo cool!,Normal,0,val_confirm,train,train_added,val_confirm_00846
train_added_test_00619,test_00619,"Been feeling depressed and have been saying suicidal thoughts out loud I won't act on them, but saying them out loud more has made my boyfriend concerned. It's been a very rough week for me and I am so wound up. I just say them to vent out my frustrations, but I get that it's not normal.  My medication had not been effective and I think it's time to make a change but I'm scared of the switch messing with me and I get those auditory or visual hallucinations again.  Just letting this thought out so thank you for reading if you have",Bipolar,3,test,train,train_added,test_00619
train_added_test_00592,test_00592,heidimontag lauren is being stubborn she love you you love her i feel so bad for you though it made me cry lol,Normal,0,test,train,train_added,test_00592
train_added_test_01748,test_01748,"someone be proud please!! thanks to my tax return i was able to pay $1,000 off my credit card that i racked up when manic last. progress is so satisfying!! ",Bipolar,3,test,train,train_added,test_01748
train_added_test_01897,test_01897,"Tonight he continues to chatter about money, I'm so confused what to do. Once he said don't worry about money, but he kept blabbering about money.",Anxiety,2,test,train,train_added,test_01897
train_added_test_01536,test_01536,"Hey, I’m new here! I just wanted to ask some questions. Does anyone go through the whole ‘range’ within a few weeks? Ie, a (I presume) brief period of hypo/mania, to the depressive stage, to anxious to eventually ‘normal’ to then swing back round to it all? I’m in denial, and don’t want anything to be wrong. I’ve had from what I remember in the past, two massive depressive periods - the childhood one I can’t remember too much about it. The last one, I was physically ill with it. My mil likes to remind me of how my body was ‘here’ I most definitely was not. Any manic episodes I have managed to keep myself in check, but this is I presume the anxiety’s doing. I have an irrational fear of repercussions, (that and a poor credit rating) and normally contain it to getting new pets or some other thing that is a huge distraction. If I had access to money, I dread to think. 

Drinking, I can go where I literally want to drink ALL the time, to never wanting to touch it, I also get suicidal after drinking (a bit like how you feel after a manic episode, where you just think what a d**k you’ve made of yourself, and the shame over what you’ve done, well, what you remember anyway) 

I still don’t know a lot about this illness, (only recently been referred) I see the mental health team every week, but I kept fobbing them off when bipolar was mentioned ‘I’m not bipolar!’ And for anyone from the UK, we pretty much only have Stacey from eastenders as point of reference *facepalm* . I never act out on suicidal thoughts, (health anxiety there too).

Also, does anyone ‘forget’ a lot? Eg, I literally washed and changed my daughter (she’s 1 1/2) and literally 5 mins after, I couldn’t remember what all I did.. did I change her nappy? Did I wash her? Did I brush her hair (for that one, I can see her hair has been brushed, but I can remember doing it) I forget if I have eaten, went to the toilet. 

Work, I struggle so much. I get anxious over it, I can’t face them when I go back after being off sick. The looks I’m given, the questions as to why I was off and if I’m feeling better (all in good heart) but I get so ashamed I can’t manage. I struggle to get up and ready to go in. When I’m there I struggle with deadlines, and adherence - everything is timed. I accidentally got a new job, in a completely different sector, where I’m looking after people with dementia. How Can I actually look after people when I can barely manage to look after myself? I’m treading water, and poorly. I’ve four kids, (the elder three are teens) and they’ve to help me so much, as my partner. I’m terrified of another massive depressive episode as before as I CANNOT spend another year or more ‘not here’ I struggle talking to doctors about this, so will be glad when I finally meet the clinical psychologist who’s been assigned to me.

Also, cbt, doesn’t seem to work anymore :( i can’t take hold of my thoughts, which in turn make dealing with them impossible..

Whoops, sorry for the dissertation here! ",Bipolar,3,test,train,train_added,test_01536
train_added_test_00787,test_00787,turning 20 in a week I have been hes ily suicidal since 16 and had experienced with it even younger i was always told it got better when it does not i have not felt real in weeks and I am fearing that after this point i will not be able to take it anymore i was lied to about improving my life is over and I am waiting to either die naturally or get the courage to kill myself my life is over,Depression,1,test,train,train_added,test_00787
train_added_test_00234,test_00234,"Freaking out itchy skin Hi,

So, last night, my skin all over just started to itch, along with my scalp. It just was driving me nuts. I finally managed to sleep though. 

Today, not much has changed. I'm still just itchy all over. I took a shower and used tea tree oil shampoo and conditioner as I saw lots of flakes in my hair. I have checked throughly for lice and had my family members check for me. They said it didn't look like lice at all.  So,I assume it is dandruff. 

My scalp is now a bit better, but it's still itchy and my skin is too. I'll be okay for a few minutes tjen back to itching. Itss driving me crazy and now I of course googled. It said itching skin can be a sign of liver or kidney disease. I'm now in a full blown panic attack. I don't know what to do.",Anxiety,2,test,train,train_added,test_00234
train_added_test_00183,test_00183,"Been dealing with depression for a few years and although I have gotten better when comparing myself now and me from a couple years ago, I still feel hopeless about myself.Had a long term relationship that ended two years ago and I still suffer about it daily. I feel like I will end alone.Got no clue about what path to take professionally and even though I am working, it is outside my field and I am absolutely exhausted with the second university course I am doing currently.I just feel like whatever I do and no matter how hard I try, it is never enough. Not enough to get over my ex, not enough to find someone nice and actually trust people again, not enough to find myself professionally and not enough to get myself better, away from the pit of dispair that I was back then.I know I am a bit better, but I am exhausted and frustrated. do not know how to feel at peace anymore and it does not feel like it will charge any time soon. I know a new relationship is not the answer for my problems, but damn, I miss not feeling alone, I miss taking care of someone and feeling cared for.I am just rambling at this point but those are the feelings I have every day, and no matter how hard I try to see things differently and to reinvent myself, it never seems like it is enough. Feeling hopeless and could use some advice",Depression,1,test,train,train_added,test_00183
train_added_test_01050,test_01050,"Work and intrusive thoughts I find in the repetitive aspects work, I have intrusive thoughts that make my face scrunch up. I also have issues writing down dates on things and freeze or write the wrong thing and correct half way through being disabled by brain issues is weird, any one have similar issues, or point me in any direction so I know what to look up. Will be going to the doctor, I just kind of want to get my questions nailed down for efficacy.

Yay for being disabled where even three and half hours 5 days can make issues arise.",Bipolar,3,test,train,train_added,test_01050
train_added_test_01702,test_01702,"During high school I would cry pretty much every single day when I got back home. I was going through horrible low moods, my sleep schedule was incredibly messed up and I would just want to sleep and stay in bed when possible. I had no drive or motivation for anything, but I just continued with the routine of daily life and what is expected of a high school student. At the time I did not really realise I was depressed, I thought it was just a rough patch that would hopefully stop one day. I knew I was exhibiting symptoms of depression but I never really thought this is depression and I am depressed as though there were something wrong with me mentally, and that it all lied with me as an individual and my character.I then got into University and hoped for a fresh start. I had a decent time there and socially had no problems, but I myself as an individual was still pretty much depressed and struggled academically. This significantly increased my stress and at times my depression and throughout University, I never really had the opportunity to have a pure break because I would have to study throughout the holidays. Whilst I had multiple break downs throughout, I do not think it was as bad as during school.Done with University and back with my family, because I wanted to take a small break from everything. I used to have a lot of problems with my parents, particularly with my mother and my moving back was most probably not best for my mental health. Again, almost like at school, I would cry quite regularly and feel incredibly low with no drive or motivation. Went through two years of horrible fights with them but ultimately, I believe I have finally managed to patch things up with my mother. We most probably have the best relationship right now than we have had for the past 10 years. At that time, I realised that I have been pretty much depressed since high school, driven by my relationship with my parents. I still hold negative feelings towards them sometimes, but we r both working to being better with each other. I got back to University but still am with my family. With the pandemic, I am stuck at home most of the time. I am extremely introverted and honestly relish the time where I am completely alone. However, being at home with studies and my family has been quite stressful and throughout the past year, the stress has been continuously building up. My parents mental health had also been struggling with the pandemic and as I have pretty much since I was a kid, I would support them a lot during these times. This also subtly contributed to my stress. I had not managed to have an actual break, (though I do have long periods of stress induced procrastination) and eventually I messed something up a month ago and had a horrible break down, like the ones I had during the worst of my times back during my old University or school years. I felt like this time, I ridiculously felt the physical effects of stress and depression, and really felt like they could kill me. For what has been pretty much a decade of depression, bad sleep and poor coping skills with stress, I have experienced physical symptoms like pain. But right now, I feel like its all building up to the point of boiling over (or it already has). I am repeating the same cycle of procrastination, self hate, not recovering from feeling horrible and stressed, even though I really do try to go to sleep earlier or exercise/go out for walks. I really do not need to socialise with people and I do maintain decent contact with my friends. I feel depressed pretty much 24/7 when I am not distracting myself with music, media entertainment, socialising. I cannot focus on my studies at all and I am just so tired. I have been tired for a decade and I just do not know what to do anymore. I always tell myself that one day it just will not be like this, but I am exhausted, drained and no matter how much I rest I just feel horrible. I do not know what to do anymore. Depressed since high school",Depression,1,test,train,train_added,test_01702
train_added_test_02431,test_02431,"I've been worrying about aneurysms since last night and its been a really rough time. How do I get past this? Hey everyone, I'm so glad that subreddit exists because it's so comforting to know that I'm not the only one who struggles with this type of anxiety (since I was a little girl).

Recently though, I have been really sick - like since before Thanksgiving. I've had bronchitis, the Norovirus (ended up in hospital), tonsillitis, the flu, then the stomach flu again, and now I'm at home sick for a week because the cold I've had since early November never went away and it has turned into walking pneumonia and strep throat. My throat is covered in huge white blisters and it's just so disgusting.

But anyways, I was put on a really high antibiotic and Prednisone 3x a day, and it's just made me feel anxious and so strange. I started feeling like my pulse in my groin and it really freaked me out, so I Googled (I want to punch myself lol) and the first thing that came up was aneurysm. Then my husband told me it was probably the steroid making my nerves jittery, so I googled again (I rly need to stop) and it said that some people have experienced something called ""phantom vibrations"" or something like that. The thing is though, I'm pretty sure this has happened to me before and I've never paid it any attention.

I had a rly bad panic attack right after that, but I took a shower and calmed down and was fine. But today, my hip and leg have been aching, and I'm not sure if it's my fibromyalgia acting up bc I'm sick or if it's just a psychosomatic symptom or even possibly the Prednisone  making me feel this way.

Has anyone else ever experienced this? Because I know it's probably nothing, but I've just had a rough time today with being worried about it And having the thought of aneurysm in the back of my brain.

Bless you if you made it to the end of this post.",Anxiety,2,test,train,train_added,test_02431
train_added_test_01441,test_01441,"I do not like to hang around with my friends like i use to.. and they also do not understand me, but they never seem to care either... its just, hey!, i fucked this girl, let us drink this beer, let us smoke weed, let us talk about women... And I know thay are way more complex then that, that is why i believe this is a me issue... it just, when i take a step back from my group, that is all I hear...I want to be alone, but my psicologist told me i do not want that, my depression does.. so i do not know how to feel, or what to do...Have you felt like white noise ringing in ur ears whenever ur suppose to be having a good time? I do not want to be alone but...",Depression,1,test,train,train_added,test_01441
train_added_val_confirm_00829,val_confirm_00829,Other people had serotonin this whole time? Damn lmao Jyst realized what we feel is not normal,Depression,1,val_confirm,train,train_added,val_confirm_00829
train_added_val_confirm_00246,val_confirm_00246,I have this thing where I am attracted to broken females because I feel like I could fix them or help in some kind of way no one else can what is weird is that I am also broken. If anyone has a psychological term please let me know what it is. Broken,Depression,1,val_confirm,train,train_added,val_confirm_00246
train_added_test_01556,test_01556,of course you do.,Normal,0,test,train,train_added,test_01556
train_added_val_confirm_00555,val_confirm_00555,"Well, do you want me to come back home?",Normal,0,val_confirm,train,train_added,val_confirm_00555
train_added_val_search_00120,val_search_00120,"How is buspar working for you? I’ve been on buspar for about two weeks, I’m on 7.5 mg twice a day and I’ve noticed my crippling anxiety slow down a little bit. My worrying thoughts are way less often and I shake my legs less. But I think I need to go up a dose because it’s working but not as much as I would like. What’s your experience with this med and how is it working for you?",Anxiety,2,val_search,train,train_added,val_search_00120
train_added_test_01293,test_01293,"Don't check the template wrong again, yeah, it's 1.71 not 1.7l in the trending, it's 1.7l when it's on me",Normal,0,test,train,train_added,test_01293
train_added_test_00065,test_00065,"L-theanine I was thinking of looking into this more.

How well does L-theanine work for your anxiety?",Anxiety,2,test,train,train_added,test_00065
train_added_val_confirm_00000,val_confirm_00000,Community Garbage >> MekelSungg << bruakakakakakak :v,Normal,0,val_confirm,train,train_added,val_confirm_00000
train_added_val_search_00048,val_search_00048,snoring Which snoring rings are available in the market? How effective are they?,Anxiety,2,val_search,train,train_added,val_search_00048
train_added_test_01010,test_01010,"Changing diagnosis? No longer bipolar? Hi,

I was first diagnosed with bipolar type 2 in 2019. I quickly got stable with medication until I was pregnant in 2021 and my meds were changed. It set me spiralling and I saw a new psychiatrist who again diagnosed bipolar type 2. 

I came off my meds for 6 months last year and stayed pretty stable other than depression. Then around Christmas time hit a manic period and saw a new psychiatrist. This time they said they weren't sure bipolar was the right diagnosis but put me on lamotrigine anyway. 

I've been really good on lamotrigine for a couple months but my husband spoke to my psych nurse today about maybe having some counselling and she said I don't have a diagnosis of bipolar anymore and they're treating my autism and depression. 

I don't know why I feel so panicked and upset by it. I think it's come out of the blue. The fact nobody has told me and they've now told my husband without even speaking to me about it. It feels like they've been sort of talking behind my back and think I'm lying or something? 

I don't understand how to different psychs said I'm bipolar and this new one has seen me once and changed my diagnosis.",Bipolar,3,test,train,train_added,test_01010
train_added_val_confirm_00743,val_confirm_00743,NEYO IS BLASIAN?,Normal,0,val_confirm,train,train_added,val_confirm_00743
train_added_test_01418,test_01418,"how do i calm down when i get anxious while studying? due to mental health i've been slightly struggling with uni studies lately. part of why i'm mentally not doing well is because i've grown up with a rather abusive father and one of the things that he's really forced on me has been to do well in studies, like that's just something that's been going on since i started school

so this brings me to how extremely anxious i get while studying which usually is at home. it can take a while or it can take a few minutes but majority of the times i get so extremely anxious or just straight up have a panic attack in the middle of it. the part that causes this isn't that 'if i don't study well enough and pass this or that exam i'll struggle even more with uni' but 'if i don't study well enough and pass this or that exam i'll en up in trouble by my dad'

ultimately i know it's always gonna be 'study for your own sake, not anyone else's' but after growing up with a father that's so abusive in so many ways, it's hard to not make that association and just break out until i can't even focus on studying

so my question is, making that association or not, does anyone have any advice on how i at the very least can calm down or put myself at ease when this happens while studying?",Anxiety,2,test,train,train_added,test_01418
train_added_test_00152,test_00152,"So anxious I literally just ran out of the dentists office Basically title.

A couple months ago I had a consultation to get a few teeth ""deep cleaned"" and two small cavities. No big deal for normal people, but I really dislike needles and put off going back.

Today I go back and they insist on doing the deep cleaning of the whole mouth for $500, while saying it doesn't look bad on X-rays so the insurance company probably won't cover it. When I said I can't afford that, the hygienist basically scolded me and went to get the dentist.

I started feeling like I was having a panic attack and removed the bib from my neck, put on my coat and bolted to my car. I still feel shaky now. Idk what's wrong with me. 

Don't know if I was being scammed or I just made myself look really foolish.",Anxiety,2,test,train,train_added,test_00152
train_added_val_search_00068,val_search_00068,potta cloth,Normal,0,val_search,train,train_added,val_search_00068
train_added_test_01952,test_01952,"i do not know what could be lying after death. it could be being reborn, it could be heaven or hell, it could be a deep, dark void. i do not want to care about it, but i do. i just want to end it all, but I am afraid of what could happen next. i do not care if i get eternal torture, i do not care if its a deep void, i just want an escape. just thinking about death is so weird and interesting to me, though. where does our conciousness go? what happens to our thoughts and experiences? is there anything at all after death? if god exists, will i be forgiven for all my sins? i do not know an answer to any of these, but i want to know. its a form of curiosity, but also a form of wanting an escape. what if the world after is better? will i still enjoy life when everythings perfect? will not it just get tiring? as i write this, i slowly feel less and less like i want to die, and more like maybe i have to do what i can with my life, and work hard, then i can do what i dream of. i do not want help anymore, i just want to die, but am too afraid to do so.",Depression,1,test,train,train_added,test_01952
train_added_test_02316,test_02316,"Anxiety -&gt; ... -&gt; tender neck muscle To start, I've been going through a lot of health anxiety the last few months. I've never actually felt sick or anything, but this basically stems from getting fixated on swallowing/hyperawareness for months on end. 

It started out as if it might be tmj pain, but recently it was tongue pain, mostly when swallowing, for a few weeks. After I finally went to a dentist, assuming I must be scraping it on sharp teeth or something, they weren't able to find anything wrong. That has since eased off, I assume because my anxiety about it relaxed, but now it's more focused on a tender spot that seems to be on my scm muscle...which I saw can be a cause of swallowing pain.

The upper front end, just below the corner of my jaw, spanning about a half-inch. It feels as if it's bruised or something, and it seems to be super tender to the touch. I don't feel any strange lumps/lymph nodes, and my salivary gland above it feels fine, it seems to be part of the muscle or a tendon in there. Pretty close to the surface. I've read that trigger points in the digastric might be involved, causing ""pseudo-scm pain"" but it's been driving me crazy. I've also been feeling a lot of tension around the upper shoulders. 

So I wanted to just see if this all sounds like a reasonable idea of what's happening, and if anyone's got some advice. It's super irritating and it's really hard to take my mind off the tenderness. I'm going to try and get a massage next week I think. Any help would be much appreciated",Anxiety,2,test,train,train_added,test_02316
train_added_test_01753,test_01753,"Destroyed Self Image Anyone with advice on improving your self image? I have struggled with hating myself (appearance, personality..etc) for years and I haven't improved. I've tried to improve myself by being healthier, and accepting my husband's compliments and try hard to believe them, but I just seem to end up hating everything about myself all over again. I can't seem to stop my own brain from insulting and absolutely tearing myself down at every opportunity. ",Bipolar,3,test,train,train_added,test_01753
train_added_val_confirm_00089,val_confirm_00089,rustyrockets i ll give you a fiver towards the fine not much but im skint from paying for al darling eyebrow waxing,Normal,0,val_confirm,train,train_added,val_confirm_00089
train_added_val_confirm_00944,val_confirm_00944,"I never personally did anything beyond a ""show me yours and I'll show you mine"" type of thing where another kid and I would see how we ""measured up"", but it felt like those experiences had heavily sexual undertones for me - I don't know if that was me figuring things out or if my mind went there from what happened to me cousin. When I was about 13 I remember thinking to myself that it was crazy that so many of my peers knew what they wanted - I was just really, really confused. I said to myself ""I don't know what I like or which team I go, and I bet that's because of what happened between me and my cousin. I'll figure it out when I'm older"" and that was it. I did what a lot of other kids my age were doing - I hopped online and watched lots of porn.",Normal,0,val_confirm,train,train_added,val_confirm_00944
train_added_test_01707,test_01707,"there is very little left of things that keep me from pulling the plug.If I would lose anything that distracts me from the suffering that is reality right now, I would kill myself.As long as nothing happens I might crawl out of this abyss. I am honestly just waiting to die",Depression,1,test,train,train_added,test_01707
train_added_val_confirm_01084,val_confirm_01084,"Decade of Stability Here I'm just over 2 months away from my 10th anniversary of leaving a psychiatric hospital and never looking back and needing that much help. I've gone on to FINALLY finish my Bachelors degree, I am not super successful, but I would like to know if I were to kind of tell about these last years what sort of information would you find beneficial in a story like that, basically overcoming mental illness that so many people assume upon diagnosis your life is shot to shxt which isn't true. ",Bipolar,3,val_confirm,train,train_added,val_confirm_01084
train_added_val_search_00198,val_search_00198,"It's been a long time since I've been here, I'm suddenly restless + crazy chest pain",Anxiety,2,val_search,train,train_added,val_search_00198
train_added_test_01326,test_01326,pre pandemic incidence of diagnosed depression wa about this increased to during lockdown likewise amp case of anxiety went from to http t co czlqb cxqe,Depression,1,test,train,train_added,test_01326
train_added_test_01638,test_01638,why am i always suicidal,Depression,1,test,train,train_added,test_01638
train_added_val_confirm_00100,val_confirm_00100,I have been going on a streak for like 4 days in row of being sad but it either goes away really quick or stays for a while. I am usually really happy and not sad much but I feel like there might be a problem because I feel lazier and have not been going outside a lot like I used to. What should I do I think I might be depressed,Depression,1,val_confirm,train,train_added,val_confirm_00100
train_added_val_confirm_00736,val_confirm_00736,"Just wanted to say thank you for the irc chat link It has helped me so much as well as so many others.  We're able to talk in realtime with each other instead of typing out everything and waiting for replies.  It's active at all hours of the day and night.  I've seen people come into the chat in an absolute crisis and be talked down and feel good when they left.

I know there was a very short period where the chat link was removed and I almost lost my sh*t.

I dont think the chat gets the recognition it deserves.  I'm not an oper in the channel but I'd be more than willing to answer any questions.

Some of us old guys grew up on slip/ppp and use chatrooms for 20yrs, it's an invaluable resource and one the moderators of this sub should be proud of.

Everyone is welcome and you should stop by and say hi :)",Bipolar,3,val_confirm,train,train_added,val_confirm_00736
train_added_val_confirm_00773,val_confirm_00773,"That's if you're worried/worried, the parno is too much. ^^",Anxiety,2,val_confirm,train,train_added,val_confirm_00773
train_added_val_confirm_00510,val_confirm_00510,i appreciate that.,Normal,0,val_confirm,train,train_added,val_confirm_00510
train_added_val_confirm_00109,val_confirm_00109,"Sometimes I wonder if I will ever have a hold on my anxiety. I obsess a lot over having a passion. It's really dumb, I know. But I think it's just my brain trying to find a sense of direction after a really bad depressive episode.

It makes me go in constant circles, trying to figure out what activity is going to magically put me on the fast track to happiness. Even though I know things are not this simple, my brain still thinks of things in this way. 

It's really stressful to worry about what activities to do and what will make you happy in the long run instead of just living life. That's all any of us can do, no matter how much we overthink. 

I am upping my lexapro dosage, so hopefully that helps. I know it takes a month or so for SSRIs to kick in, and I have only been on my new dosage for a week and a half, but I don't feel much better. I have a therapist too, and she hasn't been much help, even though she tries. 

I have just been struggling with this weird obsession for so long and I have been through so many cycles I just don't think I will ever break out of this mindset.",Anxiety,2,val_confirm,train,train_added,val_confirm_00109
train_added_val_confirm_00166,val_confirm_00166,i suffer from symptom such a chest tightness and shortness of breath a well a acid reflux which i have been told is all from anxiety i started noticing a vibrating feeling in my chest and back sometimes when i breathe while lying down is this something serious i don t smoke or do any drug btw 0yr old male,Depression,1,val_confirm,train,train_added,val_confirm_00166
train_added_test_00322,test_00322,"I recently remembered multiple sclerosis exists A few weeks ago I felt a weird pulsating sharp pain in the back of my head, I promised myself I wouldn't google it but by the end of the day I just couldn't let go. So I googled it and worried for days I had occipital neuralgia but it went away and then I remember the next suggested disease: multiple sclerosis.  
And now I just conviced myself all the weird symptoms I had and went to the doctor only to be told I'm completely fine must be because of MS. 

Like the times I thought I was having a heart attack because of pain in my left arm, or when I thought I had a detached retina because my eyes ""felt weird"" and I thought I saw flashing lights. When I focus on something really close to my eyes and then focus on something far and feel a little desoriented etc etc etc. It must all be neurological after all!

And now I feel all these things again and I keep thinking what if it isn't psychosomatic. On top of it, I'm going to be without insurance for a few months while I'm in between jobs and neurologists and MRIs are just waay to expensive.  
How the hell do I convince myself I'm going to be fine?",Anxiety,2,test,train,train_added,test_00322
train_added_test_01391,test_01391,"Covid second bout anxiety Corona positive again. Sick the whole week already. Now just had a huge panic attack because of my fever. I’m really afraid of high body temperatures, so I started getting hotter and sweating profusely. Went to the balcony in shorts to cool of while calling 911.

Incredibly lost control here, especially since I started using SSRIs that sort of work.
Luckily I had some downers that calmed me down.

Life without this would be so much easier. Now I’m afraid of getting pneumonia from my stunt.

Anxiety sucks.",Anxiety,2,test,train,train_added,test_01391
train_added_test_01021,test_01021,"Am I in an abusive relationship? I have been with my partner for a little over 9 years now. We have had our ups and downs. I've done things in the relationship during manic episodes that I am not proud of. I've sought sexual relationships (mainly sexting) with others, been emotionally abusive, and quite manipulative. This was primarily during times before I was diagnosed with bipolar 1 and on a solid medication/therapy regiment. Now, I feel like I am the partner they need.

Howerve, and here's the rub, I have a sinking suspicion she is not the partner I need. She isn't supportive anymore and is somewhat condescending. She is constantly reminding me of all the past pain I have caused, and when I bring up that it was in the past she just says that I am not taking responsibility for that pain. Recently, she has gone so far as to comment on my appearance, calling my beard pubes and asking me to shave so she can find me attractive again. She brags to others that she got me to shave and belittles me in front of friends. She fights with me anytime I bring up a change that I wish to see in the relationship. She has commented on my weight. SHe has commented on my ability to be a father. She has accused me of having inappropriate emotional relationships with friends. 

I am honestly not sure if deserve this. I did emotionally cheat on her. I have verbally accosted her. I have been mean, aggressive, and manipulative in my own. These actions are mainly when I am manic and being confronted. I become incredibly defensive, to the point that I will be this way.

I know the relationship sick and that we need to speak with a couples counselor, but I am afraid that my partner will just listen and not change. Now, she used to be quite supportive. She took me in when I had no place to go after coming back from Afghanistan. She dealt with my PTSD. She has loved me through so much. I just am hurt by the way she is currently treating me.",Bipolar,3,test,train,train_added,test_01021
train_added_val_search_00146,val_search_00146,"Does anyone else get this calm feeling wash over them when you look up suicide rates and other information on suicide? It makes me feel happy because I think *wow, look at all those numbers of people who actually did it, maybe I can one day too*. I do not know I am probably just fucked up. Its oddly calming..",Depression,1,val_search,train,train_added,val_search_00146
train_added_test_02457,test_02457,"i'm tired,",Normal,0,test,train,train_added,test_02457
train_added_test_00096,test_00096,Honestly I have been depressed for about 10 years! I hate my life,Depression,1,test,train,train_added,test_00096
train_added_test_02284,test_02284,"Any of you w/ anxiety/panic ever notice bulging veins in arms, hands, legs It's always at night when I notice it, but I will look down and it looks like I just gotdone working out or I am on roids. Scares me that it is BP or my heart. Usually all of my tests come out fine but I haven't been to the doctor in a couple months. 
I have anxiety symptoms daily so it may be from all of that stress, Idk.",Anxiety,2,test,train,train_added,test_02284
train_added_test_02296,test_02296,"So I was in my family's basement chillin' and when I walk back upstairs to cook some food I see we are running low on food. So I ask my mom if we could get more groceries, she says ""NO, YOU HAVE TO START WORKING AROUND THE HOUSE BEFORE I DO ANYTHING FOR YOU!"" Even though I do all the chores she tells me to, so I decide I would cook myself some pizza and told my mom that I would done all my chores. But when my mom heard that she started angrily walking toward the kitchen, and at that point I knew I was done for. So when she got to me she punched me in the faced, grabbed me by the hair threw me to the floor and grabbed the pizza ""including the pan"" and threw that on the floor and continued to yell at me. What should I do? I am to scared to stand up to her... pls help me",Depression,1,test,train,train_added,test_02296
train_added_val_confirm_00530,val_confirm_00530,Buspar not for long term result? I just left my primary doctor and suggested BuSpar due to all the good things I’ve heard on here. Always turn down SSRIs because of sexual side effects and heard this is better. Anyway she told me buspar is effectively just like Xanax? That I can’t take both it’s one or the other? They’re both an “as needed” drug. Is this true? To me Xanax is a bandaid. Long term won’t change and work toward a cause. She made it sound like buspar is effectively the same even though it’s an SNRI not a benzo???,Anxiety,2,val_confirm,train,train_added,val_confirm_00530
train_added_test_01978,test_01978,"Could psychiatrists diagnose teens with bipolar back in the late 90s / early 2000s? Hey, so I just crashed into depression hard and fast and it got me thinking, when I was a teen and obviously showing signs of bipolar, my parents would threaten to send me to a psychiatrist if I didn't smarten up.  I always told them ""yes send me please I need help"" in fewer words and they would punish me.  What I'm wondering is, would it have done any good?  I'm currently feeling extremely bitter towards them for not getting me the help I obviously needed, setting me back years and resulting in a failed career, but is that bitterness justified?



Thanks for any input you guys can provide",Bipolar,3,test,train,train_added,test_01978
train_added_val_search_00391,val_search_00391,"I am finally coming to terms that whatever mental slump I am in is not going away anytime soon and that I need to deal with it. Over the past month or so, I just have not felt attached to anything. I do not think anybody suspects that anything is wrong with me. No one sees anything, but I really would prefer just not being alive.I do not really want to die either but at this point it does not bother me much. What do I do? I cannot force myself to do much of anything besides sleep and eat, but I know there is a load of work and responsibility that I have to get around to doing.I am not really expecting the answer for how to get over my mental rut, but more just how do I manage it? Any help would be appreciated How to manage being passively suicidal",Depression,1,val_search,train,train_added,val_search_00391
train_added_test_01065,test_01065,"Once again I screwed up So I woke up this morning and I started to argue with my wife over every thing, I blamed her for my unhappiness. I started telling her what's really going on in my head, like how I just wanted to say screw my job, my house, my life. I went to see doc yesterday. And told her the meds are no longer working so she added lithium. We get back and my wife is mad because I wanted to try something else, I finally tell her I have been thinking of ending it, that's why I wanted new meds. We yell and scream then she leaves. I try and call and all she does is scream at me. Now don't get me wrong I started the fight because I am toxic toward her. I just needed to vent some where. ",Bipolar,3,test,train,train_added,test_01065
train_added_test_00253,test_00253,"Anxiety So I just need a bit of reassurance that I am not alone with this and a few tipps if you have. I'm currently holding my first job after uni and during this first year my finances have been a huge trigger for my anxiety.
At the moment I am scared to look at my online banking.  Scared that I am not able to cover my basic finances. Of losing that little bit of financial independance and security I have for the first time. I just feel totally unequiped to deal with money.",Anxiety,2,test,train,train_added,test_00253
train_added_val_search_00015,val_search_00015,"I’m a visitor at the emergency room, scared of getting sick. Hello! Right now I’m with my mom in the emergency room because she has the flu. Everyone here is sick with the flu, and everyone here is wearing masks including me. I have no choice but to wait here with my mom, but I’m terrified with the thought of myself coming down with the flu. Not to mention that my health anxiety is acting up because of the hospital itself :(. I just need to vent. Thank you.",Anxiety,2,val_search,train,train_added,val_search_00015
train_added_test_00507,test_00507,"Is tingling in fingers/hand normal? I've experienced many physical symptoms of anxiety, but I recently began experiencing constant tingling on the tips of my fingers and my palm, mostly on one hand. These sensations have been occurring for around two weeks and I'm stressing about something serious going on with my health. Has anyone else experienced anything similar?",Anxiety,2,test,train,train_added,test_00507
train_added_test_02491,test_02491,"I used to be a star performer at work, but since COVID and working from home started, combined with getting a promotion last summer to a new role/team that has ended up being dreadfully boring, I have lost all motivation. I have been consistently behind on work for months and if I do not get it together soon it will definitely show in my next performance review.Today I got an email from my supervisor about a file that I am late on. It was long and read of frustration on their end (rightfully so, I have not been updating them because I have not done any work on the file).I literally had no emotional reaction to the email. Skimmed over it, provided a short 2 sentence reply apologizing and promising to submit the file Monday morning (Ill be working on it this weekend), then turned back to the social media app I have been wasting my days on for months. Completely unfazed. In my previous role, pre-COVID, I would anxiously try to deduce the impression that my supervisors had of me in the most innocuous emails, to see if I was excelling. I almost cried when I did not get the rising star award at the work award ceremony because I was gunning so hard to excel and get promoted.Now I am at my lowest point professionally, late on everything, disappointing my supervisors and it does not even faze me. I just do not care.Do I need to look for a new job? Look for a more motivating role/better fit? Or is this my depression that is gotten worse? Or both? This does not feel normal. No motivation/feeling numb",Depression,1,test,train,train_added,test_02491
train_added_test_02463,test_02463,allieblue i have one vodka mudshake not going to be enough,Normal,0,test,train,train_added,test_02463
train_added_test_02275,test_02275,"Klonopin not working? Recently prescribed klonopin for general anxiety/social anxiety and panic disorder.  Random facts about how my anxiety- I don’t frequently have panic attacks (couple times a year) but have pretty severe anxiety everyday, from social anxiety to over thinking everything in my life to the point of ruining my day. Also experience nausea before any social setting/event no matter how small, every single time. I also have car anxiety where I do not want to drive and am terrified when I ride with others. 

Been on SSRIS for years, they never work. And when I say don’t work I mean I couldn’t tell you if I was taking a tik tac or my medicine, I genuinely wouldn’t know the difference. Been on lexapro, buspar, Wellbutrin and maybe a few others. My psychiatrist finally decided anxiety is the root, not depression so I don’t need a ssri. 

I’m prescribed .5 a day, half or the whole thing twice a day. Took half of .5 for the first month and tbh I didn’t notice anything. Doctor told me maybe I need to take the full .5 twice a day, so I’ve been doing that and still don’t feel like it’s doing much. Am I immune to medications lol??? I still have anxious thoughts and feelings, I’ll say though maybe the feeling of nausea before social settings has gone away but other than that I feel like my anxiety is still very present ): 

Side note, very very far fetched side note, a thought that I’ve had is maybe, just maybe, ADHD is causing my anxiety? And this is why these medications aren’t working? I’ve read adhd can cause anxiety disorders. 
Ugh I just want to know what the hell is wrong with me and how to fix it.",Anxiety,2,test,train,train_added,test_02275
train_added_test_01916,test_01916,"restless heart, sleep is difficult.",Anxiety,2,test,train,train_added,test_01916
train_added_test_02480,test_02480,"I Hate Myself for Being Psychotic I had a psychotic break six months ago and was diagnosed Bipolar I... I spent 40 consecutive days in a mental hospital and have been depressed ever since. I used to have a ton of hobbies and interests, now all I do is work and sleep. 

I still feel so much guilt and shame over what I did when I was psychotic. I became convinced my mother is evil (who's perfectly normal) and sent crazy emails/messages to SO MANY people. I ruined a couple relationships I care about. I said so many disgusting things.

How do you forgive yourself for being psychotic? Rationally I guess it wasn't my fault but it really feels like I thought my way to this point. I'm not getting any less depressed (taking Lithium and Seroquel daily...), in fact I feel like each new day I hate myself more. Any advice?",Bipolar,3,test,train,train_added,test_02480
train_added_test_01394,test_01394,"Yesterday I woke up coughing a lot. I am double vaxxed. I really do not feel well. I cry a lot. My first therapy is not until August. I do not want to exist anymore. I am not suicidal, but I am not thriving and things are not looking great.",Depression,1,test,train,train_added,test_01394
train_added_val_search_00248,val_search_00248,"When everyone thinks you are just okay since they are used to the ""you"" who is not complaining about anything.Gooood do not even know where to get my monthly rent. Like literally. Pandemic sucks, I want to kill myself so bad B R O K E",Depression,1,val_search,train,train_added,val_search_00248
train_added_val_search_00093,val_search_00093,i shook it. there is no more ink.,Normal,0,val_search,train,train_added,val_search_00093
train_added_test_01989,test_01989,he's going to kill someone.,Normal,0,test,train,train_added,test_01989
train_added_val_confirm_00349,val_confirm_00349,"Doing well, but life is definitely testing me right now. I had a what I'm assuming was a panic attack the other night cause I've only ever felt this sensation when I think really hard about some kind of medical condition I probably don't have. My vision went blurry, and my ears were hissing. I remember fumbling with my breathing while wondering wtf was happening. I started taking deep breaths after figuring I might be having a panic attack. I ignored all my emotionally rooted thoughts and calmed myself down. Fuck. That. Shit. I feel for anyone who goes through anything like that regularly. That is down right terrifying to the ""piss your pants"" core.

So, I've been stable for about 6 months now doing what I'm doing and actually being successful (how I perceive it anyways). I'm holding a job, I'm loved by my peers and getting along with my parents better than ever. I've matured a lot I guess, but being disciplined with my diet, meds, and sleep, have made it all stay together.

Just a couple weeks back my Mom got diagnosed with breast cancer... And I'm pretty sure the restaurant I'm working at is going to close soon because I've never seen a shit show like this EVER! Everyone is drunk and indifferent... It's sad.  Aaaaaaand now my ex wants to talk on the phone today (only have let her text me recently since making amends and healing our friendship). She's been sporadically contacting me telling me this or that reminded her of me... I really feel like she eventually (prolly not today) wants to try and rekindle things. She's expressed since finalizing our divorce how she feels she messed up and turned her back on me when I was simply severely depressed. I get that now and I understand why she did what she did, and he don't blame her for it one bit. But I can't trust her anymore like that. She'll prolly drop me when I hit another dip in my journey. 

I'm overloaded right now. But I'm staying disciplined and trying to do everything how I need to, to stay stable. It's working I guess, but man, this is the shitty part of life that usually puts me down for a year. I'm afraid, but I'm excited to challenge my will through these tough times.

 Oh yeah, I forgot in my rambling, my parents (whom I'm living with currently) are selling their house and moving to a different city. Overall a good thing for all of us, but keeping the house clean and sprucing it up for random showings today with a few hours notice is stressful.


Stay positive peeps and keep on chugging along. Sometimes it's awesome cause sometimes it sucks.",Bipolar,3,val_confirm,train,train_added,val_confirm_00349
train_added_test_01264,test_01264,halitosis is also associated with depression and symptom of obsessive compulsive disorder,Depression,1,test,train,train_added,test_01264
train_added_test_00290,test_00290,"A woman can smile at many men, but only one man can share her tears",Normal,0,test,train,train_added,test_00290
train_added_val_confirm_00434,val_confirm_00434,"""If I survive this, I'm changing my life for the better. I'll become the healthiest, most organized person in the world. I will avoid anything that may compromise my health and will fight to the end. I'll change my ways, this time for good."" -  my reaction to having a bad cold.

Figured many of you can relate to those weird surges of motivation when you survive something seemingly harmless when before you thought it was catastrophic.",Anxiety,2,val_confirm,train,train_added,val_confirm_00434
train_added_test_02395,test_02395,Getting ready to take kids to the farm,Normal,0,test,train,train_added,test_02395
train_added_val_search_00373,val_search_00373,"If you don't have a garage, don't buy a car ***",Normal,0,val_search,train,train_added,val_search_00373
train_added_test_00968,test_00968,andy cyrus im still awake too lol cant sleep glad your up tho,Normal,0,test,train,train_added,test_00968
train_added_val_search_00063,val_search_00063,"DVT Anxiety Hello.I'm male,177cm 76kgs,first it was aneurysm that I was afraid of,now it's DVT.I don't know why but I've heard a story about young guy getting killed by it all of a sudden. I have not been inactive,I always try to walk a lot,with my headphones I can walk the whole city without getting tired,but one day pain started in my lower left leg,mostly muscle,it also got little tingly,but I mostly worry about it at night,when I have time to OVERTHINK. I went running and just got home,I have this tightness in my muscle again,I've had this feeling for like 2 weeks and kind of pain sensation over and under my knee.I know it's just my mind,but pain of calf is really discomfort for me and I immediately think about it exploding and killing me.I just wanted to tell you about my fear,thanks for listening! ",Anxiety,2,val_search,train,train_added,val_search_00063
train_added_val_confirm_00709,val_confirm_00709,but it s honestly time to go i can slowly feel depression creeping in with the amount of time i spend here unhappy if anyone come across this tweet please assist me with recommendation reference or job placement being in the hr field i fully understand how difficult it is,Depression,1,val_confirm,train,train_added,val_confirm_00709
train_added_test_01334,test_01334,hate the waiting game she hate uncertainty too,Normal,0,test,train,train_added,test_01334
train_added_test_00590,test_00590,"Can we try to avoid posting stories about other people’s health problems? I will open a thread &amp; there will be people saying “my mom had this”, “i went to school with a girl who had this happen to her” etc. instead of reassuring me, hearing anecdotes just triggers my HA. Or am i just being unreasonable &amp; sensitive..?",Anxiety,2,test,train,train_added,test_00590
train_added_test_01700,test_01700,i am feeling worried for myself it almost a m and i can t sleep im not sure if it just because i can t sleep or if it my inner fight between staying alive or ending it these thought never go away it suck when people don t understand my sudden mood change or decision but i understand why they don t im just saying what i am feeling or thinking my heart always feel so heavy a if i put weight on it i feel like cry all the time everything in life is so boring or doesn t feel right i often get confused on what is real and what isn t real i don t have a therapist anymore because money is tight so im using this reddit post a a venting place because no one know me here and it s nice,Depression,1,test,train,train_added,test_01700
train_added_test_00942,test_00942,"Random things we do as being Bipolar/or Bipolar w Anxiety? I was diagnosed Bipolar 1 along with a few other mental illnesses in 2011. I never have other bipolar people or friends to ask these questions… hang with me here, I hope this comes out correctly.
~Anyone else with bipolar constantly pick at their nails, like I pick mine so bad they are killer sore and sometimes bleed. I can’t stand feeling the dry peeling skin rubbing against my other fingers…
~I’ve been diagnosed so long and have taken tons of medication and I still feel like, I just will never be normal? Like at this point what does a normal person experience in their day to day feelings?
~I’ll go through a month of reading books on my kindle or regular books and finish them like in 3-4 days, 1 I finished in a month. Same with watching a series on like HBO max or Hulu….I go through moods of deeply into the show and just binge it so fast &amp; then a week later it’s like I can’t even focus or have enough attention span to watch anything at all? 

My mind is constantly thinking about the next I need to do, like it doesn’t stop whatsoever… only time I feel relaxed is when my night meds hit…sleeping is the best bc it takes me from this hell of reality I struggle with daily. 

There are many other issues I experience but these really have been bothering me lately and I catch myself wondering do other with bipolar have these issues, or am I alone and just a wee bit crazy? 🤦🏼‍♀️",Bipolar,3,test,train,train_added,test_00942
train_added_val_confirm_01037,val_confirm_01037,"Anybody else feel this way? It scares me how there is just a ridiculously large amount of small things that you could do without knowing that you shouldnt, and a large amount of things that could happen to you and its like fuck the human body is just so fragile and I worry that my immense future potential is going to be FUCKED by something stupid like this.  About every month something feels wrong with me and I freak out.  Sometimes it is just something normal that I wasnt previously aware of, but now that I am aware of it I feel like something wrong

My psychological speculation is that perhaps I was coddled to much when I was younger so now I just have a poor sense of safety.

Anybody in the same boat?",Anxiety,2,val_confirm,train,train_added,val_confirm_01037
train_added_test_01847,test_01847,hi update two i definitely go through a lot of mood swing throughout my day sometimes i feel pretty good but sometimes i feel very lonely and isolated it doesn t help that i m extremely insecure about my appearance right now and i don t even want to go out to social situation because i stress about how terrible i look i just want to look good i ve been trying very hard i ve been keeping to a strict skin care regimen i nearly cut carbs out of my diet in hope it ll help my acne and i eat like 000 calorie a day so i can be shredded it s a little rough honestly i m a male so that s not a lot of calorie to work with i guess at least it get me cooking because i can t afford to waste any calorie i ve gone from about 9 to about in like a month though i workout almost every day and i go very hard for over an hour non stop exercise i feel lonely a lot i want to talk to girl very badly but i don t have the confidence in my appearance to bother i know i m ugly so it s not like i ll be able to go anywhere with them im trying to change it though i just wish i had clear skin honestly that would erase of my problem anyways i m doing okay i guess not really satisfied with my life or all that happy but my thought have stayed away from certain subject for a few day now i guess i d call that an improvement peace out much love and good luck to everyone,Depression,1,test,train,train_added,test_01847
train_added_val_confirm_00234,val_confirm_00234,but it was full of pencils! how could he say it was empty?,Normal,0,val_confirm,train,train_added,val_confirm_00234
train_added_val_confirm_00044,val_confirm_00044,"Bipolar w/ ASMR (sidenote on New Age culture &amp; spirituality) Anyone else experiences ASMR on top of your manic episodes? I have type 1 ASMR and Bipolar 1 and I've found it to be a deadly combination. When manic, I'll come up with these metaphysical laws and--despite how compulsive and irrational as fuck they are--  get this huge flood of stimulation from the back of my head all the way to my feet that makes it seem like the universe is confirming my understanding. It got to a point in my development where I believed I was given the date of the end of the world and that the afterlife was split 80% enslaved and 20% saved. 

Months later, my life has blown into ruins and what was once seeming so inexplicably clear now seems psychotic. Is there a lesson to be had from all of this or can it all be written off as manic thinking? 

Sidenote: what's extra complicating on top of all of this is the thirst that new age culture seems to have on pondering spirituality and metaphysics. On the one hand, it's nice that there is a community (albeit niche) that embraces neurodivergence and ""out of the box"" thinking. On the other, I'm finding it dangerous because of the community's willingness to affirm these manic thoughts that Im having as reality. The twofold affirmation had me push towards accepting all these thoughts as absolute truths and burning bridges with people that wouldn't accept what I was experiencing. This ended up being a lot of fucking people and I ended up homeless. 



Yes, I understand that ASMR is a scientifically controversial subject, but it seems there are enough people out there that experience the symptoms of it to talk about it. If you don't know what I'm talking about: https://en.wikipedia.org/wiki/Autonomous_sensory_meridian_response",Bipolar,3,val_confirm,train,train_added,val_confirm_00044
train_added_test_02063,test_02063,"Anyone else’s sleep schedule totally screwed up? I mean, generally. When anyone asks what my sleep schedule is, I basically say it’s either nonexistent or incredibly erratic. It’s been this way for as long as I can remember. Can anyone else relate?",Bipolar,3,test,train,train_added,test_02063
train_added_val_confirm_00239,val_confirm_00239,"Failed medication change I'm on 1200mg lithium, 200 mg lamictal.
We're going to go down from 1200mg to 900 mg lithium and then increase the lamictal.

It did not go well. Anxiety went up through the roof. Just super super bad.

Then I went back on 1200 (per psych) and the anxiety started improving. Now it's coming back.

I'm positive this is just my body's biochemistry adjusting back but wow this sucks.

I just needed to vent.",Bipolar,3,val_confirm,train,train_added,val_confirm_00239
train_added_test_00991,test_00991,they don t get hyphy on the east coast even to e 0,Normal,0,test,train,train_added,test_00991
train_added_val_confirm_00358,val_confirm_00358,"So my roommate is one of my best friends and has been for some time. Today she told me she feels like she cannot talk to me about things because when I express my annoyance to her about not cleaning up after herself, it hurts her feelings. I can totally understand where she is coming from and I am trying to do better, but its hard. I have been telling her for some time that I expect her to clean up after herself in common areas after a reasonable span of time (several hours to a day). This means cleaning the kitchen after cooking, throwing out old food in the fridge, vacuuming the dining room if the floor is dirty, cleaning up the ash from her bong (she self medicates with weed instead of going on antidepressants and seeking therapy), etc. it just feels like I am the only one making an effort to clean and she only cleans if I ask her to. The problem is, she says that executive functioning like cleaning is extremely difficult for her because she has depression and adhd. I can sympathize with her because I have OCD and mood regulation issues, but I have no trouble keeping the common areas clean and prefer to do so. I just cannot be the only one doing it. I have tried explaining to her that I love living with her, but its just frustrating being the only one who makes an effort to keep things clean. She takes this as me calling her lazy and disgusting, even though I have never called her those things. She has this idea that everyone secretly hates her and will grow tired and abandon her, and me being annoyed at her not cleaning is just a sign this is true. What can I do to make doing household chores easier on her, aside from just doing them for her? I want to continue living with her, but I cannot be her maid. Help with a depressed roommate",Depression,1,val_confirm,train,train_added,val_confirm_00358
train_added_test_00369,test_00369,"Does anyone else feel like there should be a childhood bi-polar diagnosis? I read a lot of posts and stories online,  and I think about myself and so many of us seem to have had symptoms early in our lives.  I get that doctors don't want to give a diagnosis like that at such young ages for a lot of reasons,  but I feel like it would've helped me a lot. Does anyone else feel upset that they didn't get a diagnosis soon enough almost?  Do you think an earlier diagnosis would've helped you manage easier or change some part of your treatment/outcome?",Bipolar,3,test,train,train_added,test_00369
train_added_test_01791,test_01791,"i just want to be happy and I want to make my partner happy I don't know why Im like this, I love my partner more than anything and i can't think rationally, i can't communicate well, I;m so scared that they're plotting against me or they're going to get tired of my episodes and break up with me, or find me just so, so unbearable. I can't even ask for help from them because how am I meant to say this in a way that will show them that I love them and I'm not accusing them, and I'm not crazy and I just want to have control over myself and my emotions and my thoughts. I just want to feel happy, I want to stop making everyone miserable, I want to be in on the joke that everyone else around me is in on. I feel so scared and angry and confused",Bipolar,3,test,train,train_added,test_01791
train_added_val_search_00291,val_search_00291,if it werent for him i would have been dead by now i cant imagine how horrible he would feel if i did it now im just in an eternal state of depression and cant do anything about it i both love him and hate him for it mostly love but god damn i feel trapped,Depression,1,val_search,train,train_added,val_search_00291
train_added_test_00636,test_00636,snaprebelx omg i love that show i would be so mad i feel ur pain im sorry they spoiled it for u,Normal,0,test,train,train_added,test_00636
train_added_val_confirm_00034,val_confirm_00034,"Latuda Dose Increase? I've been taking 20mg of latuda since october 2016 with 1500mg of lithium.. the latuda definitely gave me the mood/functioning boost i didn't even realize i needed and i feel like i'm back headed towards the rut where my medication could be more on point, but nonetheless its working.  

my pdoc suggested i go from 20mg latuda to 40mg. i'm thinking about agreeing to it and increasing before i have an episode that forces me to switch up my meds.. i just have a few concerns about increasing...  

i haven't experienced any side effects from latuda. what are some of the things to be aware of that you guys have experienced when you started taking it or when you increased your dose? next, do i need to eat even more before i take it? that may be a dumb question but the nausea is excruciating when not eating enough even after 20mg. and last, did you guys like have any side effects after increasing? maybe being overtired or a major mood shift?  
idk i'll stop rambling, just looking to hear some peoples thoughts/advice/experience with increasing their dose.  

THANK YOU IN ADVANCE!",Bipolar,3,val_confirm,train,train_added,val_confirm_00034
train_added_test_02093,test_02093,"Love yourself—Take care of yourself. Historically, for me.. January-March is the hardest time for year for me.

My Anxiety journey began two years ago, in February. One of my best friends passed from a Brain Tumor, the month before. I went to his funeral and they talked about all the symptoms he had.... next thing I know, I’m consumed by constantly looking for the same symptoms. Then they start to appear.... One day, I’m fine. The next day I have a pain in my neck and googled it and was convinced it was cancer and I was going to die and leave my young wife and daughter. Then I had a full blown panic attack on Valentine’s Day and ended up in the ER, convinced I was having a heart attack.

Since then, it has been on and off struggles with a brain tumor fear—my longest battle. But every January, the anxiety comes back with a vengeance. I know this is the case for a lot of people... the bad weather, the dark days with not a lot to do, it takes a toll. 

Remember. Take care of yourself. Excercise, hell even just go on a walk. Distract yourself. Don’t seclude yourself. Don’t google. Eat your greens. TAKE CARE OF YOURSELF. 

We’re all fighting the same battle. We’re all constantly battling with the very real symptoms that our bodies have. The very real fear of passing before your time, or having a terminal disease. I care about each and every one of you. Hang in there. And let’s fight the good fight every day. ",Anxiety,2,test,train,train_added,test_02093
train_added_test_01071,test_01071,"I have no friends. I spend all week working, only looking forward to when I can get home, smoke a joint, and go to bed. My ex is out there making friends and having adventures, meanwhile I just jerked off to a bikini picture she posted on instagram. I feel like such a loser I am such a fucking mess",Depression,1,test,train,train_added,test_01071
train_added_test_02265,test_02265,"What do you consider the difference between Bipolar I and Bipolar II, based on your perspective? I have Bipolar II and describe it as the sadder instead of madder version, but I don’t know if that’s really accurate. My manic episodes are generally not dangerous and I have no temper or anger issues. But my depressive states are lengthy and horrid and dark and deadly. I only know what I’ve endured though. ",Bipolar,3,test,train,train_added,test_02265
train_added_test_01473,test_01473,my brain just doesn t work i almost feel retarded with this costant foggy brain feeling that i have my head is completely foggy i can t even do simple task properly such a making the bed drive ecc i need to read a sentence multiple time before getting it now everytime i try to do these thing my brain just can t concentrate on the step to do them and i end up feeling even more depressed how is this possible my executive function is fully impaired at this point i ve been dealing with this shit since two year at least and i m just a shadow of what i used to be,Depression,1,test,train,train_added,test_01473
train_added_test_00644,test_00644,"so i have done the s/h recently like, more than a week ago and I am going on vacation tomorrow. needless to say, were going to be swimming a lot all throughout our holiday and i have some scars in my right upper thigh. the swimwear i have is a two piece bikini and no one in my family knows i am s/h-ing. what could be a good option for covering up my scars, taking into account that i cannot buy a different type of swimwear to cover them up? TW: MENTION OF S/H",Depression,1,test,train,train_added,test_00644
train_added_val_confirm_00026,val_confirm_00026,"Flu Fear! Oh boy. It's DEFINITELY that time of the year. The time of year to search all over the internet for articles on flu statistics and reading through the sad cases of people who were killed by it, and subsequently, sending yourself into a spiral of anxiety when you remember the fact that you did not get your flu shot this year.

I've never gotten the flu. I haven't gotten the shot in a few years too, I believe. My doctor asked me if I wanted it a few months ago, but I foolishly said no at the time because I was in a rush to leave. Boy, do I regret it now.
I go back to college in about 2 weeks, and I am stressed. I suppose it's not too late to go get it, but that doesn't quell my anxiety over the fact it's only 10% effective anyway. Jeez.

TLDR; I'm afraid I'm going to be one of those rare cases of someone dying of the flu. I need to stop reading. 
I'm hoping for some solidarity here. Does anyone else have this fear, especially considering this season is supposedly very bad?

",Anxiety,2,val_confirm,train,train_added,val_confirm_00026
train_added_val_confirm_00915,val_confirm_00915,"I know this is not where I should go to be diagnosed for this but it is been so hard finding a psychologist who is not fully booked in my area lately. Every day, I wake up from a (usually terrible) dream at 1-2pm and feel tired even though I have gotten 9-10 hours of sleep. I try everything, from meditation to daily exercise to journaling - but I always feel the same emptiness/loneliness whenever I am alone, especially at night. that is why I always end up sleeping past 3am because I cannot get myself to relax until then. I always get these intrusive thoughts of embarrassment from my past, and a ton of bad flashbacks. I rarely think back to good memories. I try to push myself to be productive every day but I feel more and more lethargic and fatigued every day. I go to the gym 5-6x a week and eat plenty of food (2500+ calories) but I always end up feeling a lack of energy (even with caffeine) and cannot focus on my goals. I also drink plenty of water. And worst of all, I feel like my memory has worsened to the point where I constantly forget the names of acquaintances, misplace my belongings, and my entire childhood has become a blur (my mother was an abusive narc for most of my life - which I believe contributed to this).Honestly, it feels like I self-sabotage myself so often. I get thrown back into hours upon hours on Youtube/Social Media to get that dopamine high that I usually never get otherwise. I try to stop but I always get sent back into a loop the next day. I just always feel sad and alone for some reason, even though I have plenty of friends. My mom was diagnosed with depression before and my sister is suffering from bipolar/personality disorder right now so I wonder if it is a genetic thing. Can any of you relate? I really do not want to take meds but I feel like this feeling is just going to get worse and it has made me isolate myself from a lot of friends. I do not know if I am depressed",Depression,1,val_confirm,train,train_added,val_confirm_00915
train_added_test_00649,test_00649,I'm lazy.. I'm so nervous,Anxiety,2,test,train,train_added,test_00649
train_added_val_confirm_00087,val_confirm_00087,"first of all, sorry for my English. it is not my first language and I am tired. I do not know where to start, do you know that feeling you have when you are super attached to a person and everything she/he does affects your mood? Well, I am there. I am fearing for her/him to abandon me, we are just friends but I am not sure when this happened, I just cannot be happy if we are in a bad spot on our relationship. And most of the times there is no ""bad spot"", it is just me destroying myself after over-thinking about a posts, or a bad response from him/her etc. The worst part of this is that the most important person in my life does not really have that same feeling for me. I know I am important to her/him, but not the same way, and it fucking hurts, I do not KNOW WHY. And I cannot make it stop. My life is nothing without him/her, and I am ashamed of myself for that, it is just ridiculous. I am even trying to change my body because maybe he/she will like me more. He/she never told me anything bad about my body, but I feel like I need to do it. My body is not bad tbh, but I want it better, not for me but for him/her.I need some advice, what does people do to end this? it is been a lot of time and I cannot see how to get out of this wheel. At this point I do not have anyone I can talk about this with, that is why I came to Reddit. it is super late here and I cannot sleep, my brain will not stop thinking about that person and how our conversation today was not good, I made him/her felt bad in some way and we did not talk much more. We are not angry at each other, but it was a but weird. Sorry I am not going into details but I do not want that person to read it and see who I am. that is it, I do not have the strength to write more but there is a million thoughts in my mind right now. I cannot get a person out of my mind",Depression,1,val_confirm,train,train_added,val_confirm_00087
train_added_val_confirm_00766,val_confirm_00766,having narrisstic parents makes it worse :( cannot wait to go back to school staying at home too long gave me brain fog and depression,Depression,1,val_confirm,train,train_added,val_confirm_00766
train_added_val_confirm_00753,val_confirm_00753,Why are these people not afraid of buber here and there. Do you want to be mothers like this? Afraid that buber will bring a virus or something for the kids,Normal,0,val_confirm,train,train_added,val_confirm_00753
train_added_val_confirm_00676,val_confirm_00676,andygosling ouch zoom and the clearfix method are your friend,Normal,0,val_confirm,train,train_added,val_confirm_00676
train_added_test_00146,test_00146,"Having depression and/or anxieties can fck you up so badly that it changes all the life you have now. How can you accept the things that you cannot change? Things you know will have consequences in your life, things that you cannot just simply ""move forward"" and ignore because it is affecting you now and will affect you later. Nevertheless, you do not have the option to act for a change because it cannot be changed anymore. How do you act upon this feeling? Knowing that no matter how much you want to improve and move forward, it is already part of your life. It cannot be changed nor ignored. It cannot be glorified that ""it is an important part of your life"" because you know you are much better off without them. How do you deal with this in the right approach? How do you accept the things that broke you forever?",Depression,1,test,train,train_added,test_00146
train_added_test_00699,test_00699,"Is this normal? I feel like I have a burning sensation in my chest and my head. I feel like I drank 3 cups of coffee, but also drank some wine.

I am energetic, but sad. I am restless and I want to cry. I want to yell, hurt and tear into everyone and my impulses seem to be more in control than my logic. I can't focus, am floating. Impulsive, Anxious, Agitated, afraid, sad, paranoid, I am feeling everything at once.

Most of all I want to find a hole and hide until it passes.

No meds, don't drink coffee, don't drink alcohol. I have a hard time coping when this happens and it happens to varying degrees often.

This is the worst one this year due to stress.

I hate feeling like this.

EDIT: FYI, not self diagnosing. I don't know how to cope with this. I didn't catch it in time, yelled/tore into my wife and now I feel even more depressed. ",Bipolar,3,test,train,train_added,test_00699
train_added_test_02288,test_02288,"I have everything good in life. Stable life, career and a loving partner but still i feel unhappy. I have everything in life i want and still feel so void. I have tried different things as distraction like hobbies but in the end it comes down to i do not know what is missing.I wake up with these thoughts all the time and sometimes it drags me to self harm. :(It cannot be looking for purpose as i have come to terms that life does not have a purpose and we have to create our own. what is wrong?",Depression,1,test,train,train_added,test_02288
train_added_val_search_00360,val_search_00360,running nose spinning head not a good combination for a meeting,Normal,0,val_search,train,train_added,val_search_00360
train_added_val_search_00119,val_search_00119,"Weird bump/crease in the back of my head I have always had a crease in the back of my head but I just felt it and it feels like it's more significant than before. I have gained weight, so its probably that. I googled people with bald heads and some people have this crease while others do not. Is this normal to have??/",Anxiety,2,val_search,train,train_added,val_search_00119
train_added_test_01500,test_01500,cezzadwen i think that it s pretty standard wherever you go can t find it anywhere in canberra yet,Normal,0,test,train,train_added,test_01500
train_added_test_00400,test_00400,"Most furious to choose food randomly near grab 30 min looking for it, then it's closed like it doesn't work because it's fed up. then reopen another 30 mins.",Normal,0,test,train,train_added,test_00400
train_added_val_search_00115,val_search_00115,that wasn't very nice of her.,Normal,0,val_search,train,train_added,val_search_00115
train_added_val_confirm_00152,val_confirm_00152,"Struggling to get the help I need!   

Around the age of 19/20 I began struggling badly with my mental health. I began drinking heavily, doing drugs and staying up all night on my PC. Having just enough sleep to sober up a little so I could go to work and live a seemingly normal life.

One morning I was on the transfer bus from the car park to my office and as it pulled in to the stop before my office I got off the bus and found myself on a train to the seaside. I love the seaside, it is where I go when I need to calm my mind. I texted work letting them know I wouldn’t be in work today then went and found a place to sit! Today was different though, instead of calming thoughts and feeling refreshed, my head was spinning with thoughts like walking into the sea or stepping in front of a train anything to just end it all.

In a panic I ran back to the train station, getting on the first train home. 35 minuets into the journey the train stopped. A person had stepped out in front of the train I was on. My mind was all over, at the time I was thinking it was a sign. I thought about it for the next 3 hours and had basically talked myself into doing it. By time I had reached my car I had managed to buy enough packets of pills to take my own life. 

I started to take them, I had taken about 100/150 pills and then in a split second I changed my mind. I ran back to the train station looking for help. I was crying so much I couldn’t even get my words out I kind of just threw my empty packets at the feet of the first ‘official’ person I found. 

Within a few hours I was in hospital and my mum was there. The next few days I had explained what had happened. My mum didn’t believe me, she refused to believe it. She would say things like ‘but you’re always so happy’, ‘you have no reason to do something like that’ or ‘it just doesn’t make sense’. 

So that was the first time I really knew I had a problem, work organised for me to see a councilor. I had 6 sessions, but I felt like I was getting nowhere. So, I stopped going.

I went to my local doctor’s office, and they gave me some pills. Then some more pills and again some more. Most of the time I would just stopped taking my pills as they started causing me problems with my job.  A few years later I felt like I was no better, so I decided to start therapy again, and once again I got nowhere, the therapist would call me by the wrong name or show up late. So, I stopped going. After a few months my doctor sent me to a new therapist it was here that my therapist told me she believed I was Bipolar. I felt like I had answers and I could fix it on my own. So, I stopped going.

A few weeks later I relocated to be with my boyfriend over 100 miles from ‘home’ and from my Doctors. But I felt great, my mind was distracted by all the new things going on I felt happy and normal for once. Boy was I wrong!! Once everything had settled down it hit me and hard! Self-harm was on my mind ALL the time! It still is but since moving to a new house I feel like the change is distracting me right now and everything will come back once I am not so busy. I also feel like I am not good enough and that I am alone despite having an amazing boyfriend and a great job.

I know that I need to go to my new doctors and get some help but at the same time I don’t want to because I am scared! I don’t know much or anything about the treatment for being Bipolar but if the road is as rocky as it was when I was being treated just for depression I am not sure I could cope.

I promised my boyfriend I would try and get help, and in my mind, I want to but only when I physically can’t. Like the middle of the night or on a weekend. 

I need help to overcome this by someone who understands how I am feeling but no one does ? 

TL:DR After an attempted suicide I tried to get help and for years nothing worked, I tired therapy and medication. I finally found out I am bipolar, but I relocated before I started treatment and can’t bring myself to go to my new doctor to get treatment. Need advice from someone who understands.",Bipolar,3,val_confirm,train,train_added,val_confirm_00152
train_added_val_confirm_00228,val_confirm_00228,"This is just one long rant.My family fights. Mainly, it is just Daniel and I, Daniel being the one my mom married before I was born. I do not consider him anything close to a father figure, but he is the only thing I have other than teachers, counselors, or school staff. Fighting has taken a toll on me, a lot. I am always the one at fault and he makes sure to phrase it in a way that makes me the one in the wrong, always. This has ended up with me scared of loud noises, feeling like a failure, feeling unloved, depressed, scared of hurting people, scared of being around people, scared of making mistakes, scared of offending people, scared of authoritarian figures that would coincide with father figures, defensive, rude in many cases, and in some ways, unable to properly read cues, though this might be an autism thing. For just over ten years, we have been digging a huge pit of anger and hate, mainly my hate for him, and the grief that comes with not feeling loved by someone who you see everyone else loved by. The depression stemming from the constant battling has ended me up in hospital three times due to being suicidal after fights, mainly because I feel like a disappointment. I end up wanting to punch him in the face, push him out the door, and lock every single entrance but I will never be strong enough emotionally for that. I am already a failure as is.I find it incredibly hard to cry, mainly because of how much I did in the early years, and have ended up being semi-violent when it comes to confrontations with him. I will end up throwing things or slamming doors because I want to get away from him at all costs, I want to put something in between me and him. This usually ends up with me wanting to kill myself, like today. I did the only thing I could think of in the midst of the pain and depression today, I left the house and walked to the open space nearby. there is a bench there I am fond of. I managed to cry up there. I am glad nobody was out today. I contemplated commiting. I am glad I did not. I contemplated running away. I am glad I did not. The only thing keeping me sane is the people I love and I hate it so much. I feel like I should live for more than just spite and to make others happy. I just want to be happy.The thing that hurts the most is when I see families having fun together. A dad and his child reading a book on the sidewalk. A mom and her daughter walking the family pets. A husband and wife taking their toddler in a stroller.It makes me feel raw hate. Hate to myself that I cannot be a better person. Hate to myself that I cannot have that because I cannot control what little temper I have. Hate that despite everything I do, he cannot take responsibility for anything. I hate it. I hate me.How can I be happy when my whole life is pain and sadness? How can I be happy when the person I am supposed to look up to despises me more than the dogs I pass in their yards? Why do the *dogs* pause to see if I am ok longer than he does. I want happiness. Please. I would give anything for that peace.tldr: I am in pain. I hate myself, my dad, everything I am. I just want happiness. I feel like shit and I need to rant. Thisll be long, you do not have to read. Tw; suicide, self harm",Depression,1,val_confirm,train,train_added,val_confirm_00228
train_added_val_confirm_00851,val_confirm_00851,"is it normal for an SSRI to make you feel like you're literally dying I was prescribed 50 mg Zoloft for anxiety and depression which I took for the first time last night. What followed was the most excruciatingly painful and unbearable 12 hours of my life. I threw up anything I ate, heart was pounding nonstop, my entire body was numb, and I couldn't sleep without being constantly woken up by stomach pain or nausea. Pretty much all the anxiety symptoms I normally get except all at once and multiplied 100x. At certain points I honestly felt like I was about to die or pass out.
I know people say that it gets worse before it gets better but nothing could have prepared me for this. I don't think I'm gonna take another dose until I can talk with my psychiatrist and be absolutely certain this won't happen again. Anyone else have a similar experience or am I just really fucking unlucky",Anxiety,2,val_confirm,train,train_added,val_confirm_00851
train_added_val_search_00139,val_search_00139,"How spring affects you? How do you react when spring is coming? how spring affects you? Are you getting hypomanic or depressed? Or it doesn’t affect you. 
I’m excited because if spring, but I’m affraid that I’m hypomanic from this excitation",Bipolar,3,val_search,train,train_added,val_search_00139
train_added_test_01302,test_01302,"Therapy is moving slowly because I cannot fucking talk, I always shut down. My meds are not working, self harm is never enough, and all I want to do is die but I do not know how and I can never find the right moment. Every day is a monotonous continuation of the previous one, I am in autopilot so often I do not even remember what happens anymore. I just cannot handle anything anymore and I feel like death. I just want this to end somehow, life feels more like a prison than a blessing, I feel trapped I feel so trapped",Depression,1,test,train,train_added,test_01302
train_added_test_00287,test_00287,How quick did your medication begin working for you? I began taking Lamotrogine 15 days ago and I've been looking for any changes I've seen in myself ever since then. I notice that I do feel a little more disciplined or maybe even stable but I'm unsure whether or not I'm just having a good week or it's the medication. My doctor said I would likely feel a difference in four weeks so I'm keeping that in mind but I just wanted to see what everyone else's experience with the medication was.,Bipolar,3,test,train,train_added,test_00287
train_added_test_01725,test_01725,for awhile i ve been having thought like these i ve spoken to my therapist and i can t really say she s said much i m trying to make it become a bigger topic but these thought seem so weird and i m not sure how to deal with them it s really extreme stuff too i don t see anyone forgetting like i will literally sit there and be like what if i cheated on my boyfriend and just don t remember it you people reading this probably think i m so stupid but it can t just be me,Depression,1,test,train,train_added,test_01725
train_added_test_00994,test_00994,"I am 20 this year and I am about to start university in 2 months time. the anxiety is building up every single day and its so hard to get out of bed. i do not eat, i do not sleep much (or i sleep too much ; 17-19 hours a day) and i really am so stressed that I am wasting away whilst seeing my friends preparing for university. I am majoring in Physiotherapy, which is a pretty tough course to get into in Singapore, and the education system here is honestly overwhelming. just thinking about school and the stress that i am going to have to endure in the near future gives me panic attacks. i think its pretty ironic that i am so passionate about healthcare, but i myself have been struggling with mental illnesses for 8 years. I have been in and out of hospitals due to attempts and severe blood loss due to SH, and I have been on meds since i was 13.well, i guess i just came here to vent and maybe to find someone else who is in my position as well. if you took the time to read my post, thank you. hope everyone is doing well entering university with severe lack of motivation",Depression,1,test,train,train_added,test_00994
train_added_val_confirm_00728,val_confirm_00728,i don t know if this is the right place to talk about this a of lately everything seems so lifeless and empty i feel empty i have family and friend who care for me but still have this void inside i don t know i m just so lost i m not used to posting shit like this i m usually an outgoing guy the type that seems happy and make plan with friend i try acting like i m okay but it s draining talking to people feel draining i know i sound like i m bitching but i m just confused i ve also tried doing a new hobby and working out but it only make me forget about it temporarily,Depression,1,val_confirm,train,train_added,val_confirm_00728
train_added_test_01328,test_01328,"ml! if 4 round 1st place and 1st round 2nd place, approximately how much dm do you get?",Normal,0,test,train,train_added,test_01328
train_added_val_confirm_00601,val_confirm_00601,im falling apart bad i fell from grace and i don t know where i m going where do i begin i m so insecure i just got a bad haircut today and i feel ugly i m and a guy im just constantly in pain a little over a month ago my girlfriend left me this wa on february th i had such a beautiful girlfriend who didn t care about my height she started liking me in high school i m starting to feel like i m giving up i miss her so much she treated me like i wa a human and now i have no faith in anyone else looking at me like that she wa with me for and a year and left me i feel like my life is crumbling i don t know how to stand back up and take back over i had a fall from what i thought would never end i never thought she would leave me i m literally just a pit of despair and i act everyday like i m not i go laugh a little go to class go to the gym it s all fake i feel like garbage inside i went to party the last week and had fun all fake my heart ha been in my stomach since she broke up with me and i m seriously falling apart i don t know what to do i can t even gather my thought on here to type what s the point anymore i m barely hanging in there anymore,Depression,1,val_confirm,train,train_added,val_confirm_00601
train_added_val_confirm_00983,val_confirm_00983,"This is a throwaway account but this is a real post. For context, I am a young female who has been used and abused throughout my life. I was molested by a woman when I was 5, physically abused by my former stepfather, molested and raped at age 18, both times while blackout drunk. I got married and was used for a green card, I was abused by him and we got divorced. I started dating after the divorce but I found myself being used by men for sex. I started thinking that if I was a prune, no man would want to be with me, so I kept making the same mistakes over and over. I feel gross and disgusting. I attempted suicide last November by ODing on my antidepressants, did not work. I am now feeling like giving up. I do not think I can be fixed and I cannot heal. My stomach is all messed up from taking those pills and I am constantly nauseas, throwing up my food and I am sick of it. I cannot keep a job because I am mentally unstable and depressed. I have been looking at things rationally and I really feel like using an exit bag and taking myself out of my misery would be better. Am I really so crazy for wanting release? I have been through so much more than what is on this post, I hurt so much everyday. I am currently living with my bf of 6 months who has taken over the bills the past two months after I quit my job. I feel like a huge burden. I have been diagnosed with ptsd, mdd, gad and insomnia. I have no health insurance so I cannot get therapy and I lost my antidepressants Used and abused",Depression,1,val_confirm,train,train_added,val_confirm_00983
train_added_test_01809,test_01809,that was a huge fire in santa barbara.,Normal,0,test,train,train_added,test_01809
train_added_val_confirm_00061,val_confirm_00061,"Since December I had a complete breakdown in December, nearly a month to the day after writing my mom out of my life.  I am mid 30s, and my therapist said I have two ptsd triggers from childhood trauma, with my mother being the largest chunk.

The ER trip in December involved barking ""Help"" but feeling like I wasn't the one saying it, and randomly losing consciousness due to hyperventilating, and intense heart palpitations.

The heart palpitations and hyperventilating happened about 7 years ago as well, and I remember doing similar when I was a young kid.

I had another panic attack last week, and my anxiety has been up and down.  Hydroxyzine for panic instances, and prozac to keep me level.

My mind instantly goes to the worst places when my anxiety is high:  it's a stroke, a heart attack, a tumor, an uncurable/unknown disease.

Thanks to therapy, I'm no longer depersonalizing/derealizing, but this just means that staying in the moment involves powering through intense heart palpitations, fear, and cold/hot feelings.

The medication brought back a handful of dreams for the first time in more than a decade or two, but only for a week.  But now, I have had a handful of ""simple"" auditory hallucinations, such as a drum beat, a beeping sound, or the sound of water pouring, all of which are coming from in my head.

Has anyone had a similar mental breakdown after removing someone like a parent?  Work has been a stressor too, but my mom was the trigger, and work was the icing.  For months before this, I was frequently tired and not hungry at all, and always stressed at work, and had a short temper.

I just want to feel normal.  Right now, things are generally ok, but when that spiraling anxiety occurs, it's really hard to break free and feel like I'm staying sane.",Anxiety,2,val_confirm,train,train_added,val_confirm_00061
train_added_val_confirm_00937,val_confirm_00937,"How do you stop fuzzing? My friend is as healthy as can be, but eversince I started really knowing him there's been something wrong. He'd go to the doctor, clear up whatever condition he thought he had and then he'll go home and start googling every single aspect of his bodily functions. (For example: ""Smelling burning wood"" - then he thinks obviously something is wrong with his nose now??) Until eventually he discovers some other condition he may have. Then he stresses it until a doctor clears it up again and then repeat. He would sit for hours up at night reading symptoms, and unfortunately  that is not exaggeration.

He's never fine, never normal, never healthy in his mind. And as much as it annoys me, its worrisome. Because there's no helping a person that always thinks that he knows better.

I'm looking for someone who can advise him on how you coped or even escaped this state of mind. But any advice would be appreciated.

Thanks.",Anxiety,2,val_confirm,train,train_added,val_confirm_00937
train_added_test_01835,test_01835,"Are you all aware of severe depression caused due to menstrual cycle each month? It can lead to suicidal behavior in some of us. Any thoughts? Women who have subed this group, a question.",Depression,1,test,train,train_added,test_01835
train_added_val_confirm_00479,val_confirm_00479,"Not sure if I want to go to a friend's wedding One of my mates has invited me to his wedding and I'm not sure if I want to go.

I really appreciate the invite and we were really good mates years ago but since 2018 I've not seen him too much since he moved away.

The wedding is a good 7 hour drive away and I don't think I'll know many people at all. Just maybe two or three other mates I've met before, but no one else. I don't have a plus one or anyone to go with.

I'm feeling a bit anxious about it and don't want to be a bad friend or let him down by saying no, but I have a feeling that if I go, I'll feel really awkward. Will be a lot of his and her family and I'll just be there not knowing anyone really at all. 

Also it's gonna be quite an expense in accommodation and travel expenses. I'm just torn what to do!",Anxiety,2,val_confirm,train,train_added,val_confirm_00479
train_added_val_confirm_00111,val_confirm_00111,fayokemi keziah oluchy is it laughter or depression you re wishing me,Depression,1,val_confirm,train,train_added,val_confirm_00111
train_added_test_02455,test_02455,"Why be afraid of pain when all of our feelings can be created!.. There will always be calm, on the sidelines of anxiety waiting to subside...",Anxiety,2,test,train,train_added,test_02455
train_added_val_search_00339,val_search_00339,Rapid cycling? Anyone deal with rapid cycling? I feel like my whole life is turned upside down after every shift. Any advice or even someone who’s experienced this would be awesome :),Bipolar,3,val_search,train,train_added,val_search_00339
train_added_test_00660,test_00660,"fomo from things i’m not involved in does anyone else get this? recently i watched a tv show, and have become a bit obsessed with it and the relationship between the 2 main characters, both in the show and in real life. it’s not even a romantic relationship, it’s a father-daughter type. and i have a good relationship with my dad so i’m not sure where the feelings are coming from, but i can’t shake them. i keep thinking about the show and how good it was, and how beautiful their relationship is. and then my social media’s keep showing me edits and clips from interviews etc that just make me more interested. but i always end up feeling sad after because i’m not a part of it? at least i think that’s what the feeling is. 
i’m wondering if anyone else has felt like this, and how you explain it? or what you did to move on or look at it in a more positive way. i’m tired of feeling sad.",Anxiety,2,test,train,train_added,test_00660
train_added_test_00688,test_00688,Got TS's desire to be bangchan. But afraid to be comfortable.,Normal,0,test,train,train_added,test_00688
train_added_test_02366,test_02366,"tapering off of lamictal - PLEASE HELP I have been taking lamictal for a month now... started at 25 then got up to 75. was low on pills toward the end and also decided to taper off because of side effects (irritability, fatigue). I have been taking 50mg the past two days as was almost out of pills... experiencing slight withdrawal. constipation (tmi sorry), fatigue, slight nausea.... my doctor just refilled my prescription and said to take two pills for a week (50mg) then 1 pill for a week.... I told her that with all due respect, i'm pretty sure that's not safe as I am much too sensitive for that as I am ALREADY experiencing discomfort at 25mg lower. I think once I get a refill I will up the dosage a bit as I really am not feeling great. what would you recommend for someone that's been taking it for a month? this is the WORST. i'd rather deal with my moodswings than take anymore drugs. please help me :'(",Bipolar,3,test,train,train_added,test_02366
train_added_test_00930,test_00930,"Before issuing a statement, it's better to read and understand the context first",Normal,0,test,train,train_added,test_00930
train_added_test_00779,test_00779,"Swam at public pool with contacts I was fine swimming around but when I went home, it occurred to me that swimming with contacts in for 2.5 hours in a crowded public pool is maybe a bad idea. Internet confirms this... 

 I've been back for a couple of hours and scared I'll go blind or something now...  I took my lenses out and rinsed my eyes out with tap water... 

How long until I know if I've got an infection?... Eh...",Anxiety,2,test,train,train_added,test_00779
train_added_test_00463,test_00463,"It’s not that I don’t want to live, it’s that I don’t want to live like this. This is where I am tonight. Sick of all the meds, their side effects, the doctors, therapist, support group, of it all. The sad part of it is that yes it will end; but only when I die. ",Bipolar,3,test,train,train_added,test_00463
train_added_val_confirm_00502,val_confirm_00502,"I cant participate in gym. I (16M) am terrified of gym class. I just found out that I am forced to take it next year inorder to pass grade 12. Im scared of getting hit by the balls flying around. When ever im on a team, we always loose because I cant do anything, which makes everyone hate me. 

Im also terrified of the changing rooms. I cant even take off my shirt in front of other people, let alone my pants. I dont even like going to school with a shirt on, I have to wear a hoodie.

Someone please help me.",Anxiety,2,val_confirm,train,train_added,val_confirm_00502
train_added_val_confirm_00849,val_confirm_00849,"How do you choose an ER/hospital to go to? I’m not doing great and think I may want to admit myself sometime soon. It’d make the decision easier if I knew beforehand where I was going. I live in a major American city, so there’s a few options. From people who’ve admitted themselves, what did you learn that you’d like to share?",Bipolar,3,val_confirm,train,train_added,val_confirm_00849
train_added_test_01131,test_01131,"Off balanced I’ve had the offbalanced feeling for a few months now. My family doc says it’s an inner ear thing, and just instructed me to put drops of oil in my ear every night.... anyone else have this?? 

Sometimes my eyes go blurry for a bit...

I can’t tell if it’s my anxiety or not, because I know those are symptoms :( ",Anxiety,2,test,train,train_added,test_01131
train_added_val_confirm_00213,val_confirm_00213,tairinonfir fudiggity shark ozero my bc packet low estrogen le severe side effect reason men dropped out in 0 study pain acne depression suicidal thought the depression wa main listed reason for halting trial one case of possible infertility current monitoring i m not saying male bc http t co e l i wdf,Depression,1,val_confirm,train,train_added,val_confirm_00213
train_added_val_search_00156,val_search_00156,Paranoia---Help Please! So do you know if you are paranoid? I feel like I am having some serious paranoia but I'm not sure if I'm just super anxious or if I am actually paranoid. ,Bipolar,3,val_search,train,train_added,val_search_00156
train_added_test_01814,test_01814,i wa always considered lazy by my friend and teacher growing up i never did the chore around the house or clean my room now im and i realise im just like my father he ha no friend he sleep all day except of when he is working he drink every night he never go out except of work and grocery he doesnt care about his appearance or hygiene my mom and sister always despised him and they have been mean to him because he doesnt do anything around the house and now they started treating me badly too my sister look at me with disgust they compare to my fater to insult me the truth is im extremly lazy i sometimes skip school because im too lazy to shower get up early in the morning and get dressed and all that stuff if i dont leave the house i dont even brush my teeth or shower my room is a mess and it doesnt really bother me that much it s just that im ashamed being disgusting doesnt bother me is that okay oh and i sit in bed all day i do study for school so i dont fail but i do it from my bed the thing is i am not lazy enough to eat i actually eat too much i do wish i would die sometimes but i think it is because i dont really enjoy anything except of being online all the time i am just too lazy to do anything else i dont know i might just be mentally lazy throwaway because i dont want anyone to see that on my main and thank you if u have read this far,Depression,1,test,train,train_added,test_01814
train_added_test_00432,test_00432,"Stop recommending the ER Be depressed 
Go to ER
6000$ medical bill
Be depressed and in debt

Seriously for those with mental health issues in the United States please fucking stop recommending the ER. Its expensive and a horrible experience.

If you live outside of the US great! Enjoy your healthcare.",Bipolar,3,test,train,train_added,test_00432
train_added_test_00169,test_00169,"How do you keep your health records? I keep mine in a cabinet. And sometime it is really difficult to lookup, especially after we have children and paper documents became a mess! 

I came up an idea to build my own application to help me do that. Check out this [http://lucycare.us](http://lucycare.us) . If it helps, feel free to  support me :)

&amp;#x200B;",Anxiety,2,test,train,train_added,test_00169
train_added_val_confirm_00280,val_confirm_00280,"Bump on the (fore)head I have noticed that there is a “bump” - it’s bone though, not actual bump as when you bump your head against something - on one side of my forehead. I can definitely see it looking from the profile. I haven’t ever really spent ages investigating my forehead shape, but I’m pretty sure it wasn’t there always - however, I couldn’t tell how long it’s been present either. Years ago I had a pretty bad head injury in an accident, but I was overall ok and haven’t really had any problems since - so I’m guessing it’s probably not directly related, if there is anything... As of recent I have developed strange little symptoms, eg. I feel like I’m clumsier/less well co-ordinated than before and my muscles on one side feel a bit strange/achy sometimes, but these things aren’t very consistent and aren’t really getting worse, they’re probably in my head and they do get better with vitamin B.

I know I tend to be a bit hypochondriac and after that accident years ago I was, understandably, pretty paranoid about anything head-related - that’s why I’m hesitant to actually speak to a doctor in case they think I’m crazy and I waste their time on nonsense. If there’s anyone on here who knows a bit about the subject - any doctors or med students maybe - do you reckon it is worth checking out? ",Anxiety,2,val_confirm,train,train_added,val_confirm_00280
train_added_val_confirm_00266,val_confirm_00266,"My mum makes me take Prozac and I have tried fake taking them but she found out I was doing that and how checks my mouth every time. I hate taking them it makes me angry, and I feel manipulated because it makes me think they are trying to change me :( Feeling manipulated after taking meds",Depression,1,val_confirm,train,train_added,val_confirm_00266
train_added_test_01313,test_01313,"First time in months. Normally I avoid the scale because it messes with my head but in this case not keeping on top of my intake and lack of fucking exercise means I gained back what little I lost. Yet again, destined to be fat. No wonder no one wants me. Weighed in today",Depression,1,test,train,train_added,test_01313
train_added_val_search_00168,val_search_00168,"I've had an anxiety-free week and a half and then... I started catastrophising about having a brain tumor. 

All during the holidays I've had a constant fear of having a blood clot, and then that fear went away for a few days and I've felt great. And now I'm having daily headaches on the same spot and I'm so scared I have a brain tumor. I just got blood work done (just normal stuff) so I'm hoping that if I had something it would show up in that..... 

Anyone else have any advice in dealing with thinking i have a brain tumor and how to talk myself out of it ",Anxiety,2,val_search,train,train_added,val_search_00168
train_added_val_confirm_00796,val_confirm_00796,"Is happiness and stability truly attainable? I am 24 years old right now. I was diagnosed bipolar type 1 in October 2016 (age 23) after a suicide attempt landed me in the hospital, so relatively speaking, this is a new diagnosis. When I got diagnosed, a lot of things about my adolescence suddenly made sense. I suspected as early as age 15 that I was bipolar, but was unable to get help for a few years. 
I have felt depressed since I was probably 9, and I started struggling with sleep/having manic episodes since I was maybe 12 or 13. 
When I was 21, I got to university and they had a counseling program. This was when medication began.
The counselor and doctor just assumed I was depressed and had anxiety, so we medicated that, which caused further problems. I eventually stopped taking the medicine (couldn’t afford it, and especially not if it was making it worse) and things went back to normal. 
So I guess that’s what I’m getting at. My normal is fairly stable. If 1 is a major depressive episode, 5 is perfectly stable, and 10 is a manic episode, I’m probably at a 3 most of the time. 
The depression is such a huge part of me that even when I’m manic af, it’s only ever a mixed episode.
When I was diagnosed bipolar, we started medicating for that, and sometimes things feel okay for a little bit, but I’ve gone through several meds and combos and almost everything makes me feel worse. I either end up somewhere on the mania/mixed episode spectrum, or I feel no different at all. 
As it is, a good cup of coffee makes me feel better than most combos I’ve tried, so I stopped taking anything, and I feel mostly fine. Just the usual 3-4 that I always am. 
But what I want to know is if it’s possible to actually end up happy. Is there a combination of drugs that will make me feel better, and I just need to keep trying? Is there something that may be more effective than just drugs? ECT, or some kind of therapy? Or will I always live a life of being a little bit depressed. 

TL;DR: fairly recently diagnosed BD1, always at least a little depressed. Is happiness in the right combo of meds, something else, or am I doomed to always be depressed?
",Bipolar,3,val_confirm,train,train_added,val_confirm_00796
train_added_test_01854,test_01854,"I like not knowing myself. Having a mentality that is very easy to get down, often feels worried or anxious, has difficulty controlling thoughts, is very easily hurt. Sometimes what makes us suffer is to think too much about what other people say.",Anxiety,2,test,train,train_added,test_01854
train_added_val_confirm_00438,val_confirm_00438,there are a lot of poor people in new york.,Normal,0,val_confirm,train,train_added,val_confirm_00438
train_added_test_00675,test_00675,"Recent Bipolar II diagnosis. Scared and confused. Off the bat, I'm an alcoholic who has been trying (mostly unsuccessfully) to stop drinking for a while. 

Went to a 10-day detox in January. I thought I could dry out and get back into the groove that was my 6 months of clean time. But instead, I relapsed a week out. Spent the most of February bunny hopping - few days drinking, few days drying out - and realized that I had to get my ass back to rehab.

So here I am; 4th rehab in 3 years. I've been to this one twice before, I guess 3 times if you count my short stint in their detox a few weeks back. Most of the time, I get sober for 6 months and relapse +/- 7 days. 

The psychiatrist who has been seeing me whenever I end up back here diagnosed me with Bipolar II yesterday. And I feel weird about it. 

Which brings me here. I don't know what to do next. 

I don't know if I should get a second opinion or just accept this one; we've met about 4 times this year alone for 1+ hours each time, and like I said he's the same psychiatrist who has done all of my evaluations here over the years. He would like to put me on Lamictal.",Bipolar,3,test,train,train_added,test_00675
train_added_test_01904,test_01904,"Finally able to breath & eat after taking Miko to see the doctor. Moreover, the condition is not as serious as the other doctor thought...I thought that my anxiety disorder was serious too.. I panicked about the situation & Miko's condition until this afternoon couldn't think + nausea + wanted to throw up. Almost panic attack",Anxiety,2,test,train,train_added,test_01904
train_added_val_confirm_00785,val_confirm_00785,"I have been suffering from depression and anxiety for a couple of years now. I am in the 3rd year of my university have 1 year left. I really do not know what to do after that. I am seriously considering dropping out. I feel I do not know anything, and I am not good at anything. I feel I will never get a job and even if I do, I will suck at it. I do not really like what I study but I also do not have anything else that I like. I have done 2 internships and I sucked at both, and I hated every bit of it.I am supposed to do another internship as a part of my course. And still have not been able to even start applying. Just thinking of the fact that I have to sit for an interview makes me so anxious and I get panic attacks. I do not think I will ever be able to do or have a job. Every time I read a job post I feel I am incompetent. What to write in a cover letter? and what to say? I am not good at anything. Hence, I want to drop out.But if I drop out, then what to do?If I do finish my last year, after that what?Uni is expensive and my parents are paying for it, I really do not want them to pay for 1 more year just for me to do nothing.I Feel Like a loser, I do not have any confidence nor any friends. I am always lonely, sad, and crying. Need some advice.",Depression,1,val_confirm,train,train_added,val_confirm_00785
train_added_val_confirm_00050,val_confirm_00050,"In my father's family, everyone is smart, I'm sure the expectations for me are also high it makes me very anxious to think about this huhu",Anxiety,2,val_confirm,train,train_added,val_confirm_00050
train_added_val_search_00234,val_search_00234,but how can you,Normal,0,val_search,train,train_added,val_search_00234
train_added_test_01419,test_01419,"How do you do this without ""repressed memories therapy"" like is there any prompt I can ask myself that could help me wrap my head around it? I do not really want to elaborate on it but I think my bad memories from when i was a bit younger that i have repressed my whole life are the root of all the mental health issues I have today, and I cannot move past them until I return to my past for a bit. And also I think that because I am in this habit of repressing everything, it may be why I cannot remember anything that has happned to me the day before because I regret all of my social interactions so I try and block yhem out and pretend they never happened but I talk a lot so I end up forgetting my whole day. Like I am starting to forget everything and I want a good memory (mehaving a bad memory might not have to do with repressed memories but I am staying open to the possibility). Ik this post is not exactly about depression but I do not know where else to get help for this (google has not helped me) other than this subreddit. Also I think repressed memories are something that causes an issue for a lot of people in the community so an answer to these questions may be beneficial to other people here. Please help How do you uncover repressed memories/stop repressing everything bad that happens to you",Depression,1,test,train,train_added,test_01419
train_added_test_02135,test_02135,we can leave if we put an orange cone here.,Normal,0,test,train,train_added,test_02135
train_added_val_confirm_00197,val_confirm_00197,"I just had to write it finally idk. I just want to jump off a terrace headfirst and die. My chest is constantly hurting, it is like someone is crushing my heart with their bare hands and yanking it out. My head is constantly aching and i do not feel anything. it is all at once. I do not even know what it feels like to be happy anymore or anything else that gives me happiness. I have given up on everything that I liked. I am just slogging through uni because I have to. I have no friends, no emotional support and a boyfriend whom I am terrified of. I lie to him about being okay all the time because I know he will fight with me if I say why I am not doing well and it will end up ruining whatever time I spend with him which in turn will ruin my head even more. I want to die I just want to end it. I have been pulling it so far only because of my dog. he is the reason I have to live but nothing feels okay. This was not supposed to happen, this was supposed to be the best time of our lives. I am 20(f). I was bullied throughout my teenage years by school mates and before that my relatives. I have been subject to sexual abuse multiple times as a child and the perpetrators unharmed and successful right now. I am faking it for everyone. I just want to stab myself in the neck. I have attempted a few times before and failed. I fail at everything. I am broke, useless, ugly, alone, fucked up, numb, a burden to everyone. I want to delete myself (TW: mention of suicide)",Depression,1,val_confirm,train,train_added,val_confirm_00197
train_added_val_search_00042,val_search_00042,"I swore to myself I would never get into another relationship after this wretched illness destroyed my marriage, and literally eliminated each of my friendships like a world class sniper. Found someone finally.... And then I’m told today that all too familiar, “I deserve better, you are not emotionally available, I’m very needy and you’re not here even when you’re here.”  Pink slipped back into absolute loneliness.  Fuck.",Bipolar,3,val_search,train,train_added,val_search_00042
train_added_val_confirm_00501,val_confirm_00501,"Anxiety Brain Eating Amoeba I´ve had health anxiety for about 8 months now, I´ve always wanted to post here but have always been too sacred. For me, everything started with a scan my wife had and in the wait I started searching for possible causes and then started getting her symptoms. At first it was pancreatic cancer, then lun cancer, the stomach cancer etc. I have gotten help and have actually been partially hospitalized for my anxiety. For my regular health, got an abdominal ultrasound and all clear. At about he 6 month mark I started eating persistent headaches and that’s when thins got really bad. At that point I was convinced I was dying so I went to my Dr and told her about the headaches. Although I suffer from migraines and have had bouts of persistent headaches in the past, she recommended a sinus x ray and a head mri just to be clear and so I could calm down. Although the mri is this coming Wednesday, I have been relatively stable for about 3 weeks, until yesterday that is. Yesterday I was cleaning out my lawnmower and accidentally got a little bit of carburetor cleaner in my forehead. In order to make the sting go away, I went to the hose and but some water in my forehead, however, some water went into my nose and now I can´t stop thinking about the brain eating amoeba. I live in PR so weather here is warm and I really cant function right now due to fear of the brain eating amoeba. Any advice would be appreciated. 

Tl, DR
     Was doing good with n¡my health anxiety until I accidentally got tap water up my nose. ",Anxiety,2,val_confirm,train,train_added,val_confirm_00501
train_added_test_01863,test_01863,"Bare with me guys. I am 22, graduated hs in 2017 and was bulimic in high school. I failed 3+1/2 years of college because of depression that started up my freshman year. I have hidden it from my mom who pays for school w/ the limited $ from parents divorce (because she is extremely reactive so I did not want to tell her &amp; expected the best of me every second because I got good grades in high school). I am just starting over and now she is wondering why I am hiding my grades from her. &amp; I have lied about my grades every since I started failing/was on academic probation in college. I feel like a POS. I do not know what to do. She says if I do not get in a call with a school academic advisor and discuss why I did not get into the state university here WITH HER, she will not be paying for any more school. I am fucking fucked. Long story short, I got my depression handled this last year also but she only knows about the eating disorder. She is NOT the type to be sympathetic about me failing because I had depression, so telling her that is a no. All of the people I know my age have graduated and have degrees w/ a path/future, and I am still here at phase 1, but minus a ton of money. I work for all of my money I have, but my family does not have a lot to spare and my dad does not believe in education &amp; has told me every time I see him that he will never help. Yes, I know I sound ridiculous being sad about wasting money we had for school. Any advice is welcome except for its okay, she will not be mad if you tell her. Depression sucks ass, it directly and indirectly fucks every bit of your life up. Its the reverse Midas touch. Depression in college",Depression,1,test,train,train_added,test_01863
train_added_val_confirm_00329,val_confirm_00329,hello if anyone listens that s okay but it s okay if not i just have to vent because i m so anxious and a little depressed i have anxiety and take medication for it recently i ve been getting interview for job that i am unsure about i m basically just applying to everything i will have a bachelor degree in education but i will not have a teaching license a i have decided i do not want to teach in a classroom student teaching wa not a good experience i have no idea what my purpose in life is i don t have much money but i used a lot of it to buy my girlfriend an engagement ring i love her more than anything i m just so terrified i ll be a failure and won t be able to support her i just want a decent paying job where my anxiety doesn t get in the way i ve gotten some offer but they are all sale position and i just don t want to work for a company that is essentially a revolving door my anxiety lately is crippling me i ate nothing yesterday today is a little better but i don t know what to do with myself i want to cry i m a year old male and i don t care i want to cry and i have i feel so far behind everyone else i just want to be a normal person i m worried my anxiety will cause me to lose everything i love in life my girlfriend is beyond supportive but i know my mental health ha had an impact on her a she is in nursing school idk why i came here i feel alone and isolated and have to vent i feel like i m dying inside im so great when my anxiety isn t there to screw it up it s like i m a shell of my self right now,Depression,1,val_confirm,train,train_added,val_confirm_00329
train_added_test_00206,test_00206,"I do not want to bother normal people anymore, I just cannot think of positivity, i know existing and hardship are somehow a twin majestic disaster, but everything is overwhelming. Everything is a great regret, the things that I wanted turns out to drain out of me and the dreams that only keeps me alive has vanished to the unknown. I wanted to feel every second like before, appreciate the air that I breath, but at the same time I just want to suffocate myself and cease my existence. Where did I go wrong? Or was I in the wrong side all through out? Have I been forcing myself too much or this is just normal? I do not know anymore. I am at 20's, but it turns out that I stare into someone I do not know. Running in circles",Depression,1,test,train,train_added,test_00206
train_added_test_02440,test_02440,"Have manic episodes had an effect on how you view spirituality? I'm guessing you guys are well versed with the crazy-seeming coincidences, and all the music/media speaking directly to you. After it's over I always think I was insane - which I was, but in the moment, it feels very real. It's not just music either - there seems to be some kind of ""flow"" that becomes ""visible,"" if you know what I mean. It feels pretty supernatural. Anyone have similar thoughts?",Bipolar,3,test,train,train_added,test_02440
train_added_test_00080,test_00080,i wa supposed to stab myself in the heart in the desert in joshua tree in november 0 i thought i wa ready i decided not to because i realized i d probably have to stab myself more than one time and i knew i couldn t mentally handle that i felt depressed enough to stab myself but not psychotic enough to keep going especially after physical shock also part of me wanted to see if i could fix thing and it wa like i went on a mission with myself to see if life wa worth it if my life is worth living the answer is no it s definitely no i want out i want off this fucking ride i wish thing were different but they aren t i even went to the fucking hospital voluntarily for help since my last post here absolute hellhole i don t even have word for you about what happened darkest week of my life people are sick i m so much worse i can t explain what s happened it s not like gunnhild from viking but i m at the marina and someone abandoned their bonfire left it all for me i tried to give an older woman passing by the last of my cash cause she wa picking up recyclables she refused and wa sweet she said to not sit here at night she wa concerned that i m young and there s crazy people out here no offense but i m the crazy person ma am sweet lady i had asked god for a sign i got a fucking sign i told god or the universe or whatever that to commit suicide i needed to be pushed and i got just that tenfold i m proud of myself for pushing a hard a i did for lasting this long i don t need to prove to other people i fought i know i did and i can rest better knowing i kept that promise to myself i wish i had seen more of the world and visited more city but i ve had my fill of humanity i can t do it anymore i hate the way people treat each other how much bullshit is always involved i m tired worn out no amount of sleep or rest touch this kind of tired hell is hell i hope my next life is gentler i hope the tide are kinder i hope i receive love i never have to defend myself from i give myself peace now because i can not find it here my life is obligated to no one amp nothing else im truly sorry signing off from one depressed person to whoever read this what happened to me mattered finally good luck asshole,Depression,1,test,train,train_added,test_00080
train_added_test_00694,test_00694,"How do you manage being tired during depressive episodes? I'm not always sad during my low phases, but during them, I often have middling energy and take numerous naps, which almost border on narcolepsy. Recently, I've been reorganizing my house, but I feel held back because I have errands to run in town and feel too tired to do so. This is compounded by my being proactive into March until I had two breakdowns weeks ago, and sleeping off my problems might be a possible coping method.

Much of this has had me recall my first year of high school, where I was deeply depressed and often slept during and after school, whereas I was highly energetic and consistently worked in my junior and senior years.

Does anyone else here have similar experiences? ",Bipolar,3,test,train,train_added,test_00694
train_added_val_confirm_01025,val_confirm_01025,"For me I do not think therapy actually works for everyone, or of course I would have been better. It is very time consuming and embarrassing, do not come at me with saying embarrassing but I do not feel like I am ever going to trust anyone with what I want to say and who I am. I see therapist online blabbering about their patients and it bugs me! Three years ago my college professor told me to seek therapy, after I almost missed my final because I was too depressed to get out of bed since I was contemplating killing myself a day before that test. I arrived two hours late, my advisor let them allow me to take it.I came because my advisor called me and I felt kind of valuable lol. The professor literally said, after I reached out to ask about my grade you seem like an over-thinker, do not think and just seek therapy. I told a friend of what happened and she said then book a session. I was already in therapy at that time do not you hate when random people be like seek therapy",Depression,1,val_confirm,train,train_added,val_confirm_01025
train_added_val_confirm_00557,val_confirm_00557,"Has anyone had any luck curing or improving their anxiety by removing coffee from their diet completely? And if so how did you do this, did you replace with green tea or no caffeine? etc",Anxiety,2,val_confirm,train,train_added,val_confirm_00557
train_added_test_02012,test_02012,archiving project file to sharepoint this is not fun,Normal,0,test,train,train_added,test_02012
train_added_test_00516,test_00516,I will go switzerland,Normal,0,test,train,train_added,test_00516
train_added_test_02264,test_02264,do not know if this is relatable to anyone else but Freddie and effys relationship hits so much harder when you are also depressed and know that no one will ever understand/try to understand care and unconditionally love you as much as Freddie did for effy. Skins UK: freffy,Depression,1,test,train,train_added,test_02264
train_added_val_confirm_00344,val_confirm_00344,"Tell me about Lamictal (lamotrigine) Hey Yall ,

I'm Bipolar type 2, 
currently on 20mg cymbalta
and regular dose of dioxizine and clonidine (which doesn't do much)
I was on clonazapam for around 15 years till they pulled me off, and it hasn't ever been the same. I've been off for about a year and a half now. 

My main symptons now are tons of anxiety, and occasional panic, lots of moodiness including intense fear, anger, and resentment, especially to those I love and don't intend to hurt. 

I'm thinking of trying out lamotrigine, have you guys had any luck with it. Of course, I realize individual results will vary.. Thanks guys, stay strong. ",Bipolar,3,val_confirm,train,train_added,val_confirm_00344
train_added_test_00245,test_00245,can t sleep again,Normal,0,test,train,train_added,test_00245
train_added_val_confirm_00698,val_confirm_00698,"Really scared this is the start of something I've been having sinus issues for the last few weeks and its been driving me crazy with repeated hospital visits and I don't know what to do.

This January I got a middle ear infection from a flu or cold and after antibiotic treatment it went away and now I'm having pressure on my other ear that feels just the same and I'm worried its another ear infection. I've been googling non stop and I don't know what to do. I've been googling people who lost their hearing and are completely depressed and HIV related to sinus issues because I still have a runny nose all the time and maybe I'm undiagnosed for it. I'm worried that what if my immune system is failing because i have HIV, or cancer. Is this called stress... I don't know what is normal because I've been on edge for years now and I'm scared.

I don't know what to do. I go normal for a few days then in a state of panic for another month. Is this HIV should I be worried? What if its another ear infection I don't want to go deaf and be depressed for it !

Sorry for grammar or spelling. English isn't my main language.",Anxiety,2,val_confirm,train,train_added,val_confirm_00698
train_added_test_00401,test_00401,Topamax side effects I have been on it for over 6 months and I've lost so much hair. I got off other meds thinking it was the problem but it's still happening. I looked it up last night and it seems to be a big issue with some. So I decided I'm stopping it because I hardly have any hair left. It's awful. Anyone else experienced hair loss?,Bipolar,3,test,train,train_added,test_00401
train_added_val_search_00289,val_search_00289,@cydneyw http://twitpic.com/2nvz6 - We're both famous,Normal,0,val_search,train,train_added,val_search_00289
train_added_val_confirm_00140,val_confirm_00140,anyway depression might be a bitch but it feel so good to be alive lt,Depression,1,val_confirm,train,train_added,val_confirm_00140
train_added_test_01159,test_01159,"Not sure if I want kids because of this I was recently diagnosed with bipolar 2, and I'm still not totally sure what that means. I have really bad months, followed by a few weeks where I do really well and I'm really happy, followed by a few more bad months of depression and anxiety. 

When I met my wife four years ago, I didn't know I'd get this bad. I had a history of depression and anxiety disorder, but I was keeping it controlled without medication. Two years ago I had a breakdown and had to go back into therapy, which led to now. 

My wife and I always talked about having kids, but the worse I feel the less I feel like I'd make a good dad. I barely feel like getting up to go to work, let alone do all the chores that are already piled up around the house. I can't imagine putting a kid on top of all that. Not to mention, I'd hate to bring someone else into the world and they feel as bad as I do. It seems selfish of me to have a kid on a whim and then end up being a shitty dad. 

I don't know how to tell my wife. I love her, she makes me so happy, but I don't know if I can do this. She's not pregnant, but she's off the pill and we've decided to take a loose take on ""trying"". We already don't have a lot of sex. 

Am I right about this or is this just my chemically off balanced brain making itself feel worse? Am I the only one who thinks like this?",Bipolar,3,test,train,train_added,test_01159
train_added_test_01930,test_01930,i don t eat junk drink only water and tea don t eat dairy and even tried stopping with gluten not taking any med,Depression,1,test,train,train_added,test_01930
train_added_val_confirm_00433,val_confirm_00433,"Breast Cancer Worries Hi everyone, I'm sure this is nothing new but I really needed to get it out.


My mom was diagnosed with breast cancer a few months ago and is currently going through chemo. I've had bad health anxiety all my life and my mom's diagnosis has pretty much put me over the edge.


My left breast (same as the one she found her cancer in) felt sore, so of course I squeezed and kneaded the hell out of it trying to feel something. I didn't feel anything other than the fact that it is slightly bigger than the other, which is something I've known for a while but now I'm second guessing myself. The soreness went away with my last period, and then returned this month. Again, I squeezed and checked it compulsively. I cannot keep my hands off it. Always checking to see if it feels better or worse. My SO gently suggested that this isn't helping but I can't seem to stop. Now that my period has arrived, it feels much better but there's still one spot that hurts to poke. I've also lost 70lbs in the past couple years so my breasts don't look great for a 26 year old and I think that contributes to my worry. I'm always looking for symmetry to assuage my fears.


And now I've developed a rash that I'm pretty sure is from stress. It started on my stomach and is spreading. This prompted me to look up inflammatory breast cancer and I've basically given myself a death sentence.  I'm going to the clinic tomorrow to have it checked out but every fibre of my being wants to cancel and just hope it goes away. I'm also going to request a referral for an ultrasound. 


I'm sorry if this is all over the place. I usually talk to my parents about my fears but obviously I don't want to bring this up. Besides the anxiety it's causing, I also feel so horrible and selfish. Has anyone else imagined (or basically given themselves) symptoms after a family member or friend has been diagnosed with an illness? Any suggestions on how to function normally? I'm exhausted from the constant adrenaline rushes  :(

Thank you",Anxiety,2,val_confirm,train,train_added,val_confirm_00433
train_added_test_00634,test_00634,"Being self aware and mentally ill is fucking exhausting. Does anyone else struggle with this? It's like you know that your being irrational and there is nothing that you can do about it no matter how hard you try. 

So last night in the middle of my manic episode, I just had this moment apologizing to my partner for keeping him up with my crying. I didn't sleep at all and I just was angry about that. I'm really good at masking most of the time. I have to be, as I work in retail. But then I come home and sometimes I absolutely unravel. 

The part about this is that my logical bits of my brain know better. I know that all the terrible things my brain tells me during my episodes is not true. I know that I can do better. It's as if I'm paralyzed and there's a disconnect between all the parts of my brain. It's fucking horrible and exhausting! 

I am medicated, I am really bad at remembering to take my medications so do you have any tips to help this? I also have a slew of other alphabet soup stuff going on with me. 

I just needed to vent and could use some advice. I'm newly diagnosed with bipolar (within the past 12 months). Any advice is greatly appreciated!",Bipolar,3,test,train,train_added,test_00634
train_added_val_confirm_00023,val_confirm_00023,"Telling people you are bipolar I just wanted like opinions/consensus on this cuz I’m curious. Who in your life do you tell that you are bipolar? (I think this might be a bit of a generational difference here too.) I work in healthcare and hear the way people talk about bipolar patients all the time I don’t have many Gen-Z coworkers for context most Gen-X, boomers, or millennials and it’s abysmal. (I’m a millennial for context). They talk about us the same way people would talk about people convicted for domestic abuse, or a hit and run or a violent crime. Just disdain. So I would never tell anyone at work that and broadly speaking these people are supposed to be empathetic and nice healthcare workers. So I feel like I have a pretty good idea of what people actually think of us when they don’t have to be politically correct about it cuz they know they aren’t speaking to people who will be directly hurt or offended by what they have to say. 

I’ve noticed younger people like people on tik tok or like just in general not only talk about it but put it front and center as a key piece of their identity. They put it in cover letters that go out to job applications and to me this just seems wildly naïve. I wish we didn’t live in that world but we have negative stereotypes about being late being unreliable or substance abuse issues and even though a lot of us don’t do those things often or at all. 

People who have power to dictate important parts of our lives like what jobs and opportunities we have will go with default assumptions like those and will go with the “safer pick” the person who doesn’t specify that or the one who doesn’t have that info readily available on tik tok youtube insta Facebook. I appreciate awareness generally but I would caution people about where they are broadcasting what and to whom. Don’t give other people a reason to slam the door on you before they even meet you. Curious what other people from all different age groups think.",Bipolar,3,val_confirm,train,train_added,val_confirm_00023
train_added_val_search_00383,val_search_00383,I think it may be time for some really dirty songs from Nickelback lol,Normal,0,val_search,train,train_added,val_search_00383
train_added_test_01920,test_01920,"oh no, another pimple on my face.",Normal,0,test,train,train_added,test_01920
train_added_val_confirm_00588,val_confirm_00588,"My moms friend: how is school going?Me: I left actually, it was not a good fitFriend: so you are not going back ever?Me: noFriend: oh my god why on earth would you do that??Idk maybe because I failed a class in repeat year which made me deeply depressed which led to more failures when led school to tell me to leave before they kick me out rather than offering support at any point.Not going to say that but omg her statement/question hurt A small encounter",Depression,1,val_confirm,train,train_added,val_confirm_00588
train_added_val_confirm_01057,val_confirm_01057,"I don't know what to do. I don't know how to do it. I don't know where I am. I don't know where I'm going. By tomorrow night, I (21 y/o UK university student) have to email my dissertation supervisor a draft of what I have written so far; the deadline is in May and he wants to give me some feedback before the upcoming Easter break. But the problem is that I haven't written anything. At all. I've collated dozens of pages of general notes, vague ideas and research over the last few months, but I don't have a clue what to do with it, or where to start.

I've written probably hundreds of assessments and essays in my life, and until a few weeks ago, I had not failed a single one of them. But a few weeks ago, my motivation, self-belief and general ability to work (which were all low to begin with anyway) just stopped altogether. I had deadlines for two course module assessments within a week of each other, and I missed both of them. For one of the first times in my education, I had not only failed with work, but I had failed to even complete the work. I missed the first one because I had zero interest in, knowledge of or care for the subject, because I kept procrastinating, and because it's possible that I have ADHD (I don't want to know about this, but I think I have it). I missed the second one because of the same reasons, and because I failed the first one, so it didn’t make a difference if I missed the second one.

Since I got the email last week from my supervisor that I have to send him whatever I've been working on by tomorrow (Tuesday), I've not only not been working on the dissertation, but I've detached myself from it almost completely. I don’t like thinking about it. I keep distracting myself from it (literally and mentally) because I don't want to do it. The subject itself interests me (it was my choice after all) and i’ve done a lot of research (too much I think) and every time I ever doubt my work ability like this (which is every time i’ve ever done an assessment in my three years at university) it usually turns out alright, but I can't see how this one — of course, the most important one — will end in anything other than failure. So I’ve come all this way — from the start of uni three years ago, from the start of reception 17 years ago — and I've always, at the very least, managed to succeed. But now of all times is when it stops.

I’m aware that every student who has ever tried to write a university thesis has had these doubts at some time, or a lot of the time. But that makes me feel all the more incapable. Because those students have all, and will all, get through it, and I know that I won't. I look around the university library that I'm currently writing this in, and all I see is people working; they’re focused, self-disciplined, and content to be here. But I’m not one of them. I know that I don’t belong here, and I don’t like it here. I really don't like coming here. But I come here nevertheless. I'm sitting here wasting more time on something that I don't have to do, that I shouldn't be doing, but I'm doing nevertheless. Because I think a part of me actually wants to fail. I don't know why anyone would want that, especially me; I've always feared failure — the confirmation of it by my university and parents; the consequences of it practically and emotionally — and that's what’s driven me to always succeed with my work in education. I've only ever done that work because I fear the consequences of not doing it. I do it because I have to, never because I wanted to. I've always been like this.

So why am I here then? If you never enjoyed school or college (which i didn't) then why did you actively decide to go to university? Hmm. Maybe because I thought I had to (not because I wanted to pursue a career — I have absolutely no ambition at all). And it was partly because the idea of getting a job after I left college at 18 seemed completely impossible (I've suffered from social anxiety for most of my life; the basics of social interaction are overwhelming to me). But mostly, it was because I didn't think any of it through. I didn't want to think it through at all. My parents thought I could maybe go to this university, so I just said okay. I didn't even look into the university at all, and I didn't consider any others. The reason that I do this is because I hate thinking about the future — short, medium and long term. Whenever people ask me about the future, whether it’s “where do you see yourself in five years”, “what do you want to do with your life"" or even simply “do you have any plans for the weekend”, I’ve always given vague non-answers. I've been like this forever. Probably because I’ve been bombarded with these questions from career advisors since Year 1. But it's also because the future is too uncertain and complicated. It scares me to think about the future in any sort of way. So I don't. And now I'm paying the price. And the future gets closer every day. And I wish I could go back in time, maybe to live things differently, maybe to live them the same. I think about the past (my childhood especially) every day. And every single night I dream about the past too. The other day I had one about the last day of Year 11. I’ve had hundreds like it, all about the last day of secondary school. The thing that haunts me about it is the fact that I don’t remember what happened. All I remember is that I never saw any of my peers again after that day. Because I made the conscious decision to leave them, and go to a different college. Every single dream I have involves my old school friends. Every one.

In case it isn't clear, my recent doubts over starting (let alone completing, or succeeding with) my dissertation are related to so many other things that I have consciously, often deliberately bottled up over the years (and it is years). I know how unhealthy and dangerous it is to do this, but I do it anyway because it's easier, and because it's been the default way of accepting, contemplating and processing my emotions for as long as I can remember. I've never had the desire to tell anyone (including family) about my most vulnerable thoughts and feelings, fears and insecurities, because…well…where to start? Fear of judgement, fear of being misunderstood, fear of being understood, fear of the literal and emotional consequences on myself and on my relationships; the fact that emotions were and are are never discussed in my family, or in the few social circles I used to have (note: haven't had friends for five years). I bottle all of this up. And I'll continue to. But it feels like the bottle is starting to overflow.

If anyone has read this far, you might as well consider yourself the first person who has ever heard anything that is even remotely as private as what I've just revealed in these last few paragraphs. And if you've read this far — and if you are a healthy, ‘normal’ person — you will have obviously thought to yourself, “Yeah, he needs therapy”. But I don't think I do, and I certainly don't want to. There’s a small part of me that desires to let it all out (I could write a book about all of my problems), but I know that would be a terrifying and draining experience, even if it leads to something better. And the desire certainly isn't big enough for me to have serious thoughts about seeking help…from anyone in fact. I think that’s the bottom-line: regardless of whether I need help, or guidance, or advice, or support, or sympathy, I don't think I want it. Not enough, anyway. I think I’d hate myself for seeking it out because I'd feel like a desperately sad narcissist. I know I'm pathetic, dumb, probably annoying, an embarrassment, a failure, a waste of space, time, money and effort, but I don’t think I'm a narcissist. And I know that people who seek help aren't narcissistic, but I would think that I am if I did. So I don't. And I've never sought help from anyone. Not only the serious, personal stuff, but the little, trivial, specific things too. Is it because of a deep-rooted social anxiety, and my complete lack of social confidence, ability and experience? Yes. But like with my other anxieties that I probably ‘need’ help with — health anxiety, fear of the future, fear of the passage of time, the fear of failure, the fear of work, the fear of my dissertation — I don't care about help, or support, or self-improvement. I don’t want any of it because I think it won’t work for me, or that it doesn't apply to me. I don’t want to be helped. And yet here I am writing this.",Anxiety,2,val_confirm,train,train_added,val_confirm_01057
train_added_val_confirm_00071,val_confirm_00071,"Body extremely heavy, and so much more :( My body has been SO heavy for over a week. My dr said it’s anxiety most likely but I’m afraid something is wrong because I kept having rib pains, stomach issues, random pains in my head, joint pains, just really weird and random shit. I also have been dealing with tmj like symptoms (head pressure,stiff neck issues, minor back issues, ear ringing) I’m just afraid something is wrong no matter how many times people say it’s anxiety. I also have allergies and sometimes they make my stomach upset, throat itchy, hives ect and now I’m afraid anytime I get a small hive or itchy spot my throat is going to close up (I get hives a lot and have for years... and my throat has never closed up,..) I got anxiety medication but I’m like hesitant to take it as needed. I also keep gagging randomly especially after food. My chest aches some but it doesn’t feel like an anxiety ache it is almost like a muscle ache? Idk just weird shit. 
I’m just freaking myself out so much and everyone is sick of me!!!
I’m afraid of having MS or spinal issues, nerve issues, cancer, brain aneurisms.  Ugh help.
I’m starting Zoloft tonight btw.
",Anxiety,2,val_confirm,train,train_added,val_confirm_00071
train_added_val_search_00073,val_search_00073,"my depression and panic attacks have been crippling me for months, I have even started to have episodes of dissociation. for just as long I have been isolating myself, not completely, but I have noticed that my cousins in particular have started to become distant. my parents lose patience with me very quickly and I have ruined my relationship with one of my sisters but what hurts most is my cousins. i understand that they have their own lives but we used to be as thick as thieves and now they barely text unless they need something. I have never felt so alien around them, i was closer to them than my own siblings. i do not think people can stand the sight of me. admitting that to myself hurts sm. what I have noticed from the people around me",Depression,1,val_search,train,train_added,val_search_00073
train_added_val_confirm_00460,val_confirm_00460,ogbenidipo and some people on that tweet saw nothing wrong with what she did and even applauded her for doing it and saying it s not insult she didn t think of the depression her mom wld go thru seeing she is being dragged on social medium co of sneaker it finish indeed,Depression,1,val_confirm,train,train_added,val_confirm_00460
train_added_val_search_00348,val_search_00348,Car broke down so I was late for work. Had to she will out money I do not have. Work was awful and I am pretty sure I saw my ex across the street today. Got no one to vent to and today the world just really wants me to not exist. Does it ever get better? Terrible day,Depression,1,val_search,train,train_added,val_search_00348
train_added_test_02354,test_02354,"Got broken up with four months ago and have been in the worst depressive episode since then. My heart has been physically hurting (I can feel the pain in my chest) every single day since then. It sometimes subsides, but every single morning it hits me again and it physically hurts. Had an EKG and everything was fine, but its just odd. Its just another addition into the list of depressive symptoms I guess. Heart physically hurts",Depression,1,test,train,train_added,test_02354
train_added_test_02211,test_02211,"Temporary relief is better than permanent relief I have come to terms with the fact that I will always experience this drastic highs and lows. They may become less intense with the help of medication and therapy but they will always be with me. 

My Dr doesn't want me to smoke pot anymore; I totally get why but when I am very deeply depressed and contemplating suicide I will choose the temporary and nearly instant relief over the permanent relief every time. 

Sorry if this makes no sense to you, I'm stoned.. But im alive ",Bipolar,3,test,train,train_added,test_02211
train_added_test_01495,test_01495,"Marijuana Use Hello All,

Just wanted to drop in to see for those who use marijuana as a means of battling anxiety such as myself. Which strains have provided you the most relief?? I am a medical patient in the state of PA so this is fully legal. Thanks in advance.",Anxiety,2,test,train,train_added,test_01495
train_added_test_01456,test_01456,"My depression has been really bad lately. For the first time it is gotten to the point where even I acknowledge that I physically cannot make myself do even the most basic self care tasks. Like my ADHD has cost me to forget about brushing my teeth or my hair or taking a shower for extended periods of time. But currently I look at my sheets brush and I know I should brush my teeth and I feel bad about it and I beat myself up over it and then I turn away from it. it is too big of a task. I told myself I needed a shower tonight, a real shower where I thoroughly wash my body and my hair. I have been sitting in cold draining water four roughly 2 hours. I have yet to pick up the soap or even submerge my whole body. I am now cold and there is but an inch of water in the tub, I am trying to convince myself that the only way I can get up and get to my bed and if I wash myself first. But lying naked cold and damp in a cramped bathtub sounds more doable/more appealing to my depressed mind. Depressed. I do not fucking know what to put here.",Depression,1,test,train,train_added,test_01456
train_added_val_confirm_01082,val_confirm_01082,Thromboses How can we know the gravity of them ? What is the best way to get rid of them ?,Anxiety,2,val_confirm,train,train_added,val_confirm_01082
train_added_test_01315,test_01315,"I recently got diagnosed with GAD and need help with how to cope with potential panic attacks Monday I have a panic attack and was diagnosed with GAD. 

I'm only 18 years old and I do stress and I have had anxiety before but not that I've had a full on panic attack I feel like it's taking over my everyday things.

Last night I had one and this morning when I woke up I almost had one but I managed through it.

So far I've been outside and that helps me but doesn't make it go away fully.

I went to eat at a restaurant and right when I walked it I got panicky and couldn't eat my food because I couldn't hold it down and I had to swallow the 2 bites I did take WITH WATER.

I know this is temporary and I plan to work out and get a therapist and MAYBE take meds but is there anything I can remember to know for next time?

It hasn't been a full week and I've had 2 panic attack and almost another.

I'm anxious about being anxious cause that will trigger a possible attack

Panic attacks make it feel like I'm having a heart attack or anything life threating.

I should enjoy life but ik this is something that will take some time to deal with.

My hands shake a little and I still have a fast heart beat even when I don't feel panicky. It also feels like a pit in my stomach is waiting for a thought to pop up for me to panic.

When waking up today I panicked and walking it off reminded me of Monday when I walking and had the panic attack.

Anything I should know for next time?",Anxiety,2,test,train,train_added,test_01315
train_added_test_02378,test_02378,"I am sure that people have been through much more than I am right now. However, this currently is about me and my not being able to handle the situation. I will try to list out my life, just because I want to share them with someone.I am a young guy, 26 years of age, in a dead end IT job. Over the last 2 years I have gained huge amount of weight and I feel like shit because of my body. The pandemic has been a tough time for me personally. I have not been able to handle the pandemic and have relapsed to alcohol and overeating.So below are the stressors of my life:1. Being a IT worker, I sit around all day, swamped with work. My work involves client interactions and while I try to be polite, today I just broke down. The job is the biggest stressor. I spend 12 hours a day working and interacting with very rude people. 2. I need to lose weight. I have connected with a personal diet coach. However, I am not able to follow through with the steps she wants me to take. I feel so disappointed with myself because of it.3. Being in this dead end job will be very harmful for my career. I need to study and change to a different portfolio within IT. I take interviews regularly. Yesterday, I was lined up for a dream job. I felt prepared after having spent many months reviewing and learning all of the required concepts. Sadly, I was rejected. 4. I have a decent salary but I have friends who do not respect money. Most of my money goes to bailing them out from their financial disasters. In the end I feel like I am losing money all the time. My own financial position is not something to be proud of. I have no money saved up for emergency or if I end up losing my job.I feel I have too much on my plate sometimes and I cannot do all of this at once. I have been failing to make progress on any of the problems for the past 2 years and I feel depressed due to this fact. Solution to all my problems is taking action but I cannot do what is needed",Depression,1,test,train,train_added,test_02378
train_added_val_confirm_00749,val_confirm_00749,sucked in heather sewage bath xp and poor owen in the bear total drama island,Normal,0,val_confirm,train,train_added,val_confirm_00749
train_added_val_search_00338,val_search_00338,"Don't give the grave flowers, don't you?",Normal,0,val_search,train,train_added,val_search_00338
train_added_val_search_00195,val_search_00195,"Driving Anxiety I tend to get very anxious while I'm driving or even when I am on the passenger side. When I know I have to drive somewhere the day before, I lose sleep. Is there anybody else that have the same problem, and what is the best solution?  ",Anxiety,2,val_search,train,train_added,val_search_00195
train_added_test_01453,test_01453,"Can a girl get pregnant from a towel? so after I masturbated I cleaned myself with a towel, forgot to take the towel from the bathroom and my sister went in and used the towel to dry herself.

Is it possible she could be pregnant? I'm freaking out",Anxiety,2,test,train,train_added,test_01453
train_added_test_01694,test_01694,"There is no help for the functionally depressed / suicidal I am depressed, I’ve been depressed for years. Right now I am in the midst of an especially bad depressive episode and I honestly I won’t fight any feelings if I want to kill myself and have a pretty solid plan when it happens. 

But I keep going, I get good grades, I get dressed everyday and most people are unable to see just how terrible I feel. 

I feel like I’m constantly put on the back burner, i would have to wait months to get into a therapist, I only see my doctor once a month at most, I’ve literally been told by the suicide hotline that there were more important calls to take. I feel like I can’t complain because from the outside I am doing f*cking awesome. If I did let the appearance slip everything would crumble around me, I’ve adopted the view that I’m either going to kill myself or not. Because experience says that no amount of help is going to matter. I don’t have friends, I don’t have family...it’s just me and I am not a good enough reason to keep going. I wish I had killed myself 10 years ago when I first starting really getting these feelings because it would have saved me a lot of pain. 

",Bipolar,3,test,train,train_added,test_01694
train_added_val_search_00332,val_search_00332,On the sidelines of anxiety there may be a longing that we must reap together.,Anxiety,2,val_search,train,train_added,val_search_00332
train_added_test_01257,test_01257,[hbl] MV txt that makes you mind blowing?,Normal,0,test,train,train_added,test_01257
train_added_test_00461,test_00461,alystoe i hope you are okay,Normal,0,test,train,train_added,test_00461
train_added_val_search_00158,val_search_00158,"I'm contemplating moving to Ireland. Can anybody give me a reason not to? I'm aware that I'm probably in a manic episode rn but still... Ireland sounds kinda nice. Like financially it's no issue, I speak the language and I'm a European citizen so I don't need a visa or anything, hell I don't even need a work permit to work there and my health insurance works there just fine, so why not, right?

Idk it sounds good to me rn but I already went to Italy a few years back (in a manic episode) and ended up broke and if it hadn't been for my dad back then I probably would be still living on the streets there, so idk if moving is the best idea... maybe just a vacation?",Bipolar,3,val_search,train,train_added,val_search_00158
train_added_test_01281,test_01281,just hungry,Normal,0,test,train,train_added,test_01281
train_added_test_01749,test_01749,pelf but work is demanding for so much more,Normal,0,test,train,train_added,test_01749
train_added_test_02460,test_02460,stompthewalrus haha well i have lived in texas the past year i think that explains itself lol si habla espaool,Normal,0,test,train,train_added,test_02460
train_added_test_00536,test_00536,Having extreme manic bounces up and down... I’ve recently and utterly destroyed the love of my life and she walked out. Packed up and said her goodbyes a few days ago and I am just skyrocketing and plummeting. You know how bad manic episodes can get. Idk where I’m going with this. I can’t keep a train of thought. I don’t really have friends to talk to anymore. I don’t want to feel so lost anymore. I hate the darkness in me. I want to reflect and grow but how do I do that when I literally can’t keep my mind in one place long enough to work through my issues?,Bipolar,3,test,train,train_added,test_00536
train_added_test_01372,test_01372,"Spring mood changes Just curious how many others feel this spring “up”. I know it’s not uncommon for moods to fluctuate with seasons, I consider myself fairly stable with my med cocktail + general management of my mental health. But god damn, the sun comes out, it’s above 10 degrees and all those tingly feelings come back and I feel the hypomania trying to escape. 

Anyone else?",Bipolar,3,test,train,train_added,test_01372
train_added_val_confirm_00076,val_confirm_00076,"Does it ever get better? Been struggling to find a reason or meaning, or a light at the end of the tunnel. All the pills, therapies, counseling, doctors; can't seem to fix what's wrong with me. It all feels for nothing. I feel like I'm permanently broken, discarded, a former shell of a person. Times become irrelevant. I don't live life, I just exist. I wish I could fix me.",Bipolar,3,val_confirm,train,train_added,val_confirm_00076
train_added_val_search_00098,val_search_00098,it may sound strange but i ve come to realize most of my anxiety stem from my appearance whenever i m out in public i get a rush of depression because i feel like i am ugly and everyone s judging me for it in reality i know it s not true because even if i wa hideous nobody would care it s just in the moment it feel so real and unbearable,Depression,1,val_search,train,train_added,val_search_00098
train_added_val_confirm_01006,val_confirm_01006,"I can't do anything in school. I have not been diagnosed with anxiety or anything yet but I have a problem. 
I can't really do anything in school becouse if ONE off thing happens, I freak the fuck out.

Right now I am laying in bed becouse I am not able to go. In school today we would've had this weird thing where we go and get to know what it's like to work. 
I have have a burning feeling in my chest all the time. 

Any advice?",Anxiety,2,val_confirm,train,train_added,val_confirm_01006
train_added_val_search_00178,val_search_00178,i think it's five miles deep.,Normal,0,val_search,train,train_added,val_search_00178
train_added_val_confirm_00417,val_confirm_00417,"How to get motivated to workout when depressed? Basically what it says in the title.

In theory, I know exercise helps with symptoms, and I like going to the gym when I'm not in the depths of depression. However, when I'm depressed, it's nearly impossible for me to motivate myself to go even semi-consistently. I get stuck doing nothing. I have trouble getting myself to put my gym clothes on, let alone actually walking there and completing a workout.

Also, I don't experience much, if any, of the usual pleasure I get after I work out (normally I'd feel better afterwards) when I'm depressed, so it's pretty hard to convince myself to do it because ""I'll feel better later"".

I've tried going for longer walks and other stuff, but if I'm honest dragging myself around my city in the rain alone with my dark thoughts doesn't help much. I go out most days with my dog, but when it gets bad I can't even begin to face it.

I know I sound like I'm being lazy and dramatic, but I'm serious. I really can't stand the idea of getting up, putting on my clothes, putting on my shoes, getting my dog ready, finding my keys, finding my phone, putting on my coat, locking up, going down the stairs in my apartment building, walking for 40 minutes, climbing the stairs again, then unlocking my door and going in. I get stuck between steps and find myself outside alone in the cold too sad to walk home, or staring at the stairs (pun) in my building unable to drag myself up them.

I get psychomotor slowing when I'm really bad.  It's physically difficult to walk. It feels like my body is made of lead. Sometimes it takes me over an hour to complete an activity that would normally take me half that time.

For people who've been able to push through this and get themselves to exercise, how?",Bipolar,3,val_confirm,train,train_added,val_confirm_00417
train_added_val_confirm_00196,val_confirm_00196,Jury Duty? I was summoned for jury duty on Monday. Should I tell them of my illness?,Bipolar,3,val_confirm,train,train_added,val_confirm_00196
train_added_val_confirm_00113,val_confirm_00113,"Constantly “checking” for signs of brain problem Hey, guys. So this is a little difficult to explain, so hopefully I can describe it as cohesively as possible. So, a couple months ago I developed a little obsession with misreading things. I misread a couple of words and immediately began to think “there is something wrong with my brain”. Well now, it’s manifested itself in just about everything. In a bizarre way to prove I do/don’t have a problem, I’ve begun subconsciously “checking” every thing I read and hear to see if I made a mistake. For instance, I’ll skim a headline really fast online, then get frustrated when I misread it (even though I didn’t carefully read it). Because I’m now “checking” every single word I read and hear, I’m constantly misreading, mishearing and misunderstanding things, because I’m focusing on each individual word and not the sentence as a whole. It’s mentally exhausting and is effecting my reasoning skills and memory, which of course, is fueling my health anxiety as it further “proves” I have something wrong with me. 

Of course, occupying my mind with this causes me to make many, many mistakes which- you guessed it- fuels it more. 

Has anyone else struggled with health anxiety pertaining to a brain problem? This really sucks. ",Anxiety,2,val_confirm,train,train_added,val_confirm_00113
train_added_val_confirm_00505,val_confirm_00505,Posting from my throwaway acct: I am a 24 year old mom and wife and I hate my life. I feel myself getting increasingly irritated with my husband to the point that the idea of intimacy irritates me. I feel like I should not have gotten married. I want to be alone often. I also do NOT have the tolerance for my toddlers behavior. Some days I regret having him. I have a therapist but we do not talk about this a lot. Just venting :(None of the things that usually make me happy are right now. I do not know what to do. I regret getting married and having kids,Depression,1,val_confirm,train,train_added,val_confirm_00505
train_added_test_01223,test_01223,Foot feels weird??? I got a leg cramp in my calf yesterday morning and it was super weird but my calf is sore now. Yesterday it fine and my foot felt fine but now my left foot feels like it could be getting the smallest of pins and needles. Like idk if they're really there but I feel like they come and go. I'm a healthy 20 year old and I exercise everyday. I google stuff but there is nothing about a foot feeling weird after a leg cramp. (My calf is still a little sore). I'm afraid I have a blood clot? How could I even though I'm normal weight and height and eat all the right things and exercise a lot?,Anxiety,2,test,train,train_added,test_01223
train_added_test_00686,test_00686,"Woke up gasping for air in the middle of the night? This is the first time it ever happened, does this mean i have sleep apnea or did this ever happen to one of you as a one time only thing?",Anxiety,2,test,train,train_added,test_00686
train_added_test_01421,test_01421,"What do mixed states feel like? I have had depression for a few years now, but I recently learned that I have been experiencing ""hypomania"" symptoms with my depression. I'm going to see my psychiatrist to see what she thinks but in the mean time I'd like to know of your experiences of mixed states. I feel hesitant because from what I've read my symptoms are a lot milder than what they were experiencing. Like I feel empty and it's hard to enjoy things but I also feel agitated and my mind jumps from idea to idea. I also feel very tired all the time but for some reason feel that I don't need to sleep. I have thoughts of feeling worthless and hating myself. Despite feeling empty all the time and feeling exhausted and that nothing brings me joy I get very creative and I have a bunch of ideas of all the things i want to do and feel like I have to do them. I also get frustrated and annoyed easily and feel talkative even though I think that people don't like me. I feel that it is useful for you to know that I have never experienced a hypomanic or manic episode.

What do you guys think? Am I overreacting? What are your experiences with mixed states like?",Bipolar,3,test,train,train_added,test_01421
train_added_val_search_00382,val_search_00382,"How do I calm down and what should I do? For context, I'm in high school. My anxiety has been super bad lately and it's been causing me to miss school a lot. My mom convinced me to go today and it was horrible.
My science teacher is a great teacher but he can be pretty harsh sometimes telling us our year is the worst, our generation is the worst, smirking when we do badly on quizzes. Despite all that stuff I really do respect him as a teacher and he's good at the material.
I just needed someone to vent to about him so I went to my counselor who I loved. She listened and offered insight but then I had to leave.
At the end of the day my science teacher pulls me aside and tells me that my counselor told him everything. He said she told him that I said stuff that he doesn't remember saying (it's definitely possible he doesn't remember but it did happen) and that I was holding on to stuff from the past which wasn't true as he says similar stuff pretty much daily. 
       The worst part is my counselor completely misunderstood one of my rants. She told him I was upset that he wasn't immediately able to help with something and that I had to wait. That wasn't at all true. And he said that he thought I would have understood so I explained she misunderstood and he seemed to believe me. I just think he believes I asked her to go to him for me so he's mad I didn't directly speak with him. He was really respectful one on one which I forget he is sometimes because of how he treats our class as a whole. I just feel really bad, I don't always agree with him but I never wanted to hurt anyones feelings. I was just going to someone I thought I could trust to talk things out. I'm not even really mad at my science teacher I'm just frustrated that my counselor went behind my back like that. I feel horrible though. I cried for 2 hours and I don't ever want to go back to school again. I feel like such an awful person. What should I do and how do I stop replaying everything in my mind?",Anxiety,2,val_search,train,train_added,val_search_00382
train_added_test_02347,test_02347,i had such a nice day too bad the rain come in tomorrow at am,Normal,0,test,train,train_added,test_02347
train_added_test_00415,test_00415,"The third appointment in a row where I have not been examined So I am well known to my gp practice recently due to a lot of issues with depression and anxiety. Long story short I wasn't fit to work and was very much suffering on the antidepressant that I had been put on. I was suicidal and close to the edge, having panic attacks on the daily etc. I have since come off the antidepressant and it has been thw best decision I have ever made for myself. The anxiety is still there (and always has been and I suspect always will be) but I am functional again - I couldn't even open my work email or answer an unexpected knock on the door without risking a panic attack and now I'm back at work.

In the last month I have been experiencing intermittent, stabbing, shooting pains. I have a history of chronic muscle tightness and pain. I am currently in physio for trapezius and neck pain, I also have mid-back tightness. I have previously had my legs in casts and afterwards splints to manipulate my calves into the correct position. I know what a muscle cramp feels like. I know what a pulled muscle feels like. I know what a muscle spasm feels like. I know what DOMs feels like. This new pain is on another level and it is vastly different in nature. I can't sleep, I can't lie comfortably, I can't concentrate properly, I will involuntarily have to change position and grab the effected limb when the pain comes on.
The pains that I am experiencing are not in the usual suspects of my calves or back/neck but in my groin/armpit/side/back of my thigh and glute area/ankle/elbow. My Google history is looking pretty crazy as a result. 

I have seen three different doctors at my gp practice about this because I am extremely distressed. Not one of them has examined me. All that has happened is that I have been counselled about psychosomatic symptoms being a thing and encouraged to get back on antidepressants. I feel like nobody is taking me seriously and this being the UK GPs are very much the gatekeepers to other services. While I would be willing to pay for answers if it comes to it I wouldn't even know where to start because I have no idea what could be causing all this. I'm crying as I'm typing right now from a stabbing pain in my groin. I just cannot believe that it's all in my head when my mental health is so much better now than it was. ",Anxiety,2,test,train,train_added,test_00415
train_added_test_01703,test_01703,"beyb, I want to ask, how much does Zepeto surgery usually cost? does that mean you use ecun custie? thank you",Normal,0,test,train,train_added,test_01703
train_added_test_01594,test_01594,"Concussion anxiety taking over my life Let me just preface this by saying I've been essentially the hugest hypochondriac my entire life, even to the point of freaking out over a bat *maybe* biting me after it flew over my head once. I've never been this anxious about anything because getting a life threatening TBI is my hugest fear and it's basically consumed me.

Almost two full days ago, I slammed my head four times within two or so hours against a few different walls. Not ruthlessly hard, but *just* hard enough to worry. I matched basically no concussion symptoms at the time but it hasn't stopped me from flipping out excessively. Since I woke up yesterday though, I've gotten minor potential symptoms that made it so I couldn't function in my normal life without freaking out, which has worried me. While I didn't get a headache, I had minor, non-painful, yet strange feeling head pressure, (especially when moving it,) slight sensitivity to light, occasionally feeling dazed, me not being able to remember or place words in sentences, etc. It became rough trying to figure out which 'symptoms' were from me freaking myself out, and which could be potentially real. I even stopped drinking coffee because I'm so freaked out caffeine could make my 'concussion' worse.

The worst part came last night, when I dozed off while hanging out with friends watching a movie around 8. *I couldn't sleep.* I kept jerking myself awake and my body refused to do anything, heart racing, and it got to the point I kept taking 20 hour power naps until midnight where I'd wake up in a total daze with some of the worst anxiety I've had in my life. So, reasonably, I Googled symptoms to subdermal hematomas, which freaked me out even *more,* because now I'm convinced I have a brain bleed. I woke up this morning and I still feel dazed, still shaking, even though the only remaining concussion symptom is me feeling pretty dumb and detached from the world. Even *after* friends who've had real concussions reassured me, nothing's helped, in fact me Googling shit made it worse (like always.) 

I guess my rant results to me asking whether or not I'm justified being like this. I've been honest to God debating on just driving to an ER or something immediately despite potential freakout and the fact I'm only 18 because almost nothing else has entered my mind. The anxiety has been consuming me, and I'm 100% convinced I'm dying, and it's the *worst.*",Anxiety,2,test,train,train_added,test_01594
train_added_test_00526,test_00526,3G.. anxious and restless,Anxiety,2,test,train,train_added,test_00526
train_added_val_confirm_00668,val_confirm_00668,I am done doing things. It just is not worth the effort anymore. I am going to lay in bed and be lonely for the rest of my life. I think I am going to stay in bed all day today,Depression,1,val_confirm,train,train_added,val_confirm_00668
train_added_test_01824,test_01824,"Hows do you differentiate between imagined problems and real problems? (Long rant) Since I was probably 19/20 I have had a roller coaster of health anxiety. It all started with an actual kidney issue which later resolved itself and the only possible cause was ""stress"". Since then I have had a huge fear of STI's which led to my ultimate fear of cancer and warts caused by HPV (especially throat/mouth). I have always had some form of anxiety, when I was younger I'd pull out my eyelashes and scour my face for blemishes. I believe this has led to me being so hard on my self that I notice any imperfection. I have tonsil stones and while I stuck my finger down my throat I went past my tonsils this time ( gross I know) and I felt a bump, almost like a skin tag. This led to me feeling so panicked  I became physically ill  and left work early. Since then I've been googling and come to the conclusion that I can't keep doing this to myself. Normal people do not stick their fingers down their throat to find god knows what. Of course It's going to feel weird down there.

I understand this new thought will not pass immediately but how do you guys differentiate real vs imagined issues? How do you calm yourself down? I am at my wit's end, my gf is too. I'm sick of being withdrawn and lying to her about what's wrong. I'm sick of going down rabbits holes for hours on end. I'm sick of physically checking my self countless times. I'm just sick of it. Sometimes the only times I find any relief is when I am in actual distress from a confirmed ailment and that's just sad.",Anxiety,2,test,train,train_added,test_01824
train_added_val_search_00251,val_search_00251,pharmaceutical vol page 9 depression and autoimmune hypothyroidism amp mdash their relationship and the effect of treating psychiatric and thyroid disorder on change in clinical and biochemical parameter including bdnf and other cytokin http t co i9 bnbj vm,Depression,1,val_search,train,train_added,val_search_00251
train_added_val_confirm_00508,val_confirm_00508,Anyone else find this extremely boring? I just want to sleep forever or be unconscious forever. Eatworkgo to bedoccasionally hangout with friends.,Depression,1,val_confirm,train,train_added,val_confirm_00508
train_added_val_search_00055,val_search_00055,I told my parents I wanted to d!e and they said I am over dramatic and self centered. Then they ask why I would say that. Wonder why i told my parents..,Depression,1,val_search,train,train_added,val_search_00055
train_added_test_02269,test_02269,"I feel like my new antidepressants have been keeping my mood pretty stable, but out of no where this evening I feel like I have just been washed out to sea with weights on my feet. My body just feels heavy. I do not have the energy to even entertain the idea of what to eat, or do with my evening. What do you do when depression hits you like a ton of bricks?",Depression,1,test,train,train_added,test_02269
train_added_val_confirm_00342,val_confirm_00342,"Another Small Tip If you start to panic. And you need to tell someone. Try, instead of telling them your symptoms, just standing next to them and don't say anything about your symptoms. Worse case scenario something happens you are right next to someone who will help you now you can relax. But try not to say what you are feeling try to distract yourself with their presence.",Anxiety,2,val_confirm,train,train_added,val_confirm_00342
train_added_test_00073,test_00073,lennartspion finally overall mental state matter a lot when i wa at the worst of my depression writing my phd thesis it just made me sleepy no matter what work way better now im in a stable job with manageable project,Depression,1,test,train,train_added,test_00073
train_added_test_02487,test_02487,"Anyone train in a martial art? I was recently thinking of getting into wrestling or Brazilian Jiu Jitsu, maybe kickboxing. Really anything to compete and get out some of my aggression.

Have any of you found success on a similar path?  ",Bipolar,3,test,train,train_added,test_02487
train_added_test_01475,test_01475,"A sense of place Hi guys....this is a post I've been thinking of making for a while, but I have a hard time wording it. It's one of the big things I struggle with and I think it contributes to my anxiety and depression, but I don't know how to express it to others.

Here it is: I grew up in a rural area, and I hated it. When I went away to college at age 18, I moved to a suburb outside of a major city, met great new people from all over the world, explored the city even though the college is about a 30 min drive/subway ride from it. Basically.....I had fun, felt comfortable with the people around me, explored new places, and felt proud of where I was even though, to others, it was a bland suburb.

Ever since finishing college, I have been searching for that feeling again: that feeling of just being in the right spot, where I need to be. 

It's been almost 15 years since I left that area. Since then, I've lived in 3 different places, two suburbs of major cities and downtown in a mid-size city.

Everywhere I go, I long for that feeling of knowing that where I am is a perfect fit....that feeling I only had for the six years (Bachelors and Masters at the same college) I lived in that suburb, at my college.

I now live in a suburb of another major city...basically the same distance (about 30 min) away from the city, but with good public transportation so I can go to the city anytime I want...just like the suburb where I went to college. I have met a few great friends here. It is basically the same situation (suburb of a large city, good friends, good public transit to put me in the city when I want to go there).......but I almost hate it here. 

It doesn't make any sense! My husband is obsessed with buying a house here (which is a crazy fantasy bc there's no way we can afford a downpayment anytime soon, but that's a whole other issue), and I almost get panic attacks thinking about staying here for the rest of my life.

And yet, every time we move, I'm dissatisfied there, too. My husband says that if it were up to me, we'd just keep moving from place to place for the rest of our lives because whenever we end up somewhere, I immediately start talking about moving somewhere else.

On paper these places are basically the same as the place where I felt the most comfortable, but they don't feel right...in the three places I've lived since leaving that college, I've felt like a puzzle piece that just doen't fit.

I guess i'm just wondering if anyone else feels this way: a sense of never being in the place where you belong....or is this just my own anxiety that's for some reason clinging to this particular issue?

I hope this makes sense. I've been trying to explain it to my husband and a number of psychiatrists over the year, and they just don't seem to get it.",Bipolar,3,test,train,train_added,test_01475
train_added_val_confirm_00886,val_confirm_00886,I have been alone for so long yet being lonely still kills me inside it is so sad when you are dealing with depression and you have no one to talk about it (personally),Depression,1,val_confirm,train,train_added,val_confirm_00886
train_added_test_00381,test_00381,"Antipsychotics and stimulants? Hello, hi.  I was recently prescribed Modafinil to take with my current combo of meds (rexulti,trileptal, vybriid) and I’ve started to get frustrated at the lack of effects from the Modafinil which I assume is because of the rexulti (dopamine antagonist). Has anyone else felt like their stimulants don’t work because of atypical antipsychotic? and have been able to do something about it? I think I’m going to try and convince my psych to let me taper off the rexulti and increase the trileptal. Does anyone know if trileptal is also a dopamine antagonist? I’m so frustrated!! Maybe rexulti is the reason I can’t study in the first place. Gimme back my dopamine ",Bipolar,3,test,train,train_added,test_00381
train_added_test_02389,test_02389,"Hello, I am seeking advice for my depression/addiction. Growing up, I was bullied until the end of high school and my strict religious parents created a very stressful and traumatic upbringing at home. I have always had an unshakeable feeling of low self worth and I always feel like nobody likes me. I always have to go above and beyond for people to like me but others seemingly do nothing and have people adore them. In addition, I have an over obsessive addiction to things that stimulate me. It ranges from food, movies/tv, theme parks, etc (no alcohol or drug addictions). Really, just anything that prevents me from sitting with myself and my thoughts. Literally, I cannot do anything without simultaneously eating a snack, or listening to music or a podcast or something to stimulate me and make me feel happy. I am addicted to this self induced false sense of happiness because its the only time I really ever feel happy. Over the years, I have made excuses/goals to help me with my depression and low self-esteem. First, I blamed it on my weight, then my lack of education, then my finances, then being single and alone, etc. Present day, I have my own place, I got fit, completed multiple degrees, have a great paying career, I am in a 6 year committed relationship, and I have even mended my strained relationship with my family. Honestly, I have a great life and I have run out of excuses. HOWEVER, my self worth is as low as ever and I still feel like people do not like me (or think the ones that do, will leave me the second I do something wrong or upset them). I have been seeing a therapist for 2 years and it has helped me to better understand the root of my behaviors but no luck finding a solution. I am continuously told to try positive affirmations but no matter how much I repeat to myself you are smart, you are worthy,etc, or how many lists i write with my positive traits, nothing changes. I am not suicidal or anything like that, and when I reflect, like I stated earlier, I am aware I have a great life but the thought of living the rest of my life and never being truly happy or loving myself is so scary and I do not know what to do.Anyone in a similar situation or have advice? Thank youPS: I have never taken meds. I always avoided medication and thought of it as my last resort but I am starting to consider them. Any advice or personal experience stories about meds would be greatly appreciated Depression, low self esteem, HELP!",Depression,1,test,train,train_added,test_02389
train_added_test_00985,test_00985,i m a y o man who is extremely active and an amateur power lifter i wa getting very strong in the gym and i looked forward to it everyday i had an incident with a crazy strong panic attack last december and i wa out of the gym for month while they did test on my heart just to rule out that it wasn t anything serious i ve been back in the gym for a while now and i m getting my strength back but the anxiety isn t going away at all i ve started heavily focusing on my heartbeat and when it go up i freak obviously in the gym this will happen but i keep associating it with a medical emergency any advice on how to help get over this so i can get back to the pastime i love in full force,Depression,1,test,train,train_added,test_00985
train_added_test_00868,test_00868,"Depression slowly started to become the first thought that hit me when I woke up, the thing that would tower over me like an inspector. It analysed and critiqued everything I did. I still suffer with it but its become easier to cope with. I have looked at all the peoples socials of whom I was friends with at the first sort of few days when I felt depression, and did not think much of what I felt. When I look at those socials, I think, those people have become strangers to me. Those once friendly faces have become the strangers that you walk past awkwardly and smile at. Those people that I once stopped from ending their life, have stopped the daily text, funny image, call, because they have met new friends that were emotionally available to give that excitement and care and I just was not capable of doing that. And now I have lost touch with some of the best friends I had and I have to walk past them with those thoughts flooding into my head.Just think, if I was not the way I was, I might still have those friends. Those friends might have saved me from a few of those killer nights where my mind would be numb from the entire planet- but I was not man enough to start the conversation about it. It makes me feel that I have just neglected everything around me. I mean heck, I almost lost my girlfriend because I was so anxious that Id crack under the pressure of the simple how are you?. I was so emotionally unavailable i was considering cutting it off for her sake- but I realised I loved her too much to do so. So I took action. I turned off socials notifications, I stopped checking my phone, asking to meet up with friends, and focusing on things I was capable of focusing on; my studies and my girlfriend. It sounds horrible, saying my gf came before the bros but the bros were already building bridges with other guys so I already felt like a scapegoat then. And now I see pictures of them with their new friends and I am happy for them but I am also bitter because if depression had not shot me in the chest so many times at the worst times, that new friend could have been me. And now I am here, with my girlfriend (who I am grateful for and love) and my studies. I do not have a single friend I can possibly say backs me, checks up on me, calls me when they realise I am suffering at my worst, and its just made me use the tactic of shutting down from the world while i sort my self out. And that shuts me out from the world even more. But I have never been able to do it any differently. My girlfriend is the only one that when I talk to, I can just forget about everything going on in my life and be myself but happier.I miss my bros because I should have invested time into them and now I am bullying myself about it.Does anyone get by in a similar way or is it just me that copes with it like this? (Btw I know shutting off is not the healthiest method but its the most efficient in terms of speed) I have realised over time I have neglected my friendships because of depression.",Depression,1,test,train,train_added,test_00868
train_added_val_confirm_01083,val_confirm_01083,"Can medication kill creativity? I started taking Quetiapine (Seroquel) a few months ago and, while I've certainly had less negative thoughts and have been more functional, I feel like I'm no longer as creative as I used to be, something which affects my education as well as what I do with my free time (absolutely nothing). I was wondering if anyone has experienced something similar, and if it's possibly a result of medication?",Bipolar,3,val_confirm,train,train_added,val_confirm_01083
train_added_val_confirm_00487,val_confirm_00487,"In anger,I pressed hard against my temples with most might. Is it gonna be fatal? My left temple is fine,I feel no pain but in right one I feel it’s swollen or has a dent,right side of my skull is feeling dizzy. Am I alright?",Anxiety,2,val_confirm,train,train_added,val_confirm_00487
train_added_val_search_00392,val_search_00392,"Questions for you people, who are bipolar. Hey, I'm actually not bipolar, but my ex-girlfriend is and I had some questions regarding the disorder. I hope that this is allowed on this subreddit, if it isn't then I'm sorry.

We dated for 2 years. Before we got together she was in a manic episode and then afterwards we got together. At this point I didn't even know that she was bipolar. She had social anxiety, schizophrenia and depressions, the same as me, so we worked perfectly together. We would sit at home, playing videogames and were just enjoying the company of the other person. 

Then her life changed. She finally found the motivation to get into a new class and I think this is what triggered the manic episode. She was suddenly a complete other person, she spent like 1000$ (all she had) on creative things and new hobbies. She was really outgoing, which I wasn't used to at all. And then it happened. She met with another guy. Then she met a second time with him. Until then I just thought she is finally making friends, but then she cancelled a date with me to go out partying with the guy and another friend of hers. That was the moment I realised something was seriously wrong. We had a talk. She didn't cheat, but she also made it pretty clear that she does not want the relationship anymore. I asked her why and she couldn't even give me an answer. She tried to explain it by ""feeling like she is trapped in a cage."" and I first thought that she meant she wants sex with other guys, but no. She told me she misses the time from before the relationship (her last manic episode). And yes I know that it sounds like she cheated, but she didn't, I know this for a fact.

Even more things happened. She proposed the idea of a 1 month relationship break (without cheating). I agreed. And I think that was the time where the manic episode manifested itself completely.

After 1 month I texted her and her response clearly showed me that there is no spark of common sense left in her. She didn't care about anything anymore. She straight up told me that she knew 3 weeks ago already that it won't work. She told me she is currently at a restaurant with another guy and she will bring him with her later to pick up her stuff. When she arrived she had completely new clothes, a new haircut, tons of make-up.

BUT I also knew that she did not do any of this to hurt me. It was pretty obvious that she didn't really have a clue what her actions did anymore. It was almost like a child that just wants to have fun and that doesn't even realise how his actions affect other people.

1 week later I visited her parents to get back my stuff and they just cried and told me they don't know what's wrong with her and that she is behaving really weirdly lately.

So now my questions for you guys : What will happen once her manic episode is over ? Will she feel regret and shame ? And what can I do to prevent that ? She tried to commit suicide multiple times in the past and I'm almost sure that once she realises what she has done, that she will do it again. And the last times I was there for her, but I'm scared that she is too ashamed to contact me this time. After the break up I texted her that she can contact me anytime, but I'm not sure if she will do it. I mean, what happens to you guys once the manic episode is over ? And especially what happens when the manic episode started like this ?",Bipolar,3,val_search,train,train_added,val_search_00392
train_added_val_confirm_00722,val_confirm_00722,@fancyelastic He he! Thanks,Normal,0,val_confirm,train,train_added,val_confirm_00722
train_added_val_confirm_00302,val_confirm_00302,sleep is not restful grgr what my father said: TOMORROW OPEN SHOP IN THE MORNING YES IT'S ALREADY WANT FOR Eid MUST OPEN EARLY MORNING...it keeps ringing,Normal,0,val_confirm,train,train_added,val_confirm_00302
train_added_test_01310,test_01310,Masturbating when depressed is bad because it makes you sadder after you cum. It feels good for a few seconds but after your orgasm you feel regret and more depressed than before.This is my opinion from my experience . Masturbation worsens depression,Depression,1,test,train,train_added,test_01310
train_added_test_02373,test_02373,"Dear husband, losing you is too high stakes Lately, I've managed to break down a ton of walls. I've managed to get to a better, stable place with my husband. I love him more every day and I am so fortunate to have him as my number one. However, lately, I've just been realizing that he, as my number one support is also my life support. In other communities on Reddit, people would urge me to be more self-sufficient, independent, but I think you guys know what I mean and if you have found your ""person"", you might relate. 

I'm so scared of him dying that I can't let him get any closer. I feel like this is the final hurdle of a really wonderful marriage but I'm just so fucking scared. The world without him is unimaginable and horrifying. So, classic me, I won't let it be ""no holds barred"". I still hold back just a little back in case he dies.

I know I sound ridiculous. ",Bipolar,3,test,train,train_added,test_02373
train_added_val_confirm_00980,val_confirm_00980,my parent recorded a great deal of my early childhood so there is a lot of footage of me when i wa very young i used to be the most innocent and carefree little boy who never even once thought about what others thought about him or the way he looked i never cared about being lonely it wa just me with me and my mom and dad and i wa the happiest kid in the world the smallest thing made me smile year later i am now miserable and wishing i wa dead i barely even speak to my parent anymore and i push away and resent everybody around me my parent are heartbroken by the fact that i don t speak to anyone i m horrified by how shit my life ha become and how terrible of a person i am now due to my own mental health deteriorating beyond control i had so many friend a year ago but all i do is push people away and be a burden seeing what i used to be and comparing it to what i am now make me want to cry every time i see a little kid being happy and innocent i wish so badly that i never grew up and i could have remained a happy little boy forever,Depression,1,val_confirm,train,train_added,val_confirm_00980
train_added_test_01440,test_01440,NEW STUFF! KPOP CASE! YUUK YUUK ORDER :),Normal,0,test,train,train_added,test_01440
train_added_test_01436,test_01436,"Possible Misdiagnosis? PMDD instead of Bipolar? I need possible opinions Between the ages of 12-13 I was diagnosed with Bipolar Disorder after a short stay in a mental hospital. This mental hospital stay was right after the start of my first period. Over the years that I was medicated I took Lamictal, Prozac, Buproprian, and Lithium. They didn't do much except harm my memory and turn my into a zombie. However, I never had many of the Bipolar symptoms to begin with. Just mood swings and a lot of PTSD related trauma behaviors. At the age of 18 I took myself off of them and almost three years later I have still not had a manic episode. However, in the past few months I have noticed a pattern where my depression, negative thoughts, and unstoppable crying (among other things) come about a week before my period and disappear almost as soon as my period arrives. I am not sure if this is important but, my mom who was given a Bipolar diagnosis that was later retracted also experienced similar pre-period symptoms. I would like to be treated for my possible PMDD however my psychiatrist is worried that potentially treating my PMDD with Prozac could reactivate any latent Bipolar Disorder. I was just wondering how often Bipolar and PMDD are misdiagnosed as one or the other and if you guys ever were misdiagnosed? How did treatment go for you? What do you use to treat your PMDD? What is your opinion on this matter as well? I don't have a lot of friends who understand this kind of thing and I want an outside opinion before I start something potentially damaging.",Bipolar,3,test,train,train_added,test_01436
train_added_test_02266,test_02266,"How bad does it have to be to be considered psychosis? I know I've had at least one episode of what was probably psychosis because I was diagnosed with stress induced psychosis when it was happening. I don't know if that one was bipolar related or not, and I wasn't treated with anything at the time because I was still quite young and the psychiatrist didn't want to intervene with medication.

However, I've had other symptoms since during what were probably undiagnosed manic or mixed episodes where I've started to believe things that were, retrospectively, pretty weird. Occasionally these beliefs also pop up when I'm very, very depressed. Sometimes I believe these things 100% unquestioningly, and other times I know they don't make sense but worry about them excessively anyway. Sometimes it fluctuates between the two.

A common one for me is worrying that other people can hear my thoughts, especially if I look at them directly. I also get concerns about people working against me or talking about me behind my back to try to ruin my life.

Another time I became convinced my childhood home was haunted and that a demon had followed me from there into my daily life. I kept seeing a figure in my room at night and I worried about speaking about him out loud in case he came for me. I still worry about this sometimes, and tbf I'm pretty sure that house really was haunted. My childhood friends and I talk about the weird slightly paranormal stuff that happened there so I'm not alone with that, but my sudden obsession with it was abnormal.

I told a different psychiatrist about those two a while back and he said it was probably due to a combination of autism and trauma, and that it would likely go away with more EMDR. Since they kind of just left as my mood changed, he was satisfied that his therapy had worked.

I had another one where I decided I was actually naturally nocturnal and that other people were interfering with that to purposefully make me sick and stop my plans. I completely flipped my sleep schedule for several weeks (although admittedly I wasn't sleeping very much anyway), and then fought with all my family and friends about it.

At one point I also became very worried that other dog walkers were all talking about me on Facebook and were plotting to take my dog away. 

Another time I was certain I was dying of some horrible illness and all the medical professionals I saw weren't treating me on purpose because they wanted me to die. (I really was sick though, but the level of paranoia was weird).

I was still somewhat functional while all of these were happening, and I wasn't hearing voices or anything for the most part. So does it really count as anything serious? Because it didn't seem that bad to me, and my family just kind of ignored it since they'd been told that the episodes were stress related and it was best not to engage. I've never told a psychiatrist about all of the thoughts because I didn't view them as relevant; until recently, I just thought they were a part of life and it was something I did when I got stressed.

TLDR; at what point does it cross the line into actual psychosis vs ""being paranoid and having weird thoughts""?

I'm going to be starting medication for the first time soon if all goes well. My current psychiatrist is talking about putting me on antipsychotics, but idk if these episodes are really bad enough to warrant taking an antipsychotic. I've been reading about the drugs and they sound like heavy duty stuff, and I can't tell if, for me, it's really necessary. I think I'd rather try another type of mood stabilising medication first. I don't know how I feel about all of this.",Bipolar,3,test,train,train_added,test_02266
train_added_val_search_00074,val_search_00074,"In the emergency room right now. Came here as I think I’m having lithium poisoning. Told my psychiatrist I didn’t want to be on this and I feel like he totally dismissed me. Now I’m suffering physically and mentally... Nauseous, migraine, chills, weird thoughts, throwing up. Felt awful all day and listened to my body. Something is wrong so I’m in the emergency room with my fiancé, baby, and brother close to midnight. I told my new doctor that I didn’t want to be on lithium and he told me I needed to be on it. Fighting off the shakes and just want to be home, without a migraine, and without a knot in my stomach. Has anybody else experienced lithium poisoning? ",Bipolar,3,val_search,train,train_added,val_search_00074
train_added_val_confirm_00086,val_confirm_00086,"I cannot tell if my parents love me. Yeah they say it all the time but they do not really show it. they have made it clear that I am a bad person in their eyes. My dad has said before that he regrets having me and I suspect my mom agrees. I do not blame them. I am such a shitty son to them. How could anyone love me? All I do is treat people like shit (at least that is what they tell me, I feel like I am not that rude but I may have aspergers so I am unreliable) and sit around all day. I am a fucking loser and my parents hate it. ""Leave the house! Go out with your friends!"" I do not have any friends, mom. I feel like whatever I do is never good enough for them and everything that I fuck up they treat me like shit for. My dad has said before that he does not believe in depression. I confessed that I was depressed to my mom about a month ago and she still has not taken me to the doctor. She claims that it takes forever to get an appointment but I do not know if I believe her. Everytime I have said to them that it feels like they do not love me they call me ungrateful and say that they must live me or else they would not feed me, buy me clothes, etc. I cannot tell if my parents love me.",Depression,1,val_confirm,train,train_added,val_confirm_00086
train_added_test_00648,test_00648,"Wrong medicine So I shared in my first post here that my Dr put me on Latuda to help control my Bpd symptoms. I went 3 days with it, nothing major had the Hypersalivation that's listed and some good sleep (finally).

Then my body seemed to betray itself, violently getting sick to the point of dehydration and muscle cramps that took surgical grade narcotics to calm my body down from.

Turns out I am 1:150 that have a sensitivity to one of the ingredients in the medicine. I have now been switched to Vraylar, tonight is day 1. Hopefully it helps silence the million voices in my head and let's me sleep and keeps me from having any violent side effects.

Sorry if I'm just rambling on, Ive noticed this is one of the safer places to talk about these things without judgement or being approached by the ""Internet Dr.s"".",Bipolar,3,test,train,train_added,test_00648
train_added_test_01115,test_01115,gn yall,Normal,0,test,train,train_added,test_01115
train_added_val_search_00266,val_search_00266,I think I’m heading into depressive psychosis So I’m in a depressive episode today. It’s bad. I have nowhere to be so this was a good time for it. However I’m trying to reach out to people to work through it and no one is responding. My delusion rn is that they all aren’t responding on purpose and they want me to die. I don’t know what to do. It’s just me and my dog rn and I can’t find my headphones so I can’t take him on a walk without worrying about things getting worse because I’m alone with my thoughts.,Bipolar,3,val_search,train,train_added,val_search_00266
train_added_test_01910,test_01910,"I stopped drawing and reading regularly a few years ago. Two of my absolute favorite things to do since childhood. I am well into college now so the only reason I might draw is to finish an art project (I procrastinate an ungodly amount of time on projects anyway) I keep hoping my drive for it will come back but every time I try, I lose interest very quickly or get frustrated. I keep getting sucked back into these ruts where Ill feel numb and unmotivated and kind of hopeless for days. So Ill spend most of my time sleeping or doing nothing in my room. As an athlete, I do workout regularly but it never completely curbs these feelings away. But if I have a decent week, I think there cannot be anything wrong with me. Only for the cycle to continue. I just do not know what to do anymore. I hate feeling so miserable on and off. I am scared of the future because I cannot seem to do anything right for myself. I wish I could enjoy drawing and creating like I used to but I cannot imagine I ever will again. do not know if my passion will ever come back",Depression,1,test,train,train_added,test_01910
train_added_test_02188,test_02188,"How pathetic you have to be that you vent on a reddit post instead of getting your shit together. I have not had any sense of motivation for years now, no self-esteem for even longer. I cannot see a future were I make it, no girlfriend, no academic success, no healthy relationship with my parents, my friends are seemingly avoiding me. The only things I have are the funny video games that distract me and do not letting any emotion out of myself. I am going to die alone and it is all my fault. This unlovable piece of shit is going to kill itself. All my fault. With the only things leaving behind being a suicide note and a void on the people I knew that they do not deserve, but fuck it what is even the point on continuing with my life I cannot see myself being a normal functioning fucking human being, maybe then you will tell her how you feel you coward piece of shit fucking stupid useless idiot waste of resources. Oh hey it is me venting to randos on the internet",Depression,1,test,train,train_added,test_02188
train_added_val_confirm_00370,val_confirm_00370,"Does anyone take Depakote in the morning? I called my psychiatrist because I've been feeling pretty manic and can't get an actual appointment until May. He's increasing my Depakote from 1,000 mgs (2 pills at night) to 1,500 mgs (1 pill in the morning and 2 at night). Depakote has made a huge difference for me but one reason I was taking a lower than average dose is because a full dose (2,000 mgs I think?) knocked me off my feet, I couldn't get out of bed, I was disoriented, I spent 2 weeks in a haze before the doctor cut my dose in half and then I was fine. I really do think the higher dose will help the mania but it still causes some fatigue when I take it at bedtime, am I going to be exhausted all day if I take 1/3 of a dose first thing in the morning?",Bipolar,3,val_confirm,train,train_added,val_confirm_00370
train_added_test_02408,test_02408,"dream of being a kindergarten teacher, where are you told you have to teach science lessons right on the spot. luckily i'm the one who dreams smart",Normal,0,test,train,train_added,test_02408
train_added_test_01921,test_01921,Ki obostha mama?,Normal,0,test,train,train_added,test_01921
train_added_test_00853,test_00853,"Vitamin D and B-12 Deficiency Sorry about lack of clarity, I’m not exactly sure how to phrase this because I’m confused myself, and I am on mobile.

I sought out treatment after I was having some pretty concerning suicidal thoughts the past year.

I reached out the a therapist at my University, and immediately was referred to a psychiatrist under the guise of maybe benefitting from mood stabilizers.

Before my psychiatry appointment, I researched into mood stabilizers and saw they were used in treating bipolar. Read up on bipolar and really identified/ understood why she would recommend me to the psychiatrist assuming she thought I could have bipolar. 

Met with the psychiatrist, and not to my surprise she said she was sure I was bipolar. However she wanted me to get bloodwork before starting me on lithium to see my levels in various things. She said she was going to diagnose me official with unspecified mood disorder until she saw my results regarding my thyroid. 

I was pretty bummed hearing this news, she essentially told me I had bipolar disorder but lacked whether it was I or II, so I still felt lost but like I was on the right track.

Well, my blood work came back and everything was normal except I had extremely low vitamin D and B-12. My psychiatrist called me and gave me dosage for otc vitamins. I read into the situation wrong and assumed she was just reducing my issues down to deficiencies.

I know these two deficiencies do not explain mania. Maybe vitamin D explains psychosis, but I don’t experience this. I felt like everyone was so sure I was bipolar and led me on to thinking I had a solution, and I think this issue runs deeper than just supplements.

I know many mental illnesses have links to vitamin deficiencies, and I guess my confusion comes from whether or not anyone else experienced this along with being bipolar. I have an appointment on Thursday, first one since bloodwork, and was wondering if I should mention the bipolar diagnosis if she doesn’t.

TLDR; is my doctor reducing her diagnosis to needing vitamin d and b-12? Can this and bipolar coincide? ",Bipolar,3,test,train,train_added,test_00853
train_added_val_confirm_00898,val_confirm_00898,I am just really living off myself by now because I have one friend who has a girlfriend that he chooses over me. I have never had a girlfriend and I am ignored if I even try to talk to them. I have tried to make new friends but I guess there is something wrong with me because they will just be nice and talk to me and then never want to hang out when I ask. what is the point anymore living life if I am alone while I do it. I am so alone,Depression,1,val_confirm,train,train_added,val_confirm_00898
train_added_test_01208,test_01208,"Evening HA into sleepless night Around 8pm I had that familiar chest pain. A deep burning ache on the right side of my chest. I had a crappy nights sleep the night  before, approx 4 hours, and was so tired all day. But with the anxiety tonight, every time I would start to fall asleep I would wake up suddenly. Jolted wide awake. I’ve watched QVC, twitch streams, parks and rec. I’ve done calm.com, YouTube sleep hypnosis and chatted on Pacifica. I’ve read my book and meditated. Nothing helped tonight and I’ve literally slept zero minutes. My alarm will go off in one hour and I’m horrified about what tomorrow will be like. 

I have four children who need rides starting at 7am and ending at 8:30pm. I have a job where I have responsibilities to my coworkers. 

Please tell me that I’m going to be alright. Sorry to whine I’m just really discouraged.",Anxiety,2,test,train,train_added,test_01208
train_added_test_02411,test_02411,"These weren't the only punishments, though. Sometimes he'd make us choose a favorite toy or plushie to be thrown out if we'd made him mad, and one time when he caught me rescuing my plushie, he slapped me across the face, then made me watch him cut her into little pieces, standing there at 1 in the morning berating me about how I was a stupid, ignorant little bitch that needed right and wrong beaten into her, because I was too stupid to to know how to do as I was told. Sometimes, though, he'd not just snap and get angry... He'd utterly lose control of himself. Screaming so furiously I couldn't really understand him, grabbing me by the arms/shoulders and shaking me hard enough to give me whiplash, and continue screaming over me once I collapsed in a cowering heap when he let go.",Normal,0,test,train,train_added,test_02411
train_added_test_01061,test_01061,when it rain it pours i can never get ahead in this game of life it s all sort thing that pile on at the same time it seems like i start thinking that maybe it ll turn around wham something new newest one family ha a trip planned coming up and sure enough kid is sick i just don t understand why can t thing ever shift in my favor i know this sound petty compared to other people problem but i just needed to vent to someone,Depression,1,test,train,train_added,test_01061
train_added_val_confirm_00759,val_confirm_00759,"I feel like I'm overanalyzing I've been diagnosed for ten years. Heavily overmedicated for 3, then in denial for 7. I'm now almost a week into Lamictal and terrified it's going to trigger mania. I've been obsessively recording every dream, paranoid thought, and mood variance and I feel completely lost. I can't tell if feeling happy is normal or the beginnings of an episode and I'm overthinking until I'm 10 feet deep in depression. Last night I had my first suicidal ideation/thoughts of self harm in months. I was on my way home from the store (picking up supplies to eat my feelings- is this why people gain weight on these meds?) And I sobbed the whole way home and sat in my driveway for 10 minutea before I could regain my composure. Total hopelessness. I feel so lost. Have any of you experienced depression from Lamictal? The overanalyzing is killing me and the more I look at it the more lost I feel.",Bipolar,3,val_confirm,train,train_added,val_confirm_00759
train_added_test_01861,test_01861,"I live with two people in my family who have schizophrenia and there was a butcher knife placed on a picture of me i’m a 19 year old cc student and i live with my grandma, mom, uncle, aunt, and little sister.

my mom has a meth addiction and she’s developed schizophrenia from it and it’s been getting worse as the years go on. my uncle was hit on the head at a young age and im not exactly sure what he struggles since we never talk but i think it’s schizophrenia. my mom doesn’t take her meds i think and my grandma is constantly trying to help her with moving in and out of motels and rehabs and all this stuff for the past 8 months or so (realistically she’s been trying to help her for many many years now but my mom had moved out) recently my mom moved back in like a week ago. my uncle is very strange and i don’t know really anything about him. he leaves his room a few times a day and doesn’t talk to anyone, sometimes i hear him talk to himself in his room, but he doesn’t yell and scream like my mom does, he’s just very quiet and intense. 

so earlier tonight i was using my grandmas phone for school since mine was dead, and i got curious to look in her messages between my mom because i’ve seen messages between them before where my mom is talking about how  she hears voices talking about someone wanting to kill me and how she’s constantly was thinking about me and she doesn’t think i’m safe. so i looked and my aunt (she’s mentally well) sent my grandma a picture where she found a big butcher knife placed on top of a picture of me. 

the message said “*uncles name* is acting strange again. i asked *moms name* if she did this and she said she didn’t. does *uncles name* know what it means to stab someone? that they will die?” in the photo my aunt sent my grandma, the picture of me was in like a mouse pad that was custom made with a photo of me from 4th grade. the thing is i’m not sure if it’s a coincidence because the mouse pad is on a desk for like where a computer used to be but the desk in like directly connected to the kitchen like almost next to it, so it could be possible that someone had happened to place that knife there so i didn’t really freak out. but i talked to some friends and when i kinda said it out loud to them i did kinda realize like damn that does kinda sound bad and they told me that yea it’s probably not safe. 

i don’t know if it was my uncle or mom either though, if it even was intentional. my uncle used to come home and hit me in the head as a kid a lot, and we would yell and scream at each other (we lived together for like 6 years and this would happen, then we moved, then we moved again and he moved back in with us) but ever since we moved back in again we literally do not talk to each other at all. he’s very awkward around me and everyone tbh and quiet, and i can tell he doesn’t like to be in the same room as me even though i do not interact with him at all whatsoever. we’ve said hey to each other like less than 10 times over the years and that’s about it. he does kinda seem like he hates me but i don’t think he would want to kill me. on the other hand it’s possible that my mom was lying to my aunt, but from what i’ve seen i don’t think my mom wants to kill me either. whenever she has talked about me in that way it’s more of a “this is my son i need to protect him from whoever gonna kill him” type of way rather than a malicious tone. but again, they are both schizophrenic which i really don’t know much about besides they can be unpredictable and so that’s why i’m asking. 

i know it’s weird to ask about this on reddit but i really don’t have anyone to talk to about it. i’m not going to directly confront my uncle about it because again we are very distant and he’s a big guy i just don’t want to i feel like it’d be worse, and i don’t want to ask my mom because i know she would say no even if she did. i’m going to ask my grandma tomorrow since i haven’t been able to since she’s been asleep all night, but she’s just going to ignore me after i express my concerns, which she always does. i can talk to my aunt about it even though we’re not really too close but yeah. 

another thing is my grandma sent the photo my aunt sent her to my uncle asking if he did it and he kind of just ignored it, didn’t deny it so. but yea i cant really move out or anything, i don’t have the money for that since i just graduated high school and honestly i don’t have a job right now since i’m a full time student and i just don’t know where i would go. i don’t have any friends that would let me live with them either so that’s out of the picture . the best thing i’m hoping for is the convince my grandma to have them move out but that’ll probably never happen even though i want it to so bad. i just don’t know if this is a coincidence with the knife and i shouldn’t be worried or what i should do so yea pls help",Anxiety,2,test,train,train_added,test_01861
train_added_val_confirm_00582,val_confirm_00582,i used to work in a deli.,Normal,0,val_confirm,train,train_added,val_confirm_00582
train_added_val_confirm_00221,val_confirm_00221,i hope i come back as a cat.,Normal,0,val_confirm,train,train_added,val_confirm_00221
train_added_test_02423,test_02423,"Relative challenging me over my meds. I was speaking to a close relative the other day and when I said I was feeling a bit grotty he preceded to say it is 'those pills' I am on that is causing my problems and that I should try and stop taking them. He is going through a hard time at present so I didn't try to defend my mental health care plan to him apart from saying how dangerous it is to come off the drugs especially cold turkey. Yet he watches a lot of Yt videos about vaccines and psyche meds and how they are bad or so they say. He has fallen for it. It is as if taking a pill for your brain is unacceptable, but if it was antibiotics he would say in the same sincere manner 'you must take the full course' etc. My brother is the same. He once said to me I shouldn't be proud to take medication. I mean if I can't convince my own family that I need lithium, aripiprazole etc to function than what chance do I have outside of this setting. ",Bipolar,3,test,train,train_added,test_02423
train_added_test_00250,test_00250,"Losing weight after Lexapro I took 20 mg of Lexapro for about a year, then tapered down to 10 mg for 3 months, and 5 mg for 3 months. I stopped taking Lexapro all together about 5 weeks ago. Personally, Lexapro worked great for me and really got me through a tough period in my life. However, I gained about 20-25 lbs throughout the 1.5 years. Has anyone successfully lost the weight after stopping? I gained a decent amount of muscle mass over that period, but would like to lose about 10 lbs of fat. I still feel like my metabolism is relatively high (feel lightheaded/weak with anything under 2300-2500 calories) but none of the weight has come off.",Anxiety,2,test,train,train_added,test_00250
train_added_test_01550,test_01550,"For balance, I will close this afternoon / evening or not tomorrow, my goals are 100 who join because 'Ž",Normal,0,test,train,train_added,test_01550
train_added_val_confirm_00619,val_confirm_00619,"Kinda Hate This (This is a lot of word vomit it, might not make sense) It feels fucking weird to feel empty sometimes. Like I'm just listening to music for 30 minutes and I feel fucking nothing. I love listening to music a lot and it's been offering me an escape from the world, but this week has been hell. 

Earlier this week my friend told me something and that was the first time my brain went silent for months. It felt weird, but after that, I feel no joy anymore. Before that, it was hard to feel sometimes but it was there, but now it's rarely there in the first place. I do not want to be like this, I've just been slowly getting worst as time passed and I use to believe that it would simply get better, but it's like every other week some bullshit that ruins me is revealed and I've become practically numb to it. But ever since I finally cried for the first time in 6 months I can feel some of those negative emotions finally festering in the worst way possible right now. 

I just wanna be okay. I really fucking hate this,",Depression,1,val_confirm,train,train_added,val_confirm_00619
train_added_test_00216,test_00216,"I think I was misdiagnosed Okay, so 2 years ago I was diagnosed with bipolar 2, and at the time I was like, ""this doesn't sound right, but I guess I'll go with it."" I was put on lamotrigene after a 20 minute appointment with my psychiatrist where, with some vague descriptions of what my highs and lows were, he decided it was a solid diagnosis. But the thing is, he never asked for specifics about what they were like, just generally if I experienced them.

The highs of my 'mania' would last about 1-3 months at a time, and usually consisted of me being very active and upbeat, but I never exactly had any risky behaviors associated with it. I've never had periods of hypersexuality, or completely upended my life on a whim or anything extreme like that. I can get irritable, and my impulse control has never been great, but I've never felt like my thoughts were racing or anything like that. 

Probably the most 'extreme' thing I've ever done was to move to a different state after a 5 year relationship that I felt trapped in ended. I just needed a fresh start from it and I got that before moving back home with a better perspective (albeit in the middle of a depressive episode).

In fact, the only really concerning thing I ever had going on were intense periods of depression (also lasting between 1 and 3 months at a time). I would have a hard time getting myself motivated to do basic tasks and my interest in things I enjoyed waned during those times to pretty much nothing. 

Being put on meds, I was just coming out of a long funk and, after starting lamotrigene, it never really felt like that funk ended. I still have problems motivating myself to do basic things, even 2 years in, and I constantly feel like I'm lagging and forcing myself to do everything and I hate it. During my up periods I used to actually workout and be active and would write and take my son to the park and be an active and eager participant in family activities. But since being medicated I don't have any of that. I'm gaining weight and have zero motivation to do anything about it despite being miserable because of it, being an active parent feels like a chore, and I can't write to save my life. 

I feel like I'm a totally different person, and I don't want to be this way anymore. I think I might have been misdiagnosed, but idk how to broach this with my psychiatrist (I feel like he barely listens to me). If anything my symptoms are much closer to that of ADHD or MDD just applying my lived experiences to them, but when I tried to bring up ADHD he kind of handwaved it away saying that adult ADHD was difficult to diagnose and left it there. 

I'm not sure how to bring this up with him and was hoping some people here might be able to give me some tips on how to do that? Should I get a 2nd opinion from another psychiatrist? I just want to stop feeling this way.",Bipolar,3,test,train,train_added,test_00216
train_added_test_01790,test_01790,michaeltao man america is so borez anyway lol i just realized you sent me msg on here i had no idea i have no flash,Normal,0,test,train,train_added,test_01790
train_added_test_01736,test_01736,"He abused his ex girlfriends as well. I left him last June, after he tried to kill me after being released from a one week sentence for DV. That incident landed me in the hospital, though it wasn't the worst incident of abuse. But that night, I had a wave of courage for two seconds and told the staff what really happened. He was arrested and has been in jail ever since.",Normal,0,test,train,train_added,test_01736
train_added_test_00647,test_00647,"If you're nervous, you can't sleep normally.. this one is more fun, can't sleep too :)",Anxiety,2,test,train,train_added,test_00647
train_added_test_01776,test_01776,"I don't want to keep taking medicine, it's pointless. I've been taking medicine for the last 7 months, and I'm tired of it. I track my mood multiple times a day and it's pretty much just neutral all the time. I don't really think I need to take medicine, cause I feel like this is just my normal self that's having these neutral emotions. Like, I don't feel empty or emotionless or anything like that, I just feel generally peppy all the time. 

But, I'm afraid that if I do actually quit taking my medicine then something bad will happen and I'll ruin my life at the ripe old age of 21. I also keep having the thoughts of quitting my medicine so I can drink again even though I haven't drank since last May.

So, how do you know if you actually need mood stabilizers or if it's your normal self that's having stable moods on its own. I don't even feel like the same person I was last summer before I started taking my medicine, but I also think I was relatively normal before that summer also.",Bipolar,3,test,train,train_added,test_01776
train_added_val_confirm_00826,val_confirm_00826,"[tw suicide] If I never kill myself, all of this planning will have been such a waste There's probably a better way to think about this, but I'm having a hard time seeing it right now. I'm pretty sure I never feel this way when I'm ""up"", but at the moment, it feels like I've invested so much time in considering methods and logistics (off and on since I was 13) that it would be a shame not to actually do it one day. Won't it have been such a colossal waste of time otherwise?",Bipolar,3,val_confirm,train,train_added,val_confirm_00826
train_added_test_00232,test_00232,Bipolar defending you from deep emotions? Is it possible for your hypomania/mania to start when your body knows that you wouldnt be able a specific situation? Everytime Im supposed to feel really devastated I start becoming manic? ,Bipolar,3,test,train,train_added,test_00232
train_added_test_02338,test_02338,Just need ro be reminded im NOT having a heart attack. Dull aching pain in wrist hand and forearm. Other then that I'm fine. Maybe a little drowsy from it being late. Would love any and all support 💕,Anxiety,2,test,train,train_added,test_02338
train_added_val_confirm_00669,val_confirm_00669,USRN CUTIE!,Normal,0,val_confirm,train,train_added,val_confirm_00669
train_added_test_00513,test_00513,I look pretty young for 28 and everytime I talk with new people at my work I am shocked how young they are and how much more advanced they are in life. Just heard that some asian guy at my work is 18 and he already got promoted 2 times. I really feel like I am a pathetic weasel. I mean I have this job to pay my rent and focus on my personal goals but how do people get so motivated at such a young age? I think about all the things I fucked up in my Life... Why do I feel so fucking old at 28?,Depression,1,test,train,train_added,test_00513
train_added_val_confirm_00216,val_confirm_00216,"I thought I was crazy and alone I’ve suffered from hypercondria for years due to paranoia from almost dying when I was a baby and I thought I was completely crazy. Staying up to ungodly hours, worried about every little thing, thinking the world was foreshadowing my death, etc. 

I was (still kind of am) angry and annoyed at myself and forced myself to suffer in silence because I was being unreasonable. But. Like. There are other people like me. I’m not trapped in my own mind, or if I am, I’m not alone here. 

I’m literally crying with happiness I can’t explain it. ",Anxiety,2,val_confirm,train,train_added,val_confirm_00216
train_added_test_01575,test_01575,"Is it normal to crave being manic again? As some background, I have not been manic in almost 2 years. I also  stopped taking medication for bipolar disorder about 3 months ago. This was with the approval of my therapist and psychiatrist after going though a lot of different therapy including DBT. Lately, I have been having slight symptoms which, because of the therapy, I am able to think differently about them instead of being delusional about it. I know it can be super destructive in many ways, but I crave mania a lot. Just, the euphoria and intense feelings of love towards people, and the sex feeling so much better. Is this normal?",Bipolar,3,test,train,train_added,test_01575
train_added_val_confirm_00174,val_confirm_00174,"I am pathetic, I have been addicted to masturbation and porn since I could remember and I cannot even get an erection with actual women. I am not nervous or anything, I just cannot. I just broke a streak on no masturbating for almost two days and I feel sick of myself. I like the idea of finding a partner that I can experience life with, but I do not want someone to be with when I cannot even preform. that is not fair to them, and eventually they will get fed up with me too. I do not even know how Id bring it up to someone I am interested in. I do not feel like a man. Plus I have blood pressure issues so I am trying to tackle those. I just feel like Ill never be cured. I am addicted to masturbation and I have ED with actual partners",Depression,1,val_confirm,train,train_added,val_confirm_00174
train_added_test_00058,test_00058,"Abilify maintena not covered by insurance? Advice please. Hello. I am trying to help a friend who has issues with regularly taking pills and therefore never manages to take them long enough for them to start working. Remembers a few days here and there only. 

I found out about ability maintena but it’s very expensive and insurance doesn’t cover it. Have the most expensive “platinum coverage” health insurance plan here in California. 

Do your insurance providers cover it? Did you have to go through a special process to get it covered? 

Any advice would be greatly appreciated. 

He can’t afford $2000 per injection, but really needs a monthly treatment since daily pill use has failed for years. ",Bipolar,3,test,train,train_added,test_00058
train_added_test_01518,test_01518,we'd better get ready to go.,Normal,0,test,train,train_added,test_01518
train_added_val_confirm_00041,val_confirm_00041,"Anyone here get the shakes before, during and after visits to therapist? I get shaky due to nerves and ptsd from time to time but I’ve started to notice after my visit to my therapist office that I’m extremely shaky even though I feel fine. Anyone else experience this?",Bipolar,3,val_confirm,train,train_added,val_confirm_00041
train_added_test_01265,test_01265,i'll go.,Normal,0,test,train,train_added,test_01265
train_added_val_confirm_00029,val_confirm_00029,Heart fears So starting this week I’ve had these odd chest and back sensations not really that painful but weird. I went to my PCP and she listened to my heart and said it was normal and I had an EKG about 3 years ago that came back normal. However today when I yawn or take a deep breath I feel a sharp pain at the base of my neck. On top of that I haven’t been able to sleep out of fear I won’t wake up. Sorry for the rant I just need someone to talk to.,Anxiety,2,val_confirm,train,train_added,val_confirm_00029
train_added_val_confirm_00747,val_confirm_00747,"How would my BP1 medicine affect an LSD trip? I take Trileptal and Abilify. Recently came into some LSD but am nervous to take it. I’ve tripped plenty of times before and it’s not like my BPD is new, but I’ve never done so on medication. Hoping to get some guidance from you guys on this. Like I said, each of my ~5 experiences thus far have been incredibly positive and helpful to me, but I’m in a good place now and I don’t want to screw anything up. ",Bipolar,3,val_confirm,train,train_added,val_confirm_00747
train_added_val_search_00393,val_search_00393,"Ningning, I'm waiting for you",Normal,0,val_search,train,train_added,val_search_00393
train_added_test_00416,test_00416,"In a previous post I talked about how I could not cry. I cried today. I have a new job. I excelled at first. I hold myself to high standards. I pride myself in my work.Well today just was not my day. Nothing was going right. I guess it was obvious that I was stressed out because one of my coworkers stopped me for a second and told me you are doing a great job. I almost bursted into tears right then and there. I took my 10 and spent it in the bathroom crying. It was a knees weak heavy chest kind of cry. It has been so long since I have been reassured that I am doing a good job. I was extremely relieved. Then everything went back to normal. Numbness, dinner binging and purging. Like it never happened. I cried today",Depression,1,test,train,train_added,test_00416
train_added_val_confirm_00484,val_confirm_00484,"magic mushrooms Does anyone have any experience with long term use of psylocibin? Someone I know takes magic mushrooms several times a week because it is the only thing that helps his severe ocd enough so he can function almost like a normal person. Is there any reason not to continue if it's helping? He has tried CBT, ERP &amp; medication which helps a little. Are there any long term use side effects to worry about? Has anyone else taken psylocibin regularly for a long time?",Anxiety,2,val_confirm,train,train_added,val_confirm_00484
train_added_val_confirm_00833,val_confirm_00833,"Overthinking, lonely, anxious, bad mood, sad, reminiscing about things that make you feel uncomfortable... Just keep going",Anxiety,2,val_confirm,train,train_added,val_confirm_00833
train_added_test_01808,test_01808,the beatles are the best.,Normal,0,test,train,train_added,test_01808
train_added_test_00360,test_00360,you can say that again.,Normal,0,test,train,train_added,test_00360
train_added_val_search_00186,val_search_00186,beachbassbone roomie wa home all day all he had to do wa scratch at the door comforter ha to goto large laundromat machine,Normal,0,val_search,train,train_added,val_search_00186
train_added_test_00760,test_00760,"Punctilious I started a whole Facebook thread as a result of being enamored by this word yesterday evening. For those with bipolar, are we so impaled on beauty (as Holden Caulfield) that we can be paralyzed by the necessary bureaucratic minutiae that is punctiliously demanded of us in society?",Bipolar,3,test,train,train_added,test_00760
train_added_val_confirm_00143,val_confirm_00143,"it really does, i can't wait.",Normal,0,val_confirm,train,train_added,val_confirm_00143
train_added_val_search_00336,val_search_00336,is going to the tenancy tribunal tomorrow try to get my bond back,Normal,0,val_search,train,train_added,val_search_00336
train_added_test_01770,test_01770,"Hi, first time writing here. I am an 18 yo girl and its been a month, maybe more, since I have noticed these things. During this period I have not been myself. The main thing I am noticing is that I have been really numb to everything; I often find myself wanting to feel something, like sadness, but not being able to. Its like I am indifferent to everything. In addition, before summer came, I used to work out and read everyday, but I cannot find the energy to do these things anymore, even if I love them. The only time I feel better is when I go out of the house. When I am home, everything feels boring and I do not know what to do. I do not know how to explain this feeling, I feel completely hopeless towards life, like every thing I currently look forward to is eventually going to pass and there is actually nothing to be excited for. For example, when I am feeling excited for an upcoming event, I sometimes find myself thinking ""and after that?"", feeling like I am stuck in this loop where every moment of happiness is temporary.I do not know if this is useful, but I think i need to say that I also have some anxiety attacks sometimes, even if they are pretty rare. The reason why I am deciding to take this seriously is because its been a long time since I have noticed these patterns, and I am usually able to ""get back on track"" quickly. The last thing I want to do is self diagnose myself, but I do not know how to talk to a professional, I am scared that I am imagining this and I also do not know what would I say to my parents since they do not really believe in these things. Could this be depression? Are these symptoms of depression?",Depression,1,test,train,train_added,test_01770
train_added_test_01947,test_01947,"Today, I wake up to my moms phone call crying. I am on vacation. She tells me something attacked a dove we saved. All was left was some blood and feathers. My chest feels like someone is sitting on it, and I feel sad, empty but also full of pain. I am sure it sounds stupid but it hurts so bad. I feel so dead inside. It hurts so much My bird was killed",Depression,1,test,train,train_added,test_01947
train_added_test_00491,test_00491,we've been sitting here for almost 10 minutes.,Normal,0,test,train,train_added,test_00491
train_added_test_01708,test_01708,"Woes of getting in as a new patient I'm just so frustrated, been off meds about a year and a half, been stable, moved to a small city and away from a crappy hospital, but away from from my established medical resources. I called the largest provider here, as of January 17th they're booked into mid April! Place I'm waiting to hear back from is *only* a couple months out, hoping to get in earlier simply because I'm already diagnosed and have records of previous medications. 

I just don't get it, yeah I should have done this sooner, but I was stable, if not slightly elevated, but I'm trying to stay ahead of this before my depression gets deadly serious (2 previous hospitalizations). The second place I called only has one Psychologist and one nurse, I forget the abbreviation but able to prescribe, however I had a bad experience last time with a similar situation, interestingly enough on my second hospitalization I was being cared for by the Dr that had the nurse as his assistant, and he was not too impressed with the meds she had has been trying, as I was not improving, she'd actually prescribed ssri for me and he explained that that is about the last thing I should be taking, anyways. 

It's just so frustrating for me, trying to get the help I need, as much as I had bad side effects from my last meds, I'd rather have them than go through this damn suicidal roller coaster again! 

Thanks for reading and letting me get some of this out. ",Bipolar,3,test,train,train_added,test_01708
train_added_test_01967,test_01967,"Latuda 60mgs, Lamictal (just started-working way up to 100mgs), Lexapro 15mgs 2x a day, Buspirone 15mgs 2x a day and weight gain Let it be said that I work out with a personal trainer 3x a week. My job is sedentary (office job) but I have a standing desk which I've just recently started standing at after lunch break. I'm doing the whole Keto diet (for a year) and granted I haven't been a saint on it, I've had cheat meals on weekends and little treats here and there (also used to drink but have cut that out and used to smoke but quit that as well) but for the most part have been keeping my carbs under 50g per day and ideally I want it to be at 25g or under. My caloric restriction is at 1,425, I'm female, 5'4 and last month I weighed myself at 147lbs. I started off last year being at 137lbs (before working out 3x per day and before being switched around between many different anti-psychotics-Bipolar 2) which is MUCH more ideal and my goal weight is 125-130lbs. I understand it's going to take time...but I'm becoming impatient. I religiously write down everything that goes into my mouth and count my macros. My weight has done nothing but go up and I understand muscle weighs more than fat but I have a pudgy stomach, full face, and I can't seem to go down in weight. I will be more than happy to provide a weekly macro sheet if that would help any of you but I'm desperate for any advice, suggestions, or just telling me to calm the fuck down and just be patient :). Also, I have started running 5k's and try to run at least 3 miles of my off-training days. Thanks for reading and for any feedback!",Bipolar,3,test,train,train_added,test_01967
train_added_val_confirm_00215,val_confirm_00215,How often do other Cyclothymics switch between the phases? I want to know how long each state usually lasts for you or what time or thing typically triggers you to switch. For me I can’t even tell yet I was only recently diagnosed and I am learning myself.,Bipolar,3,val_confirm,train,train_added,val_confirm_00215
train_added_test_01122,test_01122,"Seeing things can be a medication withdrawal? I been bit down lately since I lost my pet unexpectedly over the Christmas break, I was riding the hyper train for a week and a half then until the day my pet died unexpectedly my mood drop and after the new years I forgot my meds a few times thus rare thing I do, was my idiot fault I know...

I wasn't sleeping well earlier in the week at 3 am in the dark I thought I saw a shadow person in the distance but it could of been just my imagination of being tired. The last time I saw shadowy people I wasn't sleeping well and sort of in the dumps since Christmas, I have been on my period for 3 weeks due to the neximplanon I been on it only for 4 month still my body getting used to it.  I think my iron might be low I been having low iron issues here and there majority of my life so could be the contribution.  Going to a doctor get that tested soon.

Its been a few days since then so it hasn't happened since maybe I am paranoid but that's rare.  I am spiritual as a belief so it could contribute fear.

Edit: I am back on them once I had my routine and medicine alarm on my phone set ??",Bipolar,3,test,train,train_added,test_01122
train_added_val_confirm_00456,val_confirm_00456,moony 9 i think i will be even more in denial after i watch,Normal,0,val_confirm,train,train_added,val_confirm_00456
train_added_val_confirm_00783,val_confirm_00783,"In a deep depression My fiancé left me on Monday and I’m in a deep depression. She gave no sign that she was unhappy or anything and just left. I’m suffering badly and don’t want to be here right now. I don’t know what to do, I’ve tried talking to her but she wants nothing to do to with me. We had so many plans and dreams with each other. Last week we were looking at places to get married. I’m fucking miserable and don’t know what to do.

I called my provider but earliest she can see me is the 10th. My anxiety and paranoia are extremely high and I just want my brain to shut off. It doesn’t help that it’s possible I’m schizoaffective disorder and not bipolar. I just want her back and to hear her laugh again.",Bipolar,3,val_confirm,train,train_added,val_confirm_00783
train_added_test_01840,test_01840,"My cat just died.... She wasn’t even a full year old yet. Around 2am tonight I realized I hadn’t seen her since the morning, so I looked for her. Finally found her under my bed. She wasn’t waking up when I called her, and when I reached out to her she was rock hard and cold. I had to pull her stiff body out to the middle of my bedroom floor and absolutely fucking lost it. She’d probably been dead since midday. Picking her up and walking her to my car, and from my car into the pet hospital sent me even more over the edge. I couldn’t handle it. I don’t know what to do. Neither I nor the technicians know what happened. I don’t know what to fucking do. She was my medicine. She was my fucking cure for this stupid fucking disease and made me feel like maybe I had a purpose and she was the one thing who made me feel loved. Gave me the purest and most wholesomely full heart. I haven’t felt love like that...maybe ever. I felt a little less fucking lonely in this endless depression because I had someone who would sleep with me and be close to me and make me feel loved. And she fucking died. I can’t handle this. I have no one to hug me and no one to hold me right now because my closest friend is on a ship in the middle of the fucking ocean for who knows how much longer. 

I just. really? really. This has to be a joke. I’m fucking done. I’m so fucking over this life and feeling cold and alone and not being able to hold onto any kind of fucking love I get. 

I keep thinking that this is karma for just being a shit person inside. I hate myself. I hate this. I just want to love and feel fucking loved. and now. she died.",Bipolar,3,test,train,train_added,test_01840
train_added_test_01046,test_01046,"thanks again. you look nice today, too.",Normal,0,test,train,train_added,test_01046
train_added_test_00728,test_00728,"I am a 25 yo guy and I have never had any romantic affiliation with anyone and I think it is a big part of my depression. I have tried meds on/off I do not think they have really helped maybe they fucked me up more idk. I have no job, nor do I have any drive to find one. I am living with my parents, who hope I will crack the competitive exams one day and get the dream job. I do not feel like studying for anything anymore. I feel like I am losing myself with each passing day becoming a husk of what I was before, not that it was anything special. All the stress and emptiness is taking a toll on my health as well I think. I was told by my peers that I was a bright guy but lazy... Found out I have ADHD. I do not have the strength to write what happened to me and where I went wrong. it is just my life's a mess. I cannot sleep and wanted to get this off my chest. I do not have the courage to say this to anyone I know irl. At least I am living with my parents for now but I feel I am about to suffer a horrible fate. I feel like my life is over and I am completely alone. Even forming sentences is hard nowadays fuck me. I am very lonely",Depression,1,test,train,train_added,test_00728
train_added_test_02370,test_02370,"The mixture I have bipolar type II, schizzoeffective disorder, adhd, and severe anxiety. I take depakote, lamotrigene, geodon for this, and hydroxizone for sleep. The hydroxizone does not work for sleep. Serequel and amatriptileye are too sedating the next morning. I am looking for suggestions on what to ask my psych. nurse for sleep. Do people recommend a psychiatrist as opposed to a nurse practitioner? I have not had much luck with nurse practitioners. I have been struggling with mania symptoms and panic attacks for a year now and have not found solutions. After my brother died in august I had a severe depressive episode that lasted from August until December and they would not put me on an antidepressant to pull me out. I was out of work from October to present because of this, and panic attacks that have been out of control, along with higher than normal blood pressure. This occurred when they put me on the lamotrigene. Higher anxiety and higher blood pressures. Any suggestions for all this mess?",Bipolar,3,test,train,train_added,test_02370
train_added_val_confirm_00503,val_confirm_00503,for once in age i cant hear that bloody tap driping but now we have no cold tap in the bathroom rip tap,Normal,0,val_confirm,train,train_added,val_confirm_00503
train_added_test_02363,test_02363,"Hi all,Let me introduce myself. I am a 22y old male student. I was diagnosed with Obsessive Compulsive Disorder back in 2016 and since then I have been on meds ( antipsychotics, antidepressants and mood stabilizators ).Lately, I have been without will to study and I have been feeling really lazy and with some intrusive thoughts that are common for OCD. As of today I have been smoking a pack or more of cigarettes a day. All of what I do during the day comes down to eating and smoking and sleeping. I do not feel happy with my life. I may lose my scholarship for university and I only did one exam in two months. I am worried is this may be a sign of depression?Thanks to all who read and reply! Is this depression?",Depression,1,test,train,train_added,test_02363
train_added_test_00518,test_00518,"Balamuthia I have severe health anxiety. I go to therapy for it and had it well under control. However, in January, my ex husband passed away suddenly and unexpectedly. We have a daughter together. Since then, this shit has been out of control. I can't leave her parentless. I can't. 

In my depression and mourning since her dad died, we have been pretty inactive. I'm not a gardener. I don't plant things. I take care of my house plants and that's it. On a whim, I bought some flowers at Wal-Mart. I thought it would be nice for us to plant them together. I wanted get back into being a normal mom, a good mom. 

So, we're outside planting these beautiful flowers. I'm a hypo already and I couldn't stop thinking about damn N. Fowleri, of all things. I know I can't get it from dirt, but we were breathing in so much of it! I didn't know to wet the ground before digging. We just went after it. I thought breathing through my mouth would keep me safe. Wrong and stupid. By the time we get back inside, my nose is all stuffy and my throat hurts. I assume this is from dirt and allergens. I ignored my compulsion to Google for a little while. Then I got a weird metallic taste in my mouth and that was it. 

I found Balamuthia Mandrillaris. FML. Fast forward two days. My eyes hurt, like they're tired. I had some brief photo sensitivity, but I attributed that to playing Skyrim all day yesterday in an attempt to maintain control over my thoughts. My sinuses are still full, but I'm not congested. I can feel popping and pressure in there, but no snot and I can breathe fine. My irrational brain tells me that this is a direct result of amoeba eating away my soft tissue. It is not possible for this to be run of the mill allergies or a sinus infection. My head doesn't throb or anything. It's a like a sinus headache, but very vague. I can move my neck and all just fine. I don't know if I have a fever. The kid hid the thermometer some where. It's messed up, I felt fine when I woke up this morning. No nasal problems. It wasn't until later on it started up again. Now my face is twitching in weird places. Which I read is also a symptom of the amoeba infection. 

I already know this is rare. I've researched it thoroughly. I'm scheduled to see my doctor tomorrow, but I want to go to the ER. I can't just up and take my kid with me though. I can't let this shit disrupt her life. She's spent many hours with me in the ER already. What am I supposed to do though? I know something isn't right. I don't want to die. I don't want to leave my baby alone. The inside of my nose is twitching as I type this. And I don't want to be the one person on this forum that guessed right about some horrible disease. Help me y'all. Please.",Anxiety,2,test,train,train_added,test_00518
train_added_test_00595,test_00595,"I feel like if I stop worrying, something bad will happen, on and off sense of doom. For several days I was convinced I had appendicitis… well I’m finally out of that stage THANKFULLY. or at least almost out of it, but now I’m convinced if I stop worrying about it happening or something then it’ll happen or if I stop worrying in general something bad will happen like my therapist cancelling or just some form of misfortune. I’m not used to having good things happen to me and my life is finally starting to improve so I’m just constantly on edge. My past four dreams havent been good, in one my friends started being rude to me, in another my food messed up, I wasn’t able to eat, my family was rude and my period started (haha my period then started 30 minutes after waking up), and these past two other days were focused on appendicitis in one I got it, had bad pain and then woke up freaking out (only had back pain tho which passed), and in the other I had it and got surgery. That dream did help me start to slowly get over my fear of it though. But I feel like if I stop worrying then it’ll happen, i know when I finally get distracted I start to think “huh maybe I’ll be okay, i don’t feel like anything bad would happen” and then sudden fear and feeling of it going to happen. Fucking lord go away. I just need to be okay for 13 more days and then I can see my therapist but my mind doesnt think ill make it in these 13 days. Like it’s certain I’m going to die and if that doesn’t happen then something else bad will, especially if I stop worrying argh",Anxiety,2,test,train,train_added,test_00595
train_added_test_01039,test_01039,Recommendations for diary/journal app for bipolar? What apps do you use for journal/diary keeping on your tablets or phones? There's so many to choose from these days and I'm wondering which you've found works best for you.,Bipolar,3,test,train,train_added,test_01039
train_added_val_confirm_00612,val_confirm_00612,"I'm back here. I keep thinking I'm not bipolar and then going well I can see it. And I wish there was more info on irritable/dysphoric hypomania. Although I did have tactile hallucinations at some point but I'm nots ure what was going on at that time. I've noticed a pattern for years but idk. Didn't think that could be it since itit's supposed to be uncommon at least compared to other disorders and I dont know of any family history, though I've wondered about my bio grandfather. He was abusive, angry, and I guess he did drugs. I think my grandma said he used to be really smart and charming but he was lazy. Idk. Anyway no one talks to him and he won't help anyway.

&amp;#x200B;

I don't feel like typing out a history right now so maybe I'll edit later but for now theres my post history.

&amp;#x200B;

I sometimes wonder but then chalk it up to stress and insomnia and midterms and some sort of atypical depression/mood disorder but nah not bipolar. And now here I am thinking fuc. I was probably right ten years ago. I'd stopped thinking it was a possibility and then found out in 2016 that I had a cyclothymia diagnosis. I think at that time I had never been fully honest about how bad my depression could be because I was scared to tell her. Even after several years I guess. But it's not like shes a therapist.

Anyway I seem to get angrier, less patient, sleep less though my energy isn't necessarily up, spend more money (used to be on food and stuff but it wasnt bad until last year and maybe this year) sometimes talk more. Maybe even lower tolerance for boredom than usual.

&amp;#x200B;

I guess I've been angier lately. I got in a fight with my parents Tuesday night and ended up tearing my curtain rod from the wall somehow. I think I probably grabbed the curtain. I also punched the wall a bit but no damage. My friend had to pick me up from my house. I'm back home now but. Theres so much context really.",Bipolar,3,val_confirm,train,train_added,val_confirm_00612
train_added_test_00030,test_00030,"My husband and I (m) got married about 2 years ago, and were very happy together. We were in fairly dark mental and career states when we met through work, but found happiness in each other and have both left that work place. I am now in a successful place in a new career in a new city and I enjoy all of those things - work, success, place, family. But my husband just got a new seasonal job at the place we used to both work. And so he lives with some of our best friends in that town, which is about a 4 hour drive away. Hes loving every minute - new duties, new coworkers, amazing boss, and he loves the place he is. And I am so damn happy for him. It really fills my heart to talk to him on the phone and visit him. To see him so thrilled to be doing what hes doing is such an amazing gift to us both. But that means I have been living alone for about 8 weeks now since he left. He comes to visit every few weekends, and I have found that is the only time I have enough energy to even put plates in the empty dishwasher, or put wrappers in the trash, or empty the overflowing recycling, or pick up the dog shit in the yard. Its the only time I can must the strength to vacuum, wipe down counters, do laundry, etc. I do not have many friends in this new city. Most of them are back at our old work where my husband is. I like my coworkers but I am far younger than all of them and do not necessarily see eye to eye on everything. So I spend all my time alone. I have not walked the dog in weeks, we just play in the back yard. The house is extremely messy by our standards. Its a depression pit. But hes coming home this week for a few days. And so I am picking up the place because I suddenly have the energy to hide my shameful mess and make the space welcoming for him. The kitchen is clean, the yard is picked up, the sheets are fresh, the trash is empty, and it feels so good and clean. Why cannot I just do this for myself? Why cannot I get enough energy to do the little things every night to keep the house like this? Instead, when I know I should do these housekeeping chores, I get mad at myself for not having the energy to do it, which makes me just want to hide from the world. I go crawl into bed and watch crappy YouTube videos instead. How do you get the energy to take care of yourself? I just realized how little I value myself. Ill bend over backwards for everyone else to make them happy, but I cannot even gather energy to toss garbage if I am alone.",Depression,1,test,train,train_added,test_00030
train_added_val_confirm_00258,val_confirm_00258,"impulsive while depressed I feel like I always get impulsive when manic, but also impulsive when depressed. I relapse on drugs more when depressed and I do more risky behaviors in an effort to feel something better then how I feel. 

When I’m depressed I’m Impulsive in order to escape the feeling I have vs when I’m manic I’m impulsive because I don’t think things through and everything is a good idea that needs to be done then and now.",Bipolar,3,val_confirm,train,train_added,val_confirm_00258
train_added_val_search_00232,val_search_00232,"feeling of body falling anyone else gets this feeling of your body falling down not only when you’re falling asleep? even when standing, walking, sitting or just relaxing",Anxiety,2,val_search,train,train_added,val_search_00232
train_added_val_confirm_00793,val_confirm_00793,"Let's Liquidate THR Lebaran, WANT TO BUY A BOOK WOI",Normal,0,val_confirm,train,train_added,val_confirm_00793
train_added_val_confirm_00656,val_confirm_00656,"Non-Medication Mental Wellness Tips? I’m medicated and doing well but still get tired out and wish I had more energy and felt awake when I want to. Usually during the workweek I’m distracted enough that I don’t feel tired. On the weekends I’m consistently tired enough that I need a nap unless I’m super distracted by a task or social engagement. 

What more can I do? I go to bed at 9 or 10 pm and wake up at 6:30. I never feel rested and basically have to army-crawl out of bed. I follow every sleep hygiene tip out there (no caffeine after 2 pm, block out all light and sound) other than watching TV before bed (no phone/screen time IN bed though). 

I get a ton of exercise, at least 1 hour per day of walking my dog and walking to/from work. I also work a very physical job but it’s not my body that’s tired out, it’s sleepiness. 

I eat clean and quit eating refined sugars about 6 weeks ago. My “junkiest” food that I eat is probably sugar-free rice putting. No fried shit, no chips, no fast food, none of that. 

I also have ADHD but am not medicated for it (nothing has worked) and I’m on Seroquel but feel as tired as I did on 200 mg as I do on 100 mg. I’m sober and my only vice is vaping at the lowest concentration of nicotine. 

What else can I do? I’m well enough to actually develop new routines and standards and stick to them.",Bipolar,3,val_confirm,train,train_added,val_confirm_00656
train_added_val_search_00305,val_search_00305,"Great Day, thank you all. This group has been so helpful to me, I really appreciate everyone's honest sharing. 

Today I had my second visit with the new pdoc. I got a really good vibe from her during our first meeting last month. She spent over an hour with me and really listened and then presented a measured plan of changing up meds.

I think the new meds are working as I feel more like myself lately than I have in a long time. I saw the pdoc again today and my good vibes were confirmed. I think she can really help me. I brought in a print out from the mood tracker app I have been using (which I learned about from you guys) and she praised me for being a ""perfect patient,"" lol.  

I feel really lucky/grateful to have found a provider I have confidence in.  Just wanted to share a bit of the hope I have with you all.",Bipolar,3,val_search,train,train_added,val_search_00305
train_added_test_01985,test_01985,"Finding help Hi 

So, I don’t know how to start this, I don’t know If I’m bipolar but that’s what I’m looking to find out. Since late middle school I’ve felt depressive moods/ cut myself for 3years, started partying doing drugs and drinking at a really young age and got pretty promiscuous. I never thought I was depressed because sometimes I’d feel really happy and I was capable of that. I thought I was schizophrenic because sometimes I feel delusional or lately I’ve started kind of seeing things or just being extremely terrified of seeing things. I even started to hear my dog choke the other day and when I yelled about it to my sister she said she heard nothing. I just learned that people who are bipolar have delusions and hallucinations, so that part makes sense. I don’t do drugs or cut myself anymore and after those things I tried really hard to clean up my act and managed to do very good in school and still am, but I have absolutely no motivation and I get distracted SO EASILY like not even adderall will help me (again I thought I had adhd but found out this is also a symptom of being bipolar). My mom will sometimes call me “squirrel” because I’ll talk so fast and leap from topic to topic, but other times I can’t even talk to anyone because I get so irritated. I also have weird sleep patterns, I can’t go to bed even when I’m tired and I feel the need to sleep for an incredibly long time most of the time. I also just hate myself, I hate how I look so much, despite constantly being praised for what I look like and whT I achieve. I don’t know if I’m just being paranoid or If I have general anxiety disorder or if I’m bipolar... I’m scared to reach out snd get help, I don’t know how. I get so hysterical and I cry so easily and I am so incredibly anxious. My family doctor is an asshole and my family would completely destroy me if they found out I was getting therapy (when they were alerted by my teacher who found out I was cutting myself my mom was sad for about a minute) and to this day 5-6yrs since they found out my dad will stay make fun of me for being “depressed” about “nothing” and cutting myself. None of them understand mental illness or why anyone with privilege would be mentally ill (because they grew up in communist poland and had to escape and they were “fine”) so I just feel stuck but I hate feeling like this I dont know what to do. 

Tldr; i feel like i could be bipolar but i’m unsure, I don’t know what to do or how to get help. Family would kill me if they knew. ",Bipolar,3,test,train,train_added,test_01985
train_added_val_confirm_00716,val_confirm_00716,"at times like this, I feel so independent sksksk",Normal,0,val_confirm,train,train_added,val_confirm_00716
train_added_val_confirm_00723,val_confirm_00723,"Vaginal bleeding Ok, so I didn't have my period in 19 days and I usually get period 25-30 days after my last one. Now I started to bleed, very lightly, doesn't look like period. I don't sleep much (5 hours/night) for the last 14 days because I have so much energy (probably some hypomania) and stress, but I'm overall in a great mood so it could be hormonal imbalance. Now I'm scared that it's something serious. I know it could be ovulation (that got delayed) but I never had ovulation bleeding before. I'm sitting here crying because it's saturday and my gynecologist is there on monday. I'm supposed to write my thesis and now this health anxiety came up to my mind. Please someone calm me down that it happened to them and it was ok. I feel like I'm gonna jump out of my skin. ",Anxiety,2,val_confirm,train,train_added,val_confirm_00723
train_added_test_00010,test_00010,"New here, and new diagnosis Hello reddit, I just got diagnosed with cyclothymia, and I have adhd. and have been medicated for two days. I struggled astronomically in the past, and even now. Ive cycled through many abusibe realtionships, addictions, suicidial tendencies among others. I feel really good figuring out that there's a word that describes people like me, or just me in general. However, I sort of am scared about my new diagnosis, and I'm still very VERY afraid of the stigma attached to it. I'm also afraid of telling people if it were to ever come up, or why I don't drink late at night anymore, or why I'm not ""fun."" It has been super disruptive of my ability to make and keep friends, often I find that I seperate myself from those around me. I am also a mom of a beautiful little girl, and I am terrified people won't think I can be a mom, or something worse will happen (Yay, paranoia). If anyone has ideas or things that have helped them cope or manage, or just want to share your story I'd be really happy to chat. 

(I am also being treated for ADHD as well) ",Bipolar,3,test,train,train_added,test_00010
train_added_test_00830,test_00830,"Hey, so I have been having trouble crying recently because I have been holding in my tears for far to long, so could somebody just write anything in the chat thingy to try and help me cry. You do not have to, but it would be nice.",Depression,1,test,train,train_added,test_00830
train_added_val_search_00181,val_search_00181,"Hello, I am not even really sure where to start. I graduated late from high school (a few months back) due to my learning disability and everyone around me just expects me to know what the hell to do with my life. Since the pandemic all the avenues I previously had mapped out in my head for jobs have died, due to seeing how the industries I was interested in have been affected. Now I cannot make any decisions on if college is even worth it too because, I wanted to go to help me get out of my she will, and social anxiety but, due to having to wear masks and social distancing and most colleges opting for online courses- I do not see how my social skills will even improve or how the experience is worth it. My high school was online for the last two years I went- and I assumed college would be different. People are also pressuring me to get a job, but recently I have not been able to see the point in that either as I do not want to commit to another thing where I am surrounded by people who make me feel empty. Part of me kind of just wants to die. I have been killing time trying to figure out what to do, and every single time I try to talk to someone who might give me any advice- they brush me off and tell me that since I am an adult it is my responsibility to figure out what to do. I have no passions left, the only interests I used to have are not ""job"" material. I feel like I fought super hard to get nowhere in life. Was supposed to start my life at 21 but now I do not see the point.",Depression,1,val_search,train,train_added,val_search_00181
train_added_test_01141,test_01141,"Just no more emotions Maybe not none, but just stuck in depression and sadness or extreme anger. I don’t really react to most things… unless it pisses me off. Idk whats wrong with me but I have never felt like this for so long. Like a few days or a week maybe, but I have been like this for a month and its scary.

I have 1 day left at work (I quit) so hopefully things can get better. My job is definitely a majority of my issues. But my brain and my own bs is out of control.. I’m “stable” on meds but not really feeling great as of late. I did talk to the psychiatrist and changed a dose on my lamictal but not really doing better. I also started therapy a few months back have made a good connection, and had good sessions.

But I’m stuck. No matter what I do. Try to live life, stick to a schedule, stay tidy and organized, eat well, go to work, exercise, go to therapy, take my meds, do ketamine infusions. Literally I do it all and I am just stuck. And its not pleasant.",Bipolar,3,test,train,train_added,test_01141
train_added_test_01918,test_01918,"So afraid I'm currently on my way to army Behavioral Health, I'm terrified I am going to be locked up again. I hate being hospitalized and locked up around other people who could be crazier than me. My career is over and that's ok, I guess?",Bipolar,3,test,train,train_added,test_01918
train_added_val_search_00299,val_search_00299,today i pretended i wa okay to my mom so she would continue to let me stay in her house i choked down food so it looked like i had an appetite and told her i would go draw so i could be myself alone i can t even draw anymore anyways i saw this a fake it til you make it i ve been told it s actually that i m not putting any effort in and using people so i guess i ll sleep a long a the people around me will let me then hoping i never wake up,Depression,1,val_search,train,train_added,val_search_00299
train_added_test_01530,test_01530,"Weird feeling on lower leg, of course I'm convinced it's bone cancer I'm 24 years-old, female, and I've been struggling with HA for around a year now. Mostly I have a hard time with cancer, which brings me here today because I'm freaking out.

Since Wednesday last week I have this weird feeling below my left knee, in the front of the leg. It generally doesn't hurt when I'm resting or when I'm active, it's just like the skin is hyper sensitive there and when my jeans move against the skin, it hurts. It doesn't even affect my day to day but my anxiety is so over the top that I'm ALWAYS hyper aware of that area of the leg. First my mind jumped to ""maybe it's a cloth"", then it went to ""maybe it's bone pain"", but since I don't know what that feels like, what do I know really?  


Honestly, I'm just looking to see if someone ever feels weird pains and skin sensations in random places of the body (had something similar awhile ago in my right arm that went away) due to anxiety, since it's not a symptom that I see around much.",Anxiety,2,test,train,train_added,test_01530
train_added_test_02273,test_02273,Baka Sussy.,Normal,0,test,train,train_added,test_02273
train_added_test_01238,test_01238,"I feel like a termite, a cockroach unworthy of love. People in my life should not befriend or love me. What have i done to deserve it. They should spread that joy to other people. I am a bottom of the food chain cockroach who can just kill themselves so other people can receive my share my love &amp; care. Its being wasted on me anyway I feel like a termite",Depression,1,test,train,train_added,test_01238
train_added_test_00557,test_00557,"I have worked so hard at my junior college to get into the college I want to go to. I took all of the requirements and I did not really look at what other colleges need. If I do not get in, I do not know what Ill do. I do not want to work a minimum wage job forever. I do not want to have done all of this work for nothing.Context: 22 y/o girl with diagnosed PTSD, depression, and anxiety No plan B",Depression,1,test,train,train_added,test_00557
train_added_test_00984,test_00984,"How do I make friends as someone with bipolar/social anxiety? I've never really had a best friend, and at most I've had like 2-3 good friends and then a bunch of people who I'm friendly with but would never interact with outside of school (college). I'm worried my bipolar is scaring people away. I feel like even thought most people don't know i have bipolar they know something is wrong with me it drives them away. I'm eccentric, show up having a completely different mood than the day before...typical bipolar stuff and I just feel like people know I'm not right. or maybe there's other reasons I'm not good at having best friends. Out of my two closest friends, I guarantee I am in neithers top 3, top 5 maybe not even top 10. (Not even being self depricating I know it's true) How can I be closer friends with people?",Bipolar,3,test,train,train_added,test_00984
train_added_val_search_00310,val_search_00310,"we don't know, don't ask me to cheat, asu",Normal,0,val_search,train,train_added,val_search_00310
train_added_val_search_00138,val_search_00138,"No sleep I didn’t get any sleep last night for no reason. I missed two meetings this morning to try and rest but I couldn’t fall asleep. I just can’t afford to go hypomanic right now with starting work again. I have one important meeting in an hour and then I’ll try and rest again. 

Any tips to stop this in its track!?",Bipolar,3,val_search,train,train_added,val_search_00138
train_added_val_confirm_00082,val_confirm_00082,UN SALUDO AL PUTO DW KIYIANSJDNSJDBD,Normal,0,val_confirm,train,train_added,val_confirm_00082
train_added_val_confirm_01086,val_confirm_01086,i hate the constant stress i hate the nonstop work i hate the isolation i hate everything about college but i have realized that my working life will likely be no different work for most of my life dread work for the rest of it and repeat until i die i want to speed up the process and end my life but i can t leave my family in that much pain so i m just stuck in this hell with no escape i am on medication and seeing a therapist it help but it s not enough,Depression,1,val_confirm,train,train_added,val_confirm_01086
train_added_val_confirm_00161,val_confirm_00161,"my psychiatrist doesnt listen to me i just got done with an appointment with her and when i tried to bring up some of my concerns about things she basically said « youre just unstable » and increased my lithium dosage. 

i spent so long organizing all my thoughts and all the things i wanted to say to her and she ended our session after not even 10 minutes !!!!!! oh my god i cant stand her",Bipolar,3,val_confirm,train,train_added,val_confirm_00161
train_added_test_00474,test_00474,I do not want to close my eyes thinking about tomorrow. Then me actually having to go through tomorrow. I have anxiety and to think about how shit of a day tomorrow will be. And whether or not I will make others around me miserable too. Maybe if I do not wake up then I do not have to go through another day. do not want to wake up,Depression,1,test,train,train_added,test_00474
train_added_test_01210,test_01210,"And I am honestly just so tired of feeling empty and angry most of the time. Trying to connect with people seems impossible, I can barely talk to people I know. I guess my depression is wining these days, months, years. I can hope it stops one day, however it ends. Soon to be 33",Depression,1,test,train,train_added,test_01210
train_added_val_confirm_00481,val_confirm_00481,"I usually do not post anything but I just feel like I need to vent and I am sure some people can relate.I am 23 and have PTSD, anxiety, depression and OCD. The last few weeks I have being struggling mentally and emotionally. I have such a great support system but I still always feel like I am alone.All of my friends stopped talking to me and do not want anything to do with me and it hurts knowing I have no friends to communicate with.When I ask for help, must of the time people say "" you do not look like your struggling"".. how am I supposed to look? I am just so used to hiding it.I feel so alone and miserable. The mental health here in ireland is awful.Sorry about the long text, I just needed to get it off my chest.. Feel so hopeless",Depression,1,val_confirm,train,train_added,val_confirm_00481
train_added_val_confirm_00284,val_confirm_00284,"Falling/dropping sensation multiple times a day. Anxiety? Hi there. I'm anxious about this kind of new ""symptom"" I'm having right now... Its like a falling or dropping sensation, mostly when I'm sitting but sometimes happens to me while I walk around. I can feel it during less than a second, it feels like when you use an elevator to go up or down in a building (you know, HAT feeling you have when the elevetor starts to move). Anyone can relate? It's really strange, but I don't even move when it happens, it's just some kind of ""sensation"".",Anxiety,2,val_confirm,train,train_added,val_confirm_00284
train_added_val_confirm_00648,val_confirm_00648,i m about to be and right after that i m going to graduate after i graduate i m moving back to america back to my hometown and away from my parent my parent won t even be that far away hour away in another city my whole life i ve known nothing but to be a kid obviously and i can t picture myself a anything but that i can t imagine myself a an adult and that terrifies me i m not ready to let go of being a kid i wa extremely fortunate to have a good upbringing and this being a kid teen thing is great i m not ready to grow up yet i m not ready to stop enjoying childish thing i m not ready to stop playing childish game there are part of being an adult i m excited for of course but i hate that i have to stop being a kid i m not ready to move on from that part of my life sometimes i m scared that maybe i didn t enjoy being a kid enough since i moved to a new country i dont have many friend here i never got up to typical highschool shenanigan with anyone but i see my close friend back in america getting to live a very normal highschool life and i feel like i ve missed everything being the oldest of my sibling sometimes a third parent i feel like i didn t get to be a kid all the time and that s more time wasted growing up you re constantly told enjoy being young while it last you re gon na regret wishing you were older never grow up and that s all actually really terrifying to say to a kid haha i guess to conclude i m afraid i haven t enjoyed being a kid enough and now i m not ready to be an adult,Depression,1,val_confirm,train,train_added,val_confirm_00648
train_added_val_confirm_00201,val_confirm_00201,"so I am struggling with depression and anxiety and I use self harm as a coping mechanism, now I have not harmed in 8 days but I just cannot stop thinking about it like I just want to know, does anyone have good ways to like fill up that space like right now I am so tempted and resisting urges is so hard I just need to know how do you just not do it?For some backstory, I got caught with a lot of drugs and awaiting a court date, went to addiction therapy and got sent to my doctor to be put on anti-depressants and for a while I felt great, now I just hate being alive. I lost all my friends and I just have no one to turn to so I went here, I know everything is my fault, from losing all my friends to my depression I know I am the reason for how I am today and I am the one to blame but I just want to know is there any hope for me feel like this needs a TW",Depression,1,val_confirm,train,train_added,val_confirm_00201
train_added_test_01919,test_01919,"Constant twitching in my hand causing bad anxiety I was having a good week then this morning I woke up with twitching in my one hand that hasn’t stopped for two hours. Usually body twitches don’t set me off but I’ve never had them for this long in one spot. Anyone else experience this? I’m worried about it lasting all day, idk how I’ll get through it",Anxiety,2,test,train,train_added,test_01919
train_added_test_00453,test_00453,ha to return the shirt she bought from topshop bc she ha 0 in her bank account that ha to last her the rest of the month life suck,Normal,0,test,train,train_added,test_00453
train_added_test_01097,test_01097,"I think most of my negative traits and quirks come from the fact that I have absolutely no confidence in myself what so ever. I sabotage myself at every chance, I refuse to stand up for myself even for the tiny things. I refuse to participate most of the time and when I do, I do not put in much effort. I withdraw from everyone around because I do not think anyone wants me around. I let people verbally abuse and mock me with no resistance. I just bottle up the pain and the anger. I used to think I would explode one day, but even when I get angry I hold back. I do not have the confidence in myself to let loose righteous anger or even defend myself when someone is being abusive. I have piss poor social skills though I am exceptional at faking it.I feel this desperate need to take a stand or finally stand up, but despite having so many chances to grow the backbone or simply just tell someone to fuck off, I have yet to do so. I wish I had a mentor when I was a kid to help guide me and help me find value in myself. Instead I was mostly left to fend for myself, but instead of being hardened I was softened. I have negative self confidence",Depression,1,test,train,train_added,test_01097
train_added_val_confirm_00666,val_confirm_00666,"I haven't graduated yet, I'm already thinking about buying my own house :(",Normal,0,val_confirm,train,train_added,val_confirm_00666
train_added_val_confirm_00604,val_confirm_00604,"Anxiety Impacting Visual Ability and Causing Hyper-Fixation on Partner’s Physical Appearance Hi all,

I hope I could get some opinions from the kind followers of this subreddit!

For as long as I (27 M) could remember I had pretty intense anxiety. As a result I overthink and self-sabotage a lot. About 2.5 months ago I got into a relationship with a phenomenal woman (21F). She’s so driven, smart, witty and funny and at first, I was sure that she was absolutely gorgeous. However, these past few days I’ve been wondering if I truly am attracted to her. I know this is weird, but when i look at pictures of her I find myself analyzing her facial features without even realizing it. I am constantly quizzing myself on whether I like her or not. 

This isn’t the first time it has happened. I remember the first time I went on vacation with my one and only ex I suddenly started to hyper fixate on each of her features and started to see her “differently,” if that makes any sense. Instead of seeing a coherent face, i saw a collection of facial features. Her nose seemingly looked larger, and the proportions were all off. Again, I know this sounds so weird. I pushed those thoughts aside and eventually got over it (she broke up with me for a completely unrelated reason).

I’m wondering if anyone has been through this as well? Part of me thinks I’m shallow for worrying about this. But part of me wonders if it’s the anxiety that’s causing this.

Thank you!",Anxiety,2,val_confirm,train,train_added,val_confirm_00604
train_added_test_02055,test_02055,"Trigger warning: possible sexual abuse Last year I was having dreams and thoughts that I molested my little sister. When I was around 5/6 yo a boy the same age as me made me rub my p3nis against his and kissed me with tongues. Was this abuse? Or is it normal sexual development? Also I remember kissing my little sister on the mouth and calling her my gf when I was around the same age. (5/6, she was around 3/4)I also remember lying next to her on the bed when we both had no clothes on. Around the same age. I did not touch her and it was only these two incidents (that I can remember anyway). Are these things normal or are the abuse? Should I feel bad about it? Is it just my depression / anxiety trying to convince me that something I did was worse than it actually was? I feel like a monster sometimes and other times I feel like its admissible because I was a kid? Idk just very confused about the whole situation Have I done anything wrong?",Depression,1,test,train,train_added,test_02055
train_added_test_02074,test_02074,"Can you hear other voices in your head? I was diagnosed with bipolar disorder around 4 months ago and since then I have been doing some research.

I can hear a couple of voices in my head, they are always making fun of my choices or telling me jokes.  I do not know any other people with bipolar disorder and sometimes I feel like i was miss diagnosed. 

Can you hear voices as well? 

Btw English is my second language please do not judge me hehe.

Thanks in advance.",Bipolar,3,test,train,train_added,test_02074
train_added_val_confirm_00516,val_confirm_00516,It's been a few nights when I've only slept for an hour hehe I'm so restless,Anxiety,2,val_confirm,train,train_added,val_confirm_00516
train_added_val_confirm_00290,val_confirm_00290,thats messed up,Normal,0,val_confirm,train,train_added,val_confirm_00290
train_added_test_01388,test_01388,hi i wa wondering if anyone ha small kid with anxiety i have a seven year old that ha been coming to me the past couple day saying he feel like he can t breath and sometimes is on the verge of hyperventilation he is a very emotional child and always ha been looking back he may have always had anxiety but it s turning to physical symptom while this is happening i validate what he is feeling remind him i m there for him and we do boxed breathing his lung are clear oxygen level normal no wheezing no pain when experiencing this i have struggled with anxiety and feeling of shortness of breath too i wa wondering if anyone ha gone through this with their child and what are some resource i m calling the doctor tomorrow for an appointment a most of you know living with uncontrolled anxiety can truly feel like a nightmare and is the last thing i want for any of my child any advice would help thanks,Depression,1,test,train,train_added,test_01388
train_added_val_confirm_00685,val_confirm_00685,some people tweets a lot.ThatÃ¯Â¿Â½s cool...I guess,Normal,0,val_confirm,train,train_added,val_confirm_00685
train_added_val_confirm_00592,val_confirm_00592,"Coping methods you use? (venting) I was finally approved and am able to afford health care and I scheduled an appointment for the GP and the Dentist because of a small bump I have sort of under/in front of my ear by my lower jaw on the right side.

But I am sort of terrified, and am obviously fearing the worst, I just wanted to know what coping methods you have. 

Bleh. I'm sorry I need to vent a little too. I've always had one tonsil larger than the other on the right side too, and I like freaked out about it when I was 15 or 16, but it never grew or anything. I've had jaw pain on and off for a few years I think mostly when my wisdom teeth started growing in. I also get earaches, tinnitus, and jaw popping (again mostly on my right side). I know this sounds like tmj, but now I found this bump and I am just terrified the bump has been something more sinister, and I could never afford to do anything about it, and I am just ashamed of myself. 

Also like I need to get work done on my teeth, and I am just a mess. I am happy I got insurance finally so I can see a doctor and maybe a therapist tbh. Bleh. I'm sorry if this is triggering for you guys, I am in such a bad place mentally at the moment, and I feel incredibly alone. It's gotten to the point where I kind of wonder why I am here sometimes. 

Like trying to be positive is so difficult. I try but it never sticks, and I don't know how I got here. 

I am so sorry if this is triggering at all to anyone. If anyone has any coping skills, or ways to distract yourself that would be incredibly helpful. I'm already doing the ""don't google your symptoms"" while I wait for my dr. appointment (which is on the Feb. 1). So anything you got, let me know.

&amp;#x200B;",Anxiety,2,val_confirm,train,train_added,val_confirm_00592
train_added_val_search_00162,val_search_00162,they are not bad people though it my fault they ignore me school drive me crazy and i think ill never be really comfortable with the way life is i dont want to die but i really dont want to live,Depression,1,val_search,train,train_added,val_search_00162
train_added_test_00954,test_00954,"Just got diagnosed As the title says I just got diagnosed bipolar, not sure what type I am yet but it's probably type 2.
I guess I'm searching for people similar to me for some guidance, and answer to some of my questions. Even if it's just to talk and share our experiences, it would help greatly!
",Bipolar,3,test,train,train_added,test_00954
train_added_val_confirm_00219,val_confirm_00219,Life is just full of shit. No one will care unless you are gone. I really wanted to die rn.,Depression,1,val_confirm,train,train_added,val_confirm_00219
train_added_test_00180,test_00180,in high school i wa quiet mind my business didn t talk to many people i noticed that certain people just didn t like me one time a teacher moved a girl to sit next to me and she made this weird face like annoyed and when she sat next to me she wa slightly turned ti the direction i wasn t in and not facing straight another occasion i wa sitting in a table with other people and none of them would bother to talk to me even when i tried to make a convo or ask a question and one of them actually cut hair now and my brother and dad cut their hair with her and they re always saying she talk a lot etc she s friendly today i went to that place to cut my hair and she wa completely quiet just asked me what hair type i wanted and the price of the cut i didn t want to start a convo cause i knew that back then she wouldn t even want to talk i just feel like i have something that just make people dislike me for no reason,Depression,1,test,train,train_added,test_00180
train_added_val_confirm_00552,val_confirm_00552,"my bad, i had chores to do.",Normal,0,val_confirm,train,train_added,val_confirm_00552
train_added_test_01477,test_01477,at the african woman in cinema blog archive african woman in cinema addressing issue of mentalhealth in africa link to post postpartum depression http t co rnrigvs j9 anxiety http t co b brzdrryx alzheimers http t co dsnoagfosb http t co loww iymvn,Depression,1,test,train,train_added,test_01477
train_added_test_02153,test_02153,"So I am not chronically depressed. I have obviously been depressed as a result of traumatic incidents but that was just normal stuff. However, someone close to me is severely depressed. Is depression sort of like how you feel after a bad break up? Like you cannot go on or get out of bed or do not have the will to live and you feel so much pain inside but without a reason so no way to really just fix it or choose to be happy? I am honestly just curious and am trying to be the best friend I can be by having a better understanding Honest question for everyone - not trying to be sarcastic I am just truly interested",Depression,1,test,train,train_added,test_02153
train_added_val_confirm_00153,val_confirm_00153,"Ask, guys, do you recommend games about cars that are fun, if you can go offline, thank you",Normal,0,val_confirm,train,train_added,val_confirm_00153
train_added_val_search_00260,val_search_00260,"seizure worries? hi everyone! 

i need someone to tell me i’m not losing it. lately i’ve been worrying that i’m just going to have a seizure. i’ve completely convinced myself that it’s going to happen when i’m not at my house. 

yesterday i went out to eat with my parents and we were sitting in chairs at the restaurant and i leaned my head back to laugh and of course, i hit my head. at the time it didn’t feel hard enough to do anything but now it’s really worrying me. i’ve tried to avoid googling anything so i won’t further my own worries.  

my cousin has seizures  but no one else in the family does and i’m just feeling crummy about this. the rational part of my brain tells me i’m fine but the panicky/anxious part tells me not to go to school or work because you’re going to be uncomfortable and definitely have a seizure. ",Anxiety,2,val_search,train,train_added,val_search_00260
train_added_test_01902,test_01902,"It wasn't that long ago, perhaps only a few months that I was in the darkest place that a human can be. Sitting on my kitchen floor with an empty bottle of wine and a knife on my wrist, ready to end it all. And for the first time in my 25 years of existence I though about life and I though about death, after all I was going to experience both within mere moments of each other. A multitude of thoughts raced through my mind. What will it be like?",Normal,0,test,train,train_added,test_01902
train_added_val_confirm_00757,val_confirm_00757,"I have to stop reading bpd/lovedones I'm not saying all groups are like that but there is one in particular that is almost a hate group, the reason I read it is to see if I can identify things that I might do wrong and oh boy we are monsters to them I wish I could tell them that we aren't trying to hurt anyone but who I am to upset them even more I understand they want to vent and they have every right but I do need to stop reading cause it just makes me want to keep my head down and not engage. I just need to tell myself that I'm medicated now and try to be self aware of other's feelings as much as I can.",Bipolar,3,val_confirm,train,train_added,val_confirm_00757
train_added_val_confirm_00707,val_confirm_00707,"Hello guys , i m 21 with high eye pressure and currently on lumigan . I recently get a few phsical conditons and probably partly because of my mental diaorders ( doctors says that mental health affects esp. Some parts of our body , i have depression , anxiety and ocd btw) my doctor wanted to prescribe me cybralex but i know these drugs triggers glacouma , so is there any of you who has been on psychological pills and do not get any side effects?/ worsen ur pressure etc.? If so pls help me , is there any psychological medicine that does not worsen high eye pressure ? Having mental illnesses and glaucoma",Depression,1,val_confirm,train,train_added,val_confirm_00707
train_added_test_01266,test_01266,"(Tw: suicide mention) I feel like nothing seems to excite me anymore. there is so much good in my life but for some reason I still do not feel happy. I am on meds, going to therapy twice a week, and yet I still feel like this. what is wrong with me? Its as if no matter what I do this numbness and emptiness is always there. Sometimes I can ignore it, but it never truly leaves. I know I cannot be happy as myself, no matter what happens. Its almost as if I have no choice, I know I am going to end up killing myself. Recovery seems too impossible, between school and friends and family I do not have enough time to get the help I truly need. I do not think there is anything that could even help me though, I guess I am a lost because. Everything feels so bland",Depression,1,test,train,train_added,test_01266
train_added_val_confirm_00654,val_confirm_00654,i have to go to the bathroom.,Normal,0,val_confirm,train,train_added,val_confirm_00654
train_added_val_confirm_01008,val_confirm_01008,"Welp, giving up on sleep for tonight. What do y'all do to help insomnia? I'm more than a week now of laying in bed for hours before finally falling asleep. For the last four days I got up after 2:00 pm. I'm assuming I'm in a mixed episode so hopefully it'll change soon. Getting real ????? of this shit. 

Of course now that I decided to give up I'm quite sleepy again 

&gt;7:42am 

??",Bipolar,3,val_confirm,train,train_added,val_confirm_01008
train_added_test_02137,test_02137,"Anyone here tried sulforaphane or broccoli sprouts for anxiety and/or general health? There's been some interesting studies about sulforaphane (naturally occurring chemical in broccoli family of plants) for it's ability to help those with anxiety and depression. Apparently it works by activating the body's NRF2 system.

Anyone tried it? Did it help? What about as a general health food?

This study was especially interesting: “Sulforaphane alleviated depressive symptoms &amp; anxiety as well as prozac in animals” - https://www.sciencedirect.com/science/article/pii/S0166432815303399

Some other studies listed here about mood/depression. Tons of other apparent benefits too. All medical/clinical sources linked: https://www.clearsprout.com/broccoli-sprouts-sulforaphane/",Anxiety,2,test,train,train_added,test_02137
train_added_val_confirm_00407,val_confirm_00407,Life is hard... Quit my job today because I just can’t do it anymore. I filed for ss but I doubt I’ll get it. Thank god I have a supporting wife. I am an Uber driver too so I at least have some income coming in. Anyone else have issues keeping a job down? I go to school full time so it’s draining. ,Bipolar,3,val_confirm,train,train_added,val_confirm_00407
train_added_test_01523,test_01523,"Can anxiety get triggered by nothing? I don’t know how to explain it but the last week or two I have been in a constant panic mode. always on edge , I feel sick 24/7, crying etc. But nothing has triggered me ? I just woke up one day and I knew something wasn’t right in my brain , I just felt really fuzzy and confused and now two weeks later I’m in a constant fight or flight mode.",Anxiety,2,test,train,train_added,test_01523
train_added_val_search_00207,val_search_00207,"no, he said he gently placed the boy on the street.",Normal,0,val_search,train,train_added,val_search_00207
train_added_test_02096,test_02096,Muscle twitches Please help I’m going crazy. Ever since the beginning of December I’ve been having muscle spasms and they’ve gotten worse... I try to tell myself that it’s just anxiety but I’m really afraid that it’s not :( I only notice them when I’m at rest (sitting or laying down) and I don’t think I have muscle weakness ... just really tired and haven’t really been working out. But the muscle twitches ARE ALL OVER MY BODY literally in places I didn’t think I could have them... I’m just really scared it’s als. I have a lot going on so I haven’t gone to the doctor I’m going tomorrow though.. hopefully I will get some answers ,Anxiety,2,test,train,train_added,test_02096
train_added_val_confirm_00063,val_confirm_00063,"2019 resolution: be S.T.A.B.L.E. Hey friends! We made it through another year. I’m really proud of us. 

I’ve officially made it past the one year mark of my major manic episode post diagnosis. 2018 was really hard as I was in a depressive episode and had to work through medication and side effects for the first six months. 

I started a new job in September and started taking improv classes in May. Things are finally at a relatively calm place—for the first time since my husband and I got married in 20-5, it looks like we might have a nice quiet year without any major life changes (that happened to me in prediagnosis manic episodes)

We know that stability is never guaranteed. My goal this year is to do everything in my power to stay stable, and be able to steer through an episode if/when one comes up. So, what does stable mean to me?

S: Sleep. 8-10 hours, one hour without electronics, in bed by 10:30, out of bed by 7:30 
T: Therapy. Going to personal and couples therapy, meditation, journaling, being kind to myself through self talk. 
A: Activity. Working out consistently, more walking and biking as transport, being outside more
B: Balance. Work vs life, alone vs social, self care vs being productive, comfort vs growth
L: Learning- less tv, more books and hobbies. More improv!
E: Eat healthy, drink water, take meds and vitamins

It’s a tall order. I’m probably not going to be able do to all the things all the time, but it’s easy for me to remember and my ultimate goal is to be healthy. What about you?",Bipolar,3,val_confirm,train,train_added,val_confirm_00063
train_added_test_00683,test_00683,"When u guys are stable, how 'stable' is that? Since I started taking meds(2year ago) this last six months is where I consider myself truly stable, but I still get sometimes some ups and downs that I feel isnt 'normal' if u know what I mean so and sometimes I'm self aware of intrusive thoughts and I try to reason with myself somehow but my mood still is affected by it

 Reading some stories shared here I started to wonder what 'stable' mean for each individual and   how often do you feel stable but you think ""Am I really?"" 

I think every person with bipolar eventually will ask questions about what is part of their personality and what is the disease for lack of better word and I often think about the past and wonder ""was it that truly myself? how bad I felt, how good, when I was depressed, when I felt awesome and thought I could have accomplished big things, when I felt that I didnt fit anywhere and nothing was worthing pursuing...  thelist goes on

Share your thoughts with me people",Bipolar,3,test,train,train_added,test_00683
train_added_test_02372,test_02372,and it's not too small.,Normal,0,test,train,train_added,test_02372
train_added_val_confirm_00156,val_confirm_00156,the great depression,Depression,1,val_confirm,train,train_added,val_confirm_00156
train_added_val_confirm_00567,val_confirm_00567,"Is this shingles? Please help me So for a few days I’ve had aches on the right side of my upper chest and under my right shoulder blade. Last night I decided to use nutmeg balm to try and soothe the ache. This morning when I woke up and checked myself in the mirror I had this [rash](https://imgur.com/a/z5TaEWc) on the right side of my back on the shoulder blade.

The rash doesn’t hurt when I touch it and doesn’t seem irritated. The only places which hurt are where my muscle ache is, the rash does not cover those areas at all. If it’s shingles normally does the rash itself hurt when you touch it? I’m confused to whether it actually is shingles or maybe just a reaction to the nutmeg balm. I’ve used it before and never had a rash afterwards but after I applied the balm on my back last night I was sitting on a bare mattress, duvet and pillows, maybe it could be a reaction to that also?

Please let me know if you have had similar experiences or if I should go see a doctor. Right now the rash doesn’t give me any pain or irritation, the only pain I have is from the aches on my chest and back that were there before the rash",Anxiety,2,val_confirm,train,train_added,val_confirm_00567
train_added_test_01258,test_01258,i can t breatheee i hate being sick,Normal,0,test,train,train_added,test_01258
train_added_test_01997,test_01997,"I’m convinced I have a urethral stricture In may of last year I had a type of explosion in my bladder. It came with an insane feeling of urgency, frequency and a feeling that my
Bladder was in the grip of a vice. I also had an electrical type feeling in my bladder and Perineum.

I saw a urologist who thought I had a urethral stricture. I was sent for a cystoscopy that showed everything was ok. That was in September 2018. 3 months later the urgency and frequency decreased but then what accompanied was pelvic pain, tailbone pain, I had to start sitting down to urinate and I had to start milking my urethra to empty it - at this time I was also tapering from 6mgs of clonazepam. I hit 2mgs when this started. I finished my taper on clonazepam in the middle of February.

I now have all of those symptoms but they’re at full force now. For the past two weeks I had a slight burn at the end of urination. Peeing didn’t hurt but at the end I had a sharp/burn pain in a specific area in the top of my penis/urethra. 

For the past two weeks I’ve had a feeling that there’s a marble stuck in my urethra. Sometimes I can feel pressure in my urethra when I move about. Sometimes I get a sharp stabbing pain down my urethra too. The side of my penis hurts too.  I
Also have to gently milk my urethra to get the rest of the urine out. 

My fear is that the cystoscopy has caused a stricture. It’s done the very thing that it was supposed to rule out. There was no blood after it was done, nor did it burn when I peed, but the tip of my penis was very swollen for an
Hour or so. Apparently it’s extremely rare for someone to get a stricture from a routine cystoscopy, especially in the area I think mine is. But I’m 100% convinced that I have one. It’s making me very ill. 

I see the urologist in 5 days time. I’m in a chronic pelvic pain support group and apparently this is a very common symptom. But other guys have the same symptoms and have a stricture. 

I don’t want another cystoscopy but I’m guessing I’ll have to have one as it’s the only way to treat a stricture. I can’t believe I’m in this mess. I’m so upset and frustrated. ",Anxiety,2,test,train,train_added,test_01997
train_added_test_01976,test_01976,Cold Sores How bad that is?,Anxiety,2,test,train,train_added,test_01976
train_added_test_00493,test_00493,"An interesting title I read a lot but don’t write much, anxiety but today is different this is the longest cycle I’ve ever gone thru and am beginning to wonder when it will end, over and over I lose myself I lose all that I love and I begin to love the mania.
I won’t hang from the rafters but I can love this part of me and live like this. Bring it on world ?? bring on the pain and misery. ??",Bipolar,3,test,train,train_added,test_00493
train_added_val_search_00184,val_search_00184,"Restless, upset if there is no news all day..",Anxiety,2,val_search,train,train_added,val_search_00184
train_added_test_02409,test_02409,i loved mari trini s song when i wa a child,Normal,0,test,train,train_added,test_02409
train_added_test_01679,test_01679,I do not know why I am here I feel like I am not doing anything of substance. I cannot even do anything for myself. My fear and anxiety hold me back from living my life. My depression feeds the cycle. I cannot control my thoughts Please god I just want to die,Depression,1,test,train,train_added,test_01679
train_added_test_00951,test_00951,"Sick for about a week and have coughed some blood the last 2 days in mornings only. So I have been sick with something I don’t know what I just flew back from Europe to America after 3 months so I’m thinking it’s something from the plane. I have a had a pretty bad cough that has been fairly productive for at least the past 5 days.  Yesterday I noticed a very small amount of blood in my first cough after I stood up in spit into sink it was bright red and streaky the next cough was back to mucus only. Kinda freaked out by it I went to the doctor a couple days ago and blood tests just came back fine but I don’t know if they would tell. Any help would be greatly appreciated kinda freaking out. I also stopped by daily marijuana habit about 2 weeks ago after a year and a half. 
",Anxiety,2,test,train,train_added,test_00951
train_added_test_01324,test_01324,"What is YOUR personal experience during highs and lows? What changes do you notice when going into each of them? We all know the “textbook” symptoms, but every person has their own unique experience with bipolar disorder. What’s yours? ",Bipolar,3,test,train,train_added,test_01324
train_added_test_00762,test_00762,i wish i had someone i could talk to i know they wouldnt care but itd be nice to know i have friend,Depression,1,test,train,train_added,test_00762
train_added_test_00797,test_00797,I cannot do anything right. I keep doing what I believe is the right thing to do and it ALWAYS is the wrong thing. Why try and do anything why even be a live if everything I do is wrong... I wish I did not exist... I am tired of trying... I cannot live with another people because as soon I get criticise my mind goes back to I cannot do anything right. I want help but I do not know what would even help at this point in my stupid pointless life. Maybe I should just kill myself... I cannot do anything right,Depression,1,test,train,train_added,test_00797
train_added_val_search_00323,val_search_00323,"yes. we need to think green, save water, and stop using plastic bags.",Normal,0,val_search,train,train_added,val_search_00323
train_added_test_00000,test_00000,"Shit, worry again, throw up again!",Anxiety,2,test,train,train_added,test_00000
train_added_test_01624,test_01624,"Help ma mental... It's really like this... .I just told myself this afternoon that you're great, great because of your anxiety and overthinking you haven't appeared in a few months, but why is it now showing up again ️",Anxiety,2,test,train,train_added,test_01624
train_added_test_01871,test_01871,"Body hurts.. Does anyone get all-over body pain when experience an anxiety attack? My back is the worst but I also get the usual tight chest. But also a burning sensation just on the side of my chest where my heart is (above my breast), tingling/heavy legs, and fingers go numb. This shit is for the birds!",Anxiety,2,test,train,train_added,test_01871
train_added_val_confirm_00134,val_confirm_00134,"Politics has made me anxious again, I just want something to finally go right. Hello.

So my country is going to have an election in the fall. Politics used to stress me out much more in the past; I've since then cut a lot of the sites that were stressing me out and most days, I feel pretty good and don't really worry about it that much. My country has been ruled by religious extremists who are incredibly bigoted for eight years now- I'm so tired of their constant discriminatory comments, blatant disregard for any sort of decency and integrity and they overall just make me so tired and anxious and sad. They've started to rule when I was a teen, and I'm a young adult and they're still at the helm. It seems like they will win this year again, and another, even more extreme religious conservatist party has a chance at becoming the third biggest power.

I fell into a mental hole and I can't get out of it. I know that the elections will be in the fall and it's early spring, but I just feel so depressed and powerless. I feel like I have nothing to look forward to and that it will always just be horrible. I know that it's my brain making a bigger deal out of it than it should, but I'm just so tired of it all- can at least one thing go how I want politically?

How do you deal with feelings like these?",Anxiety,2,val_confirm,train,train_added,val_confirm_00134
train_added_test_00863,test_00863,mizzzidc the way people throw the word depression and mental health at every slight provocation these day is just alarming,Depression,1,test,train,train_added,test_00863
train_added_val_confirm_00122,val_confirm_00122,very nervous :'),Anxiety,2,val_confirm,train,train_added,val_confirm_00122
train_added_test_00945,test_00945,"One of my worst experiences with psychosis One of my worst experiences with psychosis was when I woke up in a cold sweat convinced I had killed my parents in their sleep. I was terrified that I stabbed them to death. I kept getting up and opening their door to make sure they were still alive and breathing while they slept but I couldn’t shake the feeling. It lasted until my dad woke up for work, hours later. Has anyone experienced something like this?",Bipolar,3,test,train,train_added,test_00945
train_added_test_02245,test_02245,too bad i was busy. i really wanted to go.,Normal,0,test,train,train_added,test_02245
train_added_val_confirm_00409,val_confirm_00409,You can be late,Normal,0,val_confirm,train,train_added,val_confirm_00409
train_added_val_confirm_00918,val_confirm_00918,"Oh God, why do I feel restless and uneasy?",Anxiety,2,val_confirm,train,train_added,val_confirm_00918
train_added_val_confirm_00602,val_confirm_00602,what are they paying?,Normal,0,val_confirm,train,train_added,val_confirm_00602
train_added_val_search_00283,val_search_00283,"Buspar and (hypo)mania? My pdoc had me try buspar for anxiety last week. Within 2 days of starting it, at a low dose(5mg 3x a day), I was the most euphoric I've ever been. I was skipping instead of walking, I couldn't stay on topic at all(my friend described me as being ""squirrely,"" I threw stuff at another friend for 2 hours, I went walking in the river off campus, I was so euphoric it was like a body high, I talked about sexual stuff a lot. I went to class, but scribbled entire pages of my notebook so I wouldn't start doing jumping jacks in class. This was all in a 24 hour time period. Needless to say, I talked to my pdoc and went off it within a day of these symptoms starting. I came down over a couple days and was pretty depressed for a couple days. 

What I'm wondering is whether any of y'all have had this side effect from buspar. It's not listed on the pi sheet, but there are a couple case reports in journals. Before I started it, my pdoc told me that mania was pretty unlikely from it...",Bipolar,3,val_search,train,train_added,val_search_00283
train_added_val_confirm_00307,val_confirm_00307,"Emotional state question Question for y’all with BP2. Does anyone find their mood being all over the place sometimes? Like you feel fine one day, and then you’re depressed and can barely move the next and the next day you feel better? I’ve had this happening to me and I can’t figure out if this is normal?",Bipolar,3,val_confirm,train,train_added,val_confirm_00307
train_added_test_02384,test_02384,the man fell asleep.,Normal,0,test,train,train_added,test_02384
train_added_val_search_00219,val_search_00219,"I am 32 years old. It seems like just yesterday that everything was still possible. I was a young person with my whole life ahead of me. I was looking at some pictures of myself on holiday 8 years ago when I was 24, and it feels so recent. In another 8 years I will be 40! I cannot believe I am half way between 24 and 40. it is so depressing. Time is going by too fast",Depression,1,val_search,train,train_added,val_search_00219
train_added_test_01423,test_01423,"Don’t you realize we do everything we really wanted and thought when we are manic ? Opposite when we are depressed , we do the things we don’t want to do and have to think about the things we don’t want to think about.",Bipolar,3,test,train,train_added,test_01423
train_added_test_01820,test_01820,"I can’t find a med combo that works *for me* I’ve tried a good amount of available meds (lithium, Depakote, olanzapine, Seroquel, Abilify, Rexulti, Latuda…). 

While some of them “work” (ease depression, lessen psychosis, and prevent/lessen mania), they don’t work *for me*. 

The side-effects are too much for me to accept (weight gain, akathisia, and my least favourite, emotional blunting/stifling creativity). 

I’m schizoaffective bipolar subtype and realize I need meds to function, but sometimes it feels like a losing battle to find a combo that works — *for me*. 

I’m on 750mg of lithium and 20mg olanzapine right now (because it “works”). 

Is it about accepting the downsides of meds and just living as stably as possible?",Bipolar,3,test,train,train_added,test_01820
train_added_test_00600,test_00600,okay long text post here i been depressed the past year of my life 9 now you know just typical depression not until recently i started getting like suicidal thought and ideation not so sure why i started dating my boyfriend about a year ago and he is the light of my world and had helped me pretty much a lot i m not too sure why these thought and feeling are coming back to me harder than ever my med cymbalta quit working so i switched them then the new one make me actually fucking insane pristiq i can t even trust myself to be alone i am just thinking about killing myself and dying all that mumbo jumbo my anxiety ha been through the roof a well i also have insomnia which we have not found the right med for that yet either so my whole life and brain is a cluster fuck it would be so easy to end it i never have had panic attack until this new pristiq i ve also tried lexapro prozac and a few others which weren t for me they either make me zombie or literally nothing at all is different can someone give me your input on what i should maybe try to do my sleep ha also been fucked the past few year i stay up for day at a time bc i can t fall asleep i m either not tired or j literally can t actually fall asleep now i have seroquel a needed i don t take that make me feel weird zaleplon a needed it literally doesn t work on me not too sure why but whatever and hydroxyzine and guess what that one doesn t work either sleep ha make me fail in school cant concentrate cant study cant do work mood brain fog every day oh but back to my bf just typing about him make me tear up i miss him so much i m afraid that i m going to scare him away with my craziness i m also pretty sure i m bipolar but maybe i m not but his family doe not have problem like that i m thinking i need to kill myself before he leaf me or after he leaf me bc after he leaf that will be it he s like my last string of hope to keep me from ending it anyone relate,Depression,1,test,train,train_added,test_00600
train_added_test_02115,test_02115,"Worried about my eyesight I suffer from visual snow (I see a layer of static on my vision, especially on dark surfaces, and have a hard time seeing in dimmer light) and while it's okay enough for me to ignore it most of the time, recently it's been taking all of my attention. I feel like it's gotten worse and fear that I have some sort of disease that makes my retina deteriorate, and it's just gonna keep getting worse until I'm blind. I scheduled an appointment to have it checked out, but it's in a few weeks time. Part of me suspects I'm just anxious about my future but it's really hard to distract myself since most activities involve using my eyes and I'm obsessovely checking if my field of view has gotten worse, or look for macular degeneration symptoms. I'm gonna bring the subject up with my therapist but in the meantime some voices of reason wod be greatly appreciated...",Anxiety,2,test,train,train_added,test_02115
train_added_val_search_00154,val_search_00154,How do you cope with mixed hypomania? Help please,Bipolar,3,val_search,train,train_added,val_search_00154
train_added_test_00692,test_00692,"Does anyone else have horrible, horrible depression upon waking up every day? How do you manage it?I was diagnosed with depression when I was 16 and struggle with it daily, but it seems to be worse in the morning, right when I wake up. As soon as I hear my alarm go off and I feel that initial exhaustion and reality sinks in, I get so depressed and anxious about the day ahead that it causes minor (and sometimes major) panic and I begin my descent into nervous, depressed, hopeless hell. I battle so hard with physically leaving my bed, getting ready, being engaged at work, etc.I think a lot of my depression is linked to the fact that I am not happy with my job and have no desire to be waking up and going to it. Its mundane and nothing remotely close to what I actually would like to do for a living. However, I kind of fell into my current field when I moved out and I have not had any luck over the last 7 months searching for something Id maybe enjoy. I was let down by how difficult it is to find a job after graduating college and now feel stuck in this corporate office environment.Anyway, does anyone have advice for how to deal with overwhelming morning depression? I try to focus on the little joys like seeing my dog in the morning and brewing the first cup of coffee, but even then I feel like I cannot possibly keep doing this much longer before I end up quitting my job. Immediate Morning Depression. Advice?",Depression,1,test,train,train_added,test_00692
train_added_val_search_00075,val_search_00075,maria0 0 9 depression,Depression,1,val_search,train,train_added,val_search_00075
train_added_test_00405,test_00405,"mole on my back left my mind racing link to pic here-&gt; [https://i.imgur.com/hvj7FhW.jpg](https://i.imgur.com/hvj7FhW.jpg)

&amp;#x200B;

I found this mole two days ago on my back, just behind my left armpit. I honestly don't know if it's new or not.

I measured it and it is 7-8 mm in length, 5 mm in width. 

&amp;#x200B;

we have holiday in my country now from friday through monday so all the doctors offices will be open again on tuesday. never wished for a long weekend to be over so quick before lol.",Anxiety,2,test,train,train_added,test_00405
train_added_val_confirm_01056,val_confirm_01056,SS! mutualan let's rt,Normal,0,val_confirm,train,train_added,val_confirm_01056
train_added_test_01225,test_01225,"How do you know you've got a case of the rapid cycles? Fairly new to my diagnosis (BP2) and I'm currently on lamictal 25mg heading to 75 as a goal dose. 

I've been having deep sad days followed by not bad maybe I can figure this out days and my daylio is showing a little bit of a roller coaster ride. 

Im wondering - is this what rapid cycling is or am I just wonky cause of the meds or am I just trying to get out of the depression and this is what it looks like?(only been tracking for three months) or am I overthinking it and should just chill? 

Thanks for your insights!",Bipolar,3,test,train,train_added,test_01225
train_added_val_confirm_00797,val_confirm_00797,I've been restless ever since,Anxiety,2,val_confirm,train,train_added,val_confirm_00797
train_added_test_00149,test_00149,ilovedt that s what i thought bummer,Normal,0,test,train,train_added,test_00149
train_added_test_00015,test_00015,i m sorry sometimes i don t feel much i wish i did i wish i wa better for you i wish i could always try my hardest and make thing better i wish i wasn t bad i d do anything to make myself better for you i m sorry i ve cried more than i d like and felt a lot lately i wish i could feel a lot a lot of the time i truly am sorry,Depression,1,test,train,train_added,test_00015
train_added_test_01480,test_01480,"To make up for it I made a cute little note and I made him a batch of his favorite cookies. I was honestly so damn proud of the gift when I finished putting it together, it looked awesome! To add some context, I have attended a few games with him (and the rest of the family) and absolutely loved them. I didn’t care about the actual games themselves, but I loved being there with my family and the cool atmosphere and stuff. Well, apparently my dad didn’t think it was so awesome.",Normal,0,test,train,train_added,test_01480
train_added_val_search_00318,val_search_00318,omy jus woke up but wa wishing i woke up sumwer in ny lol,Normal,0,val_search,train,train_added,val_search_00318
train_added_test_00219,test_00219,"Eyelid Cancer? I've been having lots of problems with my eyes lately. 

1. My eyelashes curl inwards to poke my eyes
2. Eyelashes fall out into my eyes
3. Little bumps on the middle of my eyelid (where it touches the other eyelid) that cause discomfort when I blink. 
4. And now, a bump on the inside of my eyelid, touching my eye, causing discomfort. 

I've thought about it alot, and I can't think of anything it could be other than cancer. Am I right and should I go see a doctor? And what kind of doctor should I see? Thanks",Anxiety,2,test,train,train_added,test_00219
train_added_test_00851,test_00851,"Is it normal to get screened for psychosis even though I dont have any symptoms of it??? Ok, let me explain what is going on. Hope some of you can relate to this. My anxiety is through the roof.

Couple of years back I had stress-induced panic anxiety, with all the classic symptoms (rapid heartbeat, crazy tensions, panic attacks, fatique etc.). My doctor had a hard time telling me what was going on, and I kept coming to the worst conclusions -&gt; this gave me some crazy health anxiety and the fear of dying. I came over this in a year, and haven't had any of this for 2 years straight.

Now, 4 months ago I start to feel a little depressed, nothing major, I assumed it was due to the winter coming, messed up sleeping pattern and life just being a bit boring. This threw me right back into the health anxiety. Thoughts racing constantly about why I got depressed, what is happening to me, am I going crazy etc. I went to the doctor, saying that I felt off, a bit emotionally numb, and racing thoughts 24/7. I took a depression test there, but kinda showed nothing, so the doctor kept asking me questions about hallucinations and delusions, which I have had nothing of, never. I went back a couple of more times assuming something physical was wrong with me or atleast something crazy that messed with my cognitive abilities. Got the same questions again and again.

So I slowly started thinking about the questions, what if I am gonna hallucinate, see stuff that isnt there etc. Now I am stuck here with some 24/7 dp/dr, constant hyperawareness and crazy anxiety about hallucinating or going psychotic or something. It's like my brain is in super defence mode, recognizing everything that changes in my surroundings, telling me to reality check everything so I am sure that I am not going crazy. I feel so off.

I went to my doctor again and told her about the fear of going crazy or developing schizophrenia. And she sent me to a psyciatrist, with the reference of me being psychotic. When I read the reference I had a fullblown panic attack, I just froze. This made my anxiety 100x worse than before, thinking that I must be super crazy.

Recently I went to the psyciatrist who asked me the same questions about delusions and halluciations, and I described again the same things. That I've never had them, never had any delusions. But I am starting to think whenever I see something, delusional thoughts pop up in my head, because of my obsession about the fear: ""what if I thought someone were actually following me"" etc.. all kinds of intruisive thoughts that I know for a fact that is no were near real, but just scary that that they pop up in my head all the damn time. I used some metaphors there at the interview and I think she might have gotten the totally wrong idea of what I told her. Because now I am being sent off to an interview about schizophrenia and psychosis, because she thinks I am that apparently, even though I don't have any symptoms at all. She even gave me a temporary diagnosis as a schizophrenic wtf.

This is throwing me off, what the f is happening. Am I losing control, I can't believe this is happening. Is this normal to get screened for??? I feel so detatched right now, stuck in full blown overanalyzing mode of my surroundings, I can't relax. What if I am going schizophrenic or psycotic????

Sorry for my grammar my anxiety has never been worse.",Anxiety,2,test,train,train_added,test_00851
train_added_val_search_00293,val_search_00293,window mobile doesnt allow me to write the stack pointer,Normal,0,val_search,train,train_added,val_search_00293
train_added_val_confirm_00901,val_confirm_00901,"The summer before 8th grade is when the symptoms started hitting. I have always been a fairly airheaded, chatty, upbeat person on the surface. Actual anger, discomfort, or sadness are things that i just do not express. I sorta just sat at the corner of friend groups and never shared my deep thoughts...that is to say, i was sorta just someone to have casual friendly conversation with. I am often left out of things that my circles do, only to find about how much fun they had when they chat endlessly to me about it.Due to a lot of factors, I essentially just had a mental collapse at the end of the summer and the start of 8th grade. I would put on my happy facade at school and then go home and quietly cry or just zone out. I started self-harming at that time too, and i made sure to do it in places that were easy to hide.I was also pretty aware of how people romanticize depression or fake it, and i used to obsessively tell myself that I was faking it. That the self-harming was for attention even though i desperately hid it. I felt like others would think the same about me if i told them, and that terrified me.I eventually started to accept that the symptoms that i was experiencing were real around August of 2020, a full year after shit hit the fan, and around November, i started to have really intense suicidal thoughts. My grades slipped. I went from being high functioning to laying in bed all day feeling like there was nothing to live for. My parents would only berate me for my slipping grades, which made me feel like i could not tell anyone even more. I made a full plan to finally do it, and tested out my chosen method. I started writing suicide notes in my head. And i had no friends to turn to because none of them knew, and i did not want to inconvenience them with my stupid emotions.I finally reached out to my doctor as a last-ditch effort at the start of this year, and when she told my parents, it only caused my mom to temporarily pity me and my dad to get angry...and then they acted like it never happened. I do not think I will do that again lolI psych myself out sometimes because i hit these lengths where I feel somewhat average. Not exactly happy or content, but i do not feel like dying 24/7 and my immediately reaction to everything is not an intense urge to off myself (oh god that sounds so edgy but my knee-jerk reaction literally just becomes ""fucking do it"" whenever i feel like I have messed up) so then I tell myself that there is no reason to tell anyone anymore. Inevitably I always fall back into the same dark space but oh well.I just cannot reach out or tell my friends because I do not want to bring anyone down. If i have any true goal in life that will give me any peace, its to make people as happy and content as possible. If people find out, I feel like I will just drag everyone down. I am always the upbeat one in groups, the one that people laugh at because i do stupid shit, but I feel like that whole act will be ruined. Nobody will want to be around meIts been 2 years and almost nobody knows...and nobody probably will ever know. I have basically accepted that I will eventually recover alone or kill myself before i do.I am sorry that this is probably super melodramatic. Its been 2 years and almost nobody knows",Depression,1,val_confirm,train,train_added,val_confirm_00901
train_added_test_01892,test_01892,"Hurry sickness is driving me crazy. Does anyone else have this? I have hurry sickness and it's linked to my anxiety and BPD. It causes me so much anxiety because I always feel like I need to do many things at the same time or short period of time.   
I drink my coffee in about 5 minutes, then I read a book for an hour, then I listen to music and surf the web for a non-specific reason. Everything has to be done very fast, and well-planned, if not, I get impatient, irritable, and anxious.   
It's pretty exhausting and I realized it's a problem going on for two years now. I did not pay too much attention to this before, since I didn't even know there was a term for this condition. 

Does anyone else experience something similar? How are you dealing with it?",Anxiety,2,test,train,train_added,test_01892
train_added_test_01545,test_01545,"Lately, I have been feeling quite restless and tired, sometimes it bugs me a lot while at other times I dismiss it and carry on throughout my day then eventually forgetting that I was sad, to begin with.I honestly feel very blessed as a person, there is a roof over my head, I have got the basic needs, I have got family and some friends that love me and I do not seem to have it as bad as the others on here so why am I feeling so tired? To be honest, there are some cracks in my life, family arguing every single day about the same thing over and over, their shouting fills my head and stops me from concentrating on my studies, that constant feeling of thinking that I am not good enough, not smart enough, my personality must terrible that is why people avoided me back in high school, that is why I have graduated from it with not a single true friend on my side, I never did well in school, my marks were not that bad it is just that no matter how hard I studied, how hard I memorized things, I have never answered any of my exams correctly, so I started not caring about it at all, not putting in any effort because even if I try really hard to achieve something I just either get frustrated or give up on it entirely.We have faced so many financial issues and other uncertainties in our lives as a family, it constantly haunted me as a teen, and now as a college student, I thought that things have gotten a bit better for a couple of months and I could finally take a breather and see the people that I care about genuinely happy but it took a turn and the fighting came back, worse than before, some of the money issues are also back, that shouting is killing me so much and I want to make them stop but they do not listen to us because we, as their children, have no authority to tell them what to do, it is disrespectful to them if we criticize them in any way so we should suck it up and watch.Honestly, my family is warm sometimes, they have never hurt us physically, they care about us and try their best to provide for us everything we want, even during our hardest times I have never felt neglected, yes they fight a lot, yes sometimes they tell us insensitive things but when they recognize that they are wrong they try their best to apologize, so why am I sad, why do I feel alone? I keep telling myself that people have it worse than me, that I should be grateful for what I have, that I should stop whining about it to myself but that feeling just will not go away.it is not like I do not feel happy, I smile a lot and enjoy the things that I do and I like being around people, it is just that ""feeling"" sometimes looms over my head making me feel alone in a room filled with people, suddenly things turn gray and I feel empty, that happens especially when they are fighting, I also started escaping that loneliness by creating an imaginary world filled with people and situations that I enjoy, I feel way happier there than here, that world is fantastical, filled with people that accept all of me, sometimes I daydream about that and sometimes it manifests into my reality, I do know it is my imagination, I even tell myself that I am crazy for casually talking to myself out loud like that and laugh it off to stop that world from consuming me, I have searched it up countless times to check if I am insane for doing this and apparently, there is nothing wrong with talking to yourself sometimes...I have thoughts about killing myself every time the situation gets stressful or worse as a way of escaping it all, but I keep backing off because I am afraid of hurting my family and of going to hell, I do not want to hurt myself, I do not feel that way, I just want to be genuinely happy for one day with my loved ones without hearing the usual shouting, I have the urge to run away so badly but I cannot do that, I do not have any money to become independent yet I still want to escape it all, then the reality of people having it worse hits me and I try to talk my self out of these ""useless"" thoughts and the cycle continues...The reason why I wrote all this is to get it off my chest, I do not have anyone to tell this to and I want to see if anyone here can relate at least a bit to me in any way just for comfort, I really want to solve those issues and I want to seek professional help but I do not have the money to do so, so I guess that I am stuck in that limbo for now... it is so weird how I suddenly start feeling alone and tired for no reason.",Depression,1,test,train,train_added,test_01545
train_added_test_00663,test_00663,"Can anyone describe what the symptom of back pain from cancer feels like? I read a lot that back pain is a symptom of cancer, However, I can't find a description of what that back pain feels like. I can't even find a description that says ""there is no commonality to back pain from cancer."" So it leaves me in the dark.

Is there anything that describes what the pain feels like? Does it not stop, even if you lie still? Does it stay in one location or does it move around? Can it be light pain, or is it always a severe pain? I would love to know if there's anything common to this pain or if any back pain, ie. small, large, constant, only when moving, reproducible, non-reproducible, etc are all symptoms of cancer?",Anxiety,2,test,train,train_added,test_00663
train_added_test_00214,test_00214,"it is clear to me after 8 years that I am stuck in the same situation. I will never try to do anything, to find a job or relationship or a house to live alone. I will never become independent not because I cannot but because I do not want to. I want to stay with my mom forever, alone with my books in my room like a teen and go out only with her. I cannot take responsibilities, I cannot make decisions not because I am stupid but they make me feel so anxious and panicked and I do not know how to manage this. I still remember 8 years ago when I tried to rent a house to stay alone twice and I panicked too much and in the end I cancel it. I still remember how I felt 10 years ago when I attempted to live alone in another city for studies and how depressed and alone I was. The furnitures my parents bought are still haunted me whenever I see them in my grandma's house. And maybe I was 18 years old and I had to deal with a very difficult situation in my house but I am still unable to take action.My situation does not make me happy, I feel bored, I want to do something different and exciting but I cannot. I cannot even think to live as an adult, to have a romantic relationship or a stable job because I am afraid of all the conflicts that may occur. Maybe these things have to offer me exciting things but I am aware that as more you expose yourself and take responsibilities you have also more problems to deal with. And I had enough problems in my life already.Some may think that I am immature or spoiled or sheltered and the last two I believe that are true but I am not immature at all. This maybe is the problem that I do not get never excited because I overanalyze things and try to see all the different perspectives. People around me rent houses without second thought, say lies thst they have experience to take a job and generally grab chances without thinking it a lot. Even if they do wrong they do not punish theirselves and they do not feel bad if in the process they treat unfairly some people. I cannot even sleep thinking all my past wrong decisions, I am not able to say a lie even for the most unimportant thing. I am unable to deal with anything or to put it correctly I cannot deal with my feelings. Even when someone hear sent me a private message I get panicked, I do not know how to react and I think of that all the time. I can start a conversation when I am too desperate and I know that maybe I will not be alive long enough but sooner or later I start to fear that someone is going to harm me or discover or harass me etc. This is probably the main problem I am so afraid of everything and even if I fight it and try to make steps in the end I always go back to my parents security even if it is toxic. And I feel relieved and I can sleep at nights but I also feel so desperate and empty. it is not my fault that I feel this way. My father is a negative person and make me feel afraid of the works and people because he always showed me the worst case scenario. My mom tried to protect me and give me moments of entertainment and not let him spread his negativity but she is also a victim and a depressed person and life was not easy for her. Our life in general was not never easy many bad incidents happened to our family, put of out control and these made my father even more convened for his worldview. I do not know what is wrong with me, is my traumas, my ocd, my social anxiety? Do I have the Peter pan syndrome and I want to stay child forever? Am I autistic and that is why I find the world so terrified? Is my county and how unorganized and corrupted everything is here that make me feel so desperate? I feel like my life has an expire date. I do not know if I commit soon or no but I know that when my mom dies this will be my end also. Maybe I will end everything sooner because there is no point I feel so miserable and I just waste money. Therapy and medication never were helpful on the contrary the made everything worse. I waste so much time in this crap and also in fortune telling seeking desperately an answer but now I realize that everything is b*llshit. I hate myself that still believe in something higher either is the God or something else because this enabling my ocd and I still try to make decision with random ways not with my mind. I will never move forward",Depression,1,test,train,train_added,test_00214
train_added_test_00786,test_00786,i want to buy lunch.,Normal,0,test,train,train_added,test_00786
train_added_val_confirm_00553,val_confirm_00553,"Quitting 5mg Zyprexa (Olanzapine) after 5 weeks. Advice would be appreciated! Hi guys, as the title states, I was prescribed 5mg of Olanzapine nightly since I was briefly institutionalized for a psychotic episode. I hate how it makes me feel, the constant mental sluggishness, the dry mouth, the fatigue, none of it is worthwhile for me. But at the same time, I've been looking around online for info on how to safely taper down and frankly I'm scared as fuck by what I've seen of the withdrawal effects. Has anyone else quit Olanzapine after a similar span of time? What was your experience, and how did you cope?",Bipolar,3,val_confirm,train,train_added,val_confirm_00553
train_added_val_search_00104,val_search_00104,"Raising a child as a bipolar parent How do you raise a child when you are going through a depressive phase and you can't even take care of yourself, much less a 5 year old?  My wife left us a year ago, and I haven't even had the time to deal with that shit.  My daughter constantly needs me to be there for her but half the time, I just want to pull the covers over my head and hide.  I don't get enough sleep and I'm always fearful I'm going to enter into manic mode.  I feel like a failure as a dad for having the constant changes in mood that come with bipolar.  I take meds now, so I am much more stable than I used to be, but it's not perfect.  I'm lucky that my mother lives nearby, and she helps out.  I'm just curious if there are any other bipolar parents out there.",Bipolar,3,val_search,train,train_added,val_search_00104
train_added_val_confirm_00989,val_confirm_00989,"i hate the way media depicts mania i (16ENBY) have been told i show signs of bipolar by multiple professionals. they can’t diagnose me since i’m young though. 

this made me analyze my behaviors and realize when i was manic. 

movies and shows make mania seem fun. it makes it seem like a drug. it can be fun. it can be euphoric. but it’s usually so unbelievably painful. it’s excoriating. 

when i told my friends i was probably bipolar they didn’t really bat an eye, they saw me being reckless and doing risky things and they thought it was fun. 

mania is so much anger. it’s such a deep anger, i can’t explain it and i’ve realized that’s a symptom and not everyone feels it. it’s such a trip. all the things i thought were normal were probably symptoms. 

my friends thought mania was fun, they saw movies of people going out and doing drugs, they saw me going out and doing drugs but when i explained what it’s like they were terrified. and they should be. this isn’t fun. 

bipolar isn’t fun. mania needs to stop being romanticized. your perception of reality shifts, you’re angry, and even more angry that no one can help you. you do reckless things because you just don’t care. you’re filled with so much self hatred and if the consequence isn’t immediate death than it doesn’t matter. 

it’s not fun. i can’t explain how un fun it is. it’s so unstable, you can’t control your emotions, it’s constantly changing. 

it reminds me of Vampire Diaries. when they’re in transition their emotions are magnified. it can be fun but they’re usually a mess, hurting themselves, being destructive, drinking, hating themselves. 

i’m not sure why i made this post. i feel cheated kind of? everyone makes mania seem so fun and crazy and like a movie but it’s scary.",Bipolar,3,val_confirm,train,train_added,val_confirm_00989
train_added_test_01522,test_01522,"At what age did your HA start? I have always been a bit uneasy about medical problems, but didn’t start feeling physical symptoms until about a week and a half ago. With no triggers or life circumstances to speak of, my brain started telling me I need to take deeper breaths than I am capable of taking. The next day I hyperventilated so hard that my hands went numb and curled up tight. I am 24 and until recently I figured I had managed to evade young adult mental illness. Most people I know had it start at a much younger age.  Any other late bloomers here?",Anxiety,2,test,train,train_added,test_01522
train_added_val_confirm_00961,val_confirm_00961,"Oh anxiety, you are weird sometimes. 6 to 7 years ago I was diagnosed with GAD/PTSD. 2 years ago I was diagnosed with adhd. I have managed it all this time with no medicine, and I have been fine with for the most part. The only time my anxiety would rise a little bit is when it was triggered by stress. Which then I knew I just had to balance it out again.

Well, this month ended up with heighten anxiety due to an allergic reaction being around seafood, one week later got a tooth pulled, 2 days later I was fussed at by an ER doctor, and then one week later after that I had anxiety reflux kick back so hard that it cause two days of back to back panic attacks. My anxiety was so bad that I couldn’t eat anything but rice and chicken, no meds, and being around doctors frighten me. I couldn’t manage to get myself out of that anxiety loop. 

Well I was finally about to get some hydroxyzine  for “as needed dosage” 3 weeks later. My anxiety was down back to a manageable level but my fears were still there. I took one 25 mg pill in the evening. I got an euphoria feeling and drowsiness the whole next day along with diarrhea. Then all my anxiety was gone. I can eat food again without fear. I’m not scared to take meds again. 

This is the weirdest Anxiety is the moment I have ever dealt with. However, I’m now pondering if with my anxiety reflux being kicked up it had my stomach and brain a relay lap so when I took the hydroxyzine it suppressed that nerve in my stomach and it help my stomach feel better and then which stop the relay cycle. I guess that is something I will have to remember to ask my doctor.",Anxiety,2,val_confirm,train,train_added,val_confirm_00961
train_added_val_confirm_00558,val_confirm_00558,ml! picjen does anyone want to play? -4 here,Normal,0,val_confirm,train,train_added,val_confirm_00558
train_added_test_00921,test_00921,"New Here Hey there! So, I've been lurking around for a few days and thought I should I produce myself. 
I'm a 33 year old stay at home mom to 2 boys. I was diagnosed with GAD at 16. I was on medicine for less than a year, but quit taking it due to not liking the way it made me feel (and not liking my dr, so I didn't want to go back). The anxiety seemed to calm down until my second son was born. I had my first panic attack 5 years ago, but thankfully don't have them often. The health anxiety started around that time too. In August 2016, I finally realized that things were getting bad and asked my gp for help for help and was put on medication and started seeing a counselor. Then my husband went through some job changes, in 2017, and of course lost insurance for 3 months each time. Then in October he accepted a job offer that moved us from Texas to the Midwest. My anxiety was behaving itself during the move and I thought that just maybe it would leave me alone. No such luck. By December, my anxiety was a houseguest of my brain that wouldn't leave. I made an appointment to talk to a dr next week, but now I've found out that she is a clinical social worker? I currently don't have insurance, but I feel that my current way of living is just not working and want to go back on the medicine. Every time I feel an ache, pain, tickle, or sniffle, I freak out. Worse, I'm doing the same thing to my kids and husband. I'm hoping to find a bit of community here and maybe one day, we will all be anxiety free!

(I'm sorry this is so long!)",Anxiety,2,test,train,train_added,test_00921
train_added_test_00522,test_00522,"Wondering if I could be bipolar So when I was diagnosed with depression a few years ago my doctor told me to watch for any mania because of my family history with bipolar. I hadn’t had any issues until this year. I’ve always been moody and could change at the drop of a hat. But I never considered that abnormal for me.
I had one experience a few weeks ago where I felt I could have been manic. I was at work and just in a great mood, nothing could shake me, overly peppy and talkative. I couldn’t focus very well, my mind was just jumping from thing to thing. My boyfriend who works with me pointed out that I wasn’t acting normal after I had already kind of noticed the elevated mood myself. I was trying not to fixate on it but once he pointed it out it started making me very anxious. 
Since then I’ve been keeping track of my moods with an app because my boyfriend also pointed out that it’s not the only time I’ve acted odd and I sometimes don’t notice it at all. 
I just started seeing a therapist and when I brought this up to her she told me the feeling has to last days to be mania. From what I’ve read hypomania doesn’t have to be long lasting. 
I’m just confused about whether I should be seeking a mood stabilizer because I have been struggling with mood swings. Any opinions would be very helpful for me!",Bipolar,3,test,train,train_added,test_00522
train_added_test_01950,test_01950,"I had been trying to bake a cake. I did everything the instructions said to do but it took forever to bake and at the end it did not even taste good. Tasted like egg. And then I just started to cry. But it was not really the cake that made me cry. It was the fact that my best friend has not texted me for two weeks due to an argument. It was the fact that I had spent so many of these past few days alone in my room. Its the fact that nothing seems to be working to help me get better. Its thinking there is no way out. And now, a cake I wanted to bake and be proud of came out like shit. Wanting the smallest things to right only to have them go wrong feels like adding salt to the wound. Frustration to the already horrible mood I am in. I am just tired I cried over a cake",Depression,1,test,train,train_added,test_01950
train_added_val_confirm_00892,val_confirm_00892,"I have a really low mood 2-3 days a week, suicidal thoughts, real struggle to get through the day, I have social anxiety, which I am fairly sure causes this. I am wondering if this is classed as a type of depression or am I just unhappy with my life? I do not mean to offend anyone who is suffering 24/7 I know I am lucky to have those few days where I am kind of ok Is this depression?",Depression,1,val_confirm,train,train_added,val_confirm_00892
train_added_test_00718,test_00718,My dog got Lepto and now I’m afraid I will have it. My dog contracted Lepto infection or Weil’s disease and I’m so worried about my dog because it’s life threatening to him. The vet told me she has an obligation to tell me it could be transferred to humans. I looked up the symptoms and I don’t have them but I am still nervous. Last time I had my blood checked I passed out and I am really nervous to do it again. I am pretty sure I don’t have it because I don’t have the symptoms (which says a lot for someone who has health anxiety).,Anxiety,2,test,train,train_added,test_00718
train_added_val_search_00069,val_search_00069,"Mood Trackers Recently my psychiatrist had me look into CBT, and while I can't afford counseling at the moment, I've decided to start mood tracking. I've tried it in the past but gone into episodes of just not being able to. How do you guys stay motivated? What trackers do you use? ",Bipolar,3,val_search,train,train_added,val_search_00069
train_added_val_confirm_00187,val_confirm_00187,waiting for my flight slumming it in the departure lounge,Normal,0,val_confirm,train,train_added,val_confirm_00187
train_added_test_01332,test_01332,"guys, how do you feel, every day you feel like you're really worried about your thesis, the trial schedule for August is great and until now it's still floating, you want to make revisions like your brain is empty, but every day you're so worried that you're shaking",Anxiety,2,test,train,train_added,test_01332
train_added_test_00761,test_00761,hi all i ve got a script for clonidine for my anxiety and i am curious if anyone here ha any experience with it good or bad thanks in advance,Depression,1,test,train,train_added,test_00761
train_added_test_02443,test_02443,"Does anyone experience loss of appetite from Latuda? I started taking latuda about 7-8 months ago and everything’s been really great until now. It’s helped incredibly and I have had very very little side effects. I do want to say my anxiety has been higher recently too 

A couple months ago I started losing my appetite to where I’d only get hungry in the late afternoon or evening. About a week and a half ago it stopped all together and I’m struggling to eat.

Now when I try to eat I feel so disgusted by food I’ll start gagging and have to spit out the food or else I’ll throw up. I’ve been living off ensure drinks and trying so hard to make myself eat in between 

I messaged my psychiatrist about everything that’s been going on and she said to see the doctor to rule out the flu. I went. Don’t have the flu. They did every blood test imaginable- everything came back great. I did a Covid test and that was negative. 

After telling my psych the updates she thinks it’s that I’m “not absorbing latuda effectively with my GI symptoms” I don’t think I fully understand what she means. She also suggested that I switch to Zyprexa / olanzapine instead of the latuda. 

I messaged my therapist today hoping for something else I guess and all she asked was if I started the zyprexa. 

Not eating is making me feel so weak and dizzy and I feel so sick all the time. I want to just eat normally again so bad. 

I’m just wondering if anyone else ever experienced anything like this with latuda?",Bipolar,3,test,train,train_added,test_02443
train_added_val_search_00275,val_search_00275,a girl i absolutely love left me and doesnt want me to be apart of her life at all anymore due to too many argument in the relationship she lost her trust in me but i cant seem to get all the memory of u out of my head i love her and it hasnt gotten any easier i just dont know if i can handle the pain much longer,Depression,1,val_search,train,train_added,val_search_00275
train_added_val_confirm_00324,val_confirm_00324,aahmddr gradyymk je me ba encore contre ma d pression videmment y a pa que la pillule qui rentre en jeu mais c est le facteur d clencheur,Depression,1,val_confirm,train,train_added,val_confirm_00324
train_added_val_search_00325,val_search_00325,"I have seen 4 counselors and read countless articles online, everything just seems so far off. I really do not want to get better. There is nothing that could possibly push me to get better or start taking better care of myself. I have been on meds for 2 months and were going to up my dosage but they do NOTHING. And I do not want to do anything other than take my stupid pills, there is nothing I could do to feel better. I try every coping mechanism but nothing is going to help me because I am CHRONICALLY ILL. Every therapist I see tells me that I will not get better if I am not willing. So what? I just stay broken forever. There has to be something more than this, something for me even if I am not willing to get better. What happens if I do not want to get better?",Depression,1,val_search,train,train_added,val_search_00325
train_added_val_confirm_01053,val_confirm_01053,"Thyroid cancer? Lymphoma? Random infection? I'm a 21 year old male.

 20 days ago I started feeling pain in the lower right part of my throat right above my collarbone. Halfway through the week I noticed a lump was there and made an appointment with my doctor. Doctor sent me for an ultrasound and found a 3cm lump in my neck but couldn't make out what exactly it was, so I was sent for a CT scan. The CT scan results showed that this tumor was near a muscle and lymph node. It looked suspicious to her and she also saw 2 other minor swollen lymph nodes so she referred me to a much better hospital (Vanderbilt) so that they could do their own tests. 

That was 12 days ago. This past Friday I had a fine needle biopsy done on the lump and got the results back yesterday. Apparently cancer wasn't detected and bacteria wasn't either but I did see something about 2+ polys. The test was essentially inconclusive but whatever it was it looked ""infectious"" and ""something on the uncommon side"", according to my doctor. 

My doctor was going to prescribe me Augmentin but since I am allergic I was prescribed Clindamycin. He wants to try me on that for a week and see if it helps. However, the day after the biopsy was done I have started experiencing slight pain right under my adam's apple when I yawn or look down. Seems like there is a bump there too. I let my doctor know this yesterday but he still wants to go through with the antibiotic for a week to see if anything changes. 

I don't really notice any other symptoms. I think my mouth has been a bit more dry as of late but nothing crazy. I was pretty worried early on but started to get over it until this other lump showed up. Wouldn't the CT scan from just over a week ago detected this new lump? I feel like I should be relieved that they didn't find anything malignant but I'm also worried that maybe they missed it or didn't get a proper reading. I have all the trust in the world in this hospital but my nerves are getting the best of me. Sorry if this is kind of all over the place. ",Anxiety,2,val_confirm,train,train_added,val_confirm_01053
train_added_val_confirm_00568,val_confirm_00568,"I am about ready to just give up. I have been trying to get through this depression BS for far too long now. Years of counseling and medication. Lifestyle changes including healthier diet, exercising, meditation. Attempts at connecting with other people. Attempts at pursuing hobbies. Going out and trying new things, being active.I just cannot keep doing this anymore. I need something to change. I am lonely. I am tired. I am hopeless. Hanging on by a thread",Depression,1,val_confirm,train,train_added,val_confirm_00568
train_added_val_search_00028,val_search_00028,maybe I'm nervous like this,Anxiety,2,val_search,train,train_added,val_search_00028
train_added_test_00177,test_00177,"Just found out 14% of people with bipolar disorder have an eating disorder. Who else out there relates? It's a lot to handle sometimes, so I looked up the statistic and feel less alone!",Bipolar,3,test,train,train_added,test_00177
train_added_val_confirm_00605,val_confirm_00605,"so, will you be at school tomorrow?",Normal,0,val_confirm,train,train_added,val_confirm_00605
train_added_test_02392,test_02392,"I'm scared of my bipolar disorder but i'm also scared of feeling better ? Hello there everyone,

&amp;#x200B;

I've been recently diagnosed with bipolar 2 months ago and it has been a real struggle to live my day to day life like normal. I'm finally on the right dose of Lithium and started seeing good results with my emotions until my anxiety disorder decided to come back. Now i have to take Seroquel to try to calm me down, because i'm deeply afraid of everything now.

&amp;#x200B;

I think the mixed episode i just had scared me so much that now i'm terrified at the idea of having another one. I almost don't want to feel better because i don't want to have hope thinking i'm okay now just to have a new episode right after. I don't know how to explain it, i know i want to feel better deep down because i feel miserable, but i'm also afraid. Does anyone else feel the same ?",Bipolar,3,test,train,train_added,test_02392
train_added_test_00440,test_00440,"I have been struggling for 5 years with insecurities, anxiety, emptiness, and depression. I barely have no one to talk to. Friends will not even check up on me and my family knows close to none about me. Thinking of yeeting myself.",Depression,1,test,train,train_added,test_00440
train_added_val_search_00188,val_search_00188,"Newly diagnosed I was just recently diagnosed with bipolar disorder. After about a year of trying SSRIs with absolutely no success my doctor referred me to a therapist. Through therapy we’ve discovered my problem is not just depression. I’m so happy to hopefully have the right diagnosis and will soon be feeling more stable. 

I’ve been started on a low dose of Abilify (4mg) because of the success it has had treating my mothers BPD. Any one have any experience with Abilify? So far my only symptoms are waking up through out the night and feeling slightly jittery during the day. ",Bipolar,3,val_search,train,train_added,val_search_00188
train_added_test_00505,test_00505,but typing is causing you pain.,Normal,0,test,train,train_added,test_00505
train_added_val_confirm_00454,val_confirm_00454,art is a universal language art is a catharsis for me panting helped me out of depression latifa stopped painting when she left syria but used it a a way to deal with the struggle of displacement in lebanon now she teach others and sell her painting http t co viijhh ubc,Depression,1,val_confirm,train,train_added,val_confirm_00454
train_added_val_confirm_01042,val_confirm_01042,i m hella breaking out,Normal,0,val_confirm,train,train_added,val_confirm_01042
train_added_test_00804,test_00804,I feel like I have nobody. I feel worthless. All I think about is how I wish I had the guts to just end it all. Lonely and depressed.,Depression,1,test,train,train_added,test_00804
train_added_test_00926,test_00926,"XANAX FOR PHOBIA Hello. I am a 18y old boy. From a very young age I have a fear of doctors. My heartrate was 160 the last time when i went to the doc. She told me to go to cardiologist. I said to her that i dont have problems with the heart but she was still wanting to go. So i went, made an ECG, the heartrate was 170 but the heart was healthy. So I think the best solution is to take Xanax before going to the doc...i have it at home from 1 year but for other reasons. How much should i take so i can feel calm the next time i go to the hospital?
Sorry if my English is bad... :)",Anxiety,2,test,train,train_added,test_00926
train_added_test_00419,test_00419,I am scared of myself lol no joke not even being funny that would be cringe to me tbh. But I literally just bully myself unconsciously lol. Just stop man abhhhhh Hahahelp,Depression,1,test,train,train_added,test_00419
train_added_test_02243,test_02243,"I feel very vanilla It feels like I missed a manic episode and went straight to dissociation after the holiday blues.

&amp;#x200B;

Work is boring and long and stressful, which makes my free time essentially the same since I feel a responsibility to make the good times count, or whatever. 

&amp;#x200B;

I don't know, I just feel like I am in a rut that grows more like a valley with each passing day.

&amp;#x200B;

I didn't really have any intentions with this post, I just felt the need to say my peace.",Bipolar,3,test,train,train_added,test_02243
train_added_test_01107,test_01107,all ready to go to the premier and just realized how under dressed i am,Normal,0,test,train,train_added,test_01107
train_added_val_confirm_00199,val_confirm_00199,having trouble sorting radiohead's best album after kid a - ok computer - in rainbows,Normal,0,val_confirm,train,train_added,val_confirm_00199
train_added_val_confirm_00974,val_confirm_00974,"Flomax Capsule I have an issue swallowing pills but I spent half an hour today trying to get a flomax pill to go down by chasing it with water. Eventually the pill cracked open from sitting in water for too long and I went ahead and swallowed about less than 1/3 of the little beads inside the capsule. 
I hear it’s dangerous to consume a pill that is crushed or broken down because it gives you large dosage at once. The good part is that I didn’t swallow even half of what was inside the flomax pill. However, I’m second guessing myself and wondering if I should get checked at the ER or just wait it out.
Any ideas? Is pill crushing as serious as it’s made out to be? ",Anxiety,2,val_confirm,train,train_added,val_confirm_00974
train_added_test_01413,test_01413,"Ashwapepper Performance Booster Capsules Maximize your performance on bed with Ashwapepper. Ultimate pills for best results
https://aggripure.in/product/ashwapepper/",Anxiety,2,test,train,train_added,test_01413
train_added_val_confirm_00800,val_confirm_00800,i'm falling asleep on the phone.,Normal,0,val_confirm,train,train_added,val_confirm_00800
train_added_test_01395,test_01395,"This is ruining my life. I need to make a change. Title says it all. This is ruining my life and making me feel like life isn't even worth living. All I do is obsess and worry and browse the internet. I'm 27 F, and in the past week I have gone from worrying about brain tumours to MS to early onset Parkinsons to liver cancer, blood cancer, Meneire's disease, diabetes, and other illnesses. 

I've been like this my whole life. I don't even know why, but ever since I've been a kid I've been worried about my health. I was a semi sick child, but nothing life threatening or horrible. I have been seeing a therapist off and on since I've been 14 and it does help, though I haven't gone in a few weeks. 

2 months ago I began getting vertigo. Doctor told me it was an inner ear problem, and the whole thing made my anxiety completely spiral out of control. I haven't stopped thinking about whats wrong with me or worried about not being dizzy for longer than 15 minutes in the last 10 weeks. The room spinning vertigo is gone, I'm just left with some random dizzy spells and disequilibrium/unsteadiness. I was convinced the doctor missed something, so they agreed to do some blood work and booked an MRI. They don't seem overly concerned but said they will do it. I'm waiting for the MRI, but just got news back from my bloodwork. Apparently it's all normal expect for my B12, which is elevated (cut off is 950 and I'm 1048).. This is pretty unusual, since B12 is normally low if anything. I have been taking B12 supplements, so I'm going to try to assume that's what caused it (the nurse told me about the blood results and the doctor has yet to follow up, so I don't know what to do about it besides stop taking the supplement) but of course my crazy self went on Google and found out high B12 can be indicative of blood or liver cancers and is really serious. Cue freak out. 

I'm just done. I'm so done living like this. I don't know what the follow up will be for the B12, if anything, but I'm just going to be sitting here wanting to browse the internet in hopes of making myself feel better when in reality I never will. I will sit here and think about every bodily sensation and worry about feeling off balance, and worry about something sinister going on and picturing all the horrible scenarios that are going to happen and how I'm going to die young and suffer and leave my children motherless. 

&amp;#x200B;

I just have to make a change. Even if I do have blood cancer or liver cancer (my current fear), there isn't anything I can do about it. It's not like worrying is going to make it go away, so why do I do this to myself? I can't do another day like this, searching for answers and being constantly scared. I've booked an appointment with my psychologist for this Wednesday and I am vowing to myself to get off Google and never go back on for answers. I don't know what else to do yet, but I feel this is a good start. 

&amp;#x200B;

Anyone people who have cured their health anxiety who have tips? Or just any commiseration out there is helpful too. ",Anxiety,2,test,train,train_added,test_01395
train_added_val_confirm_00887,val_confirm_00887,Random coughing fit? Not sick Last night I I felt like I was coughing up a lung for 5 minutes like how I do when I’m sick. But i’m not sick and haven’t coughed at all today. Trying not to google lung cancer. What are some normal things thay could cause such a bad coughing fit without having a cold?,Anxiety,2,val_confirm,train,train_added,val_confirm_00887
train_added_val_confirm_00606,val_confirm_00606,"Book: The Master Key System The Master Key System by Charles F. Haanel

[http://www.sacred-texts.com/nth/mks/](http://www.sacred-texts.com/nth/mks/)

&amp;#x200B;

I am finding this book useful for controlling my thoughts, concentrating on what I need to do and meditating.",Bipolar,3,val_confirm,train,train_added,val_confirm_00606
train_added_val_confirm_00035,val_confirm_00035,Wekura chimolaaAaAAAaA,Normal,0,val_confirm,train,train_added,val_confirm_00035
train_added_val_confirm_00687,val_confirm_00687,"Magnesium for anxiety-related heart palpitations? I have heart palpitations that I’ve been to a cardiologist about for years and have always been told they’re just a result of anxiety. I hear of people having heart palpitations during panic attacks or while feeling anxious, but I have them all day everyday no matter how calm or regular the moment is. I suppose underlying anxiety is still there, as I’m a jittery person naturally. But they’re annoying and distracting. I tried a beta blocker but it did absolutely nothing, my cardiologist says anxiety meds might help but I’m nervous to take any pills I don’t have to.

I heard magnesium helps with heart palpitations but I know nothing about it, how much is good versus bad, what form to take it in, etc… any info is appreciated! 

Anyone alleviate heart palpitations with magnesium? I’d love to hear about your experience.",Anxiety,2,val_confirm,train,train_added,val_confirm_00687
train_added_test_00734,test_00734,"Seroquel 100mg still getting anger flashes Pretty much I'm severely depressed, and have severe anxiety and I cant really control my emotions. For my medication it says take up to four tablets (each one is 25mg) based on mood, my mood definitely tells me to take four lol, I didnt know I was severely depressed til I told the doctor my symptoms I always thought I was funny  and quite happy but a dark sense of humor. I also find it kinda hard to carry on a conversation with someone I dont know, and making eye contact is a bitch for me (makes me insecure and nervous but no disorders like down syndrome or ADD), Just in general I'm not coping with life that well, my last post I was coming off  Lamotrigine which didnt seem to hell either. I also found my habit of smoking pot coming back rather strong actually, as of now I know I'm addicted to marijuana (sounds retarded I know)

Anyway I'm taking 100mgs and still getting angry quite a bit, I feel kinda numb sometimes like i cannot get angry or really think, when I get angry I yell, throw shit, smash shit, think about suicide, and by the end of my fit I usually have bloody knuckles and borderline pulp of knuckles. What usually calms me down is just punching shit super hard til I realizemy body is in pain, or if my dog has the balls to come up too me and chill me out (I dont physically harm anyone or anything). What makes everything worse is that I have a new born so I cant really explode unless i go and smash the old fridge we have in the garage, if I dont do that I look for something's I misplaced ruthlessly ripping apart my whole room and everywhere I might think I left it (memory is shit now too) I also pace back and forth like a mofo aggressively, that doesnt seem to help only makes me think what else I can destroy. Any way thanks for listening to my crazy head and any advice on medications would be appreciated and any advice would be amazing, TIA",Bipolar,3,test,train,train_added,test_00734
train_added_test_02232,test_02232,how long will it take me to learn?,Normal,0,test,train,train_added,test_02232
train_added_test_00242,test_00242,"What's wrong with my face, ladies and gentlemen",Normal,0,test,train,train_added,test_00242
train_added_test_01431,test_01431,Too nervous,Anxiety,2,test,train,train_added,test_01431
train_added_val_confirm_00030,val_confirm_00030,"Every time I’m manic I want to cheat on my boyfriend I’m currently manic and I can’t stop thinking about it. It’s like this almost every time I’m manic. It’s especially bad since I’ve caught him cheating on me (more than once) so now my brain can “justify” it. I get extremely hypersexual when I’m manic and I find have my sex with someone that I’ve been having sex with for awhile extremely boring. I want new and exciting, the thrill of sleeping with someone I’ve never had sex with. I know this makes me seem like a shitty person but I just can’t stop thinking about it despite knowing how wrong it is


Edit to add: 

1.) I am not going to cheat, I am able to reason enough to know I won’t, but that doesn’t mean the thought isn’t there

2.) I had to come off of the meds I was on due to pregnancy and it being known to cause birth defects. I go see my psychiatrist again soon to get started on something pregnancy safe, he’s just been out of town

3.) Just because you personally have never experienced this feeling, does not mean it’s not a thing. Everyone’s experience with mental illness is different. I am aware that mania is not an excuse to cheat, when not manic I have no desire to seek attention or sex elsewhere 

4.) An open relationship/ ethical non monogamy is a no go for him. He’s (ironically) way too jealous for any of that and has made it very clear he has no interest in such a thing, especially anything involving me being with another person


5.) This post was not an invite to say weird creepy shit in my dms",Bipolar,3,val_confirm,train,train_added,val_confirm_00030
train_added_val_confirm_00059,val_confirm_00059,inside my head. why are there two different people inside of me fighting over what decisions i make. depressive bipolar sucks. i think i might have a personality disorder. raging war,Depression,1,val_confirm,train,train_added,val_confirm_00059
train_added_val_confirm_00450,val_confirm_00450,"I dropped out of college in 2014 following a suicide attempt after dealing with domestic violence at home and in my relationship, being broke and without a real home, and losing my sense of identity to everything I was trying to be for everyone else. Since then, I have done counseling, I take my meds, I climbed the career ladder at my job and can provide for myself, I feel 100% sure of who I am, and I would never been better. However, to elevate my career to where I want it, I need to get my BA (with a Graphic Design focus). I am getting registered with my top pick university, I have support, and I am on the right track. However, all of my confidence in myself and my work has flown out the window. I feel like an imposter, like I was not meant to have this, and like I am destined to fail. I can feel depression creeping in, I never feel like doing anything except gaming anymore, and I freeze whenever I have to do anything adult-y. Some people make this higher education gig look easy and here I am, 30 years old, freaking out about it. I guess I just really need some support and a sense of community (this is my first time posting here...so scary). And any advice would be appreciated as well. Everything's falling into place for me and it is making me feel worse???",Depression,1,val_confirm,train,train_added,val_confirm_00450
train_added_val_search_00020,val_search_00020,skooool i hope for some reason it is sooo much fun and like the best hehe,Normal,0,val_search,train,train_added,val_search_00020
train_added_test_00257,test_00257,"Well, I don't regret buying chirepent the next day there is news like this cakeðŸ¥²ðŸ™",Normal,0,test,train,train_added,test_00257
train_added_test_01744,test_01744,"Nervous About Heart Catheterization So, I’ve (42M) been dealing with chest pain off and on  I had a stress test that was ok in December. I’m still having symptoms, so the cardiologist wants to do a catheterization this week. I’m nervous about what that will be like. Has anyone here had one that can share what I should expect?",Anxiety,2,test,train,train_added,test_01744
train_added_val_confirm_00631,val_confirm_00631,FOLL! Followers? rt - hyunjin,Normal,0,val_confirm,train,train_added,val_confirm_00631
train_added_test_01508,test_01508,"The restlessness that hit, really disturbs the atmosphere",Anxiety,2,test,train,train_added,test_01508
train_added_val_confirm_00902,val_confirm_00902,depression arai,Depression,1,val_confirm,train,train_added,val_confirm_00902
train_added_val_confirm_01094,val_confirm_01094,I am in my 4th year of college with 3 more miserable years to go if I decide to keep up with school. Last semester I had a nervous breakdown and gave up on my classes and now I have all Ws to show for it.I have worked only fast food jobs for 4 years and my latest job is El Pollo Loco where I work 8 hrs shifts with 40 mins worth of break for the entire day. Its tiring work.I mean I feel so fucking low compared to everyone else. How does anyone fucking go on living? How do you people get up every day?,Depression,1,val_confirm,train,train_added,val_confirm_01094
train_added_val_confirm_00048,val_confirm_00048,the city is buying guns.,Normal,0,val_confirm,train,train_added,val_confirm_00048
train_added_val_confirm_00373,val_confirm_00373,"Do I have POTS? When I stand up my heart rate increases noticeably, I’m worried I have Postural Tachycardia Syndrome? Tingling on right side of chest and arm. Thank you ahead of time.",Anxiety,2,val_confirm,train,train_added,val_confirm_00373
train_added_test_00492,test_00492,"Buy a lekbong dress, it's often very feminine to wear, it's scary, my shoulders are big. The butt stomach doesn't matter, it's more embarrassing to have wider shoulders than stomach £",Normal,0,test,train,train_added,test_00492
train_added_val_confirm_00566,val_confirm_00566,hi how do I get rid of this I literally have anxiety attacks over the most insignificant bs I know I’m okay and healthy yet whenever I start thinking about my organs or focus on my breathing I lose my shit wtf is wrong with me help,Anxiety,2,val_confirm,train,train_added,val_confirm_00566
train_added_val_search_00051,val_search_00051,"I can barely force myself to get out of bed let alone get up early, eat healthty, go for a run/workout and then go to hell(work) i work 14pm-22pm and 6am-14pm every other week so the week i have to get up early I am just too tired to do anything after work and the week i work late i do not want to get up early becauze then ill be looking at the clock every second ""sigh, just 1,5 hours to work"" How do people get the energy to get up early go for a run/workout and eat healthy? How?",Depression,1,val_search,train,train_added,val_search_00051
train_added_val_search_00131,val_search_00131,"Time to kick the meds for a bit?? I want to stop taking my medication (primarily lamictal).

I want to my motivation back. My feelings, it feels impossible to have an angry outburst now and I know that is not healthy. I feel so dumb but is it because of just smoking weed? I feel like THC/CBD stabilizes my moods in a much better way. No matter what happens in the day or morning, I feel ungodly restless until I smoke.
I know it is entirely my fault for being like this, a NEET, but I don't know why I find it so damn hard now. Essential tasks feel so hard to do and I've felt dissociated for so long, but I also feel like it might really the blurriness from Lamictal + poor eyesight. I feel like what is up with me is more than BP-II or anxiety. I genuinely feel that I may have aspergers or something. 

I don't know. Really, I want to go back to myself, a nice shy person who at least has a wave of motivation to chase my dreams. I want MOTIVATION and the ability TO DO.
I dream of being an artist but now I feel such little emotion to express and really I don't care I just want to be able to MAKE STUFF. ALSO I REALLY hate feeling obligated to meet with some person once a month to get these things that I essentially NEEED.",Bipolar,3,val_search,train,train_added,val_search_00131
train_added_val_search_00163,val_search_00163,it's pretty big.,Normal,0,val_search,train,train_added,val_search_00163
train_added_test_00088,test_00088,wondering where the sunshine went,Normal,0,test,train,train_added,test_00088
train_added_val_search_00038,val_search_00038,@noi27 Easy way is to go to MBK and get it hacked. @chuanjeng got a CN rom on his TH phone...,Normal,0,val_search,train,train_added,val_search_00038
train_added_val_confirm_00263,val_confirm_00263,"Low mood Does anyone else still experience hyper vigilance during a depressive episode? I feel as though it actually gets worse and I hang onto every word and each of the tones. I am prone to self-isolating but I am the sole income earner and it freaks my spouse out when I hit my lows and I cannot get the energy to get to work. The fear is I tend to cry for random things and I work in a super fast paced environment which is overwhelming when I can barely brush my teeth. I wake up with anxiety daily but during a depressive episode, it is crippling. How do I explain the ideation going up? I just want to sleep and cry and I hate the anxiety. People do not realize the high correlation between an anxiety disorder being comorbid with BD. Waking up is literally the hardest part of my day.",Bipolar,3,val_confirm,train,train_added,val_confirm_00263
train_added_val_confirm_00146,val_confirm_00146,I do not take pictures of myself because I am not worth looking at that is all. I do not take pictures anymore.,Depression,1,val_confirm,train,train_added,val_confirm_00146
train_added_val_search_00334,val_search_00334,"Hypertensive at 25 &amp; fear of death Hi all! Having an HA episode today and I don't know how to cope. 

Went to my psychiatrist this morning where he took my blood pressure. He had to take it about three times- the numbers were in the 160/110 range. I was very nervous at this appt- my first time with a psychiatrist- but I've had high BP before at other doctor visits in the past month (ie i just got a CPAP machine last month- sleep doc said BP might come down with that treatment. and gyno reduced my birth control last month in an attempt to bring it down as well.) 

But today I took my BP again at CVS about 30 mins later and it was still high, so I went to urgent care. They said it was probably stress related though I can take other measures to reduce it- mostly, exercise more, lose weight, and reduce salt intake. They released me with no meds and an order to monitor it at home for white coat syndrome. 

Suddenly I'm terrified. I can make those lifestyle changes without issue. But what if they don't help? What if I go into cardiac arrest or stroke before I can lower it? Will exercise make it worse? Will I die in my sleep? Will I have to go on hypertension meds at 25? It runs in my family but this feels like a personal failing- my lifestyle and eating habits haven't helped, I'm sure. Am I fucked for life? Am I going to die young?

Im home now and just took it again; 160/90. I'm so scared. 

I have depression and GED which also don't help. I've been stressed out lately but I didn't think it was a huge problem. I feel like I'm just waiting to stroke out or go into extreme chest pain. I feel helpless. ",Anxiety,2,val_search,train,train_added,val_search_00334
train_added_val_search_00105,val_search_00105,i'm stuffed.,Normal,0,val_search,train,train_added,val_search_00105
train_added_test_00750,test_00750,"People say that life revolves, one day we will feel pleasure and pain. So make sure your sadness now is your happiness later",Normal,0,test,train,train_added,test_00750
train_added_test_00345,test_00345,eleven cars.,Normal,0,test,train,train_added,test_00345
train_added_test_01095,test_01095,"I am a male and my birthday is coming up soon in August and whenever my birthday approaches I get extremely depressed because I have nothing to show. I have struggled with depression/social anxiety since I was 11. I have had no friends &amp; no dating experience. Just been alone all my life.At 28yrs old I can finally say I have been making big steps to changing my life. I finally have a best friend, finally been on dates and I finally have been taking risks daily to bettering my mental health and career goals.Today I had a good day until my sister called me to tell me I am a ""piece of shit"" and how my mother is getting older and I am not working or paying at least one of her bills. My brother on his daughters birthday decided to cuss me out just because I was talking about how proud I am of becoming more social and he snapped at me about the same thing when I was the one that had to fund his daughter's birthday party. I also have helped my sister many times with money(savings) while I am unemployed.I broke down and cried today for the first time in a decade because I have talked to them many times about how I want to help our mother out badly and even had numerous of job interviews coming in but yet they still want to beat me down when I am trying my best.I also want to add if I was not depressed they would not have me to lean on whenever they want to go out and leave their kids on me all the time.I do not know what to do I have been tolerating the disrespect just to help get me out of the house and go out with them but now I am done with them and have no one to hang out with. My Siblings Make Me Often Think About Suicide",Depression,1,test,train,train_added,test_01095
train_added_test_01878,test_01878,my last post goodbye,Depression,1,test,train,train_added,test_01878
train_added_val_confirm_00584,val_confirm_00584,"that moment when it was bipolar the whole time so all my life (I'm 30), sometimes when I haven't eaten and my blood sugar is low, I get really weak and shaky/tremors. eating a snack generally fixes it pretty quickly

but _sometimes_, it happens even when I've just eaten, when I'm full or otherwise have no appetite, and its hard to make it go away. eating doesn't help, even when I eat the same things that I normally do for it. I've always been confused by this.

but it turns out, that the psychomotor agitation from hypomania can cause _the exact fucking same symptoms_. hashtag thanks-I-hate-it. I really prefer it when it just makes me fidget a lot or pace, ugh

which is incredibly confusing, but makes so much more sense in hindsight. aaaaaaaa

—a very jittery girl",Bipolar,3,val_confirm,train,train_added,val_confirm_00584
train_added_test_01294,test_01294,"Is it bipolar So here’s the deal. I’m grappling with the variation of depression/anxiety to elation and feeling great. I’ve pinpointed that it’s about a 6-7 month cycle and I figured I’d put it out here to see if anybody else has similar stories/situations. 

For the last ~5 years I’ve had 6-7 months straight of feeling depressed, high anxiety, suicidal thoughts (with plans), isolation, and a general urge to just shut myself off from the world. One time I went without talking to my parents for like 6 months. Then all of a sudden I’ll wake up elated and happy and it’ll last for about 4 months. Then the cycle starts again. Right now I feel the depression starting back up. There was a trigger to my depression this time around but it’s really suck for the last few days, making me afraid I’m heading into another cycle.  I’m so tired of it. And I’m in a position where I can’t get professional help. 

So I can’t figure out if this is a depression thing, suicide thing, or bipolar thing. Any input would be appreciated. Thanks. ",Bipolar,3,test,train,train_added,test_01294
train_added_test_00813,test_00813,please don't cover stones,Normal,0,test,train,train_added,test_00813
train_added_val_confirm_01027,val_confirm_01027,ohdatsbeezy don t mind at all behind on my follows,Normal,0,val_confirm,train,train_added,val_confirm_01027
train_added_test_00178,test_00178,Yaass ganaron jaguares #ExtinciÃ³nSurvivor,Normal,0,test,train,train_added,test_00178
train_added_val_search_00164,val_search_00164,my mood change fast and i don t think i am bipolar a it s usually a reason why my mood change and it can all change in a day like i m in a good mood and then like couple hour past and i just get negative thought and i m down again like i already lost people this year my ex best friend who used to be my best friend like year ago and losing him a a friend this year didn t really hurt a it wa my decision to cut him out of my life he wa a real bad narcissist and probably a sociopath so cutting him out felt good the one thing that hurt is losing my sister a we used to be so close but recently she became a lot more social and ha a lot of friend and she doesn t even want to speak to me or spend time with me anymore even though i m the older sibling i m and she s 0 it s just scary how easy people can just leave your life and even though i have a best friend that is good to me and i am talking to a girl but i m just worried it will end a i m just bad with my emotion probably because of my anxiety i m really not sure how i can get better like sometimes i feel great it feel like euphoric even like i m more hyper talkative and confident but it never last long and then i m just back to my usual mood just being sad depressed and anxious i know somethings wrong with me probably i tried cbt therapy for anxiety and depression but it didn t really help me i m on an antidepressant a well which ha never worked on me i just take it a it make me sleep i hate living like this i just want to smoke weed and get drunk so that i can stop all the negative thought and i hate it it feel like my life is a mess it s so much effort to get out of my bed and i just hate my life like wtf sometimes i feel like going to thailand and becoming spiritual or something,Depression,1,val_search,train,train_added,val_search_00164
train_added_val_search_00159,val_search_00159,I have been in a rea''y long period where my self esteem was at its lowest and I thought that I was cured eventually but now I know that in the deepest of my soul I hate myself. I always putting so much pressure on me for tiny things that do not matter and it become so stressful I cannot handle it no more. I spend nights thinking about myself with regrets about things that I have done or just self hatred. I have so much difficulties to express my issues so I am doing it here and I only want to be happy and to be able to talk to someone and to be reassured. I hate myself,Depression,1,val_search,train,train_added,val_search_00159
train_added_val_search_00229,val_search_00229,"Some Questions From a Newly Diagnosed Bipolar Person Hey, I am 18 and male and diagnosed bipolar. 


Currently, the only things I am taking for my bipolar disorder are NAC and fish oil. 


I am also diagnosed adhd, so if some of this is irrelevant, to Bipolar disorder, I apologize in advance.


Onwards with the questions:


1. My psychiatrist has tried to prescribe my mood stabilizers (most recently lamotrigine), and I have refused to take them. I really enjoy the high feelings I get and don't want to give them up. I also am deathly scared of putting any drugs into my body. I do not even drink. Has anyone tried this drug? What has your experience with mood stabilizers been?


2. Some months, I legitimately cannot focus. Like, even reading for me is just not going to happen. I meditate every day, and during some months, getting my self to sit still is a near impossibility. I am a master level chess player, but I have to play multiple games at once to properly stimulate myself. I have found that intense exercise (especially weights and competition) help a bit. I have also used audiobooks. Does any have any other coping strategies when they cannot focus?


3. I am hypersexual. Like, it is all I think about. If I wasn't so busy with sports, academics, and music, I would probably sleep with a different girl at least every week. I don't even really enjoy it I just sleep with a girl within 30 mins of meeting her at a party or on a first date and then I feel like shit the next few days. Then, I think I really like her for a sec. Then next week I decided I am bored with her and it's on to the next girl. 


The only girl I didn't get bored of was this other girl I slept with who had bipolar disorder too. She was just crazy enough to keep things interesting. She got a boyfriend though.


I really want a stable relationship, but my habits seem to prevent that. On top of that, I have a horrible reputation because of the number of girls I have slept with and the way I have slept with them and used them mostly for sex (although I have always had consent and never slept with even a tipsy girl).


How do you guys hold down a stable relationship? It seems hopeless with hypersexuality, boredom, and mood instability. Speaking of which:


    4. How do you deal with loneliness? I have many friends, but I still get lonely. I use sex to cope but that is clearly insufficient. A relationship would be ideal, and I am working on it, but is there anything else I can do?


    5. How have you reconciled giving up these manic episodes when they are so appealing not just because of the emotions but also because you are better at everything, confident, and able to have life experiences you would never otherwise have.


    6. How do you explain to your friends when they ask if you are on drugs right now or comment that it is like you are either ""marijuana [your name] or meth [your name] depending on the week."" I don't want to tell them I am bipolar (and I didn't even know for sure until recently).",Bipolar,3,val_search,train,train_added,val_search_00229
train_added_val_search_00365,val_search_00365,why do friend feast while you are on fast,Normal,0,val_search,train,train_added,val_search_00365
train_added_test_02413,test_02413,whykay it s lashing down here,Normal,0,test,train,train_added,test_02413
train_added_val_confirm_00204,val_confirm_00204,"oh, well, it only cost me a dollar.",Normal,0,val_confirm,train,train_added,val_confirm_00204
train_added_test_00325,test_00325,searching for a job in berlin in summer time don t speak german,Normal,0,test,train,train_added,test_00325
train_added_test_00566,test_00566,"Cook for Eid in less than 3 days, your lectures are not yet off - Mama while cleaning the house £ðŸ˜ðŸ¤—",Normal,0,test,train,train_added,test_00566
train_added_val_confirm_00049,val_confirm_00049,"Idk what is wrong with me atm. I am 19 and I just do not want to be alone anymore. I have friends that I am nervous about talking to about this, because Idk if they could help my situation. I just want someone to talk to. Believe me, I am a 19-year-old, 6'3 male roughly about 220 lbs. You would think I would be getting some form of attention lol, but Idk really, I never get to talk bout how I am feeling and my life is not exciting. Idk how Reddit works but if someone reading actually just wants to talk, male or female, I would really appreciate it. Snapchat: Derekmorales16 Instagram:nyc.dm15 Idk",Depression,1,val_confirm,train,train_added,val_confirm_00049
train_added_test_01857,test_01857,all men do is lie. unlucky he doesn't know meliodas,Normal,0,test,train,train_added,test_01857
train_added_test_00744,test_00744,"Two week long depressive episode I have been deeply depressed for two weeks. My psychiatrist doubled my dose of my mood stabilizer so that may play a part, but lately getting out of bed has been nearly impossible. I am on the brink of losing my job because I can’t get myself to plaster on a fake smile. My friends don’t want anything to do with me because I’m such a downer. My mom thinks I’m just being lazy. I’ve lost interest in everything and have spent hours just staring at my ceiling.  Can feel my quality of life diminish and my doctor can’t see me for another three weeks. I don’t know what I’m going to do but I’m scared. ",Bipolar,3,test,train,train_added,test_00744
train_added_test_00422,test_00422,start your morning by reading au sunaosa,Normal,0,test,train,train_added,test_00422
train_added_val_search_00012,val_search_00012,"It's getting worse and worse, I suddenly feel swelled",Normal,0,val_search,train,train_added,val_search_00012
train_added_val_confirm_01043,val_confirm_01043,Why am i dizzy After watching a movie that had a brain tumor patient I've been feeling so lightheaded and off and honestly this is the first time my health anxiety has been back after years of not being active. I've been lightheaded for days and it's not getting worse but it sure aint getting better. I'm also just very stressed with school. I dont know whats going on. I cant check the hospital..this has happened last year and took a week to get rid of..whats wrong with me :( i just wanna live!!!!!!!!,Anxiety,2,val_confirm,train,train_added,val_confirm_01043
train_added_test_01424,test_01424,i m absolutely fucking leathered i love you all,Depression,1,test,train,train_added,test_01424
train_added_test_01675,test_01675,"Does this appear to be anxiety, or something else? have no idea what is going (Chest Pain, Weakness, Tachycardia, High Blood B12). Countless doctors have not solved it. And it is getting really bad lately.  

* Age: 22
* Sex: Male
* Height: 5""10
* Weight: 148ish
* Race: South Asian
* Duration of complaint: 8 Months (after viral infection)
* Location (Geographic and on body): Toronto, Canada
* Current medications: No.

RECENT BLOOD TEST (I have had blood test for the past 9 months, the last one 4 months ago. And all blood tests have had similar numbers, ALL had very high b12, and realtively high neutrophils and monocytes. All Had normal CBC other-wise, my Lymphocytes, RBC count, platelet count, Creatine Kinase, Potassium, TSH, Albumin, etc.. have ALL stayed very consistence, and normal, through-out the last 9 months) :

**Hematology**

WBC =10.2. Range 4.0 - 11.0 x E9/L

RBC = 5.32. Range 4.50 - 6.00 x E12/L

Hemoglobin = 152. Range 135 - 175 g/L

Hematocrit = 0.457. Range 0.400 - 0.500 L/L

MCV = 86. Range 80 - 100 fL

MCH = 28.6. Range 27.5 - 33.0 pg

MCHC = 333. Range 305 - 360 g/L

RDW = 13.2. Range 11.5 - 14.5 %

Platelet Count = 321. Range 150 - 400 x E9/L

**Differential**

Neutrophils = 7.1. Range 2.0 - 7.5 x E9/L

Lymphocytes = 2.0. Range 1.0 - 3.5 x E9/L

Monocytes = 1.0. Range 0.2 - 1.0 x E9/L

Eosinophils = 0.1. Range 0.0 - 0.5 x E9/L

Basophils = 0.0. Range 0.0 - 0.2 x E9/L

Immature Granulocytes = 0.0. Range 0.0 - 0.1 x E9/L

Nucleated RBC = 0. Range /100 WBC

**Other Vitamins/ Chemicals**

Vitamin B12 = **HI &gt;1476.** Range 138-650 pmol/L

Homocysteine = 9.0. Range. 5.1 - 15.4 umol/L

Ferritin = 70. Range 22-227 ug/L

Urinalysis Chemical: Normal

Potassium= 4.5. Range 3.5-5.2 mmol/L

Chloride = 101. Range 98-108 mmol/L

Creatinine = 79. Range. 67-117 umol/L

Glucose Random = 5.2. Range 3.6 - 7.7 mmol/L

Albumin= 51. Range 35-52 g/L

Bilirubin Total = 6. Range &lt;20 umol/L

Alkaline Phosphatase = 112. Range. 40-129 [u/L](https://www.reddit.com/u/L)

Alanine Aminotransferase = 16. Range &lt;50 [u/L](https://www.reddit.com/u/L)

Magnesium = 0.87. Range. 0.70-1.00 mmol/L

Creatine Kinase = 61. Range. 44-275 [u/L](https://www.reddit.com/u/L)

Non HDL Cholesterol = 3.13 mmol/L.

Thyroid Stimulating Hormone \[TSH\] = 1.05. Range 0.32-4.00 mIU/L

\_\_\_\_\_\_\_\_\_\_\_\_\_\_\_\_\_\_\_\_\_\_\_\_\_\_\_\_\_\_\_\_\_\_\_\_\_\_\_

8 months ago I had a viral infection which has since caused whatever chronic condition or disease I have.

\-Just want to add, my viral infection started with a bad stomach/lower abdomen ache 1-2 days before the actual infection (8 months ago), and I had a rapid heart-rate from right at the start of the viral infection.

My symptoms are:

\-Just want to start off by saying my heart-rate was high right from the very start of whatever infection i got, like from day 1.

\-Tachycardia through-out the day. Little things make my heart race (whereas before I was very fit), I wear a fit-bit and my heart-rate is very normal in the 60s when I am sleeping. But in the day time, when I am out, even if I am just seating my heart-rate is constantly around 110 BPM. And if I have anxiety it can easily go up to 140. And if I, for example, climb the stairs or jump around a bit, my heart-rate shoots up to 150, and if I go for a short jog (I can't because of my heart), but in 1 minute it is nearly 180 BPM. Due to how fast it beats I do not take part in any exercise. I had normal Echocardiogram, and EKG.. but I did that 5 months ago. I want to point out, for some reason when I am with my family at home my heart-rate is also normal if I am just seating. And it was also normal when I visited my cousins and when I was in their house, again just sitting.

Recently I had to attend a science lab for my university, and even though I was sitting my heart-rate was consistently around 110-125.

\-My systolic blood pressure has been evaluated since this chronic condition.. at 130-140, but my diastolic pressure has remained 80.

\-Lately, my chest feels more pressure and stress, and I think its because I put alot of strain on my heart throughout the duration of this whole thing. I visited a cardiologist 5 months ago and he said my heart everything was good.

\-For the past few days, it feels if I breath in very deeply my heart hurts, but not really sure where the pain is coming from

\-My only blood abnormality is a very high B12 at more than double the upper limit, 1476 pmol/L. I have measured homocysteine just now, and it was in the normal range at 9 umol/L. Not really sure why my B12 is very high, as I am not taking supplements and am a vegetarian.

My hands (for nearly 8 months) have blue veins appearing on the finger. very similar to the hand in this photo (but on the finger as-well): [https://imgur.com/a/n5V1XjC](https://imgur.com/a/n5V1XjC) .

\- I had muscle twitching and tingling which happened alot through-out the day, it has since gone down, but the tingling and twitching still happen at times. I had a normal EMG.

\- Leg muscles have gotten much weaker according to my wall-sit time and squatting. Prior to 8 months I could easily do a wall sit for 3 minutes, now after 20 seconds my legs feel unbearably sore, and they are shaking like crazy right away when I start a wall sit.

NORMAL TESTS AND RESULTS (all this are from several months ago, except the blood results posted above, those are from today. ): Normal: TSH, Blood CBC, LDH, ESR, CRP, PROTEIN ELECTROPHORESIS, abdomen ultrasound , Echocardiogram, EMG test, urine analysis, EBV, bicarbonate, chloride, creatinine , AST/ ALT, Potassium.

ABNORMAL RESULTS: Very high Blood B12: 1475 pmol/L (range is 200-600 pmol/L). Slightly low Iron and Vitamin D. I do NOT take any B12 supps when it was measured high, and I am also a vegetarian.

To summarize: I feel I have some type of post-viral autoimmune disease which causes High B12, Tachycardia, anxiety, and high-normal Neutrophils and monocytes. But I really have no idea what it is, or if it is even an autoimmune disease, etc.

Thank you for taking the time to read and help me out. It is very much appreciated.",Anxiety,2,test,train,train_added,test_01675
train_added_val_confirm_01087,val_confirm_01087,"I felt better for the 10 years I didn't take meds. Now I'm just getting depressive episodes on meds Yes, I'm in a down right now. I can't focus, my motivation is terrible at home and at work, my energy is low, my memory is bad, I've been irritable to those that love me. Work is piling up and the house is starting to get messy. This is stressing me out. It's Sunday and I haven't got anything done yet.

I always think about the time between my big first episode and my 2nd one, when I was able to function perfectly fine without meds. I was happier. I didn't fall into deep depressions every few months. I didn't have mania or psychosis. Bipolar didn't really exist then. 

Is this just the price to pay for medication that will prevent a major psychosis or mania? If it is, I don't think I can keep it up.",Bipolar,3,val_confirm,train,train_added,val_confirm_01087
train_added_val_confirm_00929,val_confirm_00929,"anxiety around smelling bad it's been 3 days but i have been super paranoid about this.

my friend and i were hanging out and i don't remember how it was necessarily brought up but she said ""i know a girl who is very pretty but she doesn't shower"" and then asked ""do you think she knows"" after i told her idk it depends cause for some people they do and others they don't then she asked ""btw how often do you shower?""

i've beeb freaking out ever since then that she was throwing a hint that i don't stink but i have asked two people i trust that same day if i stink and they said no but what she said was too odd and random for it to not be a hint although she did ask me for a hug before leaving after the whole thing happened so maybe it wasn't about me?

i have always had anxiety surrounding this issue because growing up i couldn't afford  to shower everyday like i do now so i feel like she accidentally (?) triggered me i genuinely can't tell if she was throwing a hint or what",Anxiety,2,val_confirm,train,train_added,val_confirm_00929
train_added_test_01682,test_01682,At least this morning my burden has reduced @thank youðŸ¤² ya Allah remember life is walking not runningðŸ™ °,Normal,0,test,train,train_added,test_01682
train_added_test_02432,test_02432,STD Anxiety I got tested everything came back negative and I felt calm. I still worry that I have some disease that is dormant or that they missed it. I have no reason to believe the girl I had sex with has anything and I guess the thing I’m scared about is HIV and that he chance of it actually being HIV or anything else are super super low. I’m definitely a Hypochondriac and have had Health Anxiety for a long time and I managed it until for some stupid reason I went on google like 30 minutes after the fact and now I’m worried I’m spiraling. Does anyone have any input and or tips for helping me control this anxiety. Also I have had no symptoms for any STDs at all prior to or after the testing. So I’m like 95% sure this is all anxiety. ,Anxiety,2,test,train,train_added,test_02432
train_added_val_confirm_00090,val_confirm_00090,"me: (to my boyfriend) ""Lets get married"" him: Yeah, someday.

me: tomorrow?

him: sweetie, I love you... but you're manic.

&amp;#x200B;

&amp;#x200B;",Bipolar,3,val_confirm,train,train_added,val_confirm_00090
train_added_test_01101,test_01101,"I have had my parakeet named Bonnie for 5 years but a few months ago she got sick so I took her to the vet and they told me she had a cyst on her and to give her antibiotics, she had a visible bump on her where the cyst was and she was acting sick for around 6 or 7 months, I took her to the vet when she first started acting sick and they gave her antibiotics but yesterday I found her just sitting at the bottom of the cage in the dark in the middle of the night, once I came in the room she got back up on the perch and I was worried about her so I stayed up all night watching her and she kept going down to the bottom and looked like she was having a hard time staying up on the perch so in the morning I asked my mom to take her to the vet and she said we should move her to a smaller cage to fit in the car more easily, while my mom was moving her Bonnie kept yelling at her and then she died shortly after. I am very depressed now and I feel like it was my fault for having my mom move her. I miss her so much My parakeet died yesterday and now I am depressed",Depression,1,test,train,train_added,test_01101
train_added_val_confirm_00534,val_confirm_00534,I do not think the worst part of losing a friend is actually losing them. I think the worst part is seeing them so happy without you there. To see them all hanging out and having fun with no thought of you. Or when something funny or amazing happens and the people you used to tell it to no longer talk to you so you cannot turn to them. And the absolute worst part is when you realise that they never really invited you to out to begin with and you start to realise all the lies they told you about why you could not come. Seeing them all out together and you cannot really say anything or feel any type of way because that means that you are either too needy or have serious fomo. Worst part,Depression,1,val_confirm,train,train_added,val_confirm_00534
train_added_test_00677,test_00677,"Kidney infection anyone? (21M) Had some weird urinary symptoms. Left it longer than I should have. Health anxiety struck and I'd convinced myself it was a UTI that'd spread to the kidneys, and obviously death was imminent. Went to the walk-in and they said urine looked good (no UTI), but they'd do the STI tests. Whatever.

Now I'm convinced that they didn't look hard enough into the UTI and that it's already spread to the kidneys and gone septic. I started feeling sick and got a fever last night. Probably a cold or something cuz I was out in a big city all weekend but obviously it's all connected in my mind.

Taking everything in me to not go to the ER and wait to go to the non-emerg clinic tomorrow.",Anxiety,2,test,train,train_added,test_00677
train_added_val_confirm_00077,val_confirm_00077,How much do I have to disclose to a potential employer? The store I work at is closing down in a week. I had an interview today that went really well but I have to fill out a medical form through a 3rd party company. As part of the form I have to consent to this company contacting my GP (who obviously knows I have bipolar). I got to the question about if I'm being treated for any illnesses and have no idea what to say. I'm in Queensland if that helps. ,Bipolar,3,val_confirm,train,train_added,val_confirm_00077
train_added_val_search_00133,val_search_00133,i ve been pretty bloated the past few day happens a lot working on finding out the cause whenever i eat a meal my belly boost up and my heart rate sits at like 0 for around half an hour until thing start to deflate i m currently in the hospital for a completely unrelated surgical stay and it make my anxiety even worse because to the nurse it look worrying i think most of them have realized it s not an actual heart issue it happens so often and i ve had many ecg that were fine it doesn t help that having my pulse tested also cause my right to shoot up just hoping to hear i m not alone i guess haha,Depression,1,val_search,train,train_added,val_search_00133
train_added_val_search_00375,val_search_00375,"Am I only validated when things are worst case? I'm doing all the shit they tell you to do. Ask for help early, intervene, use skills, tell your care team what is going on...etc. The past few weeks have felt like shit but I've managed to avoid a major incident. I still had to take an ""incomplete"" in my coursework and will have to finish the module over the summer but I am not set back by a whole year like last time. So I guess you could say that things are working. But I feel like I'm not being taken seriously by my providers. I am telling them what is going on and how I am feeling but since I didn't have a major incident that ended in disaster I feel like they are telling me that I'm fine and not really listening. I feel like the only time people listen to what I'm saying is when I'm literally having a medical emergency. It is really invalidating and makes me feel like my problems are only valid if they're immediately life threatening. Anyone else? How do you keep taking care of yourself when everyone sees you as ""managing"" but you're actually barely scraping by?",Bipolar,3,val_search,train,train_added,val_search_00375
train_added_val_search_00064,val_search_00064,"I wasn't...until I was Hi everyone, first time poster here:
About a month ago I was diagnosed bipolar. (Doc didn't specify what type) Now I've heard this before but since the meds never worked, it couldn't have been true, right? Wrong. New doc insisted I keep changing drugs until I found one, and, I did. BAM! Smacked in the face with reality. Coinciding with some late bills and my husband seeing that I had maxed out a 5k credit card in 2yrs, frankly, it became the week from hell.

I've been depressed all my life and I've been on pristiq for years. My earliest memory is sobbing alone on the swing set at 3yrs old bc the Puff the Magic Dragon song just made me so sad. I never made the connection when my grandmother said my uncle's were manic depressive. My mother clearly is too and my mom would argue that my grandmother is a hypocondriact. Beyond that, my mother is a person who should have never had kids. I was up for adoption but she changed her mind last min. (Bad idea) My childhood was badly bizarre to say the least.

The above matters because I *never* wanted to be like my mother. Selfish. Reckless. Embarrassing. I made it my life mission to be kind, polite and ""together"", someone dependable. But I now realize that I too am a terrible, horrible person. I've been married 15yrs and he's no saint, but I don't know how my husband has put up with me?
- Sudden remodeling projects I'd do while he was at work.
- Minimalism now! or Collect all the things!
- Thinking I can suddenly learn new careers &amp; then land a job immediately.
- Suggesting I off myself bc I bought too much cereal at the store and that alone is gonna throw us in bankruptcy surely. 

So here I am. Having a bad week at work. Wondering if my anger at other people's actions is warranted or if they notice my moods. Not trusting anything I think. Wondering when the Lamictal will start working and wondering, at what point will it become too much?

Any guidance you can suggest, if you've felt like this, is most appreciated. I don't know who I am or what I'm doing now. I'm embarrassed of my past and current self.",Bipolar,3,val_search,train,train_added,val_search_00064
train_added_test_02215,test_02215,"Depression and cleaning You already know. 
How do you start. How bad is it for you.",Depression,1,test,train,train_added,test_02215
train_added_val_search_00084,val_search_00084,"Hello there,I feel genuinely stressed all the time and i cannot explain it properly as i am not comfortable about it but i cannot stop being triggered by the smallest things linked to my childhood (one of them being WWE as my biological father loves WWE) and i tried to explain it to someone close to me recently and they said these exact words ""it is funny how i have depression and now all of a sudden now you have it"" and it is really cut deep into my brain today. It just feels like whenever i open up to people i consider family and friends IRL, they just push me away and then because I feel like I am melting, I end up leaking my feelings and thoughts on social media where it gets screenshotted and used against me and like I really cannot handle this stuff anymore. I screwed up my one chance I had to go to university thanks to losing intrrest in my college course thanks to losing my great-grandfather and I just fell so hard and if I am honest with the exception of a few months in late 2019-early 2020, I have not really ever got over it.Another thing that has made me angry is that imy coping mechanism for severe depression (eating) has now became my because of it, it is fucking unfair and I am so fed up with it. I am 22 years old and feel like no matter what happens, i am always going to be unemployed, always going to be lonely and always going to be living with my mother and never actually do anything with myself. Feeling Depressed All The Time",Depression,1,val_search,train,train_added,val_search_00084
train_added_val_search_00389,val_search_00389,"I'm really nervous, why is it, I don't have much worship..",Anxiety,2,val_search,train,train_added,val_search_00389
train_added_test_00785,test_00785,YOSHI DOYOUNG APDET WITH?,Normal,0,test,train,train_added,test_00785
train_added_val_search_00262,val_search_00262,"so let me explain what happened today I had a fight with my mom and then out of nowhere she said ""if you killed yourself nobody would cry at your funeral"" I already made a post about my life but anyway after hearing that I went to the roof and I just started crying screaming and talking about the unfair treatment life has given to me, we are in a new city, so I have no friends, nothing, nobody to talk to, I really want to let hatred consume me or maybe it already did, I really do not know what to do I am lost",Depression,1,val_search,train,train_added,val_search_00262
train_added_test_00313,test_00313,"Manic Pixie Dream Girls? What are your views on the [Manic Pixie Dream Girl](https://en.wikipedia.org/wiki/Manic_Pixie_Dream_Girl) trope in movies? Especially the ladies on here?

While the characters aren't usually *explicitly* bipolar in films, and more along the lines of having borderline personality (as someone with BPD), I personally find them more cringe-inducing than relatable (Despite attracting the same kinds of guys. Ugh.) and I kind of hate the term. ",Bipolar,3,test,train,train_added,test_00313
train_added_test_01565,test_01565,"Missing Mania I've been missing my creativity a lot. I love to write, and before I went back on my meds it seemed like I was overflowing with ideas. Now I stare at my notebooks with no ideas coming to mind. I don't miss all the embarrassing behaviors, but I do miss being blissfully ignorant that I was making bad decisions. 

&amp;#x200B;

Thoughts?",Bipolar,3,test,train,train_added,test_01565
train_added_test_01974,test_01974,Or is it just me?? Like I am crying rn and its 5am. you all cry you all selves to sleep??,Depression,1,test,train,train_added,test_01974
train_added_val_search_00145,val_search_00145,"Should i ask to be evaluated for spd at my next pdoc appointment? I have an appointment on tuesday. I have reason to believe i have sensory processing disorder. is there any reason to bring it up? will i just be looked at as the annoying self diagnosing patient? I believe my sensory issues are a huge factor in my anxiety , especially in leaving the house and social situations. years ago i tried to tell people i thought i might have aspergers, but i just got laughed at my fam who sees me as a bit of a hypochondriac. maybe i am",Bipolar,3,val_search,train,train_added,val_search_00145
train_added_test_00821,test_00821,Sometimes I worry about the future...At least for now I am still given the opportunity to be grateful and increase charity.,Anxiety,2,test,train,train_added,test_00821
train_added_val_confirm_01003,val_confirm_01003,footballer open up about depression crossydailystar toxic waste i think we know who the toxic waste is here,Depression,1,val_confirm,train,train_added,val_confirm_01003
train_added_test_01371,test_01371,"Chiropractic adjustment on neck now scared of cervical artery dissection This will sound ridiculous and it is embarassing to even type but that is what we are all here for to get these issues out in the open and find people who can support us right so here it goes. I am a 27 y.o male and have been seeing my chiro for years because I would get headaches. He uses the drop table method and I have had my neck adjusted 100s of times before. Last week I went to my doctor for an unrelated visit and mentioned I was seeing a chiropractor. He responded right away ""dont let him touch your neck"" he told me that an older patient of his had had a stroke days after a neck adjustment because of a torn artery. Now I will mention that the chiropractor this patient had seen was using a different type of manipulation on the neck as opposed to the thompson (drop table) method. At my chiropractic appointment yesterday he did what he normally does and worked kn my back and neck. this time my neck was sore all night and I have not been able to sleep or focus on work or my kids because all I can think about is ""what if he tore something, what if I am going to have a stroke????"" seems silly right? Anyone who has health anxiety knows that these ludicrous thoughts seep into our mind and pollute our rationality and thinking. I have all but convinced myself I am going to have a stroke and die and leave my kids behind fatherless no matter how crazy I know it sounds. My neck hurts as of writing this but very mild discomfort perhaps a 2 out of 10. I would assume if you tore an artery you would feel it? Anyways I would love some responses maybe just to reassure me or if anybody has some insight on an issue like this they could share.

cheers",Anxiety,2,test,train,train_added,test_01371
train_added_val_confirm_00439,val_confirm_00439,"My Checkup Was A Success (Long Post) **The background story:** Since I was diagnosed over 10 years ago, I've needed continuous/ongoing treatment and consultation. Changing dosages, trying new medication, talking through the most current triggers, how to recognize, avoid, cope, and foster healthy decisions. Gone through 4 doctors... when I was able to get an appointment and afford the treatment. I've gone some years withdrawing, some entirely unmedicated, new medication, lower dose/higher dose, self medicating at times. Having bipolar is truly debilitating and scary. Emotional (Mood) symptom wise, last year was not as intense as I've experienced before. But last year was indeed the shittiest fucking year I have lived through in my entire life thus far. I won't list everything that was shitty. You guys know last year was horrible. My Mom almost dying before her liver transplant probably topped my list though. And my bipolar mania has decided to manifest entirely through my secondary symptoms of OCD. Chronic anxiety has taken over my usual depression and has crash landed directly on one main symptom. [Self Excoriation/dermatillomania/compulsive skin picking.](https://en.wikipedia.org/wiki/Excoriation_disorder) No exaggeration, I look like the picture in that Wikipedia link, just add breasts and some curves. I'm not looking for advice or guidance. I've been receiving the professional version steadily over a year and a half now. I just know that CSP is not common in this sub, is often not associated with bipolar, and is still considered co morbid along with symptoms of OCD.

**The point of my post.:** I saw my psychiatrist today. And he agreed that I have had very significant improvements since I last saw him. My episodes have been less frequent, less intense, and my depression has also eased up. My mania still keeps me awake throughout the week (I get 3-4 hrs sleep at a time around 4-7am.) and I literally sleep all weekend. But my job hasn't been suffering, I've made three trips from the west coast to Texas for some extremely intense circumstances, I've lost 30lbs, and reduced my ""skin picking"" from my legs and lower arms to just my upper arms, back, and face although my face has had dramatic improvements as well. 

**My checkup Achievement:** For the first time since I can remember, my doctor isn't changing my medication and has said that I don't need to schedule a follow up appointment at this time. I will continue to have a steady supply of my personal med cocktail without worrying about running out. I'm under no obligation to pay for, schedule, drive to, or stress about coordinating  my life around another psych appointment until I feel it's necessary.

**TLDR: Some years/some decades are worse than others. If you can't remember the last time you caught a break, don't give up. We all deserve peace and stability. Today was my day.**",Bipolar,3,val_confirm,train,train_added,val_confirm_00439
train_added_val_confirm_01018,val_confirm_01018,"What life stressors threw y’all into a recent episode? Mine in 2022 - bought a house in February/ same month husband got into motorcycle accident and broke his leg, had to handle the logistics of the move myself - while working part time. Moved into new house, son had a seizure shortly after. Decided to get a new job while husband attended physical therapy, then found out husband was switched to nights. I then switched my job again to accommodate his hours, didn’t see each other often and I wasn’t going to bed until 12 am when I got off work at 11:30pm. 

July-December I was out of my mind. Hospitalized at end of November.",Bipolar,3,val_confirm,train,train_added,val_confirm_01018
train_added_val_confirm_00254,val_confirm_00254,"32 female upper back pain and chest pressure Of course delete if this doesnt belong here. As title suggests I've been experiencing upper back pain (between the shoulder blades) and chest pressure with palpitations for about 8 days now. Some fatigue but no other symptoms. Went to ER on Friday, they did urine and blood samples and a chest xray. All clear. Sent me home with a prescription for Tecta and said it was acid reflux. It very well could be of course, but I've struggled with acid reflux a lot in the past and it doesn't feel like this and has never exhibited itself in the form of upper back pain.  Taking pain meds doesn't really relieve the pain and it lasts all day and is worse near the evenings/night. I found taking a hot bath and a massage from my husband can relieve symptoms temporarily (20 mins tops) but it always creeps back. I'm 32 female, 5'1 102lbs, eat relatively well but get little exercise. I am also a long time smoker. Obviously that last point is the most concerning. My GP is generally very dismissive and I don't feel she's going to be much help. Any information at all would be extremely appreciated.",Anxiety,2,val_confirm,train,train_added,val_confirm_00254
train_added_val_confirm_00519,val_confirm_00519,"Invitation to complete an anonymous online research survey regarding mental health treatment preferences Hello, You are invited to complete a survey for a WMU psychology department research project designed to assess treatment preferences among adults seeking treatment for a variety of concerns. We hope to learn if and how preferences for treatment change over time, and if patient’s perception of their treatment’s match to their preferences is related to the benefit received from treatment. The survey is open to anyone ages 18 or older who is currently engaged in mental health treatment for at least one month and four therapy sessions, and not longer than one year. If you choose to participate, you will be asked to provide some demographic/background information, respond to survey items about your preferences for treatment and how they have changed over time, and about your quality of life. The survey may take between 30-40 minutes to complete. Your responses to the survey items will be anonymous and kept confidential. Clicking the “SURVEY” link below will take you to a page asking you to read through a consent form explaining the purpose of this research, the content of the survey, the type of questions you will be asked, the amount of time it may take to complete the survey, and the risks and benefits of your participation. At the end of the form you can click “AGREE” to consent to the use of the answers you provide and to begin completing the survey. Thank you for your time and interest.

https://wmichcas.qualtrics.com/jfe/form/SV_afS6lEMGYYG0JjT

Project Title: Treatment preference, retention, and treatment outcome at a university-based outpatient psychology clinic Principle Investigator: Scott Gaynor, Ph.D. Student Investigator: Chelsea Sage-Germain If you have any questions prior to or during the study, you may contact Chelsea Sage-Germain, M.A. at Chelsea.e.sage@wmich.edu or (269) 387-4497 or Dr. Scott Gaynor at (269) 387-4482. You may also contact the Chair of Human Subjects Institutional Review Board at 269-387-8293 or the vice president for research at 269-387-8298 with any concerns that you have.",Bipolar,3,val_confirm,train,train_added,val_confirm_00519
train_added_test_01445,test_01445,chordsy why am i the last to find out about these thing like that you re on the twitter too,Normal,0,test,train,train_added,test_01445
train_added_val_confirm_01010,val_confirm_01010,"I wish I could date a therapist to receive free therapy. This is obviously a joke. Why are therapies so expensive? I acknowledge that therapists work hard to be qualified, but my insurance barely covers it. The relief I feel after every session is counteracted by the anxiety for the amount on the invoice.

I wish I could get the help I need without having to sacrifice half of my paycheck.",Bipolar,3,val_confirm,train,train_added,val_confirm_01010
train_added_val_search_00358,val_search_00358,"My wife is suffering from burnout and I think depression, she has went to her mums as she wants a complete break for a few weeks, we have 2 small dogs and they are my wife's world and she is not really bothered about seeing them or me because her empathy has been zapped. I love her so much and want to help, I am keeping my space but I am in the dark and so confused, the last week has been unbearable, I want this feeling to go away! My wife wants a break as she is suffering from burnout/depression",Depression,1,val_search,train,train_added,val_search_00358
train_added_val_search_00346,val_search_00346,"2019 resolutions With my extreme hypercodria / ha my goals are simple but hard . Note I'm in constant fesr of having s heartattack / stroke

- exercise again
- get out of breath while running and not panic
- less Er visits
- be able to travel without wondering where the closest hospital is or medical help
- be alone and not fear that no one is here to call me an ambulance
- go to more parties and get out more
- beat the shit outa anxiety",Anxiety,2,val_search,train,train_added,val_search_00346
train_added_test_00451,test_00451,"What is 50mg Seroquel good for? I had a really bad episode and the crash brought along with it severe anxiety and insomnia. My pdoc and I were in the process of adjusting my prescriptions to better handle the stress overload caused by my job. He added in 50mg Seroquel and low dose of Lexapro. My anxiety went away and I could sleep, yay! I'm hungry all the time, bloated, and my muscles get all twitchy and tense if I don't go to sleep within an hour-ish of my Seroquel dose. 

So, I hate Seroquel. What is 50mg really good for? As far as I understand that low of dose isn't therapeutic level for anything bipolar related. I'm also on Lithium and Lamactil.

*I can't take time off of work to see my pdoc for several weeks or more and I don't plan to change anything on my own. My job is also still slowly killing me so I'm hesitant to change anything right now too. Question is general curiosity.",Bipolar,3,test,train,train_added,test_00451
train_added_val_confirm_00801,val_confirm_00801,"Small Victory Saturday 3.2.2019 Back by unpopular demand /s!

&amp;#x200B;

This thread is dedicated to celebrating the little victories that other people might not appreciate and to remind ourselves that we truly are deserving of great love. Whether you made your bed or made a friend, this is the place to share!

&amp;#x200B;

I've missed you folks.",Bipolar,3,val_confirm,train,train_added,val_confirm_00801
train_added_val_confirm_00265,val_confirm_00265,What is this strange feeling that makes you short of breath,Normal,0,val_confirm,train,train_added,val_confirm_00265
train_added_val_confirm_00522,val_confirm_00522,we haven't been in a while.,Normal,0,val_confirm,train,train_added,val_confirm_00522
train_added_val_confirm_00294,val_confirm_00294,i'll just use the atm.,Normal,0,val_confirm,train,train_added,val_confirm_00294
train_added_test_02416,test_02416,"2+ years of relentless HIV anxiety - please read and KEEP CALM For the last couple of years, I have been utterly petrified of HIV. I'd say it has crossed my mind at least once an hour for the last 2 years and 4 months. Statistically, the chances of me having it were  alwaysridiculously small, and none of the science would support the hypothesis that I had contracted HIV.

But some brains work in funny ways. And mine is an example of a brain that immediately believes the worst possible outcome. And I'm sure there are many many many more out there who have wrapped themselves in a similar web of self-loathing and utter panic. The advent of Dr Google is good, but it can also do some terrible things for our mental health.

The solution the whole time was simple: test. Test and set yourself free. It's hugely important on so many levels to know your HIV status. For your own health, for your sexual partner's health. For the sake of the NHS. I am so glad I got tested. I can literally feel a part of my brain resuming activity. It feels strange not carrying around the fear I had been carrying before; it has literally given me a headache as my brain tries to decide how to reallocate this space.

I had ALL the symptoms. Absolutely text book seroconversion illness. Fever, sore throat, swollen glands, night sweats, stomach discomfort, everything. Doctor's presumed it was glandular fever, but tests never confirmed the presence of the EBV (which it should for glandular fever). Classic ARS. Of course, after a couple of weeks I was back on my feet again, and the doctor was quite content.Then about a year after this, I came out in a weird rash that wouldn't go away for like 2 weeks. Seemed like some sort of bacterial infection (to me). And it always got worse in the sun. OBVIOUSLY my immune system was compromised.

From the moment of my ""glandular fever"" my brain had convinced myself I was carrying HIV. But I wasn't brave enough to test. I was being cowardly. However, over the last few months I've been having some stomach issues, which are pretty non-specific, and the internet didn't really help me link it to HIV. The doctor did suggest a CBC test for me though, I think just to get an idea if anything was going on, blood-wise (obviously lol). I was told by the nurse who carried out the blood test that it was very much a case of ""no news is good news"".

Of course, having had the blood test on Monday, first thing on Tuesday I got a call from the doctor. My white blood cell count was low, and she wanted me to come in so she could feel my lymph nodes. AHHHHH! My brain went in to overdrive. I couldn't cope. This was it. My worst fears realised. Why me? Why me?!! That's exactly what HIV does - it attacks white blood cells. Nooooo!

I went in for the doctor's appointment, and she said all my lymph nodes were normally and no cause for concern.

She did then say, ""I would like to test you for HIV"". My world was crumbling inwards. I couldn't believe that this was happening to me, a very conservative, early twentys, heterosexual male. I looked at the statistics to such a deep level, that I knew that in my country of residence, there was only 32 males aged 15-24 who were HIV positive. That's essentially like 0% of the population. I was about to become a medical phenomenon.

The doctor eventually decided just to take the CBC again in 6 weeks time, and that we wouldn't test for HIV just yet (as I kind of freaked out when she suggested the HIV test). But the time was now - I needed to know. I would have no quality of life with this intense level of anxiety coursing through every fibre of my being, every second of the day. I had a second job interview for a pretty plush job that day, and I totally flunked it due to the unbearable mental tension I felt.

I did manage to summon the courage to order a HIV home test kit, which I had delivered to my family home, where I would have the test in the presence of my family so that I could receive immediate support from those closest to me when the test returned a positive result (and in my head, it was very much of WHEN not IF). I spoke to them on the day the doctor said about my low WBC, and they were all wonderfully supportive (did have to speak to my Mum about my sex-life though - not ideal).

So I went home yesterday, and I had the test. And, of course, it was a big fat NEGATIVE. Which it always has been. It was a crucifying 15 minutes waiting for the test to work, but during those 15 minutes, on a deep level I felt a sense of peace. The band aid had been ripped off, and life was going to move on.

HIV is the worst for health anxiety, as almost everything can be linked back to it. The anxiety can make your brain question everything - I was even questioning my ability to swallow at one point. But the chances are, going off the plethora of statistics out there, you don't have it, whoever you are who is out there searching for every piece of HIV research ever (which has been me for the last two years). But still, if the anxiety is as stressful and overbearing as what I was experiencing, you need to get tested. Now. Somehow. Make it happen.

I took the time to write this in the hope that someone who is currently going through a similar thing to what I went through, can find solace in it. You will be alright regardless. You are a good person. But you need to put your mind to rest. You need to have the test. 

'Thinking Fast and Slow' by Daniel Kahneman teaches a brilliant lesson in terms of this. Our brains are desperate to come up with a story that will justify our irrational way of thinking/catastrophising. But numbers matter. Statistics speak volumes. You are not special. You are overwhelmingly likely to be normal. You aren't the 1 in 100,000 shot. You are the 99,999 out of 100,000 shot. Our brains struggle to compute the true values of these numbers, but we must try. 

Peace!

",Anxiety,2,test,train,train_added,test_02416
train_added_val_confirm_00877,val_confirm_00877,When you miss a dose of your medications can you tell it that day or the next day? I guess the reason I ask is because it seems like every time I miss a dose of medications I have a terrible day. Or if I miss a night dose the next morning is really bad. Is this all just a coincidence or is my body sensitive to substances? &lt;3 Thanks!,Bipolar,3,val_confirm,train,train_added,val_confirm_00877
train_added_test_01948,test_01948,Could an Acute HIV rash start as one bump and spread up the lower arms? I had a rash on my lower arms 3 weeks after possible exposure with no other symptoms. It started with one itchy bump and then it sort of spread around my arms but it wasn't too bad. I went to the doctor and he told me it's allergic reaction from switching body washes frequently. It was there for about a month or so. This was about 6 months ago and I did not feel the need to get tested. It crosses my mind every now and then so I wanted feedback.,Anxiety,2,test,train,train_added,test_01948
train_added_test_00556,test_00556,feel like a cramp quite disconcerting,Normal,0,test,train,train_added,test_00556
train_added_test_02419,test_02419,i have trouble falling asleep i need something to regulate my sleep cycle back in the day i took zopiclone which wa good at putting me to sleep but early awakening were somewhat annoying i would like to hear the experience of people who have taken zopiclone and other z drug amp benzodiazepine how did they compare which do you like the most,Depression,1,test,train,train_added,test_02419
train_added_test_01016,test_01016,"My dog recently died and i feel way worse than before, i know i used to hate myself, but since he died, i feel like i fell down a spiral of pain, i really feel bad, i really want to kill myself but i also do not, i hate myself My dog died",Depression,1,test,train,train_added,test_01016
train_added_val_confirm_00729,val_confirm_00729,"Meditation during an episode Are any of y'all avid meditators / insightful individuals? And have any of y'all ever meditated during either a manic, hypomanic, depressed, or mixed episode and came to any realizations or epiphanies about your disorder? I'm curious if anyone has any deep and/or unique ideas, perceptions, or wisdom about bipolar disorder and/or mental illness in general.",Bipolar,3,val_confirm,train,train_added,val_confirm_00729
train_added_val_confirm_00706,val_confirm_00706,"Do you do cocaine to cope with the lows? My PDOC is much more afraid of me having a manic episode with psychosis, than he is about the lows of depression, so he never prescribed me any anti-depressants, even when I was on Olanzapine tired all the time, he would not give me any stimulant which eventually led to me being let go from my last job about a year ago. Today I got some bad news regarding other job opportunity on different continent I was looking forward to... feeling down, I've reached to my stash and had some white nose powder, how about you and a drug habit? Do you self medicate with illicit substances?",Bipolar,3,val_confirm,train,train_added,val_confirm_00706
train_added_test_01751,test_01751,Actually I'm worried. The original looks really scared. I've come to play/bite my nails :(,Anxiety,2,test,train,train_added,test_01751
train_added_val_confirm_00940,val_confirm_00940,"Topiramate/Topamax xpost I’m getting put on topiramate in the next week, can anyone please share their experience on it, regarding side effects, weight loss, effectiveness etc? X",Bipolar,3,val_confirm,train,train_added,val_confirm_00940
train_added_test_01860,test_01860,"Health anxiety following stomach flu, anyone else? I have moderate to severe health anxiety especially when I’m sick, then it’s pretty severe. 

About 6 days ago I came down with a stomach virus and was violently puking and had water like diarrhea (sorry if TMI). By day 3 I was no longer feeling the nausea or diarrhea, but have a general sense of being unwell/dehydrated/drained. 

I feel as though my anxiety is playing a big factor because I can’t stop thinking about it and feel like I’m drained and depleted, which isn’t normal cause my energy is usually very high. 

Is it normal for constant worrying to drain you and wear you out physically??? ",Anxiety,2,test,train,train_added,test_01860
train_added_val_confirm_00897,val_confirm_00897,"Hi guys, I am a researcher from the University of Canberra in Australia who is interested in investigating non-pharmaceutical treatments for depression.To do this I have developed a short questionnaire looking at the attitudes and knowledge of people seeking or receiving treatment for depression: [ you have a spare 10 minutes please consider completing my short survey. The results of this survey may help to inform future treatments for depression.Thank you for your time! Non-pharmaceutical treatments for depression",Depression,1,val_confirm,train,train_added,val_confirm_00897
train_added_test_01858,test_01858,Wait... How come it's already 1.7 million???,Normal,0,test,train,train_added,test_01858
train_added_val_confirm_00962,val_confirm_00962,"Overwhelmed, tried, struggling I was diagnosed with an other-specified anxiety disorder for about a year now and that sent me into a tailspin during my diagnosis. I was doing therapy consistently since then and felt like I had a handle on things but was triggered into another episode a month ago.

I just feel disconnected and kind of dead now. I've had on and off anxiety the whole month, it's affected my relationship, I'm exhausted all the time, struggling also with stomach issues and feel like I'm barely keeping my head above water. My partner has tried to be supportive but I can tell it wears him down. I can't see how I can keep doing this and feeling like this forever. I don't even know what I'm looking for from this post but I just wanted to write something out because I feel tired and sad and alone.",Anxiety,2,val_confirm,train,train_added,val_confirm_00962
train_added_val_confirm_00564,val_confirm_00564,"a little anxious, a lot afraid",Anxiety,2,val_confirm,train,train_added,val_confirm_00564
train_added_val_search_00226,val_search_00226,Anxiety swallowing pills I have terrible anxiety whenever I have to swallow a pill even if it's small because when I was younger I would always get the pill stuck in my throat. I found out I can trick my anxiety by putting the pill in a small spoon of pudding. I hope to one day be able to swallow pills normally buy for now I've found a good stepping block. I wanted to share just in case anyone else has this issue!,Anxiety,2,val_search,train,train_added,val_search_00226
train_added_test_01055,test_01055,"I’m having bad anxiety about HIV and it’s cause me to be super depressed, even though I keep telling myself I shouldn’t worry. So this is kind of a rant because I’m sitting in my car outside work, trying to find the strength to go in...this anxiety has just been CONSUMING me for the last two weeks and I feel like it’s at its worst today.

I’m not sure why I’m so worried about it, but for the last two weeks I’ve been SUPER worried about having HIV. Two weeks ago I found a cyst behind my ear and went to the doctors thinking it was a swollen lymph node. He told me it was a cyst and sent me home with a cream, it’s basically gone by now.

But I’m still convinced I have HIV. I know the best solution is to get tested, but I work so much that I won’t be able to make that happen until next week.

I’ve had allergies and eczema my entire life, so while the seasons are changing here, they’ve been going crazy. Now I have a swollen lymph node in my neck.

I’ve never had any of the symptoms of HIV (flu like symptoms lasting weeks, a rash, vomiting &amp; diarrhea, etc.) But something in my brain is just TELLING me I have it. 

I’m a gay man and for the last few years I’ve been really safe with sex. My main fear is two people I slept with back in 2013. One of those guys was tested in 2017 (when I was seeing him again) and he came back clean. Ive slept with a total of one other person in the last two years because we were dating for the majority of it and he was clean as well. But I am still convincing myself I have it. I’m not sure if this anxiety could cause my lymph node in my neck to swell (because it’s swollen) But this is only fueling my anxiety.

I’m freaking out and more depressed than I’ve been in years. Would I have seen genuine symptoms by now if I had contracted it?",Anxiety,2,test,train,train_added,test_01055
train_added_val_confirm_00205,val_confirm_00205,"yeah, it sounds like it's going to be the best party of the year.",Normal,0,val_confirm,train,train_added,val_confirm_00205
train_added_test_01699,test_01699,"For 3 years comfortable with this condition, anxiously wondering if a few days later everything will change? I don't know, another crisis of confidence",Anxiety,2,test,train,train_added,test_01699
train_added_test_01009,test_01009,"find yourself completely, be yourself completely, until finally you can say, ""I swear, yes, I love myself so much!""..be proud because you have youuuuu.",Normal,0,test,train,train_added,test_01009
train_added_test_01887,test_01887,"Is it possible to be put back on a med and have a completely different reaction to it, even if not much time has passed? I was put on Zyprexa earlier this year and it showed promise, but it really messed with my blood sugar so I talked my doc into taking me off of it and going back on Latuda. The Latuda wasn't working as well ( I made sure to take it with enough calories, so that wasn't the issue), so my doctor put me back on the Zyprexa and we're going to work with my primary care doctor to manage my sugars more aggressively. I started the Zyprexa Friday and since then I've been just miserable. Is this a known thing that happens? Does anyone have any experience with Zyprexa?

To be clear, I'm not looking for advice on medications to try, or dosing, or anything other than personal experiences.  I'm just wondering if anyone has had med switches change up their effects like this, and/or if they're had Zyprexa cause major negative mood shifts.

Thanks.",Bipolar,3,test,train,train_added,test_01887
train_added_val_confirm_01059,val_confirm_01059,@Raiha Glad to hear you're making the switch. You will not be disappointed,Normal,0,val_confirm,train,train_added,val_confirm_01059
train_added_val_search_00281,val_search_00281,"Medication Shame Today,  a colleague was talking about how 'lithium, the thing used in batteries and other stuff' was also being used to medicate people with 'mental problems'. That those people would end up with scrambled brains. At first,  I was incredibly embarrassed and upset. However,  I decided that I needed to say something (I'm reasonably close with the other colleagues present,  although they don't know about my BP,  they know I've had depression etc). I told this individual that I take lithium and I suffered from depression and Ocd as a teenager. He asked me if I was worried about taking 'something they use in batteries' and I explained that there are many chemicals that are broadly used and that taking lithium helps me to be the best version of myself. Everyone was kind of awkward and I told them that it wasn't something to worry about and that mental health issues need to be discussed openly. The colleague later came and apologized incase they had offended me. 


My point is: don't feel ashamed because you are taking your medication. Be proud because you are working your ass off.",Bipolar,3,val_search,train,train_added,val_search_00281
train_added_val_confirm_00735,val_confirm_00735,"During this pandemic, we are required to invest in longing. Mmm, do we need to make a Certificate of Inability to go to the village so that the longing will be over? ..Oh, it's not that easy, Fergusso.",Normal,0,val_confirm,train,train_added,val_confirm_00735
train_added_val_confirm_00537,val_confirm_00537,"I do not know what to say honestly.I am trying to stay away from weed. I have struggled with substance abuse in the past. I am so glad I am not doing hard drugs like I used to. But I am still having a hard time falling asleep at night... so now I am just drinking hard liquor. I know it is not a good alternative to weed but I do not know what to do. I lost my grandma last week, someone who i could rely on and that helped me thprugh tough times. Idk life just feels so messed up at the moment. Idk maybe I just want to express my feelings but life can feel so lonely sometimes. I have therapy but I feel like it does not help me at all. it is just that I feel so alone at night which really sucks. And I feel really guilty about drinking my pain away. Life just sucks. I really wish life could give me a moment of peace sometimes but it feels like life always tries to make my life as miserable as it can be. I hope your day is going better than mine. Have a good one guys I guess I am fucked",Depression,1,val_confirm,train,train_added,val_confirm_00537
train_added_val_confirm_00786,val_confirm_00786,"Question about coming off mirtazapene I am coming off mirtazapene (which I can’t spell). I was on 30mg and went down to 15mg. I am now taking 15mg every other day. 

Is taking 15mg every other day the same as taking 7.5mg a day? Would I be better to cut my pills in half and take 7.5mg a day? 

I plan to stay on this dose for a few more weeks then stop taking any.",Anxiety,2,val_confirm,train,train_added,val_confirm_00786
train_added_test_00631,test_00631,Don't check today's trending subreddits I did and my own morbid curiosity wound up setting off my health anxiety. Save yourself the trouble and steer clear.,Anxiety,2,test,train,train_added,test_00631
train_added_val_confirm_00671,val_confirm_00671,I'll be off for a while,Normal,0,val_confirm,train,train_added,val_confirm_00671
train_added_val_confirm_00445,val_confirm_00445,"Bipolar people with bipolar family members, do you guys seem to “sync up” phases with said family members? It seems like my brother, Dad, and I do

I’m trying to test it by popping in at my parents’ house when I just started a manic period of just left one to compare / contrast to my dad

My brother lives near me (same university), so our sync could be weather or “the time of the semester” or whatnot ",Bipolar,3,val_confirm,train,train_added,val_confirm_00445
train_added_val_search_00380,val_search_00380,"Constant Post Nasal Drip Hey do any of you guys suffer from this? I seem to have a constant irritated throat from this and it's driving me mad... Because it doesn't seem to be going away I'm thinking it might be something more serious. 

Also seem to have a bit of acid reflux with this too, not sure if it's connected...",Anxiety,2,val_search,train,train_added,val_search_00380
train_added_val_confirm_00317,val_confirm_00317,"There is so much quackery surrounding anxiety treatments. Outside of prescription drugs, what has worked for you? I see a lot of sites pointing to Vitamin B Complex helping, but at the pharmacy there is an entire row full of ""we don't need FDA approval because we know it doesn't do anything anyway"" type of pills.

So, what have you found actually worked for you?",Anxiety,2,val_confirm,train,train_added,val_confirm_00317
train_added_val_confirm_00600,val_confirm_00600,"Head noise, intrusive thoughts, obsessive thinking Anybody else feel like their brain is bombarding them constantly? It’s 3 major things for me:

1. Music in my head. All the time, non-stop. Sometimes it’s a real song, sometimes it’s a song I made up in my head. Sometimes it’s a song I like, sometimes it’s super annoying (even my own songs). 

2. Intrusive thoughts. Could be anything from violent and disturbing images to something super benign. I have a bag of Mamma Chia brand chia seeds, every time I see I think “mamma chia, mamma chia figaro.”

3. Obsessive thinking. I’ll become interested in a subject to the point where I can’t stop thinking about it. I’ll try to focus on something else, but I creeps back in and I wind up reading the same Wikipedia article 100 times instead of doing what I’m supposed to be doing.

Just wanted to see if anyone can relate to this.",Bipolar,3,val_confirm,train,train_added,val_confirm_00600
train_added_val_confirm_00058,val_confirm_00058,"Not sure what this is. I have these kind of ""episodes"" where my mind suddenly brings up dark memories and emotions. I'm overwhelmed by them and my mind interprets my surroundings based on the feelings and memories I'm experiencing. I'm aware of my surroundings and I don't zone out but the thoughts become overwhelming and I can't get them out of my head. It's not a flashback. I don't know what it is.",Bipolar,3,val_confirm,train,train_added,val_confirm_00058
train_added_val_confirm_00598,val_confirm_00598,Good stretches for upper/middle back and chest pain? I tend to get a lot if pain in my lower left ribs and a kind of sharp pain in the centre of my back I know when your young stretching (I'm not very physically active generally which I working on.) I know it's nothing to do with my heart but I know almost nothing about good stretching and exercise techniques. Trying to keep my anxiety down about pains. But I don't want to overdo it and make it worse if it's postural pain/muscle strain or something.,Anxiety,2,val_confirm,train,train_added,val_confirm_00598
train_added_test_01169,test_01169,"Ironically, this does not make me feel any more loved. It makes me feel manipulated and happy that the people who want me alive the most regret holding on the most, making us considering them ""selfish"" for only wanting to stay in our lives to fulfill their own desires. Please let me know if anyone else can relate so I do not feel crazy for thinking this. ""Killing yourself does not end your pain. It passes it onto someone else.""",Depression,1,test,train,train_added,test_01169
train_added_test_01936,test_01936,"Good foods to ease back into eating after a few days of diarrhoea and some vomiting. I haven’t eaten in over two days after having bad  diarrhoea and some vomiting, everything I eat comes back out.

I was wondering what good foods are to reconstruct good, healthy eating habits. ",Anxiety,2,test,train,train_added,test_01936
train_added_test_02352,test_02352,"I don't know what to do I was doing well four months ago,  then one single moment changed everything where my heart started racing, mouth went dry and I completely shut down. That moment lead me to leave my job. Since then I've been a mess, I'm constantly worried and anxious. I have an interview for a job on Thursday but as much as I want to get back into something, i can't stop panicking about it and I fear I'm going to back off.

I've tried different techniques to try help but nothing seems to work.",Anxiety,2,test,train,train_added,test_02352
train_added_val_confirm_00106,val_confirm_00106,Lithium Have any of you gone through lithium withdrawal just from lowering the dose of the pill I started to get some withdrawal symptoms but not as extreme as when I last went off lithium,Bipolar,3,val_confirm,train,train_added,val_confirm_00106
train_added_test_01457,test_01457,"How do you folks reach to vitamin D supplements? I've been trying high dose vitamin D supplements &gt;5000iu on some days, and have been noticing  fatigue and exercise intolerance on those days that i dose this. And relatively much calmer than usual.

Just wondering if its a bipolar thing, and you guys notice the same?",Bipolar,3,test,train,train_added,test_01457
train_added_test_00824,test_00824,"@aylush firstly, thank you secondly, is the kite runner historically off?",Normal,0,test,train,train_added,test_00824
train_added_val_confirm_00618,val_confirm_00618,"Depression sucks, I think we have all established that at this point. I want a hobby. There are so many things on my life that I get mildly interested in. I spend weeks dwelling on how to begin a hobby before eventually losing interest on even starting ot convincing myself that I am not going to do good at it so why bother. Or, if I am lucky, I try it, and enjoy it (looking at you crochet) and then lose interest in two days. I want to learn Spanish and now would be the perfect time to learn it. Where I work we have a lot of Spanish speaking customers, and a lot of my coworkers speak Spanish. I could get a lot of practice, and there is no better time to learn it than now. Except my brain is so stupid. I feel so stupid, I cannot remember anything, or focus on anything for any amount of time. Not only that, but I am also terrified of saying something stupid, or looking like an idiot. To be fair to myself it takes years to learn a language, but I have such a thin skin right now. Yesterday I went for a walk around my neighborhood. It was actually the first time I walked around it in a long time. Nearing the end of it I got whacked in the face by a bee, jumped, swatted it. Right in front another person. I felt ridiculous, like I was swatting at nothing like a crazy person. Trying to save I face I remarked that ""I hate bees"" with an awkward laugh. She awkwardly chucked and walked away. Instead of being proud of myself for going for a walk alone I spend that rest of the day feeling like a dumbass. I do not hate bees at all, bees are lovely little pollinaters who help the planet, but now this women on my neighborhood might see me again and think that I am the crazy chick who hates bees.I want to backpack Europe one day. And I keep thinking that I am never going to do it. I am worried about it being another regret in my life. I could have done it but never did. Just another causulty of my depression.I want to go on more hikes. I want a friend to do it with. I love walking but I do not like going on walks by myself. I am still nervous about it, and honestly it is better having someone there with you. I do not want to talk the entire time, but it would be nice to have company while strolling along and listening to music.Speaking of music. I have so many albums on backlog that I have not listened to yet. I want to listen to them, but I like listening to new albums the whole way through on the first go. So I save them until I am ""ready"" and ""have enough time to thoroughly enjoy them"", but that never happens even though a majority of my time is spend in my room doing nothing. I have not learned to drive yet. I have tried and I am scared. I feel like my anxiety is going to because me to over react and because an accident. it would be great to drive, then maybe I could go out and do things. But the thing is that not driving should not be holding me back this much. I do not need to drive where I live. Sure, it would make life easier, but there are plenty of busses or Ubers and even trains that I could take into the city if I wanted. But I do not. I go to work, I do some schoolwork, then I sleep and maybe I will eat if I am lucky while convincing myself that maybe next week things will change.My last semester of college is going be this fall and I feel like my entire world is crumbling because I do not know what I am going to do when it ends.I am overwhelmed, and I am bitter and irritable and angry and judgemental all of the time. And I am sick of this shit. I already regret my life, and I feel like in five years from now instead looking at younger me and saying ""everything will get better"" I will just be as resentful as I am right now. I want a hobby among other things.",Depression,1,val_confirm,train,train_added,val_confirm_00618
train_added_val_confirm_00963,val_confirm_00963,that's pretty old.,Normal,0,val_confirm,train,train_added,val_confirm_00963
train_added_val_confirm_00185,val_confirm_00185,in recent week i ve been starting to learn how to live with my anxiety to the point where i very minimally get anxiety anymore anxiety itself happens a couple time a week still but it s nothing i can t handle today i had an amazing day with friend and of course we drank a lot to the point where i wa very drunk at the end which is okay bc i drink more than average i m 9 anyway it wa an unforgettable day and i went to sleep drunk af boom i wake up with the biggest anxiety attack i ve had in month out of nowhere you all understand anxiety attack so hopefully you get it when i say that i wa totally convinced my body woke me up because i wa dying in my sleep or that a heart attack wa nearing now i m calming down on the couch at 0 am watching the office when i just want to sleep what i just want to get off my chest is that i hate that this stupid disorder follows me around in every aspect of my life it s just really depressing there s nothing i can do to make it stop ever it s just depressing that it s always there around the corner waiting for me i wa so proud of myself for learning how to deal with anxiety but now this shit happened to me and i just feel tired about it i honestly wouldn t wish this on my worst enemy i wouldn t wish it on anyone if i had to choose between infinite money or not having to live with anxiety ever again i d choose the latter every fucking time sorry but i just had to vent about this im just tired,Depression,1,val_confirm,train,train_added,val_confirm_00185
train_added_test_00429,test_00429,What to tell? I recently got a new therapist after seeing someone else for 2ish years. Do I tell the new therapist about past drug problems or leave that out? I’m honestly just not sure how switching therapists works. ,Bipolar,3,test,train,train_added,test_00429
train_added_val_confirm_00206,val_confirm_00206,What is galing,Normal,0,val_confirm,train,train_added,val_confirm_00206
train_added_val_confirm_00578,val_confirm_00578,"I recently experienced an episode of severe depression with psychotic features. I was wondering if anyone could share their experiences of the condition and what your recovery has been like? I was wondering are large gaps in memory normal? I remember the start of my depression which developed incredibly quickly and resulted in constant/severe agitation, from that I remember some of the psychosis including delusions, thought disorder and possibly voices and have been told I would talk to myself. Alongside this I just remember feeling really confused all the time. Fortunately I had an excellent support which kept me at home and I was started commenced on mirtazapine. If been prescribed this by my gp who are unaware of the severity of my illness, due to phone consultations I said the bare minimum to get medication. Although my memory is poor I remember the medication kind of straightening things out for me, my psychotic symptoms reduced gradually and I could remember some of the things I was thinking and gradually my mood has improved to near Normal 12 weeks from starting meds. I guess it was quite a scary experience and I am just looking for other people's experiences including their recovery. Thank you Psychotic depression.",Depression,1,val_confirm,train,train_added,val_confirm_00578
train_added_val_confirm_00443,val_confirm_00443,"Should I tell my professor I’m sick and miss lab? So this is related to bipolar medication, I’m on 500mg ER quetiapine, I take it every night, however, I had to pull an all nighter for class so I misses the dose last night. However, I get symptoms if I don’t take the quetiapine at the same time each night, so I had to take it in the morning because I started getting symptoms. Basically I don’t think I can even get to class right now because I’m so out of it, normally I sleep after taking it so I forgot how crazy the side effects can be especially because I haven’t have food in awhile. So , do I go to lab in this zombie state, or tell my professor I’m sick and miss lab, while probably inconveniencing everyone who have helped me lots this semester and been very accommodating.im worried too bc it would mess up my lab schedule, and my report is due in a week . But i dont think i can go out an d function right now",Bipolar,3,val_confirm,train,train_added,val_confirm_00443
train_added_val_confirm_00570,val_confirm_00570,"Antipsychs and binge eating?? Seroquel and now Abilify, which I take before bedtime. Is this just me or does everyone get intense munchies from these types of meds? Does anything help to decrease the urge to eat a billion chips and crackers at night once they start kicking in? I would like to not have to choose between being stable or wearing only spandex and capes from now on. ",Bipolar,3,val_confirm,train,train_added,val_confirm_00570
train_added_test_00209,test_00209,"Essay about living with a mental illness Deborah Danner was killed by police in New York City. She was a woman living with Schizophrenia. She was intelligent and insightful. Although she did not have bi-polar disorder, I think this essay about living with mental illness is appropriate for this subreddit. 

https://www.nytimes.com/interactive/2016/10/19/nyregion/document-Living-With-Schizophrenia-by-Deborah-Danner.html",Bipolar,3,test,train,train_added,test_00209
train_added_val_confirm_01031,val_confirm_01031,"It's officially affecting my every day life The anxiety meds aren't responding. I got finished with an eye doctor appointment who told me my eyes were fine (the initial cause of this), got one night of rest (after 3 weeks of anxious manic hell) and it started up the next day. It moved from my eyes to other health concerns. It just never stops. I've talked to my therapist but I don't know when I'll see my psychiatrist next. I'm losing sleep. I'm barely hanging in there. I'm being a good girl and staying away from google but still continuously performing body checks every few hours and obsessing over random sensations and tingles on my body. 

Sleeping is the worst. I can't at all. I toss and turn. Wake up from panic attacks. Have vivid nightmares. It's just all gone to hell after years of building up and I don't know what to do. I've attempted grounding, meditation, nature sounds, reassuring myself, etc etc. It builds back up.

I'm not sure where to go next or what to do. Maybe more doctor appointments, if it even helps anymore. Sometimes I think they're lying to me. Sometimes my brain tells me they either missed something or just aren't trained enough. I'm just crying right now because I feel so defeated. My brain has collapsed into itself and I can't escape it anymore.",Anxiety,2,val_confirm,train,train_added,val_confirm_01031
train_added_val_confirm_00276,val_confirm_00276,"Anxiety continues every month, especially when you're out of the house",Anxiety,2,val_confirm,train,train_added,val_confirm_00276
train_added_val_search_00160,val_search_00160,Having a hard time today I have tenderness below my sternum that has been freaking me out. I also have a sore throat and feel like I’m coming down with something. My husband is throwing up and I think my almost-two year old is getting sick as well. I’m obsessing over the sternum thing (what kind of cancer is it?) and now I have flu and pneumonia fears. I wish I could go back to how I once was.,Anxiety,2,val_search,train,train_added,val_search_00160
train_added_val_confirm_00261,val_confirm_00261,"insecure, afraid, anxious, doubtful, disappointed.",Anxiety,2,val_confirm,train,train_added,val_confirm_00261
train_added_val_confirm_00990,val_confirm_00990,"Did you ever have that one panic attack that changed your life? I had one before and it absolutely changed my life. I developed health anxiety and so much more. I just want to know if this happened to anyone else? and if it did, what happened that day and after?",Anxiety,2,val_confirm,train,train_added,val_confirm_00990
train_added_test_02404,test_02404,"Freaking out,cant live like this! Please help me someone I am a 21 year old from India and I grew up in a terrible household my parent's used to fight daily, the house was extremely dirty and full of dust while I am extremely allergic to dust, I used to cry myself to sleep everyday since I was fur till I was about 14 in 2011 I went into deep deep depression and didn't step out from my house till 2013 and then In April 2014 I started hearing this extremely loud noise in my left ear whenever I would swallow but because I was extremely depressed I didn't go to the doctor to get it treated and now it has been 5 years since it started and I have heard this loud screecy noise everytime I have swallowed In the last 5 years,in Feb this year I realized that my life matters and I should do something about it so I went to an ent he gave me some nasal spray and meds didn't see any difference went to another one and that doc said that everyone hears a sound when we swallow so just get used to it, now I am having some vitamin d tablets and some anti allergic tablets and the screchy noise sometimes gets quieten but now I have this anxiety about not remembering how it used to feel to swallow without this screechy noise cause I have forgotten it in the past five years and any and every noise in my ears during swallowing irritates me and I see no cure for it and am thinking of suicide,sometimes I think what had I done to someone to have deserved so much pain in 21 years of life!  ",Anxiety,2,test,train,train_added,test_02404
train_added_test_00924,test_00924,i think that it's going to rain.,Normal,0,test,train,train_added,test_00924
train_added_test_00857,test_00857,"igi boyeahhh for a while, I haven't taken a shower on fb yet",Normal,0,test,train,train_added,test_00857
train_added_val_confirm_00183,val_confirm_00183,I can’t believe I’m like this forever I can’t believe this is real and this is me. I am bipolar and I’ve always know but it’s just crazy to have it reiterated to you. I am going to have to be like this forever. On meds forever. In therapy forever. It’s so fucking over whelming. Knowing none of my relationships will ever be stable fucking hurts,Bipolar,3,val_confirm,train,train_added,val_confirm_00183
train_added_val_search_00378,val_search_00378,"Rabies Anxiety - Long Term Incubation I'm not sure how many of you are familiar with rabies as the subject of your health anxiety, but one of the worrisome things about it is that there have been documented cases where the incubation period after exposure to the virus has been years and years, as high as 25 years in one case (although the evidence for it is not definite). A few other examples of long incubation periods include 4 - 6 years, and around 15.  

My fear here is that despite not having rabies yet, I am incubating this terrifying virus and will ultimately die from encephalitis and insanity, which is the outcome of all rabies diagnoses. 

11 years and 8 months ago I handled two baby raccoons over a period of days my aunt found in her yard after her dog killed the mother. We kept them for probably 3 days, and I would imagine my aunt had them for 2 or 3 days as well, before we gave them to a local animal hospital which gave them to a local wildlife rehabilitation center before release. After dropping them off with the clinic we never heard anything else from them. My father confirmed with me yesterday that he left his contact information. I called them yesterday and they don't have documentation about it that far back, but the woman on the phone was not exactly reassuring because apparently a local, unlicensed person was doing the rehabilitation back then. Still, it's someone who would have had the animals in their care for a period of time that would have seen anything to indicate rabies.

I don't recall the animals behaving strangely, but that doesn't say much. I also don't recall being scratched to show blood (maybe some white-marking from their little claws, but no deep contact) and if they did get saliva on me, I don't imagine it was on an open wound. My aunt, father, two neighborhood friends have not gotten rabies. We never heard anything back from the animal hospital. The only report of raccoon rabies is from 2003, before this happened in 2006. In that county in 2006 there was only one documented case of raccoon rabies in the wild (not humans). For the length of time we had the animals, we would have seen some sort of odd behavior. 

And it's been almost 12 years. What are the chances I'm a case study for long term rabies incubation?

",Anxiety,2,val_search,train,train_added,val_search_00378
train_added_val_confirm_00931,val_confirm_00931,"I'm confused, I'm not feeling good lately. Every time I want to sleep, I always feel restless",Anxiety,2,val_confirm,train,train_added,val_confirm_00931
train_added_test_02041,test_02041,"Come on, let's be grateful, keep working hard 'Š",Normal,0,test,train,train_added,test_02041
train_added_test_00314,test_00314,"A lot of us like to self reflect on the past. Back when things were going great. When we had friends we cared for and the motivation to pursue knowledge. Back when the world made sense, because we viewed it with a different set of eyes. Unfortunately, all good things come to an end, and at this point in life we realize that things are not what they seem. All this effort goes towards nothing of meaning. Our systems are causing distress, our currency is killing people and dividing nations, while simultaneously providing rich people with a bunch of excessive waste of resources. Everything we are told to desire is unrealistic or unnecessary. At this point, happiness has a price, and that price is to turn your face away from everything unpleasant, ignoring the truth. Blindly following corporate orders just to go home with a paycheck. This is no way to live.We had the potential to be great. A lot of us used to be intelligent, empathic and happy people. We all had our reasons for giving up, but the point is that we were able to live amazing lives, and i believe that a lot of us are able to do it again. A lot of the people on this sub are young. The competitive nature of the academic world puts great pressure on us young people. This is not a good thing, but the fact that some of us are not fully developed means that there is hope. Our bodies and brains sometimes behave in weird unpredictable ways, and the truth is that we do not know a lot about it, even if it might seem like the opposite. At some point, our chemical balance could be restored. we will also learn as time passes, just like any other person, making us better at tackling the tough times. This means that we could get our lives back, although perhaps in an altered way to make up for the damage. I believe that the psyche surpasses everything else in terms of importance. An unhappy human is barely a human at all. It makes us rotten, and the negativity is contagious. it is a tough and unfair battle, so please, listen to yourself before anyone else. If you need a day, a week or even a year to become yourself again, please take the time to do so. Life is short, but we do not what it to become even shorter because of the constant despair.Finally, let us all remember those who did not make it. These people fought hard against nature and time, but despite their great efforts, life was simply too much. let us not grief about what has happened. let us instead remember that all of these people were so intelligent, loving and caring that the world could not keep up. Instead, it trapped them in a dark hole and gave them tunnel vision.Keep fighting, stay strong, and do not let nature dictate.No one can promise that it ever gets better. It might even get worse, but you never know what life has in store for you. let us all appreciate the good days that was, and the good days to come.",Depression,1,test,train,train_added,test_00314
train_added_test_00772,test_00772,"In the past, if you knew there were people who didn't like me, you would immediately be worried, sad, find out why someone didn't like you.",Anxiety,2,test,train,train_added,test_00772
train_added_val_confirm_00853,val_confirm_00853,gnah inner tube exploded got ta get a taxi to work or be late,Normal,0,val_confirm,train,train_added,val_confirm_00853
train_added_test_01278,test_01278,"Weekly Goal Setting: Sunday 6th Jan - Saturday 12th Jan A few years ago, the weekly goals threads helped me stick to a better lifestyle. The idea is that on Sundays you post a list of tasks or habits you want to work on during the week, then the following Saturday we review how we got on. It always helped me stay accountable and it was motivating to see other people progress.

Is there anything you want to work on? 

You can list everything from showering daily to studying for exams. ",Bipolar,3,test,train,train_added,test_01278
train_added_val_confirm_00268,val_confirm_00268,"How do I come down? I’ve been hypomanic for the past month though I assume I’ve crossed into mania now. I wake up after sleeping a few hours and immediately feel like I’ve drank 6 shots of espresso, to the point where I’m just immediately shaky and jittery. It doesn’t even feel like a new day anymore it’s just a continuation of the day before. I’m drunk or high any minute that I’m not at work. Last night I became very paranoid that my phone was being hacked and that the cops were gonna randomly break down my door and arrest me for no reason. I have a bunch of tests coming up at school and I cannot sit down and focus on them because I feel so jittery and then smoke weed to “calm down” and then I can’t focus even more. I have the worsssttt racing thoughts from the very second I wake up and it’s almost like my brain is narrating everything I do. My friends are all applauding me for being so busy and productive and “not having a mental breakdown” but they don’t realize that me being productive is the mental breakdown. And I’m here really suffering. It’s been a fun month but I’m starting to get scared. How do you know if you’re experiencing psychosis? ",Bipolar,3,val_confirm,train,train_added,val_confirm_00268
train_added_val_confirm_00427,val_confirm_00427,I am the kind of person that craves touch and that is pretty much all it takes to keep me happy but why is it so hard just to find someone out there who wants to cuddle with you and spend time holding your hand and you try your best every single day just to find that one person who wants to be with you and touch you but everything you do seems to just push those people away you try to be nice but there is always someone out there who is nicer you try to look your best but someone out there looks better someone says your personality is amazing but they leave you afterwards right now I am feeling like I am not good enough because everything I do seems to never be enough to keep someone there just so I can feel the touch of someone else ( to a lot of people out there this is probably going to sound like nonsense but I hope someone out there understands) How can craving something as simple as touch be so hard to fulfill,Depression,1,val_confirm,train,train_added,val_confirm_00427
train_added_test_01432,test_01432,"Antibiotic cocktail and side effects Disgusting me has a bacterial infection in the stomach and I'll have to take 15 pills every day of antibiotics to get rid of it. Normally I won't take a look at the side effects because I know I will go insane about them, but after my mother saw the prescription she said I should consider another form of antibiotic treatment that only has 70% success rate (compared to 95%) but less side effects. SO I looked up the side effects and its worse than anything I've ever taken. It's nausea and diarrhea and vomiting in over 10% of cases and a condition with black burnt skin and multiple organ failure with unknown probability. As I'm already vegetarian and you're not allowed to eat dairy products I have to go vegan for a week and I'm not allowed to go outside in the sun cause the medication will cause my skin to burn in the sun.

I can't find the side effects for the other therapy but I also I want to be done with the whole thing if I survive the ten days.  I'll probably take the pills but I will properly go crazy and miserable too.",Anxiety,2,test,train,train_added,test_01432
train_added_val_confirm_01080,val_confirm_01080,Why do racers after the race immediately wear a hat??,Normal,0,val_confirm,train,train_added,val_confirm_01080
train_added_test_00064,test_00064,why cannot i just. do things right lmfao I am so unhappy,Depression,1,test,train,train_added,test_00064
train_added_val_confirm_01055,val_confirm_01055,jyp patas pa' rriba,Normal,0,val_confirm,train,train_added,val_confirm_01055
train_added_val_search_00224,val_search_00224,michellepen immensely started playing with new site a i didn t want to mess up easter one paranoid moi,Normal,0,val_search,train,train_added,val_search_00224
train_added_val_search_00057,val_search_00057,How do you stop being stupid?,Normal,0,val_search,train,train_added,val_search_00057
train_added_val_confirm_00120,val_confirm_00120,Antibiotics anxiety I have a pretty nasty sinus infection causing fluid in my ear and it’s causing vertigo. I have pretty bad anxiety/ panic attacks and ocd. They prescribed me amoxicillin and I’m terrified to take it because of the potential psychological effects. Can anyone that have had them weigh in and tell me they’re not that bad? I don’t know. I want to feel better but i can’t handle more anxiety than what I already deal with (unmedicated.) Just hoping for some guidance here,Anxiety,2,val_confirm,train,train_added,val_confirm_00120
train_added_test_01775,test_01775,"I have no motivation for anything. I do not want to do anything but lay in bed and scroll on my phone. I do not eat properly or take care of myself. I have things I should be doing like cooking, cleaning, exercising, etc but laying in bed doing nothing is much more appealing to me. I get its okay to do this every once in awhile but I feel like I am in this rut where its happening everyday. No motivation",Depression,1,test,train,train_added,test_01775
train_added_test_01750,test_01750,"Yesterday bought cieling spotlights for 200 EUR, today they have 15% off. It hurts! I feel very sad!",Depression,1,test,train,train_added,test_01750
train_added_test_00301,test_00301,Why do you feel traumatized and lazy to be in that moment and be in that place â excessive anxiety,Anxiety,2,test,train,train_added,test_00301
train_added_val_confirm_00744,val_confirm_00744,baseball is fun.,Normal,0,val_confirm,train,train_added,val_confirm_00744
train_added_test_02254,test_02254,"Recently diagnosed with 2, not sure what this means I've kind of known I was bipolar (or had some underlying issue) since my mother was bipolar and I tend to have reactions like her. But I don't really know the difference between one and two or what bipolar really is. 

I was always diagnosed with anxiety and depression but I thought that I had depersonalization along with it and it was just not an issue to the psychiatrist.

I guess my questions are, what is bipolar disorder? Does this include depersonalization? Does this mean that emotions are all over the place and sporadic?

I am currently on Lamotrigine and Zoloft, any good experiences with that? Hoping it takes affect soon since I've been really manic and depressed at the same time.",Bipolar,3,test,train,train_added,test_02254
train_added_test_01839,test_01839,"Here we go again; My therapist said I was hypomanic yesterday I don't know why she says this, as I've been feeling stable as ever lately. I am having some sleep troubles, yes, but I'm not feeling sped up or anything. I suppose I have been engaging in some reckless spending and ""grandiose goal-directed behavior"" but that's about it. 

I mean, it's possible, but I'm not getting the buzzing I usually do when I'm hypo. Is it possible to be hypomanic and not be aware of it? I usually am which is the strange thing. ",Bipolar,3,test,train,train_added,test_01839
train_added_val_confirm_01095,val_confirm_01095,if i die then ill suffer in hell probably and if i live I am going to do something with my life i would like to kill myself as a leap of faith,Depression,1,val_confirm,train,train_added,val_confirm_01095
train_added_test_02236,test_02236,Hey guys! Do you relate to this? I would be doing okay then all of a sudden anxiety would just flood and my body was go crazy with adrenaline and brain releasing all chemicals. Then all of a sudden everything stops. Feels like my brain just seizes and stops releasing adrenaline and other chemicals and just goes idle. I feel stuck with a blocked brain that wouldn't get sleepy wouldn't get scared wouldn't do anything. Literally just blocked. It's a weird blank head feeling that would last for days until it gradually feels back to normal again and I would panic for some reason and the brain would go idle again. I don't know how to explain this. Hopefully someone cam relate.,Anxiety,2,test,train,train_added,test_02236
train_added_test_00199,test_00199,i have severe cardiophobia due to two traumatic week of my life i suffer from hyperthyroidism which cause intense palpitation and very high rhr the first bout happened back in 0 and my rhr wa in the 0 0 got put on an anti thyroid med a beta blocker metoprolol er mg and potassium helped out tremendously and i ll be honest wa never anxious until this second round in july august of 0 9 i made the stupid as mistake of stopping all of my medication because i wa feeling good again well wouldn t ya know it come february 0 0 my thyroid went hyperactive again and the difference is this time i have crippling anxiety a well a crippling cardiophobia it got to the point that i went to my cardiologist had a panic attack and during the ekg my pulse wa 0 so now i m on metoprolol er mg x a day and my thyroid ha improved at least since the last time my level got checked so now i m on mg of methimazole instead of the mg i wa on the first round of treatment fast forward to now and all i have to say is the last couple day a well a today ha been quite the day so far i m currently at my girlfriend s house and wanted to go home since yesterday i wa too lightheaded to drive and it would ve been a horrible decision to risk it well we re getting ready to leave and a soon a i stand up the ol kicker decides to kick it into high gear and my pulse went from the 0 90 which i know is quite high but wa already a bit anxious beforehand and decided i needed to be up in the 0 0 for the fuck of it needle to say i feel the comedown of all the anxiety and man doe it suck hoping i get to be back home today so i can have the peace of mind that i won t have to leave to go anywhere for a bit p s my girlfriend and i live minute apart i would ve for sure chanced driving if we lived closer but that s a long as time in a car when you feel like you re just gon na drop at any given moment,Depression,1,test,train,train_added,test_00199
train_added_val_search_00047,val_search_00047,"Lamictal and Long term Eye Damage Is anyone else terrified of the possible long term eye damage from taking Lamictal? Everywhere I search it says that permanent damage is unknown. Lamictal has made me have bad photosensitivity and an eye that sometimes turns inward.
Has anyone been advised to stop taking Lamictal due to being on it for an extended period of time, especially due to the risks of permanent eye problems?
It makes me upset that this maybe a possibility and that I will have to go through the hardships of finding something else that works in the near future.",Bipolar,3,val_search,train,train_added,val_search_00047
train_added_test_02015,test_02015,"Am I Going Crazy? So, I’m a healthy 27 year old American woman (today is my birthday) and the last few months have been almost unbearable and I can’t seem to get a grip on anything. For reference, it all started last November when I started having pain in my upper left abdomen that wouldn’t seem to go away. I’m currently living in Spain, which is where I’m currently living and working. My doctor said that I had acid reflux and told me to what I ate. Pain persisted, lots of mucus coming out, constipation, tons of gas. Decided to take a probiotic and managed to get my symptoms to disappear for a month while on winter break. Then in January, the pain came back. My stools were hard and dark, and the pain was consistent. Had an ultrasound and was told that I had tons of gas in my colon so they couldn’t see clearly, but my other organs looked good. But then, my coworker suddenly began having blood in her stool too and many intestine issues. Turns out that she had worms. I decided to check my stool, found something that looked like a worm, went to the emergency room, tool mebendazol to get rid of the worms (This also made sense because I lived in Asia for 2 years before Spain and had just recently moved).
Just after my first dose of mebendazole, I started to have a weird feeling in my lungs. Felt like I couldn’t breathe in all the way, but that was it. Anyway, in addition to that, I began to have sinus pressure, a mild sore throat, and drainage. 
I took my second dose of the worm medicine, had a stool sample that came back clear of everything (no blood), and even a chest X-ray that was clear. I’ve been secretly worried that I have colon cancer since a friend of mine suddenly died at age 25 from it. She had no symptoms and went to the doctor with a persistent cough and ended up having stage 4. Since my lung issues flared up, I’ve been so worried that I have some cancer that has metastasized and went to my lungs. I haven’t been able to completely shake this cold yet and it’s been over 3 or 4 weeks. I still wake up and spit up yellowish colored spit. Lungs feel a bit off. To make matters worse, I’m still having stomach problems after being cleared of the worms and my doctor says that I probably have IBS. Then, last night, I began having heart palpitations and rushed to the emergency room. My EKG was normal and my blood test was normal. She said I have pvcs and need to relax. Honestly, I just feel like I’m shutting down and I haven’t felt healthy in a long time. I can’t seem to shake this chest cold, my digestive problems are still there, have some reflux too, and now pvcs. I feel like I’m a mess... just spent the morning of my 27th birthday in the emergency room getting the tests on my heart. Can anyone relate?",Anxiety,2,test,train,train_added,test_02015
train_added_val_search_00341,val_search_00341,"I tried being optimistic today. I told myself that today was going to be a good day. 3:24 pmsitting on my bathroom floor, crying, and drinking good ole pink whitney. *sigh*..*Typical Sunday afternoon* Hopelessness",Depression,1,val_search,train,train_added,val_search_00341
train_added_test_01233,test_01233,i really don t know how to put it into word but i ve been working on my anxiety for the past few year and over time my anxiety attack become le frequent but like today there are some day where my dream are filled with everything that give me anxiety work life issue etc then i wake up with chill having an anxiety attack i feel so strong for even working on my anxiety by myself in the first place but the time i have em dream i just want to give up and be shut out because of how much it throw my headspace off,Depression,1,test,train,train_added,test_01233
train_added_val_search_00327,val_search_00327,"Humans plan, finances determine",Normal,0,val_search,train,train_added,val_search_00327
train_added_val_search_00322,val_search_00322,"I am so scared I feel so anxious, scared, alone, broken. I feel gross and ugly and unwanted. I feel like I have no one to talk to. I'm so sad",Anxiety,2,val_search,train,train_added,val_search_00322
train_added_test_01048,test_01048,"I feel like an idiot for posting here but here goes: Brain tumor/cancer worries I feel like a dummy, but I've definitely suffered from health anxiety in the past(pregnancy scares with my ex, lymphoma scares, diabetes scares, etc) so I'm hoping this is just another case of me being a hypochondriac.

For the past 2 weeks or so I've had this strange feeling in my head. I can't really call it a headache, its more of a ""pressure"" that can be felt throughout my head and sometimes more on the top. I wouldn't say its painful, just a really annoying feeling. I also feel somewhat of a ""pressure"" type feeling in my ears from time to time, with associated tinnitus. I've had minor hearing loss/tinnitus before this headache started, but obviously Dr. Google has indicated to me that this could be a tumor. I saw my doctor about it last week and he said that its more likely a tension headache, but that if the symptoms continued and I was still worried he'd order a head CT for me ( have a physical exam scheduled in a few days). I have no other symptoms or problems, and I'm a pretty damn healthy/active 23 year old.

I guess i dont know what I'm asking for here, maybe just words of support from other people who have experienced something similar? The anxiety over this is killing me, and there is no real reason for me to be so stressed. Am I being stupid or are my concerns legitimate? Unfortunately I'm having trouble trusting my PCP...the lymphoma scare I mentioned earlier was the result of me feeling a lump in my neck which he diagnosed as a cyst (turns out it was actually an enlarged lymph node after an ultrasound was done)",Anxiety,2,test,train,train_added,test_01048
train_added_val_search_00370,val_search_00370,mixed emotions - disclaimer: doctor has been weaning me off my citalopram I had an rough start to daylight savings but seemingly stable. today i had my doctors appointment and my hair appointment which were both positive experiences and from then on i was go go go. hard to sit still. i eventually drove 1.5hr to my parents house and my mom mentioned that i seem kind of borderline manic - i trust her when it comes to bipolar and something clicked that she was right. so of course on my drive home i’m having this realization. i was angry and irritated and i’m nervous so i texted my doctor incase. Any kind words are appreciated 🥺🥺,Bipolar,3,val_search,train,train_added,val_search_00370
train_added_test_01028,test_01028,so whether it is my phone or a phone from some youtube video it doe not matter whenever i hear a phone ring that ha that weird vibration sound or when alarm clock vibrates it really get me feeling uneasy to the point that it bother me very very much do any of you know what it may be,Depression,1,test,train,train_added,test_01028
train_added_test_00881,test_00881,"Anyone else have trouble consistently taking their meds? Just last year, while in jail actually, after coming down from a manic episode and then spiraling further into the latter, I was finally confronted again with my type 1 bipolar diagnosis. I was lit back on my meds, (depakote ER, trazadone, gabapentin and prasosin) and stayed on them until being transferred to a rehab facility (as a result of trauma, undiagnosed/misdiagnosed bipolar I developed a really shitty and extreme addiction issues) where they were ""hostilic"" and took me off my meds. One manic episode in and they made a exception for that rule quickly....lol. after that, and making a ""timeline"" of my relapses, and it being made clear as day that taking my meds, for me, is a matter of life and death because of my addiction, I stayed on them, and stable for a few months. I had a slip where I stopped taking my meds, went manic after a week, relapsed, but was able to catch myself before everything went to shit...but again a few months later the same thing happened, I wasn't so lucky, and have been stuck in another relapse for a few months and self medicating.
I now find myself very aware I need my meds. J talked to my therapist today who essentially told me that I need to accept my diagnosis, and that I need to take my meds if I want to succeed, based on all the past times I've tried anything otherwise. I've had intentions of calling my psych doctor, I plan to, but I'll pick up the phone and put it down. Or procrastinate it. When manic I'll say that it will keep me from fulfilling my purpose or ""take away"" my ability to ""feel fully"" and ""see the future"". I KNOW I need to. I plan on calling first thing tomorrow for the first possible appointment. I want to get better. But I won't stop fucking myself over.

Does anyone else have this issue? Or can relate? I'm just now starting to realize I'm not crazy, or alone, and it's in fact my bipolar that's effecting my life like this. And I would appreciate anyone who has similar issue's input on this. 

This is my first post here.. sorry for the wall of text and I hope it meets all the community guidelines. Thank you for reading if you've gotten this far.",Bipolar,3,test,train,train_added,test_00881
train_added_test_01012,test_01012,"Hi, what's up Hi, doctors haven't told me yet a diagnosis, because maybe this is temporary, but they told me it could be bipolar. I don't believe in mental illness, they are all symptoms of trauma and discrimination, or whatever intoxication of delusional feelings that other brought into our minds, we got fed up with them and developed an unhealthy mind and behaviour because we got stuck in them. 

I think the wish to have power or isolating ourselves from others, to be distinguished is something I noticed about me. On the other hand, we can't deny we are more sensible and perceptive. 

But it is key to allways search for balance. But we can question this, also, because why can't we have a society in which we encounter many surprises? Maybe it would be chaotic.",Bipolar,3,test,train,train_added,test_01012
train_added_val_confirm_00336,val_confirm_00336,nightmare related to my bipolar disorder I have been extremely manic the past week or so and a few nights ago I experienced a nightmare that really irked me. I get weird dreams and nightmares quite a lot but this one was extremely unsettling. It started off with me walking down a street in the city I live in and I could see something up ahead so I started walking towards it. When I got close enough I saw a person with a bag over their head being held in handcuffs by two men and was wearing a nightgown of some sort with “BIPOLAR” written across it. They were knocking door to door telling people to stay away from people with bipolar disorder and that they’re freaks. I started running down the street and I passed two children in a window sewing dolls (not sure what that was about but pretty creepy) and after that I woke up. Overall it was a horrifying dream and I would like to know if anyone else with bipolar disorder has had a nightmare similar to that. ,Bipolar,3,val_confirm,train,train_added,val_confirm_00336
train_added_val_confirm_00822,val_confirm_00822,"Nothing's working I've been getting therapy for a few months, have been on 3 different antidepressants that haven't worked so far, and I'm still getting worse. I'm doing everything that should help and nothing's happening. What am I even supposed to do at this point? I'm losing hope rapidly and don't see any way out.",Depression,1,val_confirm,train,train_added,val_confirm_00822
train_added_test_00102,test_00102,omg house what did i ever do to you,Normal,0,test,train,train_added,test_00102
train_added_val_confirm_00180,val_confirm_00180,time for some warsaw beer garden chilling,Normal,0,val_confirm,train,train_added,val_confirm_00180
train_added_test_00459,test_00459,hey guy something that ha really helped me in my mental health journey is to find friend to connect with if anyone want to talk so that we can check in with each other and just have an online buddy let me know it s really great to talk to someone we re in this together,Depression,1,test,train,train_added,test_00459
train_added_val_confirm_00968,val_confirm_00968,we are able to fly space ships and control satellites out into earths orbit.Figure out how to do quantum physics and create computers.Understand the atomic level and the large planetary bodies.But we do not know how to fix mental illness?People still suicide to this day So You Are Telling Me,Depression,1,val_confirm,train,train_added,val_confirm_00968
train_added_val_confirm_00203,val_confirm_00203,"New to sub Do people push the med agenda here as on other BP subs?

Cuz that shit sucks. ",Bipolar,3,val_confirm,train,train_added,val_confirm_00203
train_added_val_search_00395,val_search_00395,"If I had water poisoning would I be able to type this? Drank more water than I usually do in a small time frame, and now I've been having anxiety all night. I don't seem to have any cramps, headaches, nor do I feel intoxicated. But for some reason my hypochondria has me feeling destined and doomed that this is it :'(",Anxiety,2,val_search,train,train_added,val_search_00395
train_added_val_confirm_00468,val_confirm_00468,"i could not find any in the house so i called my mom and she said she ""had to"" hide itnext week I will probably have to ask for water because i might drink to much so to poison myself apparently i cannot even take an aspirin now",Depression,1,val_confirm,train,train_added,val_confirm_00468
train_added_test_00822,test_00822,"Yeayy, I've found a cafe to celebrate my birthday later. But later",Normal,0,test,train,train_added,test_00822
train_added_test_01218,test_01218,Hurry bruh!,Normal,0,test,train,train_added,test_01218
train_added_test_00577,test_00577,"Does anyone know which SSRI is best for Anxiety and OCD? I have tried Prozac and while it does help a lot with my stabilizing my mood, I find it doesn't help much with anxiety. Can anyone share or recommend a good SSRI for anxiety and ocd, and if you also can share how well it has worked for you. Thank you",Anxiety,2,test,train,train_added,test_00577
train_added_val_search_00070,val_search_00070,JYP RIPEO SI O NO?,Normal,0,val_search,train,train_added,val_search_00070
train_added_val_confirm_00798,val_confirm_00798,"I want to kill myself over the smallest inconveniences. My boyfriend ignored/didn't hear me &amp; had the nerve to ask ""are you sure you didn't fall asleep"". There is *nothing* in the world I hate more than whenever people make stupid comments like that, obviously I'd know if I fell asleep. With that being said, that set me off to which I started throwing things and hung up on my boyfriend. I'm refusing to talk to him because this rage inside does not need to be directed at him. Idk where to post this or turn to. I'm very angry right now and just want to take my own life. ",Bipolar,3,val_confirm,train,train_added,val_confirm_00798
train_added_val_confirm_00279,val_confirm_00279,"It’s either side effects from my meds or leukemia... I am a cancer survivor, it will be four years since my initial diagnosis in a few weeks. I know the chemo I received is known to cause leukemia, and around New Years I started to have non-specific symptoms, abdominal pain that feels like when the cancer first spread to my lymph nodes, difficultly breathing, my joints ache significantly more than normal, my pulse races (120 at the moment, I’m laying in bed), and now I feel like I have a fever, get chilled easily (normally I can’t stop sweating), and it has felt like I do the night before I wake up sick for three months, and the strangest one, I randomly start bleeding, it’s happened 3 times, and when it stops there is no wound or scab, it’s as if it just comes through my skin. I saw my general practitioner a month ago, he basically said it’s all caused by my weight, I am heavy but not so much so that it could cause all of these problems. There is a possibility it is caused by my med though, I started a new antidepressant in October and it was upped in late November, all of these except the bleeding are on the list of side effects, albeit in the 0.1-1% incidence range. I see my psychiatrist Friday, and my oncologist next week, I hope I just have to change antidepressants again, it’s tearing me up waiting.

TL:DR I might have leukemia or my problems could be caused by a med, the wait is killing me",Anxiety,2,val_confirm,train,train_added,val_confirm_00279
train_added_val_confirm_00644,val_confirm_00644,"Overcoming physical sensations Hey guys, how do some of you work through physical sensations such as light headiness, shortness of breath, heart palpitations, racing heartbeat  etc... please list the sensations you feel and how you overcome them. Thanks!",Anxiety,2,val_confirm,train,train_added,val_confirm_00644
train_added_test_02025,test_02025,"Bout of Bad Anxiety - Should I consider Therapy. Over the last 2 weeks my (30M) Anxiety had gotten worse to the point of finding it difficult to sleep, no appetite, tight chest, can't focus on work and upset stomach. My doctor proscribed me some very low dose xanax for 10 days and also some other anxiety meds that take around 2 weeks to start working. I'm hesitant to take any of it though, I don't want to feel dependent on meds and then when i stop taking them, the anxiety comes back.

My long term girlfriend and I broke up earlier in 2022, but we would sometimes keep in touch and see each occasionally. We went to college together, but didnt date in college, so alot of her friends are my friends also. She moved 6 hrs away for a job before we broke up and that was part of why we broke up, along with other things. It was easy being with her from the friends aspect but deep down inside there were some things that really bothered me about our relationship. We always tried to make it work but it just didn't. She ended things with me, but we are on good terms.

She recently told me that she is seeing someone, and ever since then it has bothered the hell out of me and have had all this anxiety since. Its making me think did I make the right decision in pretty much agreeing to break up, to the point we spoke on the phone and she said, sorry but it's over between us.

I have gotten anxiety bouts before but its always about job deadlines or things that once over the anxiety goes away. This is different, I know my relationship with her in a romantic way is over, and the severity of this anxiety is much worse than anything I have felt. before.

Should i consider going to therapy or will just pass in due time? Thought...",Anxiety,2,test,train,train_added,test_02025
train_added_test_00862,test_00862,"Why can’t I feel anymore? I don’t feel love and affection from others anymore. Before, I could talk to girls I was interested in and enjoy it. Now I feel nothing but boredom and apathy when it comes to romance. I dont get it. Makes me think ill be alone 4eva.",Depression,1,test,train,train_added,test_00862
train_added_test_00258,test_00258,Latuda isn't helping I'm on 120mg of Latuda and I feel like it's taken away the sparkly mania but now I'm bouncing between depressed as fuck and almost content. Is content what happy is on medication? Because it's literally breaking my heart.,Bipolar,3,test,train,train_added,test_00258
train_added_test_01737,test_01737,"Could I be bipolar? For years I've been dealing with what feels like cycles of depression. I'll descend into a deep depression over the course of 2-3 weeks and then immediately feel great (but not manic) for a few days before the cycle starts again. In the past year the depressions have gotten worse to the point of me attempting suicide twice and self-harming frequently. 

I now see a therapist and psychiatrist and they've put me on lamictal, wellbutrin, and abilify. I've tried several meds and lamictal has by far been the most helpful in keeping me emotionally stable, without significant side effects.

My psychiatrist has diagnosed me as having major depressive disorder. He claims I'm not bipolar because I haven't experienced any manic episodes, but I don't feel like MDD fully describes my symptoms.

Could I be bipolar, or do I just have recurrent depression with mood swings?",Bipolar,3,test,train,train_added,test_01737
train_added_val_confirm_00794,val_confirm_00794,How come you're hungry at this hour?,Normal,0,val_confirm,train,train_added,val_confirm_00794
train_added_val_search_00300,val_search_00300,"I forgot what real problems were lol. I forget I am depressed so often.anyways, I have not brushed my teeth in a while and my dentist was a real dick about it and now I want to cry. he even judged my personal life choices like wtf I want guages what is wrong with that. I have gingivitis lol I want to kill myself I am a failure. I know this is not a huge deal but my body cannot handle stress at all. I have been inside my own head for months and now I am terrified all over again. I am scared of this body. my first reaction is to kill myself. I want to die again. this makes me suicidal, when I am normally suicidal over cartoons and nothing.I am fucking broken and worthless ahah. I lied to my mom. I am a fucking coward and a loser. hah.I am going to break down nowI know there is no good excuse for not brushing your teeth. but I am depressed. even on a good day. I do not know maybe that is nothing haha. I really want to kill my body. I have had hardly any stress today and I am already ready to curl up and die. let me die I KNOW ITS NOT AN EXCUSE BUT JESUS I am FALLING APART",Depression,1,val_search,train,train_added,val_search_00300
train_added_test_01452,test_01452,"I think its best if I reenlist Right now I am contemplating on re-enlisting. Thinking about telling the truth about everything that happened to me. School is not working for me and I cant get a job. I believe the VA abandonned me when I applied to see a career counselor twice. If anyone else thought the same and have done, how did it go? I want to know because Im ready to work out and join again. Please I need help, no one wants a veteran apparently. ",Bipolar,3,test,train,train_added,test_01452
train_added_test_01247,test_01247,"My emotions, or lack of, scare me. Over the past couple of months I have noticed that I just seem to care less and less. Literally anything could happen to me or around me and I do not know why but nothing seems to make me feel normal emotions. Two events made me super aware of my new emotional numbness. A couple months ago I got into a bad accident with my mother and she was freaking out and crying and I just sat there. I was not scared, or sad, or in shock. I was sitting in a wrecked car ready to continue the trip and move on to the next destination. Then the other time was when my dad was mad at me for something and he yelled at me and told me how disappointed he was and I again just sat there staring at him. Even after he left I just sat there then continued on with what I was doing. I feel like maybe I might be going crazy because of how numb I am sometimes. But at the same time I like being numb because I do not like having to feel. I struggle to have emotions sometimes (a little rant)",Depression,1,test,train,train_added,test_01247
train_added_test_01025,test_01025,"Can't think of a suitable name for this post  

I have been blessed with the ability to freak myself right the F\*$&amp; out whenever i think about a host of different topics... anxiety. Now most of these topics ive been able to find categories for, and address in that way, by learning about those things, bettering my understanding of them, and really evaluating exactly what it is that im afraid of. For example, i am a hypochondriac, i have lived with health anxiety for as long as i can remember, but its very easy to find out what health anxiety is, you can easily find other peoples experiences, common coping mechanisms, potential causes for this anxiety, etc. This is the case with almost anything i find myself consistently anxious about.

Now,

One of the darkest corners in my mind that i try to stay out of as much as possible, is one that i cant get a lot of information on, and because of this, i don't know how to move forward in addressing this.

This anxiety / fear is triggered by thoughts of existence, reality, the thought of consciousness... trying to wrap my mind around what it is that I'm experiencing just by being alive in the first place. A good example thought of this would be this:

Whether you are reading this on a computer or phone or tablet... stop and take a second to think about what is between your eyes reading this, and the screen Infront of you, now i don't mean the air, pollen, dust, particles etc. that occupies that space, but the f#$%ing space itself. How? why is that there? what is that occupying? how did it get there?

I experience symptoms of derealization / depersonalization disorder that I've observed are closely related to my thoughts like this, Hell I believed when I was 17 until 20 I was falling into psychosis due to my relentless obsessing over the unanswerable. Its not even one specific mind-F#$\* that does this to me, it's the combination of all of them that represent what we call ""reality"" or ""existence"" that i cant tune out, and the more i try to research these things in my life, the more questions that are left unanswered. i can barely hold conversations with people because of how often i just go blank, returning to being consumed with mulling these things over, IN THE MIDDLE OF CONVERSATIONS.

I feel like most people are able to just curb these thoughts as ""unimportant"" or just set them aside because there's no way to answer things like that at the moment. Boy do i wish i could do just that. Thoughts like this are 25/8 on my mind, I mean I DREAM about inexplicable things that could never be answered, and i wake up, open my eyes and wonder what is this plane of existence that I'm experiencing? how do i retain my persona, my memories, my trains of thought, all of my experiences after so many years? How do i face any interaction, any experience, any leaf that lands Infront of me on a walk without my mind jumping to the probability of these things happening? And then wondering how I'm even able to question that in the first place?

This has not been a mid-life crisis, rather it has been a whole-life drain. I have never been afraid of the 18 wheeler next to me on the freeway, yet i have always been afraid of the inevitable heat death of the universe. Why am I like this?",Anxiety,2,test,train,train_added,test_01025
train_added_val_search_00036,val_search_00036,berries aren't in season all year round.,Normal,0,val_search,train,train_added,val_search_00036
train_added_test_01899,test_01899,"Dr. Ravishankar Polisetty | Top Ayurvedic Doctor in India ## [Dr. Ravishankar Polisetty | Top Ayurvedic Doctor in India](http://drravishankarpolisetty.com/)

**Dr. Ravishankar Polisetty** is one of the **Top Ayurvedic Doctor in India****.** A Cardiovascular Surgeon cum NaturopathDr. Ravishankar Polisetty developed many advanced methodologies through an integrative approach to manage diseases like IHD, arthritis, allergies, asthma, calculi in various organs and some forms of cancer.

For appointment  
Visit our website:- [http://drravishankarpolisetty.com/](http://drravishankarpolisetty.com/)",Anxiety,2,test,train,train_added,test_01899
train_added_val_search_00379,val_search_00379,"I used to be extremely hypersexual, but it was frustrating because I was not getting any. Citalopram massively reduced by libido and made it impossible to orgasm, but I did not mind this change at first. At one point I was taking 40mg, which is the highest allowable dose.After tapering off, my sexual function never fully returned and I kind of miss it. it is been over a year now. I was on the drugs for a few years.Prior to antidepressants, even at the age of 27, I would get random erections. I would sometimes get so aroused I would HAVE to masturbate or I would be agitated and could not think about anything else. Not to get too graphic, but I used to get a lot of pre-cum, and when I ejaculated I would squirt quite far, often over my head, and it would be A LOT of volume. It was easy to reach orgasm, and when I did they were intense.Now, the end of my dick is dry and lacks sensitivity. it is really hard to reach orgasm and I am significantly less aroused in the first place. I miss the thrill of trying not to cum prematurely. Now I cannot cum without vigorous stimulation and it does not even feel good. Did your libido never fully recover after quitting antidepressants?",Depression,1,val_search,train,train_added,val_search_00379
train_added_test_01525,test_01525,"Can having a concussion cause severe GAD? Preface:
23 y.o. male at time of accident

NYE 2012. I smoked a blunt for the first time, and (the equivalent of) overdosed. Legs felt weak, had to sit down.

I smoked it in at the bottom of my road, so I sat down on a neighbour so outside wall (roughly 4ft high). Next thing I knew I woke up on the pavement looking up. I later found out from friends that were with me that I had fallen head first onto the concrete sidewalk, from about 4 ft high. I am 99.999999% I had a concussion. 

Anyway, next day, all was fine - no anxiety. Obvious scars and bloody face but nothing else. 

About two weeks later, I decide to play soccer with friends. The ball hit the back of head from behind. I immediately fell to my knees, and from what I remember, was dizzy etc. then it kind of just went. 

15 mins later, we left and had a short walk to the local restaurant. Half way there, I had immense lain in my stomach and groin area. I fell to my knees again on the sidewalk near the restaurant. I then managed to walk to the restaurant and immediately went into the toilet. 

I felt sick, anxious, weird, nauseous, etc. then, cur my first panic attack. 

Even since then, a whole 12 years, I had had Generalized Anxiety Disorder (diagnosed 2013). 

How does that even happen? I don’t understand how hitting my head would cause that? Did I accidentally damage my amygdala/hippocampus when falling?

Thanks.",Anxiety,2,test,train,train_added,test_01525
train_added_val_search_00331,val_search_00331,i wan na come with them to bohol,Normal,0,val_search,train,train_added,val_search_00331
train_added_val_confirm_00543,val_confirm_00543,"Please tell me about your first (hypo-)manic episode. I rejected a suspected diagnosis because I'm still hoping it wasn't mania. I only recently (26/F) realized I *might* have had more than just a ""good time"" or a ""sort-of-mild-hypomanic-state-but-not-really"" during last summer, while caring for my SO (33/M), who had a terrifying psychotic manic episode for the first time in our relationship.
Until now, I never once associated my... utterly *unusual* behavior back then with BP.

It began last spring, when the fog of my life-long crippling depression suddenly lifted: First, I became motivated, euphoric and optimistic;  then, I felt like a superintellectual magic sex goddess; and then finally, between summer and fall, I turned into a binge-drinking, erratic mess who would stay up 3 or 4 days straight, had spent thousands of euros on chemistry textbooks, plant oils and booze, lost many important friends during the ride and ended a relationship of 5 intense years per text, only to start dating one of her ex's friends a month after.

Could it be that it was a one-time substance-induced mania as the treatment of my severe  ADHD had begun only a year before?
Methylphenidate usually *eliminates* my restlessness, emotional instability and impulsivity and chills me the fuck down. I can easily fall asleep at night, one/two hours after taking +30mg.
I do have episodically recurring insomnia since childhood though, which occurs seemingly independently from medication.
But still...

Does it really sound like the beginning of BP to you? Does something like an one-time mania due to ADHD meds and/or excessive use of cannabis exist?

How did your first mania evolve? Please tell.",Bipolar,3,val_confirm,train,train_added,val_confirm_00543
train_added_val_confirm_01070,val_confirm_01070,"Best mood tracker app My mood is being wack depressed anxiety spurts of a bunch of energy anger blah blah blah it’s literally all of these all day. So what’s everyone’s favorite mood tracker? I use EMMO which I like a lot bc it’s cute af but since my mood is crazy I need something to track throughout the day. I kinda like the thought of a journal but I don’t have time to make it cute bc it needs to be cute and cohesive. 

I found a bunch of apps curated to ppl with bipolar but idk if that’s are cool or not.

Suggestions please",Bipolar,3,val_confirm,train,train_added,val_confirm_01070
train_added_val_confirm_00647,val_confirm_00647,I'm tired of giving hints..,Normal,0,val_confirm,train,train_added,val_confirm_00647
train_added_test_00063,test_00063,"Really needing some advice [TW for mentions of self harm/suicide] A quick preface is that I made sure to read the info and I'll be taking everything with a grain of salt and also reaching out to my physicatrist soon, but I'm not very comfortable with him so I wanted to see if anyone could help me sort of understand some semblance of what's wrong with me currently, and that all I know is that I have bipolar but I don't know what type and didn't even know there were types until the other day
--
So since mid January I've been..I don't really know how to describe what it's been like. Definetly been up and down. I didn't end up creating this throwaway until I cut myself I dont even remember when, a few days ago or last week I dont know anymore. I just get so confused and disoriented whenever I try to figure out what's happening. I've just been crying and then being happy and then wanting to die and cutting myself and enjoying times with friends and sobbing because my friends hate me. Alot of crying and confusion I guess. It all started about maybe mid January ? I just remember not being able to speak up to my family (I'm 16) since it was my brothers birthday soon. Now it's my birthday in a few days. When I'm at my best, I'm drawing (all I ever do really) and watching but not listening to things. A sort of list of some stuff: crying constantly, eating constantly and feeling extremely hungry, sleeping at 9am until 6 pm, having trouble recalling events and feeling disoriented and confused alot, I was already paranoid before but it's been even heightened now, seeing larger things that aren't there than usual, feeling extremely insecure alllll the time and doubting and hating myself and feeling as if everyone I care about hates me and feeling guilty I'm like this, stopping doing everything I love (aka art) because I just can't bring myself to do anything but play cookie run and listen to videos, being tired all the time from crying and not sleeping, not being able to focus barely, thinking about wanting to die when it gets really bad, being extremely short and snappy  with my family because hearing them speak to me is irritating me so bad I get so unreasonably angry I,only moving to eat and having even more extreme memory issues (it's taken me a long time just to being it back into my head everything that's been going on). I just want it to stop and I want to feel bettrr I'm so tired and stressed. I started writing this feeling sharp but now I'm just so confused and I don't know what emotiona I'm feeling right now I just want to sleep or die",Bipolar,3,test,train,train_added,test_00063
train_added_val_confirm_00241,val_confirm_00241,"heart health anxiety hi, guys. this is my first time posting. I’ve been dealing with health anxiety for the past 6 years, and my new focus is my heart. I have a mitral valve prolapse, and I’m currently taking a beta blocker to help with palpitations. I’ve been to the ER and a cardiologist, all who have sent me home saying that I am fine. 

I just can’t stop worrying that I’m having heart failure or a heart attack. I’ve had 2 CT scans done on my chest. I also had 2 EKGs done that said I have an incomplete right bundle block which scared me senseless. Has anyone else had a similar experience?",Anxiety,2,val_confirm,train,train_added,val_confirm_00241
train_added_test_02321,test_02321,"Does anyone by any chance know what a Pedriatric does for constipation? Im 15 years old and have had constipation for months,GP referred me to Pediatric in hospital to see what they think i should do... have no idea what to expect or if they will check me out? Im just worried they will check me like how they do for hemorrhoids..:/",Anxiety,2,test,train,train_added,test_02321
train_added_val_confirm_01098,val_confirm_01098,when you can t work and feel like a shadow of a character you put on for other people when you feel like such a burden to people you love almost like you are taking advantage of them because you need their help i got help but i still feel the effect of this depression medication doesn t seem to help the overall feeling that i feel is a lie i want to kill my self at least the identity that i am a strong man i m young i ve accomplished more than my father did at my age however i am still under his roof failure to launch and failure to exercise work life balance living with what i see to be bipolar disorder and the effect it ha on my and other people life holding on to the idea i have that to commit suicide would be murder in the eye of god because i am a slave of his i gave up my life because jesus gave up his struggling to understand or at least accept my sinful nature and reject it at the same time struggling with the idea that perhaps i m trans perhaps i m gay perhaps i m yes that s ok looking at myself gain weight because of my own lack of self control with eating going from the most disciplined with cutting weight for a pro fight going from 0lbs to lb in le than month getting fairly close to the former in i feel sick i feel worthless impotent the exact opposite of what i felt month ago i wan na be well for other people sake i wan na be taken advantage of in the future a work horse for someone a husband a friend an artist just not a crazy one but what can i do i didn t choose to be mad i just am i want to overdose so far i do so with caffeine and nicotine had i been able to get myself to drink alcohol i d use that however i hate hangover i think once i wake up in limbo i ll still feel it doing everything i can to lock myself in the house and not jump off a bridge head first onto the highway running out of video to watch on youtube running out of idea for making music feeling alone feeling a buzz from my med a i type this feeling god looking at me over my shoulder the devil over the other i want to be ripped in two the life i want is living a duel life one for jesus the other with satan queer perhaps my favorite word lately i identify a that queer,Depression,1,val_confirm,train,train_added,val_confirm_01098
train_added_test_01569,test_01569,lancehenrikson just writ a ticketbot thing it is spamming people with ticket for band with quot that word quot in probably child too,Normal,0,test,train,train_added,test_01569
train_added_val_confirm_01050,val_confirm_01050,wow i just woke up and there's a bag next to my bed. i hate alcohol! wtf happened tonight?!?! thanks everyone who came to my bday dinner,Normal,0,val_confirm,train,train_added,val_confirm_01050
train_added_val_confirm_00130,val_confirm_00130,"Any Bipolar people also diagnosed with ADHD? I go to a new psychiatrist in April to sort out some meds that aren't working. Bipolar Type 1 is my official diagnosis. My therapist also wants me to be tested for ADHD because of the things she's heard from me and seen in my behaviors. Valid, but I'm a 28 year old, so I feel like if I was ADHD, I would have known it long before now. 

I'm wondering if anyone out there has a diagnosis of bipolar and ADHD. How do you cope? What does the combination of meds look like for you? My biggest concern is adding on an ADHD med because of the link to psychosis that's come out recently.",Bipolar,3,val_confirm,train,train_added,val_confirm_00130
train_added_val_confirm_00688,val_confirm_00688,"FINALLY employed again, and as a result, severely depressed again I guess this is just what my life is going to be: any little change and things just become hopeless, desperate, unbearable in my head. Infrequently I get lucky and stress will catalyze a short upswing, but more often it's this. I was *so* *happy* to get this job. It felt like I was finally closing the chapter that landed me in the psych ward a few months ago. The start of my new life. But I feel destroyed, incapable of anything - forget building a life, can I even keep an entry level job? Can I perform the basic operations of said job without feeling the need to go to the bathroom and cry?

My main takeaway is this: for all the progress I make, sooner or later it gets taken away. My experience of cyclical mood disorder prevents upward trend, it's fluctuation in stasis. I project this into the future and don't see a life worth living. Even if by some miracle I am able to ""build"" a ""life,"" I will feel the same ways about it. ",Bipolar,3,val_confirm,train,train_added,val_confirm_00688
train_added_val_confirm_00461,val_confirm_00461,"I am 25 years old, suffered from anxiety for about 10 years or so. Anxiety used to stop me from being able to leave the house unless with my parents or boyfriend. I was bullied a lot, and I didn't attend school much and didn't take my GCSE's because of this. I was 90% 'cured' in late 2015/early 2016 by my therapist. I had received help from a therapist once before, but it wasn't helpful to me.",Normal,0,val_confirm,train,train_added,val_confirm_00461
train_added_test_01297,test_01297,"All my health anxiety is coming back and I’m freaking out. Ever since Friday I’ve been freaking out, convincing myself I have appendicitis, sepsis, heart attack, etc, I used to have bad health anxiety back in 2021 but it started to heavily fade one day and almost completely disappeared, now it’s all coming back and I don’t know how to do deal with this, for over a year now I’ve been telling myself “thank lord that time is over, I don’t know how I dealt with that” and now its all coming back and I’m scared, I don’t want to be constantly anxious again I can’t go back to that time it drove me crazy all I wanted to do was sleep because when I was awake I was in constant pain and fear, please fuck no not again, I’m already going crazy obsessing over the thought of it hitting its peak again fuckkkk why can’t I just be happy???",Anxiety,2,test,train,train_added,test_01297
train_added_val_search_00330,val_search_00330,apsanabegummp ucu it s like he entirely discounted the idea that staff at non striking university might also be suffering depression overwork stress anxiety would it really be such a terrible thing to lead an investigation into the extent of these issue in the sector,Depression,1,val_search,train,train_added,val_search_00330
train_added_val_confirm_00399,val_confirm_00399,"About two months ago I was out of state to visit my friend of 10 years (well say M) and i stayed for 2 weeks. During this time I was fighting with my boyfriend and she was instigating hard along with her mother which then put me in a place to break up with him. We got back together 20 minutes later knowing this is not something that can be done from another state like this, and M being disappointed in me says do not worry, when you break up when you get back you can come stay with us again. this did not sit right with me because she said When. So a week after my trip while I am home she stops responding to me for about a month, then out of nowhere sends a huge paragraph about how my boyfriend is breadcrumbing me and isolating me from my friends. She said this because when she texts me i take a couple hours to respond. M is however notorious for not responding for days weeks or months. Since over a month ago I have not had any connection with her other than the one message. I responded but she still has not. My friend of 4 years (b) I did not usually hang out much but since my relationship was becoming more steady and we were learning to take out time apart I started hanging out with her more often. She lives about 45 minutes from me but i did not mind since i enjoy the ride. Around a month ago my boyfriend had broken up with me and was very shitty about it, i was sure it was going to be the last time. So i went to Bs place for comfort and to calm down. She makes me promise not to get back with him, and her boyfriend who was also my friend gave me a whole lecture on why my boyfriend is a pos. Naturally I went back to my boyfriend (G) anyway. we have broken up plenty but only gave our belongings back twice or so. Our relationship is more dramatic than anything, we know that but to my friends its abusive. I have reason to believe M and B just wanted me to listen to them. To be in control of me. My boyfriend is nothing like how they portray him. However that is the reason they cut me off, was because i took him back. Most people have just given me the advice of hanging out with family instead but everyone knows the difference between a friend and sibling. I do not have a close relationship with them seeing as i do not do well with the brutal honesty and bluntness of their personalities. The conversation will always come down to why I am so full of excuses when they ask about my mental health. Recently I have been spiraling in my depression and i genuinely have nobody to go to other than my boyfriend but your partner cannot help everything. My social life is important to me and watching my boyfriend be harassed and loved by all of his friends makes me feel so pathetic. I decided to start going to the gym alone to help dilute the feelings but it just makes me lonelier that i have no one to talk to. I have always attracted people who take me for granted or want to control me because I am easy or impressionable.I also suffer from PCOS and I am supposed to be getting a diagnoses for bipolar. All of these things are putting me in a position of feeling like id be better off in a psych ward. Not for protection, but so that i will not be a burden on anyone or myself anymore. I have been inpatient before and while its not fun it will make everyone else happy. I lost everyone.",Depression,1,val_confirm,train,train_added,val_confirm_00399
train_added_test_01309,test_01309,"Possibly losing parenting rights due to bipolar disorder The most recent manic episode I had was after being depressed and diagnosed with major depressive disorder to be prescribed Zoloft. Within 6 weeks I was staying up for 9 days and delusional. I thought my partner was going to kill me so I called 911. The police arrived and I was very agitated and explained my delusions and they took me to the nearest psych ward for an evaluation. Unfortunately, that psych ward didn’t keep me long enough despite my volunteering to stay longer. They also gave me a medication I ended up allergic to which took treatment even longer.

This resulted in asking my in-laws who live in a different state miles away to help me care for my daughter until I found the right medication combination and was stable. I knew it could take a few months and I had no one else available local to me. The only way my inlaws would take my daughter is if I signed over guardianship. I was under the impression it would only be for a year at the most. But honestly, I wasn’t really in the right mind to consent to that paperwork. I just knew I needed help and I did what I could to ensure my daughter had the best care possible while I got stable. 

Fast forward to now my partner and I petitioned the courts to end guardianship as I have been stable for 2 years. I have letters from my therapist and pdoc stating I am in treatment and stable and medication compliant. 

Well, my in-laws are trying to prove I am unfit for things I did while I was manic so they can adopt my daughter without my consent or permission through the courts. They're also trying to prove that my partner (their child) is unfit I am less worried about that. 

My therapist says they're on a witch hunt and that they're just trying to raddle me and no judge would grant them adoption. I hope she's right. 

I just wanted to share what I am going through because 1. support would be nice. and 2. if anyone else is going through this you aren't alone.",Bipolar,3,test,train,train_added,test_01309
train_added_test_00745,test_00745,I'm tired of feeling like shit Sorry for the pointless post. I've been feeling like shit for the better part of a few months now and I just want it to stop.. Missed appointment with psych on monday so I gotta deal with that when her office is open tomorrow. Too many things I need to do and not enough energy to do them :/,Bipolar,3,test,train,train_added,test_00745
train_added_test_01596,test_01596,Bipolar friends I have no bipolar friends in real life (just a few family members who are usually unstable and I tend to distance myself). I honestly feel it could be destructive to my own stability so I tend to be OK with it. But at times I do think it would be nice to have someone I can talk to that really gets what I go through. What are everyone's thoughts on this?,Bipolar,3,test,train,train_added,test_01596
train_added_val_confirm_00812,val_confirm_00812,"what is the point on life, right? I am a horrible sibling, child, and friend. I constantly am mean to people even by accident. Maybe I am just the worst person in the world. Maybe I should just kill myself",Depression,1,val_confirm,train,train_added,val_confirm_00812
train_added_test_01392,test_01392,"What do you do when people hurt you I've been hurt so many times by people I decided to trust. Im just over people at this point, because of my illness anyone can hurt me SO MUCH MORE than I could ever hurt them. It's too hard trying to manage my emotions even without factoring in the selfishness and unpredictability of people. 

&amp;#x200B;

Should I start trusting again?  It's been 2 months and now I'm just bored, but I don't want to get hurt again. I'm still reeling from the extreme pain of the last time I was hurt. People have too much power over me, last time I was hurt it induced a mixed episode which resulted in psychosis and 2 suicide attempts. People are inherently selfish, I'm 100% convinced of this fact. But im getting bored and lonely.",Bipolar,3,test,train,train_added,test_01392
train_added_test_01325,test_01325,Are they trying? I have read many scary stories about them Are antidepressants helpful?,Depression,1,test,train,train_added,test_01325
train_added_test_00159,test_00159,caused me to choke on my dinner and puke up half a chicken or maybe the chicken wa poisoned how do i know,Depression,1,test,train,train_added,test_00159
train_added_val_confirm_00852,val_confirm_00852,"I haven’t been touched, or even hugged, in so long that I can’t even remember what it feels like… Anyone else just miss physical touch? I crave it so badly…",Depression,1,val_confirm,train,train_added,val_confirm_00852
train_added_test_01333,test_01333,"I don’t want to be me anymore. Bipolar 2, currently depressed. Just took another stab at meds and had side effects as usual and had to come off.  I get worse and worse as time passes. Hopeless. Helpless. A shell of myself. The roller coaster ride of this illness and the meds takes an enormous toll. I’m scared to go back on meds, scared not too. I get every side effect I’ve even had gene testing and the meds that are suited to my DNA still give me awful side effects. I don’t really know why I’m posting guess I just had to vent. Thanks. ",Bipolar,3,test,train,train_added,test_01333
train_added_test_00431,test_00431,"I have an extraordinary sleepiness, oh my God, sitting under the aircond again",Normal,0,test,train,train_added,test_00431
train_added_test_01935,test_01935,"I am 18 years old. I am on the Autism Spectrum and I still live with my parents. Every time I would vent to my mom, she would either ignore me and or scream at me because I got very pissed off at her. She is the only one that seems to care about me because she struggles with depression and trauma too.&amp;#x200B;I have been struggling with mental health problems as long I can remember. My cluttered room used to be my 25 year old half sister's bedroom and it gives me such discomfort and negative energy. My 16 year old brother who is still in school lives with me at my parents' house.&amp;#x200B;I do not clean my room and the closest thing I can do is make my bed. My bed is full of my stuffed animals. I carry around a stuffed wolf named Angie. She is the only thing that makes me feel safe. I have not self harmed since November of 2020. I have been to a few psych wards. Well, the same ones multiple times.&amp;#x200B;I have not returned to one since I was 17 and in still in school. I graduated this year and I feel like absolute shit. My job is at my Special Ed school and I forced myself to work because I feel like I never get to go outside of my own home.&amp;#x200B;Therapy and medications are not even helping me. My mom is forcing me to do the SAME SHIT all over again. It feels like the end of the world to me. I cannot even do anything and it feels like the end of the world to me",Depression,1,test,train,train_added,test_01935
train_added_test_01943,test_01943,"I just got Â±250k, if I have a snack for Eid later, it's more worth it, where to buy onglen/lgsg? Suggestions pls ™ [askrl]",Normal,0,test,train,train_added,test_01943
train_added_test_02439,test_02439,"Crazy dreamies, really cute",Normal,0,test,train,train_added,test_02439
train_added_test_00032,test_00032,"We are investigating social anxiety, perfectionism, and thinking styles, and we are interested in your insight. Hi everyone, I'm a PhD candidate in clinical psychology and I'm currently conducting a survey on social anxiety, perfectionism, and thinking styles. I would love to hear from you! The survey is open to anyone aged 18+. It should take about 30 mins to complete, and you have the option to enter a 1 of 4 $50 Visa gift card draw at the end.

Link to the survey: https://qualtrics.flinders.edu.au/jfe/form/SV_cVfmOOF57d75gHj Thanks!",Bipolar,3,test,train,train_added,test_00032
train_added_val_search_00053,val_search_00053,"Urinary retention when I wake up in the morning? When I wake up in the morning to pee, pee doesnt seem to pass right away even though I have the urge. Sometimes i had to sip a bit of water to pass it. However, i pass urine normally during the day.
Has anyone experienced this? I can’t seem to find articles online.",Anxiety,2,val_search,train,train_added,val_search_00053
train_added_val_confirm_00770,val_confirm_00770,"Having weird fever dreams/nightmares despite taking meds properly I’m taking my lamictal, rexulti, Doxepin and vistaril every night and morning as directed. For months I had normal dreams and normal nightmares but for the past week I’ve had “fever dreams” that are so intense I wake up feeling the emotions I felt in the dream. I’m wondering if it has anything to do with the medications I take, and I won’t see my doctor for another 3 months. I’ve been incredibly manic for the past few months and now I’m dipping into a depressive episode, maybe that has something to do with it. ",Bipolar,3,val_confirm,train,train_added,val_confirm_00770
train_added_val_confirm_01099,val_confirm_01099,"I thought depression was something that could go away again, but now I am starting to realize that it probably never gets better actually - the best you can hope for is a zombie-state-life on medication where you cannot feel any euphoria from movies, music etc. When you get older you just lose your ability to feel profound emotions from stuff? I am only 22, but i feel like i have already experienced this decline since i was 14-15 when i started to feel really depressed. it is been 7-8 years now, and the only thing that made life worth living for me was smoking weed and being high 24/7, which you can only do for so long. Now I am back to being sober because weed was driving me completely insane and was having panic attacks everyday, and i feel completely depressed every single day wanting to kill myself. I cannot even get on medications because i accidentally told my doctor about my former weed habit, so they want me to be 6 months sober before prescribing any medication. I just wanted to ask in here, does it get better? is it a real thing, or is it just a myth.Otherwise I am ready to kill myself honestly, because I am not going to fight a losing battle any longer. Does it ever get better?",Depression,1,val_confirm,train,train_added,val_confirm_01099
train_added_test_01995,test_01995,"I hurt someone today It's said that those you push away the hardest, and still somehow fight to remain should be cherished, and I do cherish you. Even though sometimes my actions speak otherwise, deep within, it's undoubtebly clear that some people can weather the storm and when I can actually speak out, it's just to confirm my misguided reality that consumes me whole that no, I am not alone, and that to be alone is sometimes even my greatest desire, and that I suffer to espouse that truth, and revert to a sequence of events that could very well led to a reality and truth, different from my desires, to become intertwined— and it's scares me. And yet, through those moments I leave behind everything, and continue on my merry way as if actions don't continue to have consequences that are severe and just stubbornly maintain my path without a single thought of those outside my bubble, and thus greatly alienate those that only care and support. It's just not fair. It's my greatest burden and yet I unfurl as if it's just and nebulously accept that I can't escape; but, somehow I pester on incesstantly able to change my direction and yet I can't, and sometime the act of several conjoined inactions are my closest held resolve and action. I feel like a taker that returns little and some will have me believe it isn't my fault, but how can it not be, how convient that I can absolve myself thoroughly and just continue wistfully.",Bipolar,3,test,train,train_added,test_01995
train_added_val_confirm_00141,val_confirm_00141,"Does chlorine definitely kill brain eating amoebas? Sorry to spam this sub with two posts about this. but as I said earlier, I purposely snorted water up my nose after I vomited earlier, because my nose was burning really bad from puking. I'm in Florida right now where according to the CDC the brain eating amoeba naegleria fowleri is common. In a panic I researched the water quality and according to the internet this town's tap water is chlorinated. Does that definitely mean I'm safe from amoebas, or should I still be worried??",Anxiety,2,val_confirm,train,train_added,val_confirm_00141
train_added_val_confirm_00677,val_confirm_00677,"Anyone find going to the gym tough? So I try to get to the gym as often as possible as I know how good it can be for mental health and to get back to my previous standard of fitness. However, since getting HA I find it difficult as I keep focusing on my heart rate after sets or after a bit of cardio; I keep thinking ‘is that too high?’ ‘How long will it take to return to normal!’ ‘I only did 5 reps why is it beating so hard!?’

Really annoying that I can’t enjoy the gym as I keep thinking about how my heart is doing!

Wonder if anyone else is the same, and if so what they do to help!

Happy new year ",Anxiety,2,val_confirm,train,train_added,val_confirm_00677
train_added_test_01623,test_01623,"i do not need advice, it will not help. my life has been horrible since i was a young my father died and my mother was abusive my entire life growing up, i just want to die without feeling pain, as I am very afraid of pain from my past of being abused, will someone please tell me how to kill myself without feeling pain for long, i just want to rest please. i have no friends i spend my entire days watching tv shows and playing games to try and detach myself from the real world, anytime i stop doing that all i can think of is how much i hate myself and living, everything is lonely and it hurts. someone please just tell me how to leave I am tired of everyone telling me to stay and that things get better when all they have done is get progressively worse the past 16 years i wish i knew a painless way to kill myself",Depression,1,test,train,train_added,test_01623
train_added_val_search_00228,val_search_00228,"My hair was cut accidentally way too short and ended up as a Karen cut, I was already anxious but now I can’t leave my house. I need advice I went for a haircut yesterday because my anxiety has been awful. I had a CT scan this week, my OCD returned in full force, my house is a disaster, etc. I just wanted to feel pretty. I went for just a trim and to color my roots so I would have my normal chin length bob that I curl. It’s the best cut I’ve ever had, however, my stylist (and I don’t blame him at all) misunderstood me because I communicated poorly and chopped off all of my hair, and stacked it so I have nothing but layers. To make it worse I’m prematurely gray, I thought it would be nice to blend in my natural gray streak with some color to highlight it but make it look a little more intentional. I now look like I’m a mix between Cruela De Vil and a 60 year old that screams at Target employees. I’m devastated. I’m mourning my hair and embarrassed to leave my home. I don’t even want to go for therapy today. I couldn’t sleep. I know it grows back but to get to the point I want it will take over 6 months. I didn’t want a pixie and my jaw looks cartoonish. I’m not usually concerned how I look but I spent so much time trying to style it to fix it. I tried curling it to no avail. I tried to wet it down and with my natural hair I ended up a poodle. I just want to cry, I want my stomach to stop hurting, I want to sleep and not worry. What can I do?",Anxiety,2,val_search,train,train_added,val_search_00228
train_added_test_02176,test_02176,"What can be the cause and treatment for daily panic/anxiety attack? 27M Long story short, I'm dealing with mental health for 20 years now and for the last six months or so I have almost every day a panic attack since waking till evening.
I see a psychiatrist and psychologist and recently started a new job. 

I know I have my issues but can't wrap my head around having so much anxiety it's net getting better or easier with time.

Usually when im in peak anxiety i go on a few hours listening to music and crying in a dark room bender while smoking to much In the process...

I do meditation a trying to walk 2-3 hours a day but I fucking hate sports and I'm lazy...

Thank you I felt the need to vent sorry for shitty English",Anxiety,2,test,train,train_added,test_02176
train_added_val_confirm_00074,val_confirm_00074,"What is wrong with me? So I’m 13”4, and today I felt really ill. When my temperature was taken it was 39c. (About 102f) My mother said she is going to Walmart to get ibprophen. I googled it and it says it increases risk of heart attack and stroke. She also told me to check for rashes. Is there anything she’s not telling me? (My entire body feels warm, but I also feel cold.) I also have a runny nose and cough.",Anxiety,2,val_confirm,train,train_added,val_confirm_00074
train_added_val_confirm_00449,val_confirm_00449,"Psych doc put me on Buspirone. Thoughts? Experiences? I've been in the midst of a serious depressive/anxiety ridden phase for weeks now. Rather than increase my Cymbalta and risk a manic episode, the doc put me on Buspirone, 15 mg 2xs a day. 
This shit sure works. And by works I mean I'm too damn tired to do *anything*. You can't have panic attacks when you're dizzy and laying in bed 18 hours a day.  I called up my therapist and told her I'm discontinuing the Buspirone. The psych doc will be calling me tomorrow. 
Has anyone had experience with this medication? How much did it effect you? I feel like I'm back on seroquel and that's *NOT* a good thing.",Bipolar,3,val_confirm,train,train_added,val_confirm_00449
train_added_test_00044,test_00044,swati yeah i havnt got any crad unlimited to text call either suck will catch up with you today sometime xxxxx,Normal,0,test,train,train_added,test_00044
train_added_val_confirm_00900,val_confirm_00900,"Bipolar Disorder rarely shows up alone: some interesting co-morbidity statistics I recently spoke to my psychiatrist about my bipolar disorder improving with treatment, but not my other mental health issues. I let him know how embarrassed I was about the ordeal, because I sometimes feel ashamed about the number of issues I have. He shared with me some statistics that reassured me quite a bit and made me realize I'm not alone. This info helped me find more self acceptance, and I thought it might help some of you as well.  
  
These statistics come from a public 2008 psychiatry study (n=9282). I'll post the full link below, as well as the specific chart I'm getting these figures from in case you'd rather dig in yourself. Here's some of the statistics that stood out to me: 
  
 * **92%** of people with BD will be deal with another mental disorder 
  
* **70%** of people with BD will deal with with 3 or more other mental disorders 
   
  * **75%** of people with BD will be deal an anxiety disorder 
  
* **63%** of people with BD will deal with an impulse control disorder 
  
* **42%** of people with BD will deal with a substance abuse disorder   
  
If you ever feel alone because of the multiple issues you're facing, just know you aren't.  
  
Here's the [table](https://i.imgur.com/8iK9cSS.jpg) where I got these figures from. It breaks down the prevalence for specific disorders, and breaks them down by BD1, BD2 and sub-threshold BD. And here's a link to the [full study](https://www.ncbi.nlm.nih.gov/pmc/articles/PMC1931566/) 
  
*Disclaimer*: I don't have a medical background so please let me know if I misinterpreted anything",Bipolar,3,val_confirm,train,train_added,val_confirm_00900
train_added_val_confirm_00708,val_confirm_00708,whenever i don t follow through with a plan i feel so stupid i wish i had the ball to just do it and every time i don t i feel like an idiot i m once again making a plan and upsetting myself knowing i won t follow through it make me want to just do it here and now to prove to myself i can but then that s not sticking to the plan i just feel so so stupid,Depression,1,val_confirm,train,train_added,val_confirm_00708
train_added_test_01066,test_01066,"Scared of Crohn's Disease I had a canker sore in my mouth two weeks ago, it has healed now but I just thought ""what if it comes back"". I have no idea if I have had this feeling for a long time but just now noticed it that I kinda feel like the roof of my mouth is burning and it stops when I don't pay attention to it. I have always had some problems with my stomach, they have gotten better in last two years (male, 19 y/o now). I have had a gastroscopy before but never gotten a colonoscopy because that makes me anxious. Gastroscopy showed that I have no reflux and everything looks good, biopsies from my duodenum came back normal, no coeliac disease or other diseases. I just can't stop worrying if I have an IBD and that is what is causing my mouth symptoms. Would Crohn's disease show on the biopsies taken from my duodenum? I just feel like it would be real unlikely because no-one in my family never have had an IBD and I don't smoke (Apparently smokers are twice as likely to develop Crohn's than non-smokers). ",Anxiety,2,test,train,train_added,test_01066
train_added_test_00554,test_00554,our duck and chicken are taking wayyy too long to hatch,Normal,0,test,train,train_added,test_00554
train_added_test_01843,test_01843,feel like i’m being watched i cannot shake the feeling that there are multiple people stalking my online presence and i feel like i can’t even go on reddit because there’s some secret account watching me. i am having intense social paranoia. i feel like my ex is watching me.,Bipolar,3,test,train,train_added,test_01843
train_added_val_search_00079,val_search_00079,snuggling in bed with my little baby....ahhhh!,Normal,0,val_search,train,train_added,val_search_00079
train_added_test_01745,test_01745,"What am I doing with my life. I guess you could say I’ve done a lot in my lifetime, but I feel like I’ve just failed a lot. Before I was diagnosed I was on the fast track to be a lawyer at 22. That didn’t happen and now I am divorced and jobless with a useless bachelor’s degree. I can’t take classes at my community college because I can’t afford them. I can’t take university classes because I’ve dropped classes so many times they won’t give me financial aid. I have terrible credit and I am deep in credit card, personal, and student loan debt. I try getting jobs but don’t stay at them for more than a few months. I just can’t bring myself to do things I don’t want to do. Even if it’s something I need to do to survive I will still just quit. That’s why I’m in such a bad spot. I don’t know what to do with my life. People say just get a flexible part-time job doing easy stuff, but if I don’t enjoy it I will literally quit two months in. My parent’s have been supporting me my entire life, even when I was married (my ex was a loser). I feel so bad for them to have this failure of a child. I’m not eligible for disability because I haven’t worked enough hours and I'm not eligible for SSI because my parents provide me with everything. Not that I could live off of either of those anyways. I’m so frustrated with myself. I'm not sure if I have any hopes or dreams left. I don’t know if I need advice or just to vent, but here I am.",Bipolar,3,test,train,train_added,test_01745
train_added_val_confirm_00010,val_confirm_00010,"ping ! RT yes, we are mutual. Don't forget folbek.",Normal,0,val_confirm,train,train_added,val_confirm_00010
train_added_val_search_00023,val_search_00023,snick the dog if izzy s on the cat tree she ll stare him down but if she s on the floor he chase and she run,Normal,0,val_search,train,train_added,val_search_00023
train_added_val_confirm_00670,val_confirm_00670,I just got diagnosed as bipolar I just got diagnosed as bipolar this week. I’m not really sure what to think about this and was wondering if you guys could share with me how you guys dealt with it when you got diagnosed. What does this mean moving forward? I just don’t know.,Bipolar,3,val_confirm,train,train_added,val_confirm_00670
train_added_val_confirm_00223,val_confirm_00223,i think i m just a bother to everyone i m going to hurt someone depression imheret 0,Depression,1,val_confirm,train,train_added,val_confirm_00223
train_added_val_confirm_00547,val_confirm_00547,Discord down? The discord server dissappeared for me and the link to join it is invalid. Was it removed? Was I banned? I don't see how or why,Anxiety,2,val_confirm,train,train_added,val_confirm_00547
train_added_test_01646,test_01646,"Unclean tap water fear I was in the Philippines last January and I remember drinking tap water connected to a filter. Since Philippines is a third world country, of course it's not going to be 100% clean. Surprisingly I have not gotten sick from drinking the filtered tap water. I'm scared there might be an amoeba hiding inside of my body right now ready to attack me. ",Anxiety,2,test,train,train_added,test_01646
train_added_val_confirm_00243,val_confirm_00243,"Hello I feel like I’m going insane, nobody wants to see me or listen to me. I feel like crying myself to sleep, I don’t have any intention to harm or hurt myself but I just feel lonely.   Maybe I’m crazy, maybe don’t know but I told my friend I wanted to hang out today and he said he was busy with homework which is understandable I guess. But, why do I feel like he’s going to avoid me forever? I’ve had so many people leave my life because of this stupid bipolar disorder they think I’m insane.  I’m just mad at myself, I feel like this is going to be read as “Calm down, you’re overreacting.” But I feel like breaking down, today was supposed to be good I ate with my mom at a restaurant together but now I feel horrible.",Bipolar,3,val_confirm,train,train_added,val_confirm_00243
train_added_test_02166,test_02166,"anxiety progress/my story Hey guys! 

I’ve been following this community for a while, and I just wanted to share my story and maybe meet some people going through or who have been through a similar situation. I've never felt more alone in my life and I feel like I'll be heard here. 

I’m 21, and growing up wasn’t easy. I carry a lot of trauma and guilt from seeing my mom sick pretty much my whole life and growing up in a toxic environment. I always took care of my mom from a young age which made me very attached to her, and honestly, even though she was sick, she was really the best mother I could’ve ever asked for. fast forward, after a lot of treatment and a lot of struggle, my mom recovered :) and 2022 was one of her best years. she was very healthy and started doing very well. It was the best year for my family and me as a whole. unfortunately, that came to an end, and she suddenly passed in November 2022. That came as a big shock to everyone because she was so healthy. no health problems, regular tests, she was perfectly fine. Everything for me came crashing down. I've always had anxiety, and due to that anxiety, I was vaping heavily for so many years (6 to be exact) until February 6th, 2023, came around. I had one of the worst panic attacks ever, and now I'm dealing with so many symptoms. Got so many tests done because I was having so many stroke-like and heart attack-like symptoms. Tests came back pretty much all normal, and I got diagnosed with a panic disorder and health anxiety. My psychiatrist thinks due to my mom passing away so suddenly, and I also have an underlying fear for myself.

I'm writing this because I've never felt so alone. I feel like people close to me don't understand what I'm going through physically and mentally, and I just want to be my old self again. All these symptoms started so suddenly, and I'm scared almost every day, not knowing if I will wake up the next day or what might happen to me. I'm scared my own body will fail me.  I'm tired, and I'm tired of feeling like I'm in this alone. I'm trying my best to correlate everything with anxiety, but it's so hard. 

Thank you so much for reading if you did read all of this. I will be okay, and I will get better. I'm slowly starting to see progress. 
Cheers to a lovely life ahead :)",Anxiety,2,test,train,train_added,test_02166
train_added_test_00976,test_00976,"Have been getting sick fairly often This year I've been getting sick a lot. Back in October, I believe I had a flu. 102 fever for 5 days straight, respiratory symptoms, etc. but I never got swabbed. Then, in December I had a cold. I caught another cold again in January, and then Influenza A in February. Now just a week ago I caught another respiratory virus. It wasn't another flu because I got tested and the swab was negative, but it also seemed much worse than a cold (I had fevers up to 102). A week fever free but I'm still very congested. In between all of this I've had random sore throats as well. I'm worried something more is happening, whether it's some sort of auto immune problem or something else possibly worse. I'm getting a metabolic panel tomorrow, so hopefully that'll answer some of my concerns. I'm hoping it's just a vitamin deficiency, but of course my mind goes straight to something serious like cancer or something like that. This is also fairly recent of a problem. I've always had a lower immune system but I've never been this constantly sick. ",Anxiety,2,test,train,train_added,test_00976
train_added_val_search_00369,val_search_00369,"Fear of Brain Aneurysm presenting as Headaches and Pulsatile Tinnitus So for the last five years or so i (26m) have had some various symptoms that i am not sure are simply me being aware of them or something much greater. In particular I experience Pulsatile Tinnitus, where i can clearly hear my heartbeat thumping in my left ear much greater than my right. Exertion makes it much more noticeable. Occasionally I also experience mild to moderate headaches that seem to follow a distinct line from the back of my skull to right behind my left eye. Some mornings, if i sleep on my left side, I will wake up with a headache on the left side of my head that throbs in time with my heart, and laughing/sneezing/straining can create a very -weird- sensation in that same area behind my left eye. I don't know if i could describe it but to my HA-addled brain it seems like what you'd feel if you had a ballooned vein suddenly swell slightly.

I also have been experiencing a slight visual disturbance in the left eye where lights and bright objects have a small, shimmery 'smear' above or below them, hardly noticeable unless I'm looking for it but still strange. I know symptomatic unruptured aneurysms can cause double vision but this seems to minor that I couldn't trust whether or not this is what 'double vision' entails. I have 20/20 vision, don't smoke, drink, or do drugs, no family history of aneurysms to my knowledge (my grandmother did die of a stroke; she was 86 though). I did have a MRI done when i first encountered these symptoms about 5 years ago and they found nothing; the visual disturbance was there during that time but I'm unaware if the pulsatile tinnitus was.

I've had a long, bloody history with Health Anxiety and I'm reaching out to you guys to finally admit that i've got a worrying problem. Can anyone shed light on if my fears are justified?",Anxiety,2,val_search,train,train_added,val_search_00369
train_added_test_00162,test_00162,"Tardive Dyskinesia, medication adjustments and the manic aftermath. Hi everyone, 

It’s hard to know where to start. I started medication for bipolar as an adolescent (13 I think) but I have been bipolar since I was a young child, and it feels like there is nothing before it. I am entering my late twenties now (so still young) but as you may know even in my childhood there was a lot of controversy about whether children could be bipolar and very little known about medicating children for being bipolar. I did have a child psychiatrist and I sincerely believe he did the best he could for me. That being said, everything was sort of a stab in the dark. I am sure there are many of you who can relate. 

It turns out that a good psychiatrist is hard to find around here, so the next one I went to missed a medication interaction between a non psychiatric medication I was already on and lamictal. He also happened to miss my signs of tardive dyskinesia even though I brought them to his attention several times. I no longer see him. I am no longer on lamictal. 

I now see a new psychiatrist and she is fantastic. I am in good hands and trust that, but she had to bring me down from a fairly standard dose of Abilify I have been on for the past 14 years to basically almost nothing because of the tardive dyskinesia. I was fine at first, surprisingly fine and stable, but now I have been manic/hypomanic for a couple of weeks when I was pretty well managed before. 

I see my psychiatrist in three days. I plan to talk to her and come up with a plan to deal with this at that appointment. 

It’s just at my last appointment, before the mania started, we talked about my choices and my medication options are now limited based on what did not work for me before and especially now thanks to developing TD and I am just scared. There may be some major changes to my medication. 

I have started this amazing life with this amazing girl. I have a stable job. We are getting married next year. We have a home. We have cats. We have a future. We want kids. I am scared because although she has seen me in bad moments and knows of my past, she has not truly experienced me at my worst. I know she will always love me but I am terrified- terrified of the td getting worse. Terrified of feeling out of control again. 

I don’t really know what I expect from any comments. I suppose I just needed to say this to people who would understand how I feel. Most people I know and talk to don’t get it at all. They have not lived it. I needed to confide in people who struggle with what I struggle with. 

It’s like my life that I worked so hard to build and maintain since I was a child (with consistent therapy, with medication, and with A LOT of everyday effort) is going to be ripped out from under me and it’s not even my doing. I did everything right. It hurts. It’s scary. It’s a lot. 

Sorry this is so long. I hope there are still people willing to read it. 
",Bipolar,3,test,train,train_added,test_00162
train_added_val_confirm_01062,val_confirm_01062,"I honestly do not know how i can keep doing this, I am sitting at my 12 hour shift at work trying to keep it together after crying all night. I am tired and dreading going home idk what else to do. I feel like I am drowning i do not have enough money or time to see a psychiatrist. I feel like a bad partner to my girlfriend and I honestly do not know what to do. I am exhausted.",Depression,1,val_confirm,train,train_added,val_confirm_01062
train_added_val_confirm_00372,val_confirm_00372,"Neck lump/pain Looking for some reassurance or advice if anyone else has experienced this. Two days ago I noticed a lump on the left side of my neck under my jaw. It’s painful when I turn my head to the left and when I swallow. I’m thinking it’s a swollen lymph node but I don’t have any other symptoms of an infection (cold, flu, etc) besides very mild left ear pain (like maybe the beginning of an ear infection?). I’m sure it’s nothing but it is causing some serious anxiety, it’s all I can think about. My thoughts are immediately jumping to lymphatic cancer or a malignant tumor. I’m planning to make a doctors appointment if I’m still feeling weird tomorrow. Has anyone else experienced something similar to this?",Anxiety,2,val_confirm,train,train_added,val_confirm_00372
train_added_test_00407,test_00407,waking up to the sound of jackhammer is not a pleasant way to start the day,Normal,0,test,train,train_added,test_00407
train_added_test_00462,test_00462,SICKE BITCHES!!!!!! I do not feel that shit . Happiness,Depression,1,test,train,train_added,test_00462
train_added_val_confirm_00271,val_confirm_00271,Xixixi,Normal,0,val_confirm,train,train_added,val_confirm_00271
train_added_val_confirm_00903,val_confirm_00903,"How ironic it is that the only thing I ever did right was winning the sperm race and now, 22 years later, I am here, surviving through every single day doing the same shit over and over and wishing I lost the race. I would give anything to see what the other fellas would have been like if they would win instead lol. It sucks knowing you were the fastest sperm just to regret it few years later.",Depression,1,val_confirm,train,train_added,val_confirm_00903
train_added_test_01033,test_01033,"It’s a long twisted story about how I found this out, but I was told by my parents that I had been assaulted by R when I was younger. My aunt, not R’s mom, had taken us to the pool and R had taken me to the bathroom to change. When we hadn’t come back in a few minutes she came to check on us and she found me naked with R fondling me and trying to insert his penis into my mouth. She stopped the assault but doesn’t know what happened prior to finding us. Remember I didn’t recall any of these events as a 36 year old.",Normal,0,test,train,train_added,test_01033
train_added_val_confirm_00193,val_confirm_00193,"I have recently noticed that a friend of mine likes to cut off conversations with me by saying ok. I feel stupid typing this, but that response just feels so dismissive and brings up unpleasant feelings like I am being looked down upon. Even though I have mentioned how their use of ok to halt a conversation bother me, they still do it.Am I overreacting? Honestly, am I just being stupid or is the use of ok as an end to a conversation actually dismissive?I am bad with my words so I am having trouble effectively communicating my thoughts atm, I apologize in advance! I hate it when a conversation is closed with Ok",Depression,1,val_confirm,train,train_added,val_confirm_00193
train_added_test_00085,test_00085,Real madrid may be born for winning UCL,Normal,0,test,train,train_added,test_00085
train_added_test_00363,test_00363,"Mourning over becoming stable? I've had BP1 what appears to be my whole life and saw all the chaos as just part of who I was and that was okay. Now that I've been working towards getting stable I've looked back and realised just how bad I've been and how bad I've hurt people (including myself). 

I've let go of the guilt now and im happy that I've committed to getting better for the future, but part of me feels sad with my brain feeling so quiet. I feel empty and boring and like what made me ""me"" is now gone so I'm having to relearn this healthier version of myself? It feels so scary for some reason. I also feel like I can't explain that to anyone who doesn't have what we have, partly brcause I don't want to as I feel like I should be happy that I'm doing so well and finally feel at peace. I hope this makes sense and I also hope that I'm not the only one that's going through/has gone through this. 

If you have, how can you make this easier :( I definitely won't give up on my meds/therapy for the sake of the people I love and my future, but it does feel so tempting to stop and go back to what feels familiar.",Bipolar,3,test,train,train_added,test_00363
train_added_val_confirm_01048,val_confirm_01048,I want to rest but what if I win the giveaway,Normal,0,val_confirm,train,train_added,val_confirm_01048
train_added_test_02405,test_02405,"I lost my reason today. Whenever I'm in a deep depression with suicidal ideation, I can always justify people moving on after I'm gone. My three main reasons I struggled to justify are my dogs and my cat. Recently I've been justifying the dogs too. They're a bonded pair, they love my husband, and he could care for them if I was no longer here. But there was one reason I couldn't justify. My cat, Georgie. 

Georgie hates every person except me. He's also asthmatic and requires medication that he would only let me administer. If I left him behind, how would he survive without his medication? He'd be alone. 

I took him to the vet this morning after he was still struggling to breathe even after his asthma meds. The vet came in and said heart failure. I decided the best option was to let him go. I held him as they administered the medication and until I felt him go limp. I get his ashes back in a couple of weeks. 

My reason is gone. And I want to go too.",Bipolar,3,test,train,train_added,test_02405
train_added_val_confirm_00509,val_confirm_00509,"stuck in a mixed episode and cant get out (self harm mention, description of manic ep) i've been manic since yesterday cooking &amp; cleaning &amp; working on projects &amp; up &amp; up &amp; up &amp; up but today i realised it's probably either a mixed episode or i hit peak because i'm pacing cant stop moving &amp; breaking into tears at random and clenching my fists so hard i leave crescents in my palms and i want to scream my body feels too tight im too tight in my skin and i want to scream and i want to scream and i want to i keep getting caught in these thought loops and i want to cut myself open i need to split myself down the middle i have taken my meds and i have taken my emergency ativan // klonopin as well and nothing is helping and i dont know what to do i dont know what to do i want to pull myself apart

my partner is behind me on his computer playing videogames and every time i even think about working up the courage to tell him i start crying and have to leave the room until i calm down and i dont know what to do",Bipolar,3,val_confirm,train,train_added,val_confirm_00509
train_added_test_01884,test_01884,"this is the community with most member that i follow, i just need someonei have not talked to basically anyone all day and I have only received like 4 notifications and only one was from a real personi just really do not know what to do I am crying, can someone talk to me?",Depression,1,test,train,train_added,test_01884
train_added_test_01541,test_01541,"Crippling dry heaving panic attacks Whenever i have any “event” i get insane rising anxiety leading to it. Anything like public presentation, job interview, doctor appt, or even going to a friends house party or “going out” (haha i rarely)

Days before ill start preparing , night before i can barely sleep. I can feel adrenaline increasing 24-48 hours. I get EXTREMELY alert.

The day of i wake up i cant eat anything. Cant even drink more than a few sips of water.

The hours leading up i begin HARD coughing and dry heaving. To the point ill damage my throat and it gets sore. I never actually throw up but this has been happening so long i just dont eat to be safe. Still i get uncontrollable gagging. Like i actually think i gave myself a hernia. Im talking violent gagging until i see stars, floaters and lights in my eyes, heart racing, chest muscles / stomach strained and hurting from the none stop gagging and heaving and coughing.

Then right when i walk into the “event” its all gone. 

Im still nervous but my mind tends to blank out and i disassociate a lot. This really fucks up technical job interviews because i totally blank out. A pure calm bliss blank state.

AFTER, i go home a complete weight is lifted off me. Im STARVING now. Extremely low anxiety, relaxed, rest state. Eating a ton because i probably have been eating 500-1000cals the last few days. 

I really wasnt built for this life. I need to go live in some mountains or something 

Anyone else have anything similar to share? 

Thanks for reading lol",Anxiety,2,test,train,train_added,test_01541
train_added_val_confirm_00098,val_confirm_00098,"How soon do you tell someone you’re starting to date? I am currently in the process of getting divorced but looking towards the future and getting back in the dating scene I realized I have absolutely no idea what I’m doing! My ex-husband was with me when I was diagnosed so it’s never something I had to really “tell” him about. 

I have bipolar II and overall it has been fairly well controlled until recently in going through this divorce. I had a severe  (for me) hypomanic episode followed by a severe depressive episode but now am back on meds, picking up the pieces, and getting back to a feeling of normalcy. I know that the stress of dealing with my addict ex plus the stress of the divorce absolutely contributed to the severity of these episodes so I’m hopeful that moving forward I will continue to be well managed. 

My concern is that in dating someone, eventually I would want them to know what I’m dealing with, but I understand people who would not want to be with me due to this condition. Obviously telling someone deep mental health stuff on a first date would be off-putting but I’m just wondering if any of you have found a good way to handle this appropriately?? Thanks in advance 😊 you all are amazing.",Bipolar,3,val_confirm,train,train_added,val_confirm_00098
train_added_test_01667,test_01667,carolrainbow no internet at home have to drive into ox to use internet because of builder,Normal,0,test,train,train_added,test_01667
train_added_val_search_00006,val_search_00006,"Left side of face slightly numb Yesterday during the afternoon I took a nap. When I woke up my left side of my face felt slightly numb. To describe it, it’s essentially feels like when you go outside into cold air, the slightly numbness you feel. I till can feel things on my face, and of course I’m not showing any other symptoms. First thing my anxiety goes to is stroke, but no other symptoms have popped up. I’m having some crazy health anxiety over this. I’m not really looking for advice, mostly posting this because of my anxiety and seeing if others have gone through something similar to this. ",Anxiety,2,val_search,train,train_added,val_search_00006
train_added_val_confirm_00689,val_confirm_00689,"I cannot stop thinking about it. It almost gives me a panic attack, I feel like I have to rush out and make up for all the time I have lost but I do not know how. Every day that passes with me still being the way I am is another day I fear Ill regret if I ever make it to old age but I do not even know what the hell I am supposed to do about it.I cannot do the things other people my age do. I cannot go out drinking, its been ruined for me. For a start its ill-advised to drink while on medication and I am always on something these days. But also, my drinking habits have been a problem in the past, I slip into constant alcohol fairly easily because I am desperate for any escape from my head. But even now, even if I feel confident I will not overdo it or let it become a habit, I cannot. People in the past have made me feel so guilty about drinking at all that even though I do not talk to them or anyone anymore, if I even take a sip of alcohol I feel a wave of shame wash over me and trying to drink more puts me in constant conflict with myself. And I know people are going to say you can go places and not drink, but when was the last time you went somewhere where everyone else was drinking and you actually had fun? Maybe, its just me though, maybe I just cannot tolerate people sober. I guess its why I do not have any friends at all. Not even one. I do not know what is wrong with me but I cannot do it anymore. I have tried to make friends, hang out with people after work and stuff but it just makes me want to put a gun to my head. I just want to leave and be alone and I cannot escape the feeling no matter how much I force myself to go out or get over it. I am lonely in theory but when it comes to being around people in practice, there is nothing I hate more. I do not even understand it.I cannot go out and try drugs because my mental state is already so fucked that there is a serious worry of drugs fucking it up even more and leaving at a point where I cannot tolerate existing anymore, I can barely tolerate it now.I cannot have relationships for much the same reason that I cannot have friends. And even if I could, I am way too unstable to make it work so it would only end up causing me pain. But I hear about people my age going out and dating and I feel like I am going to miss my window even though I cannot even go out and do it.I cannot even have sex because, again, I cannot stand being around people. And even when I do manage to get myself into that position somehow, its completely unsatisfying because the medication has ruined it for me and I just feel broken and ashamed. One more thing people my age can go out and experience while I am left here unable to.I cannot even focus on a career or making money because I cannot even hold down a job for a year without my mental health completely crippling me and destroying my ability to function in any way for months at a time, forcing me to give up the job. It happens at every job I have ever had. Nothing stops it.I know what people are going to say, these things are just stereotypes for my age group and plenty of people my age do not do any of them and are still happy but that is not me. that is not what I wanted from my 20s. I wanted to experience these things but I just cannot. I am forced to spend most of my 20s stuck in my room, desperately fighting against my own head. And nothing seems to help, either. I have tried so fucking hard to change this shit but nothing helps it. I have been to so many therapists over the past couple years, just fucking hoping to go that one of them can help me but they have not helped anything, I have only gotten worse. I have done everything they have told me to do, I have kept an open mind and tried to be hopeful about the process but it does not work. Not even the medications do anything, I have been on so many, built up to the highest dose on various antidepressants, antipsychotics and mood stabilisers and none of them have done anything at all to improve my mood and I do not know why. Guess I am just well and truly broken because nothing and no one can seem to fix me at all.So every day I watch my 20s grow shorter and shorter and I panic as I watch the days disappear but I cannot do a fucking thing to change it. My mental illnesses are stealing my 20s from me",Depression,1,val_confirm,train,train_added,val_confirm_00689
train_added_test_01174,test_01174,this suit me much better than working in a care home and hospital eg i ve had a lot of death and sickness in my life amp i found it fundamentally difficult to manage my depression when facing the end of life and loss of self and huge emotional pain so deeply,Depression,1,test,train,train_added,test_01174
train_added_val_confirm_00327,val_confirm_00327,I can barely look at my pictures from elementary. The kid that was smiling and blissfully ignorant is gone. Who would have thought that a kid that made straight As and had hella friends would eventually be filled with dread and suicidal thoughts? does not help that I have pretty much lost contact with most of my friends and this one girl that I cannot get my mind off of for some reason. Its so sad that I have been turned into someone so worthless and depressed. So lame I keep reminiscing and it hurts,Depression,1,val_confirm,train,train_added,val_confirm_00327
train_added_val_confirm_00073,val_confirm_00073,i miss my bcd friend,Normal,0,val_confirm,train,train_added,val_confirm_00073
train_added_test_00742,test_00742,Gente???? Essa ultima capa de jujutsu???? Hmmm ksjdksndksndkdndkx,Normal,0,test,train,train_added,test_00742
train_added_val_confirm_00321,val_confirm_00321,"I work in Business Development in a small Legal Tech company. That means I am constantly speaking to colleagues and clients and potential clients. I am having maybe 30 conversations a day. Each one gets progressively more challenging to have as the day goes on, I would say. Does anyone else work a similar job and have advice on how to handle this situation? Ps: also, could anyone else explain why these conversations get more painful as the day progresses. Working a Job that requires you interact with people all day?",Depression,1,val_confirm,train,train_added,val_confirm_00321
train_added_test_01746,test_01746,Dream again hehehe happyâ,Normal,0,test,train,train_added,test_01746
train_added_test_00795,test_00795,"Small bursts of elevated mood while in a depressed phase? Hi there, I am new here. 

Two days ago I was told by my therapist that I could be diagnosed with a bipolar disorder and recommended meds.

I never realised that I might have something like this. If anyone would be so kind and answer my very clueless questions, that would be amazing. 

My cycles of hypomania and depression are long (?) so I tend to have a few months of depression and then one or maybe two months of hypomania. When I am in my depressed state I sometimes feel for a very short time that I will switch phases into hypomania again because I feel energised, happy and productive. It only lasts for a few hours maximum and then goes back to the depression, though. More often than not it happens in the middle of the night. Is this possible that there are smaller cycles in big cycles (I hope this is understandable as I am not an English native speaker, sorry.) or could this be a sign that I actually am not bipolar? 

And how long are cycles in general ""allowed"" to be when it stems from bipolar disorder?

If anyone takes the time and reads this: thank you so much!!!",Bipolar,3,test,train,train_added,test_00795
train_added_val_confirm_00132,val_confirm_00132,this looks like a nice table.,Normal,0,val_confirm,train,train_added,val_confirm_00132
train_added_test_00606,test_00606,"So yes, I have severe depression. I am in therapy which has proven utterly useless. She talks about BS like learning to love myself, forgiving myself for my past, learning to be happy alone, going out and finding passions, blah, blah, fucking blah. I barely have the desire to get up in the morning, how am I supposed to muster the energy for this shit? Honestly, I am so far from the place of self-care, I want to do everything possible to destroy the life I have left. I do not care about anything. My job?could care less. Friends and family?.do not bring enough joy to offset the misery and let us face it, they just do not understand. Hell, maybe I just throw caution to the wind and live the slut life, take little joys in small moments that I am sure will make me feel worse later. But honestly, how much worse could I possibly feel? I lost everything important to me. My life is meaningless and I just do not care. Road to self destruction",Depression,1,test,train,train_added,test_00606
train_added_val_search_00287,val_search_00287,"I have a dull aching pain in my lower left abdomen and sometimes in my lower left back, i dont really know what to think anymore and i have kinda prepared myself for death. It has been going on for months, it has not really gotten much worse, but it still worries me. I feel no lumps or anything like that, i have no other symptoms besides the aching, wouldn't i be dead already if it was cancer?",Anxiety,2,val_search,train,train_added,val_search_00287
train_added_val_confirm_00859,val_confirm_00859,"Six pack a day I drink a six pack a day. And have for several years. I'm a 30 year old Male. I'm 5'6"" and I weigh about 175. Other than being a little chubby I feel healthy. Just wanted some insight into what other people thought. I had a check up about a year ago and was healthy",Anxiety,2,val_confirm,train,train_added,val_confirm_00859
train_added_test_02111,test_02111,why 3 days I brought him restless huhðŸ¤”,Anxiety,2,test,train,train_added,test_02111
train_added_val_confirm_00133,val_confirm_00133,i hate myself and my self destructive behavior,Depression,1,val_confirm,train,train_added,val_confirm_00133
train_added_val_confirm_00541,val_confirm_00541,"Insomnia from missing my seroquel dose I missed my dose earlier this week and my mood definitely went to the upside. Not full blown hypomania, but I'm happier than what i was going through before.  
I can't sleep more than a couple hours at a time now,  even right after the seroquel.  I'm wondering if my sleep will ever get back on track. 

Hopefully this is not a mood swing thats going to end me up in depression. I also have some emergency zyprexa on hand in case i need to take it there. Anyone else go through this?",Bipolar,3,val_confirm,train,train_added,val_confirm_00541
train_added_test_01199,test_01199,"First of all, I do not recommend gambling at all as it can and probably is already a problem for me. All I have been doing lately is gambling on sports. I started with $1000 got it up to $5000 and then lost most of it. I still gamble which I know I probably should not but I am just so depressed it is like my only 'hobby'. I just feel like gambling has become my vice, it is something to make me feel something. it is almost like my only friend I can count on. it is the 4th of July and here I am at home. Probably will go drive around just for the heck of it. I am so tired of everything. Depression and sports gambling",Depression,1,test,train,train_added,test_01199
train_added_val_confirm_00697,val_confirm_00697,thecamacho danm i wanted to hear that studying suck,Normal,0,val_confirm,train,train_added,val_confirm_00697
train_added_test_02450,test_02450,"How to Live in the Moment and Stop Worrying by Changing Your Relationship With Anxiety Hi!  


I recently found a book which really helped me change my relationship with my worries, being a chronic worrier for as long as I can think. I summarized it in an article that I published on my blog today, hoping that others can find value from the experiences I made.  


You can find the article here:  [https://consistentme.com/stop-worrying](https://consistentme.com/stop-worrying)  


I would be very happy to receive feedback as well, so that I can learn better how to share valuable information with others.  


Have a great Sunday! :)",Anxiety,2,test,train,train_added,test_02450
train_added_test_00668,test_00668,"10 years of Celexa/Lexapro and thinking of making the switch to Zoloft I’ve noticed the frequency of stressful events leading to anxiety cycles and acute depression has been quite alarming and figured, maybe the meds have finally pooped out. 

I’m in therapy, I’m doing yoga, I’m keeping busy, I’ve got a loving partner; it’s just this lil demon in my head seems to be gaining more and more
experience points and has been gaining a foothold on my day to day.

Thoughts or opinion of those who have been meds this long?

Thanks!",Anxiety,2,test,train,train_added,test_00668
train_added_test_00323,test_00323,you mean the measures that will raise our taxes.,Normal,0,test,train,train_added,test_00323
train_added_val_confirm_00891,val_confirm_00891,"Feeling deeply perturbed because I feel that there is a ghost in my house I’m trying to reconcile whether or not what I’m experiencing is psychosis. 

I do not believe in ghosts. But I found a can of reduced sodium soup in my cabinet and there is no way my roommate or I would ever buy that. We both have POTS and are on high sodium diets. I got this deep seated feeling that either someone broke in and put it there or, more likely, there is some sort of supernatural shit going on and I’m being haunted. I know rationally that this isn’t true. But I still feel anxiety in my gut that I’m being haunted and bad shit is going to happen. 

This is a pattern, I tend to get really emotional about some conspiracy or something supernatural. One time I salt lined my friend’s apartment because someone left a creepy doll in the vestibule of her building and then it got moved to the laundry room. 

Is this just me being me or am I experiencing psychosis? Or something else?? 😭",Bipolar,3,val_confirm,train,train_added,val_confirm_00891
train_added_val_search_00102,val_search_00102,"Why these online therapies are do expensive. I cannot afford them how I am going to afford offline ones.I need help and this time it is just feels like swimming at the very same spot for a year. it is so painful.Finally I am start to give up hope to get ok. I am tired, very tired. I can never be ok like this.",Depression,1,val_search,train,train_added,val_search_00102
train_added_test_00586,test_00586,Feels like there's Urine stuck in my penis all the time? Did and urine test and x-rays. Didn't hear back from either of them. Have a follow up on Monday and then likely I'll need an appointment with a urologist. I'm terrified this is something serious since infection has basically been ruled out unless it somehow didn't appear on tests.,Anxiety,2,test,train,train_added,test_00586
train_added_test_01003,test_01003,Basically during a discussion I was repeatedly insulted during by people who disagreed with me but when I get angry and insulted people back I am banned from the sub and suspended by old account. It feels really shitty to essentially be ganged up on and kicked out of a community where I had been nothing but polite. The whole discussion was just over if Transgendered is actually grammatically correct to say. I guess the mods did not like that I said technically it was so is not an insult. Now I am banned after I was the one fending of all the insults. It makes me feel so alone. All I can think is nobody wants you anywhere. Nobody wants at all. All I can think about is taking all my meds and every pill I can find in my house at once. Feel suicidal over internet bullying like a child.,Depression,1,test,train,train_added,test_01003
train_added_val_confirm_00168,val_confirm_00168,is depressed he isn t going to be able to see david archuleta,Normal,0,val_confirm,train,train_added,val_confirm_00168
train_added_val_confirm_00581,val_confirm_00581,"Problems being around friends and being with friends when depressed. Whenever I'm depressed I can't be alone, when I'm alone I can get really overboard with how I think. When I'm alone in the moment I can feel like I'll be thinking completely rationally but if I'm in the same mood around people I care about my mindset will can add will be completely different.",Bipolar,3,val_confirm,train,train_added,val_confirm_00581
train_added_test_01173,test_01173,"My taugasi was a dream, it's like the one in my mate's dream, right??",Normal,0,test,train,train_added,test_01173
train_added_test_02146,test_02146,"advice needed hi everyone. yesterday i took my first pill of my anxiety meds and i‘ve had the worst side affects. it would be time to take the next dose soon but i’m cotemplaited doing it. i‘ve had trouble sleeping, i could barely eat anything because i’ve been so nauseous and all that i ate i threw up. i’m just feeling very tired, beaten down and sidetracked. like the days before i felt pretty okay on a daily basis with my anxiety but i still have anxiety when it comes to things. now i’ve been just crying because i don’t know if i want to take the next dose and like i worry about eating because i really dint want to lose weight. and also if i can make it to work tomorrow. also i was used to go to the cinema with friends tomorrow but everything is just stressing me out (the meds i’ve been on is citalopram)",Anxiety,2,test,train,train_added,test_02146
train_added_test_02226,test_02226,i really want to fucking diei'm not scared my end is neighthere's only darkness in my eyei wonder where i went awryi do not know why but i cannot cryi make these cuts across my thighi just want my veins to run dryi want to fall from somewhere highi really want to fucking diei wish this was my last goodbye poem (tw: sh and su*c*de ideation),Depression,1,test,train,train_added,test_02226
train_added_val_search_00183,val_search_00183,"Boyfriend [26m] diagnosed bipolar when he was 10 but I’m wary of his initial diagnosis. He’s going to go see someone to get re-evaluated as soon as he gets insurance. TW: Suicide The more I talk to my boyfriend about his past, it seems like he was demonized for having any emotions as a child and his parents were emotionally abusive and neglectful. He acted out in elementary school and attempted suicide and was sent to a psych ward where he was diagnosed. They’re not going to see that his parents were trash and used religion to mentally abuse him and shammed him for having normal human emotions/responses to their behavior. 


In the year that I’ve known him, he’s been severely depressed with racing thoughts. He’s like your typical person with severe major depression. He has thoughts of suicide almost constantly. He claims he felt normal when he moved out of his house and he’s gotten worse since being back home. Can you go an entire year or two without mania with bipolar and only have depression? His description of mania is so hard to understand that I’m unsure if that’s just his “normal” mood of being pulled out of the depression or if it’s truly mania that he’s describing. He said a happy event will trigger it and it might last 1-2 days. He also has anger issues with the depression. I know depression can make you agitated and so can mania. 


Can you have bipolar and not have manic episodes hardly ever? Like be depressed for a whole year with no indication of mania or hypomania? I’m not certain how to identify mixed episodes but he’s always depressed. 


I know he needs to go to a psychiatrist for an evaluation and treatment, but it’s not an option at this exact moment due to financial issues, so I’m just trying to learn all that I can for right now. I’m trying to get the money to take him as soon as I can. I just want to learn more about this stuff and more about him in the meantime. ",Bipolar,3,val_search,train,train_added,val_search_00183
train_added_val_confirm_00374,val_confirm_00374,"Anxie-tips. Or not really. Just a story of my anxiety and how im not taking shit from it anymore Eight years ago, i was diagnosed with chronic anxiety. That time, i shrugged it off thinking, ""hey, this is normal, right? Everyone gets anxious sometimes. This will go away, right?"" Wrong. Here i am, eight years later, cringing at past me for even thinking that anxiety goes away like a seasonal flu.

I spent some time going through therapy sessions, and while those helped, they didnt really cure me of my anxiety*, because for people like me, anxiety is ever-present -- an annoying, unwanted companion i am eternally cuffed with.

I struggled battling anxiety for a long time. It was hard to be a fully-functional human when every speedbump looked like a giant boulder in the middle of the road. Instead of looking for ways around it, my focus was on the speedbump-boulder and how impossible it was to conquer it. Anxiety paralyzed me and made me feel like i was always bound to fail.

The smallest tasks would sometimes trigger anxiety and panic. I would cross the road planning my funeral because what if the bus hits me? I would get invited to parties, and yes i craved to socialize, but i would bail because what if i spill the drink and make a mess of myself? Public speaking was the worst subject ever, because that triggered so much what-ifs. I was sweating with just the thought of mispronouncing words and forgetting my lines. There were days when i thought i was perfectly fine, then i would be attacked by constant panic and pressure that took away my ability to function, and i would shut myself in, because anxiety was crippling that way.

I quit a lot of things in my life -- school, jobs, relationships -- some, i didnt even get to start, all because i worried i wasnt good enough. I was scared of taking a course i wanted because what if i couldnt find a job after i graduated? I couldnt take these programs because what if i fail them and i had to retake them? I resigned from my teaching job because i feared no one would take my subjects the following year, that i might not be a good enough instructor. I was scared to build relationships and would stop talking to people i really liked or wanted to be friends with, because what if they dont understand me?

Because that was what i felt, that no one understood me. I craved validation and support, but instead, some of the people i cared about left me for being ""over-dramatic"" and a ""cry-baby,"" only because they didnt understand what i was going through. Well, same. How could i blame them when i myself couldnt understand it?

After years of battling anxiety, i got fed up with it and i internally told it to fuck off. It didnt. But i knew i had to do something about it, or else, i wouldnt be able to really live. I knew that there was only so much i could do to help myself. So i did. I read self-help books, which, if i would be honest, really didnt help that much because they all say the same things i already knew (still good reminders, though). I started reaching out to my fellow anxious people and asked for advice, because, you know, it takes one to know one, and they were the best people to talk to if i wanted to really get myself. Little by little, i gained confidence about who i was and what i was capable of. It took years and a lot of hard work, but i learned so much, and i couldnt be any more thankful to the people who helped me and made me feel a little better about myself.

Fast forward to a few years later. I cant say that i dont get anxious anymore. After all, anxiety is already a big chunk of who i am. Maybe i just learned a few tricks to manage it somehow. Or maybe it just doesnt scare me as much as it did before.

The fact is, there is no one-size-fits-all approach in managing anxiety. Some people fight their anxiety. Some people try to ignore it. If it works for you, then it must be for you. But if there's one thing i realized for myself, it's that fighting my anxiety is a losing battle, so i embrace it instead. I take a break. I breathe. I ground myself to my surroundings. This way, i know that i have control of the environment im in. I recognize the situation and try as much as possible to think logically. I acknowledge the facts, and while i cant really do anything about my emotions, i talk about the situation to the people who care to listen. If im alone, i express what upsets me through writing. I walk. I go for a run. Not to try to escape the situation, but to shake off the excess nerves. I look back to what makes me anxious and assess what i can do about it. If i need to take a break and feel the emotions as they happen, i allow myself a few hours, or maybe a few days to let it run its course. I think to myself, ""it will pass."" It always does.

To my fellow anxious people, you got this. It is a hard road, and you may sometimes feel alone, but youre not. Be kind to yourselves. If you need to cry, do it. If you need to rest, take as much break as you need. If it's too much to bear alone, seek help.

To everyone else, anxiety thrives in a person's inability to take control of a situation. When someone feels lost, it is important that they feel secured, heard, and validated. This is why it is important to show kindness and compassion to everyone.


(*Disclaimer: Im not saying that people should ditch therapy like i did. It just didnt work for me, but im sure it helps others. Please, please go/continue going to therapy if you feel that it helps.)",Anxiety,2,val_confirm,train,train_added,val_confirm_00374
train_added_val_confirm_00397,val_confirm_00397,i've been good. i'm in school right now.,Normal,0,val_confirm,train,train_added,val_confirm_00397
train_added_test_01553,test_01553,"Performance anxiety playing the piano Any other musicians/pianists who struggle with performance anxiety despite years of playing?

How do you fight it to stop yourself from second guessing yourself on things you already know but are afraid of screwing up?

I’m not even talking about performing in front of anyone either, literally just talking about playing over the phone for my piano teacher of nearly 29 years during a piano lesson.

The phrase “go for it, **my name**!” My teacher used a lot when I was younger when she knew I was ready to really make a piece shine but totally lacked the confidence to believe in myself and every time I just went for it I completely surprised myself and got all excited and enjoyed whatever I was playing that much more as a result but that was usually more towards ending the piece and now I find I’m getting it even more in the middle of my study/practice and it’s really annoying!!!",Anxiety,2,test,train,train_added,test_01553
train_added_val_confirm_00994,val_confirm_00994,"I’m a dummy dumb I took my anxiety med today late cause I keep forgetting. They switched me to one that I have to take in the AM so I get up and rush to work and forget. Well I get home and do a few things and I can’t remember if one of those things was me taking the pill. I’m like 90% sure I didn’t so I took my chances and took one cause I get extremely irritable if I miss more than one dose.. I feel fine so far I think I’m okay. If I start to feel funny later I’ll know why. 

Like I said I’m pretty freakin sure I didn’t double dose but I’m also like 10% like.. hmmm. Anyways.. that was a stupid story.",Anxiety,2,val_confirm,train,train_added,val_confirm_00994
train_added_test_00563,test_00563,"“I used to be able to do this!” I used to be able to small talk. 
Go outside without my adrenaline kicking in. 
Making eye contact. 
Focusing on reading. 
Fight through the days I didn’t feel great and get shit done. Which is not solely a bipolar problem. It’s a human problem. 
The worst part is I feel like I can’t relate to anyone. 
Earth doesn’t feel like home anymore.",Bipolar,3,test,train,train_added,test_00563
train_added_val_confirm_00579,val_confirm_00579,Lump above testicles When I am on my feet I can touch a lump above my testicles.I think it is not on my testicle but on the little veins above.When I lay down I can't touch them they disappear.What could this mean? ,Anxiety,2,val_confirm,train,train_added,val_confirm_00579
train_added_test_01958,test_01958,been noticing i ve been doing a lot of pacing back and forth lately been trying to think of way to make extra cash and such after being let go from my job now i m starting to think what if i have adhd or is it just anxiety do you guy pace back and forth sometimes when thinking,Depression,1,test,train,train_added,test_01958
train_added_val_confirm_00325,val_confirm_00325,"I spend more and more time in my bed as the time goes on. Not because I want to, I just lose strenght to give up. I cannot eat, I cannot shower, it is hard for me to even get up to get on my PC. it is hard to move a muscle, it is like something is sucking energy off me and I have none left to function properly. I am scared, I spend so much time in my room and I feel like I am going to root here to the death. Even if I manage to leave the room I am filled with anxiety, I am scared and want to go back as soon as I leave. I do not know what is going to become of me at this rate. I feel like I am going to be paralyzed at this rate",Depression,1,val_confirm,train,train_added,val_confirm_00325
train_added_test_01677,test_01677,i m so tired of the pain hating myself and having no future i cant do this anymore,Depression,1,test,train,train_added,test_01677
train_added_test_01938,test_01938,what is your major?,Normal,0,test,train,train_added,test_01938
train_added_val_confirm_00920,val_confirm_00920,"I have 2 songs recommendation now I forget about it because it was just extended by Apple Music Now, so I forgot to regret it",Normal,0,val_confirm,train,train_added,val_confirm_00920
train_added_val_confirm_00701,val_confirm_00701,"I really need some help with managing my anxiety when it comes to lack of cleanliness Hey everyone. I'm new here. I'm writing this to be very transparent and to ask for help. I don't want to ruin my relationship or participate in toxic communication habits. 

I am finding that my anxiety really acts up when my apartment isn't clean. My husband and I both aren't the best when it comes to doing the dishes as soon as we use them or cleaning up clothes right away. But I feel like I atleast take initiative and try. I feel he usually won't start cleaning on his own unless it's his own stuff or I practically yell at him to. 

I feel like I shouldn't even have to ask my partner to care about taking care of our home. I can't be the only one doing it. I'm honestly losing it because sometimes I get so frustrated and anxious, I do get mad quickly. How do I change this? It's not even like I want to be mad, it just happens because I've reached my limit mentally. I'm not on meds, I wouldn't even know what to ask for.

I feel like I just don't wanna have to ask him to clean anymore. Why can't he just do it on his own? I don't think I'm asking for a lot and I'm made to feel like a bitch or like I'm lecturing him when I'm all I'm doing is asking me to do some chores. In fact, why do I even have to ask? I feel hopeless. I feel stuck. I can't afford a housekeeper every week right now. 

I can't control him. I just wanna know what I can do to manage my anxiety around this. And please no stupid advice like leave him because we are married. I know this issue can be fixed I just don't know where to start.",Anxiety,2,val_confirm,train,train_added,val_confirm_00701
train_added_test_01380,test_01380,"Anyone want my #kontolina and #pejuhin me? Those who want to DM directly, yes.",Normal,0,test,train,train_added,test_01380
train_added_test_00998,test_00998,"Mania is changing with age I am 27 and have a 1.5 year old. I have found that my mania and hypomania is significantly different at this point in my life than when I was in my late teens and early 20s. Back then I gravitated towards dangerous and hypersexual things while manic. Nowadays I don't even have the same thoughts cross my mind. I feel hypomanic for sure right now and I find myself filling my calendar with volunteer opportunities and weekend events to take the kids (I'm a step mom too) to. And honestly I'm super grateful. I used to do the craziest stuff and it was dangerous and unwise. Now- I certainly am aware that I'm putting a lot on my plate right now, but it's all good stuff. I'm trying to lose weight, quit smoking, and find activities to be closer to the community and my kids. I feel like the change is both with aging and also becoming a mother really calmed me down overall.",Bipolar,3,test,train,train_added,test_00998
train_added_val_confirm_00249,val_confirm_00249,"Welp, back to being alone for a while Broke up with the gf. It was mutual, went the best way it really could have. We just are different people, and we live different lives.

 It hurts but it's the loneliness that going to hurt the most I suppose. It took me a long ass time to find someone (8 years). And finding someone else isn't going to be super easy, I just work and stay home most of the time.

 So, time to inner reflect. Back to finding me. It's actually kind nice being by myself, but it's when it stops being nice is when it gets to be a problem. Wish me luck. ",Bipolar,3,val_confirm,train,train_added,val_confirm_00249
train_added_test_02472,test_02472,"Can you have bipolar and not no? I'm pretty sure I'm bipolar, I suffer with various deppereison, mood swings, parnoid, general anxiety disorder and ocd. 

How would a doctor work out what is causing what? Can you be bipolar and not show some symptoms? ",Bipolar,3,test,train,train_added,test_02472
train_added_test_00176,test_00176,"What do you believe in? What do you believe in? Religion, spirituality, Universe, higher power, or nothing etc.

I am curious to know what others with bipolar believe in? And also if your experiences with being bipolar have impacted those beliefs?",Bipolar,3,test,train,train_added,test_00176
train_added_test_00528,test_00528,they killed off a character on one of my favorite show and now i m upset,Normal,0,test,train,train_added,test_00528
train_added_val_search_00222,val_search_00222,"New Art Subreddit Hi everyone! This morning I created the sub reddit r/Manicart. For all you artists, writers, poets, photographers,song writers to post to... if you want to. I love seeing everyone's creativity, and I think a one stop subreddit would be sick. ",Bipolar,3,val_search,train,train_added,val_search_00222
train_added_val_confirm_00714,val_confirm_00714,"My therapist says she doubts my diagnosis because she has never seen me manic. I doubt her ability as a therapist as a result. Is it just me? What does she want from me? To induce mania so she can go ""Huh, guess your psychiatrist is right.""? ",Bipolar,3,val_confirm,train,train_added,val_confirm_00714
train_added_val_confirm_00092,val_confirm_00092,i dont want to move at all i just want to be stationary for the rest of my life school is actually so draining and i can t bring myself to do anything my parent think so highly of me a if i m really smart i don t think i deserve any kindness from them i ve disappointed them a lot i wonder quite a lot why they haven t disowned me yet i dont know what to do anymore i don t have any friend whom i can call close it s so lonely but i feel like i deserve this for all the pain i ve caused for so many people but the worst thing is i feel like im doing this just for attention and i feel like a horrid human being because there are people who are actually suffering from these horrible thought i just want to fade out of existence,Depression,1,val_confirm,train,train_added,val_confirm_00092
train_added_val_confirm_00257,val_confirm_00257,"Season Change Mood Flux Hello, I'm Bipolar 1 with SAD as well. Is anyone else currently experiencing bouts of Stability, Anxiety, Depression and Confidence. I've been relatively stable for the past year. This is the most indecisive and confused I've been in quite some time. I'm hoping it's the season change. 

300mg of Lamotrigine

1.5mg of klonopin

20mg of Lexapro

&amp;#x200B;

Thanks for listening!",Bipolar,3,val_confirm,train,train_added,val_confirm_00257
train_added_test_01716,test_01716,"Anyone get nervous about getting the flu when they go to the doctor? Today I had to go to the doctor and a man was sitting near me coughing a lot. After the game out of his appointment he was wearing a mask, which implies to me that they figured he had the flu or something similar. Now I’m freaking out about getting the flu. Anyone else get this?",Anxiety,2,test,train,train_added,test_01716
train_added_test_02305,test_02305,"Fear of being happy Every time I start to become happy, to work on something, to even obsess a bit about it I’m scared I’m becoming hypomanic and that I should do something to control it. It an awful feeling: being afraid of happiness cause you don’t know what it can turn into. As this even happened to you?",Bipolar,3,test,train,train_added,test_02305
train_added_test_00810,test_00810,dangerm0use i think maybe you should get a couple more hour of sleep hon how productive can you be right now if ur dog tired i worry,Normal,0,test,train,train_added,test_00810
train_added_val_confirm_00184,val_confirm_00184,Good Sign This is Tennacious. He's my first flower of spring and he bloomed on my first day in my new home.,Bipolar,3,val_confirm,train,train_added,val_confirm_00184
train_added_val_confirm_00177,val_confirm_00177,http twitpic com y vn remember these day neither do i siiiiike i miss my old body someday soon u shall be miiiiine,Normal,0,val_confirm,train,train_added,val_confirm_00177
train_added_test_00990,test_00990,haha i ve been with my grandma for day even she s about house away i ll still miss her,Normal,0,test,train,train_added,test_00990
train_added_val_confirm_00403,val_confirm_00403,(vent) i cant do this much longer That’s just it. No one cares about the fact there is something wrong with me. They just see it as me being moody and an annoyance who destroys everything. I can’t go on any medication because of it - i’ve tried everything else yet nothing helps. I can’t sleep and these stupid episodes are fucking exhausting. I don’t know what to do and I highly doubt there even is anything to actually do.,Bipolar,3,val_confirm,train,train_added,val_confirm_00403
train_added_test_00488,test_00488,"Job Hunting Related Depression Does anyone that currently hasn't had a job ever feel like they are useless? I graduated from University in 2022 (maybe it was 2021, Covid messed up my sense of time) to get a bachelors degree in Culture, Literature, and the Arts, but I am stuggling REALLY HARD to find a job. I don't necessarily need a job in that specific profession, but I do want a job that will at least make life manageable so I can eventually get my own place and move out of my parents basement. I've worked a temp job at my old University, but never had a ""real"" job where they wouldn't get rid of me after a couple of months. Right now I havent been able to find a good job that my parents will accept, and I feel like it is tearing me apart on the inside watching my friends and siblings move on in their lives while i'm struggling so far behind them, I honestly don't know what to do. I've cried about this before, on many occasions. It feels like my anxiety issues crush the soul out of me that I struggle everyday to get out of bed. Has anybody else dealt with this? How did you overcome it?",Depression,1,test,train,train_added,test_00488
train_added_test_01813,test_01813,"Terrified of a brain CT scan I had Sorry guys, long post but I just need to get this off my chest and I feel like I'm going crazy...
Firstly, I'm a 23 y.o. male in relatively good health training and playing sports 4ish times a week.

So recently I was having a weird pain on the right side of my brain and ongoing pressure that didn't go away for about 4 days. Eventually I went to the doctor who said we should do a 'scan' for reassurance to check if it was serious.

I stupidly just went along with radiology and did a brain CT scan when I could have asked for an MRI. Now days later I'm absolutely terrified of the affects of that CT radiation on my brain/body and so much regret I didn't speak up and demand an MRI instead. I've been emailing the clinic and they said that on average a brain CT with the machine (Siemens 64 slice Perspective) they use gives 1 mSv for a brain CT (I'm worried that this is just for a brain scan and that the person doing it would have hit my head among other body parts so the dosage might have been higher). 

I've now been reading about ionizing radiation for the past few days non-stop with occasional glimpses of hope about how overall the radiation impacted me is nominal compared to the background we receive. But then there are so many questions that stress me out, is receiving a large dose in one go the same as a 2/3 a year of exposure to the body? How much radiation can our bodies deal with? Is there now mutated DNA in my body that could cause problems in the future? Am I more sensitive to radiation than a normal person?

I can't sleep properly and I spend my days distracted reading about the odds of contracting a fatal cancer because of a stupid CT scan I could have said no to. I just want some proof to say ""look, the radiation you received is minor and there is almost no risk with the CT"". I've read every resource there is (I think) and done every calculator I could and it still stresses me out. **This fear of cancer is partially because I lost my mother when I was quite young to lung cancer and I'm just terrified hereditary impact this has on me**

tl;dr: Had a brain CT worried about brain tumours/cancer and now worried the scan could have done more harm then good.",Anxiety,2,test,train,train_added,test_01813
train_added_test_00783,test_00783,"Open to any sort of help, be it public talk in the comments, talk in dm's, an offer of transport and or shelter. Links to any other places to ask for help would be nice. Happy to talk with another social media or platform - such as fb, twitter or discord. I have looked in the side information, but none of the other linked subs look like suitable places to ask for this sort of help. I have looked at r/couchsurfing, but the problem of travel glares.",Normal,0,test,train,train_added,test_00783
train_added_val_confirm_00976,val_confirm_00976,depression grippe ac,Depression,1,val_confirm,train,train_added,val_confirm_00976
train_added_val_search_00095,val_search_00095,"This unemployed person aspires to be like tasya farasya ges, during Ramadhan buy up to 11 lippens",Normal,0,val_search,train,train_added,val_search_00095
train_added_test_01410,test_01410,"Grounding myself The forest is peaceful, being able to hear the leaves blowing in the wind. The creek dribbling down gives me reminder of how the world continues to flow. A reminder of how the world keeps going, an example of how I need to keep continue moving forward. The world is beautiful, giving me the strength to be inspired to keep flowing as the river and growth of the world. Giving myself the opportunity to watch the banana trees grow and allow myself to grow with them. The path is wet but continuing my journey because not everything is perfect. To allow myself to accept the imperfect things around me. My shoes are wet from the path but I continue anyways. Absorbing the beauty of my journey with and pushing through anyways. It will be worth it when I reach my destination. Understanding not everything cannot be perfect at all times and accepting things will be ok. Refocusing my mind on the beauty instead of complaining of the walk, or my soggy shoes. Focusing on the beauty of the walk of life and connecting to the earth of my ancestors. Being able to focus on the positivity and not the negativity. Remembering not all walks of life will seem to be perfect. But focusing on the things that will bring me up. Looking at the trees and being thankful I have had the opportunity to enjoy my surroundings. Remembering to be thankful for what I have been able to experience instead of focusing on the little things that would make me uncomfortable. Thank you for letting me change my outlook. Thank you for allowing me to enjoy the peace. Thank you to my ancestors for bringing me back to peace. Thank you for allowing me to understand this is not the end.",Bipolar,3,test,train,train_added,test_01410
train_added_test_02139,test_02139,i wa prescribed 0mg paxil and am on my second day first day felt like nothing but the second my jaw began clenching and shaking headache and the topic of this post a weird feeling in my penis the best way i can describe it is the equivalent of going on a rollercoaster or something like that and your dick feel like it s trying to crawl back up inside of yourself that feeling but constant and le intense i can t find anyone with a similar experience despite my searching which is why i m posting here i still get off fine but the health anxiety still remains curious to know what that may be indicative of also the username wa meant a a joke never thought it d become reality lmao,Depression,1,test,train,train_added,test_02139
train_added_val_confirm_00620,val_confirm_00620,What horrible disease do you have right now? For me it's HIV. The worst part is that it doesn't feel completely ridiculous since I did have unprotected sex. Only have to wait 2-3 whole months to get a reliable test for that one 🤷‍♀️,Anxiety,2,val_confirm,train,train_added,val_confirm_00620
train_added_test_00444,test_00444,i hate myself,Depression,1,test,train,train_added,test_00444
train_added_val_confirm_00005,val_confirm_00005,"Feeling guilty I have FMLA and i took a day today because it was impossible to get out of bed. I felt foggy and extremely apathetic. I'm going through a tough depressive episode after just having a mixed episode. 
My fiance never misses a day even when hes sick. I feel like a loser who can't suck it up and go to work. 
I work on the phones for mail order pharmacy. You have to be on your toes because of high call volume and doctors and nurses can be fucking ruthless. Ive tried moving departments but I have to get a note from my therapist who I can't get a hold of. 
I know the stress from my job is triggering these episodes. I was doing better with my old position before I got certified. Then they moved me to this other department and its 10 hours a day at a desk on the phones. 
Am I just being a baby? How do you guys handle work and being bipolar? ",Bipolar,3,val_confirm,train,train_added,val_confirm_00005
train_added_test_01051,test_01051,i feel like wanting to die why do i not have friend i feel soo empty lonely i mean i do have a lot of people i talk to on a daily basis but for some reason i feel the need to always have someone almost all the time with me like if i stay alone for hour i feel lonely it is weird i just wish to be happy i don t want to kill myself,Depression,1,test,train,train_added,test_01051
train_added_val_search_00030,val_search_00030,"Seeing my therapist makes me feel like crap on a regular basis This is my DBT therapist. I dread going to see him. I want to quit gracefully. Any advice?

Edit: I already have another therapist lined up. I'm not quitting therapy. Just don't want to see this therapist/do this type of therapy anymore.",Bipolar,3,val_search,train,train_added,val_search_00030
train_added_test_01572,test_01572,"No appetite! I’ve recently had bowel issues which has lead to googling and YouTube and yes you guessed it I now feel worried I have something terrible!! 

I’ve lost my appetite completely and am struggling to eat as a result I’m now losing weight which again has triggered more worry!! Do others on this site also struggle to eat and have lost weight due to worrying over a health issue?? 

Any replies welcome.",Anxiety,2,test,train,train_added,test_01572
train_added_val_confirm_00858,val_confirm_00858,helenvking i feel for you commuting on packed train is hideous,Normal,0,val_confirm,train,train_added,val_confirm_00858
train_added_val_search_00273,val_search_00273,"the habit of chatting for a day, gadicchat immediately restless ™ƒ YES TP IS THE TIME I CHAT FIRST THE FACE W WANT TO TARO WHERE",Anxiety,2,val_search,train,train_added,val_search_00273
train_added_val_confirm_00807,val_confirm_00807,why is that?,Normal,0,val_confirm,train,train_added,val_confirm_00807
train_added_val_confirm_00969,val_confirm_00969,"I have not relapsed this badly in a bit and I am sliding back down the rabbithole and I really do not want to because I know how far this can go and I fear if it will go further this time. I live in a country with strict covid restrictions and we are strongly encouraged to stay home. Dining in has been restricted and I have little excuses to go out besides saying I am going to a friend's house. My friends have been gracious enough to invite me over anytime I need to but my mother would make a lot of negative comments about me leaving the house in this pandemic and it just discourages me to do things/tell her that I want to go somewhere/ do something. I have been receiving negative reinforcements (snide remarks, talking behind your back, breathing down your neck parenting etc) since young and this has affected me a lot as a person and I have been trying to be a better person each day. I met a guy who loved me despite everything and tried to make me a better person too; he was my shelter and escape everytime my mum hits me with the negative shit. But recently he abandoned me and left me to fend for myself and he took the light away with him too. Today I signed up for a credit card and was nagged to no end by my mother, and was called stupid over something that I did my research for. And it hit me that things have always been like this since I was young. Everything I do is not right and everything I do is dumb and everything I do has to be controlled by her. And I am so drained. I have not cried like today in awhile; I know when it is a depressive cry. I need to leave this place and environment. I need to. Sliding back down the rabbithole",Depression,1,val_confirm,train,train_added,val_confirm_00969
train_added_val_confirm_00007,val_confirm_00007,"I'm so nervous, what's going on :(",Anxiety,2,val_confirm,train,train_added,val_confirm_00007
train_added_test_00208,test_00208,"Come on, come on, let's go... 10 years could be passed before, it's not even a month yet, I'm already restless",Anxiety,2,test,train,train_added,test_00208
train_added_test_00958,test_00958,"Stop joking, because the heart needs seriousness.",Normal,0,test,train,train_added,test_00958
train_added_val_confirm_00943,val_confirm_00943,"@healthwarrior A watched pot never boiled, mate - distraction is the name of the game",Normal,0,val_confirm,train,train_added,val_confirm_00943
train_added_val_confirm_00625,val_confirm_00625,over lockdown i started binge eating to get through it wa fucking fantastic i d just get unbelievably stoned and eat and then suddenly it s tomorrow i didn t have to deal with anything but i don t enjoy eating anymore i don t like food it suck and i m at work and i pig out just to try make myself feel better because i guess that s what i do and i felt horrible so i thought hey is a good a year a any to develop an eating disorder so i tried throwing up in the toilet and literally couldn t get anything up i just gagged and then i pull back and suddenly the cloud change and i m just bathed in sunlight kneeling on the floor of a bathroom and i just couldn t stop thinking of those prayer add that say try praying and couldn t stop laughing for like 0 minute i wanted to share because i think it s really funny but who tf am i telling this story to so you get it anyways now i feel spewy af and need a smoke hope you enjoyed xo,Depression,1,val_confirm,train,train_added,val_confirm_00625
train_added_test_01883,test_01883,currently watching quot roommate quot i miss the nyc,Normal,0,test,train,train_added,test_01883
train_added_test_01211,test_01211,pogba never said that manchester united wa dead to him furthermore just day after opening up about mental health and depression some journalist label pogba a toxic waste absolutely awful and just plain wrong mufc http t co m0oaeifywc,Depression,1,test,train,train_added,test_01211
train_added_val_search_00037,val_search_00037,"Out of work due to med side effects and feeling terrible about it This is my first full time job, and I honestly love it. But every time I try to do my job, I feel an ice spike shoot through me, can't breathe, and immediately panic- that's on top of what I WAS experiencing that thankfully went away. Just one thing after another. I feel terrible. Everyone has been so understanding but no doubt patience is wearing thin. I JUST got this job a few months ago, I don't even have my benefits yet. I just got my first bonus, too.

I feel like a terrible employee. Is this just to be expected of this disorder? How am I supposed to not feel guilty about not attending work, when I know it's to take care of myself and do my best job possible when I come back? I feel so bad. And I feel so anxious. I feel like crying.",Bipolar,3,val_search,train,train_added,val_search_00037
train_added_test_01629,test_01629,"Convinced something is wrong with my head/brain I posted this to r/askdocs already but figured l'd share here too.

I'll start by saying l got diagnosed with severe GAD anxiety about a year ago, and l've noticed l've become a huge hypochondriac since then. Lately l've been noticing a few things that have me convinced there's something wrong.

One is that when l run my hand over my head l feel a lot of hard bumps/divits on my skull that l don't remember always being there, and l haven't hit my head recently. I know it's normal to have a few small bumps, but I have one on the top of my head that seems out of the ordinary and l don't know if that should be of concern or not.

The other is that I will randomly get sharp bursts of pain in isolated areas of my head that feel like bad headaches, but only last for like a minute or so. This has been scaring me into thinking l might have brain problems/tumors. I also will feel ""shakey"" but it's only in my head and not all over. I sometimes will get slight numbing/tingling sensations on my head, ears, and side of face. 
Like l mentioned before, l have anxiety so l know some of these could just be anxiety related issues/symptoms, but it seems like something is wrong to me. I don't want to waste my money in getting scans of my brain if unnecessary, but I still am concerned.
I'm a 21 year old female, overall healthy besides the anxiety and mild depression. Any feedback or concerns would be greatly appreciated!",Anxiety,2,test,train,train_added,test_01629
train_added_test_00989,test_00989,kimboinlimbo no chance of that coming back when it d be 0 min faster than the javelin though,Normal,0,test,train,train_added,test_00989
train_added_val_confirm_00313,val_confirm_00313,"Bipolar with social anxiety Hello!
I am new here and I figured I would find a chat board that I can relate to. I've been diagnosed bipolar for over 12 years as well as ADHD, PTSD, trichotillomania and social anxiety. My fiance and I just recently moved and what two friends I had turned out to only want me around because I finally got my disability and had income finally. Given that, I'm back to having no friends again in my community.  It's painfully hard for me to talk to new people as people see me as socially awkward and just not someone to fit in anywhere. With that said I was just hoping to make a friend or friends who know what my struggle is daily with these conditions.

My fiance and my dad are my friends right now, but I would like some females to hang out with and talk to. My fiance and I are getting married this year in October so I am under a lot of stress and my anxiety is really high. I don't bite much, tend to have a good sense of humor but I'm way to good at seeing through people. If someone's fake I know it pretty quickly which also keeps me isolated. I just want a friend. :(",Bipolar,3,val_confirm,train,train_added,val_confirm_00313
train_added_test_01571,test_01571,"Does anyone get voices in your head that seems like running commentary in various voices? Sorry if I'm not describing it too well.... 

Usually when I get auditory hallucinations they don't sound like they're coming from insidemy head, it might sound as though it's across the room. But recently I've been hypomanic and maybe even going towards manic the past few nights I've definitely been hearing things on and off but tonight I can't control what seems like this constant running commentary. I've been laying trying to sleep for nearly 4 hours so far and keep getting interrupted with multiple random conversation tid bits or shouting in various voices etc. I feel like my brain is going a million miles a minute!

Anyway I just want to know if anyone else knows what I'm talking about? I hope it makes sense.",Bipolar,3,test,train,train_added,test_01571
train_added_test_00398,test_00398,i have just really really splattered the bowl,Normal,0,test,train,train_added,test_00398
train_added_test_00229,test_00229,"First time posting on reddit... need help/advice/inspiration for dealing with a bipolar depressive episode Hello there.

I am 23 years old and officially got diagnosed with bipolar type 1 about a year and a half ago after being hospitalized from a month-long manic episode. after that, I was on EI for 4 months and had to take a break from school. Basically, it ruined my life.

The meds helped me remain stable, with a little bit of depression here and there.. nothing major. For the past 5 weeks, I have fallen into a deep depression. I am crying on the floor, feeling physically paralyzed, can't see my friends, and having very dark thoughts. 

I saw my psychiatrist and therapist last week and we upped my meds. I am now on 200mg Lamictal, 60mg Latuda, and 100 mg Modafinil. I also started light therapy, work out 4 days a week, take vit d, iron, and omega 3s, meditate, and am starting CBT therapy next week. I feel like I'm doing all of the right things.. which is why i feel SO frustrated that nothing seems to be working. Oh, and I got my hormonal IUD taken out as my naturopath said it might be causing my mood problems.

I don't want to die. There is so much more I want to do in life. But being severely depressed is no way to live.

People with bipolar... what med combos are you on? What other therapy has worked for you? How did you get better? I need some hope in my life right now...

Thanks all in advance. It was hard for me to post this.",Bipolar,3,test,train,train_added,test_00229
train_added_test_00781,test_00781,"this disease is ruining my life im only so young but why me? why was I born with bipolar  disorder? theres nothing  good about it, one hour im happy and im productive the next, i hav destroyed all relationships with everyone i know, one day im smiling and im doing fine and i feel happy, then the next i want to kill myself and i think of trying",Bipolar,3,test,train,train_added,test_00781
train_added_val_confirm_00054,val_confirm_00054,"3 month old corn dog I posted this in r/foodpoisoning but I doubt I'd get any help there. I'm about to have a panic attack over this crap.
I sat down to eat a corn dog. The first bite tasted a little unusual. I brushed it off and ate half the corn dog, when I checked the expiration date. November 2018. The corn dog looked fine other than thick grease coming out of it. Anyway, I have a fear of getting food poisoning, but I'm afraid I'm going to start throwing up later. Anyone know if I should worry about this or you think I'll be fine?",Anxiety,2,val_confirm,train,train_added,val_confirm_00054
train_added_test_01895,test_01895,PutanGINA JIBEOM'S VCALS TALAGABS,Normal,0,test,train,train_added,test_01895
train_added_val_confirm_00808,val_confirm_00808,"How to stop overthinking? For some time now I’ve been overthinking a lot, it’s mostly when I’m in bed  about to go to sleep. It’s like my mind is going 1000 mph and I can’t stop it. It sucks and I lose hours of sleep cos of it. If anyone knows some tips or tricks that can help me please let me know.",Anxiety,2,val_confirm,train,train_added,val_confirm_00808
train_added_test_00272,test_00272,still up trying to finish a mix,Normal,0,test,train,train_added,test_00272
train_added_test_01934,test_01934,babyporridge i didn t get your twitter is crap reply,Normal,0,test,train,train_added,test_01934
train_added_test_02181,test_02181,my boyfriend and i broke up recently he say to not count on u getting back together it hurt so much now my only hope in life is that this cut is truly infected and that it kill me i don t want to hear the it get better stuff nothing will life ha always been hard for me and losing him is too much to handle don t know why i m posting i guess i just want someone to make the tear go away so i can sleep and hopefully never wake up,Depression,1,test,train,train_added,test_02181
train_added_val_confirm_00954,val_confirm_00954,this is what my main problem boil down to i feel like i live my life inside my head always checking in on how i feel and if i m okay is my vision blurry am i dizzy is my hand numb etc etc i also think i have pppd so the unsteadiness and swaying rocking sensation affect me and freak me out the most if i wa free of this hyper awareness hyper vigilance element i really believe i d be fine but right now it really run my life ha anyone found way to reduce this or even get rid of it completely,Depression,1,val_confirm,train,train_added,val_confirm_00954
train_added_test_00876,test_00876,"Side effects/medicine advice. First I want to be honest, as far as I know I am not bipolar. BUT, I am epileptic and we take a lot of the same medicine. So I am asking you guys, because I can’t seem to get any useful advice elsewhere. 

I take, Divalproex 500mg, and I feel like complete crap while on it, and weak and and tired, and depressed most of the time, mood swings, I don’t hardly eat.  I also have still have seizure while on this medicine. I won’t have health Insurance through work for another 2 months.  I don’t know whether I should keep taking it or wait till I talk to a neurologist. They can’t seem to figure out what the source of my episodes are, I’ve don’t many test. This is my second medicine. The first one ( Levetiracetam 500mg) it didn’t seem to help either, I was very depressed and suicidal on that one. I’m just terrified I’m going to keep having episodes. Any advice would help. Stop taking my current medicine, and wait, or continue and tuff it out.  Thanks in advance, I really appreciate it",Bipolar,3,test,train,train_added,test_00876
train_added_val_confirm_00448,val_confirm_00448,"Why do I keep creating problems in my head to get freaked out about? I've had this IRRATIONAL, above and beyond fear of skin cancer for like a year and a half now. I've had several moles, from the littlest freckle to big moles I've always had, that I obsess and get super paranoid about. I'm on mole #8 to freak out about. Part of this is because I still get a small mole/freckle (I'm 23) and I get super paranoid about getting a new one even though my derm tells me that this is normal. I just went to my derm about 3 weeks ago for my annual, there was a spot on my shoulder I was freaked about, ended being a black head, she checked all my other moles and said all was good. NOW, I'm onto two other spots that I am irrationally losing my mind about. I'm going to see my therapist a week from today so hopefully it will help. I just don't want to deal with this anymore. I'm terrified of everything. ",Anxiety,2,val_confirm,train,train_added,val_confirm_00448
train_added_val_search_00309,val_search_00309,"Hey, I am diagnosed with depression, anxiety and some other stuff. After my new meds and good psychologist, I am doing better since 8 years. It feels great but I find it a scary process because of the relapses I have had in the past so I do not want to jinx it by being overly positive about it. What I am struggling currently is the physical and mental toll good days are giving me afterwards. it is not as bad as my depression days but it just makes me feel fatigued in a different way. For example I would have maybe 5 good days in a year and now I am having maybe 3 a month, sometimes more. So it is an massive improvement but the thing is, I get so damn tired after a few good days and just crash. My body feels just heavy and slow. Its like my body cannot process all these positive emotions and just is not used to it working differently. it is as if my brain is saying 'happy time's up!' and then shuts off. Is it just my brain getting used to all the serotonin and needs time to adjust? Does anyone relate to this? Is this normal going through recovery? Drained after a good day, can anyone relate?",Depression,1,val_search,train,train_added,val_search_00309
train_added_test_01598,test_01598,"Hello everyone,I rarely post on Reddit but.....I have nowhere else to go. I have talked to my selected friends but all your inputs are important. I would like to warn everyone this may have religious talks and depression....yeah....like that.....I have a bestfriend of 20 years. This year she will be getting married to the love of her life. I am genuinely happy for her. I really am. Here is the story: My bestfriend got engaged last January 1. She is currently living in United Kingdom, have a wonderful job and loving Fiance. After the engagement, she told us and her closest friends and family that they will wed next year July of 2022. So I was really ecstatic of hearing such wonderful news, at last she will settle down and create a family of her own. She told me that she wants me and our other bestfriend to be there at her wedding, we are three. we have been bestfriends since High School. I got fired up to save a lot of money for plane ticket and pocket money to be with her on her special day. Since I live in Asia, and the cost when you go to UK will cost a lot since our salary here is like x10 lower than what people earn in the western countries.&amp;#x200B;Til one time, she suddenly asked me if I could ask my Uncle who is a priest if Cohabitation is a sin. I asked her like why? She told me she and her Fiance wants to live together, because living in separate houses traveling back and forth every weekend is very tiring for the both of them. I told her if they want to live together without tying the knot yet is not a big deal. If that will help save them gas and transportation allowance, then go. But she told me she is looking for answers and admitted they are in abstinence from sex for how many months now. She felt guilt doing pre-marital sex, and she always seeks answers from God. Asking for signs and that. There is nothing wrong with that, I am a religious person myself but I do what I do. I know my limits. We have this saying in our country: ""God have mercy on us, man has their doing."" When I talked to my Uncle who is a priest and asked him about Cohabitation, he just straightly answered that: Cohabitation is a sin. And I told my bestfriend about it and she contemplated about it. And I know she is been asking a lot of people and even religious leaders in her country. And most of them told her there is nothing wrong if they want to live together. She is still reluctant. And fighting her Anxieties over the matter. To the point that we raised our voice at each other during a video call, because she told me that my life become shitty because of karma, because I lived with my boyfriend for 1.5 years. It was a really big stab in my heart, and I cried but I dismiss what I felt and I still prioritize her because I know she is more vulnerable than I am. Fast forward.......I do not remember if when she did announce that they decided to wed this year. I was surprised and partly disappointed because the first thing that I thought was that I will never see her walking down the aisle in person, and partly I know the reason for the sudden shift. But it was only a short span of time because I understand that she wants to live in peace with the blessing of God. I just express how surprised I am, and I told her I am happy for her at last she will be settling with the man of her dreams.They will have a small wedding this year, and a big wedding next year which in the same month of July 2022.But as the months go on, she always asks me the same thing: *Why do people have the same reaction, whenever I told them that we decided to marry this year. Why cannot they be happy, they look dissapointed? Why cannot they be happy for me? do not I deserve to be happy?* I always answer her: *People will be surprised of course, because you told them that your wedding is next year and there is a sudden change but that does not mean that they are not happy. do not ever think that.* I know it is her Anxiety talking. I deeply understand, because I also have one I have had depression and Anxiety for how many years. I always put myself in her shoes. Ever our other bestfriend she always asks about it, and she just answers: *It is you and your Fiance who will be getting married, not us, not other people. Only the two of you will create your own Happiness.*I also answer the same thing everytime she asked about it. Until I do not know what to say anymore, I asked my therapist and friends who got married about it. And they say: *Tell her that it is only her that will create her own happiness, not everyone else. But we know Anxiety is a big enemy.*My bestfriend become so anxious as months passed by and at some point became bitchy. Her patience shortened and at one point she is very angry? because the Bishop is not responding through her email, and she even told me if within 2 weeks he does not reply that is it. She will find another one. I told her that she is not the only person who will get married, there is also plenty of couples who wants to wed. And because of pandemic the rules and schedules have changed, she has to understand it. And she was like: *Is this what God wants?*So after a few more weeks, she decided to transfer to another Parish, and to her surprise there are schedules for weddings, the Parish Priest told her that he is available in 2 weeks time they could wed if they want to soon. And she was shocked at how fast it is. And I told her: *There ya go, no worries in finding a Priest and you have a schedule.* And she answered me: *It is too fast and too much.*The priest asked them if they have a venue already? Catering services? Photographer? And others? and they plainly answer: *No, we do not have anything yet.*The official Schedule of her wedding is by September 18 this year. She became more anxious. I understand what they called wedding Jitters. And she still ask me the same thing: *Why do people have the same reaction, whenever I told them that we decided to marry this year. Why cannot they be happy, they look disappointed? Why cannot they be happy for me? do not I deserve to be happy? Why is it like that?*Last Friday we had that conversation again, and I told her do you want to know the Truth? I can give you answers but you have to be ready. So, I told her that the possibility is that people see it as desperation, lack of security, insecurity, something like that. And I remind her that one time when one of her co-workers commented that is she afraid to lose her Fiance something like that. And then the word **Desperation** struck her. And she asked me is that also what you think of me and \[our other bestfriends name\], is that it? And I plainly answered her: *No.* And there is another question. Were you disappointed when we announced that we are getting married this year? Tell me the Truth. I do not know what I was thinking that time but I told her the Truth that I was a bit disappointed like 50% but it was for a short time. And I am passed by it. It was a very long time ago for me, and all I am focused on is I want her to walk down the aisle. And even volunteered to process her needed papers here in our country.She told me that she was very disappointed in me because she was not expecting that of me. So all this time I was not genuinely happy for her like all of it is fake. I told her it was not, I actually felt guilty that time, that is why I want to make it up to her by helping her with what I could give. She even asked me if our other bestfriend felt the same way and I told her it is not in my position to answer on her behalf. She told me on chat that her friend in UK was so genuinely happy when she asked her if she could be her bridesmaid. And she told me it is better for me to take care of things alone knowing that people are genuinely happy rather than people helping me(which she is pertaining to me) not genuinely happy. I want to justify myself more, but she just answered **WHATEVER.** So I did not push any further, I decided that I just have to let her cooldown, I know she is very stressed out.&amp;#x200B;I contacted our other bestfriend and she called me and we talked a lot via messenger and during that time she is talking to our bestfriend in UK. She is a Teacher here in our country and her patience is kind of running out, but we have to remind ourselves that it is her Anxiety talking right now and we know she will not listen even to us. But my bestfriend kind of admitted to her that what I said about desperation kind of struck her, and somehow she thinks it is true. Perhaps?I decided to mute all my chats in Messenger because I need some time alone. And just played online games, talking to different people to shift my impending Anxiety again of what has happened. I feel like I am terrible bestfriend for that. I am also dealing with a lot of Shit in my life. But for me I have to prioritize her wellbeing. She needs me, and my other bestfriend more than ever. When I talked to my former boss turned male bestfriend I told him what happened, and what I like about his advice is that I am correct at some point but I should have told my bestfriend a **WHITE LIE. Even if she forced me to tell the truth about how I feel.** She seeks positivity and assurance. And I am the only person and my other bestfriend who can give her assurance for that. I learned for that matter more.I am just worried about her, because she is snapping a lot. Not just about the wedding but at her work as well. We told her to breathe. Last time she got extremely mad at her Fiance, because of a simple comment about the flowers. And she was like: *Who will walk down the aisle? Who is the bride? And our wedding is this year! Not next year!* And her Fiance was so afraid whenever she gets mad. That he waited outside her apartment for them to be okay. But my bestfriend just ignored her. But they made up, do not worry. Her Fiance just wants to know, what is their plan? And she admitted that we really do not have one. I told her you two to have to sit down and talk. Listen to what he says. You easily snap.At least they are okay now. And she found a beautiful wedding gown. Which is really really beautiful. But I still do not read her last message because I am thinking I might have to justify myself. Even my other bestfriend is also stressed out and worried that she always burst, she always explodes. She never cools down. I shared our predicament with my married friends and they told me wedding stress is normal, but not that much. Because they balanced things out and talk about it as a couple. I understand my bestfriend wants acceptance. She wants a wedding where everyone is happy around her not just her. She wants to be like that.....Even we told her plenty of times that other people's opinion does not matter. What is important is that they love each other.....but.....she will still ask the same question.....&amp;#x200B;I really do not know what to say. I feel like a bad person telling her how I felt before. I am sorry if this is kind of rollercoaster and long........I am just really worried. It is very hard to talk to someone with a closed-mind right now. Thank you for reading everyone. I feel like a bad person",Depression,1,test,train,train_added,test_01598
train_added_val_search_00193,val_search_00193,only two cars can make a left turn every three or four minutes.,Normal,0,val_search,train,train_added,val_search_00193
train_added_val_confirm_00103,val_confirm_00103,"Sad girl hour\*I have came to the conclusion that I have never loved myself... Like... Ever ? You hear of people saying ""self love, self acceptance"" ""practicing self love"" and I have looked at ""ways"" of how these folks have achieved such a thing and I have tried you know? Positive self talk, bring grateful, taking time to yourself etc.. and I am just baffled like am I missing something ? maybe I do not commit myself fully to it, but it all seems a bit... Surface level ? Idk man. I just do not really like myself, I am super self aware like I know I am insecure,awkward and I know WHY I am insecure, I know I can be jealous and I know WHY I can be jealous, I have digged deep into my childhood/teenagehood and I know it is stemmed from there, I was bullied and put down a lot and then continuously into bad relationships, just grasping and searching for someone to love me to make up for not loving myself just rendering myself in a worse state than before the relationship... On the flip side I know I am loving to others, I am kind and I stand up for what is right, I have been able to become more confrontational as I have gotten older, I used to be that person who would get beat down and not utter a word back in self defence, so I guess that is a plus ?...But I do not think I am attractive, I hate that I feel flawed and jealous and insecure, I hate that the hobbies I once thrived on are just clutter in my cupboard and drawers now :'( I hate that I cannot sleep at night but waste most of my days away asleep, then when I am awake I am autopilot, just the basics to keep my house going and myself alive. it is bleak. I find hardly any pleasure in life, I hate the city I live in, I do not get to be in nature (or allow myself to be outside because being outside especially alone is so daunting, I \*need\* someone with me)much and when I am those are the few times I feel at peace, and sadly I am in no position to move to a place like that... I do not have any friends, because mentioned before I was bullied a lot as a kid/teen so it made me feel inadequate, my social skills suck balls I do not know how to keep friends, I have been able to speak to people in workplaces (I have not worked since the start of lockdown last year) and keep friendly relationships there but I have not been able to carry that on outside of it, even when it is been offered to me, I just feel like... I do not want to bother people with my inconsistency or just myself in general. Ugh, my dudes. This went a bit further than I thought, this was supposed to be just about not being able to wrap my head around how folk are able to make self love work for them because it does not click mentally for me lol. Self love ? Tf even is that ?",Depression,1,val_confirm,train,train_added,val_confirm_00103
train_added_val_search_00374,val_search_00374,"Stabbing random pain in the left side of chest? Hi, I get these random stabbing pain in the left side of my chest and I'm not sure what it is... I've been to the doctor and they've ruled out any possibility of heart disease or anything else.
Could anxiety cause pains such as these?",Anxiety,2,val_search,train,train_added,val_search_00374
train_added_val_confirm_00226,val_confirm_00226,carmonium i m stressed outttt,Normal,0,val_confirm,train,train_added,val_confirm_00226
train_added_test_00265,test_00265,"UPDATE: I have a 2nd job interview tomorrow Today was a heck of a day. I applied for this radio station job last week with the expectation that I would work part-time doing the news and some office work. It's not my ideal dream scenario but it's a job in radio, which I love more than anything else.

I walked into the interview today and knocked it out of the park. So much so that the owner is going a completely different direction with me. He offered me a morning drive show simulcast on two of their stations. They've never done a live, local show on this radio station. Like...ever.

I wrote this in my initial post, but getting into radio was part of my therapy and mental well-being. The idea was that if I did something I loved that mentally/creatively stimulated me then I would be prone to having fewer episodes and just be in a better place overall.

This proved to mostly work. I was able to be creative to a point but I was still restricted by someone else's parameters. This new job would offer me the chance to build something from the ground up. It's giving me the opportunity to build my own brand. I've always looked at radio as a form of art and I've just been given a blank canvas. 

My wife didn't know how to handle me when I came home today. She hasn't seen me like this in over a year. My moods haven't really cycled; they've pretty much been low and lower. I feel higher than I've felt in a really long time. She couldn't stop smiling and hugging me.

I just wanted to share this news with someone. I've been under this dark cloud for so long and it's nice to feel good about something for once. Thanks for reading.",Bipolar,3,test,train,train_added,test_00265
train_added_val_confirm_00583,val_confirm_00583,"FYI... stay away from the Ask Reddit “What was your ‘i can’t believe this is happening right now’ moment?” Thread I read it, and some of the responses. 




Some of the top comments are about people finding out they have cancer. 

now I’m terrified AGAIN that I have cancer. 

Stay away if you haven’t read it yet!",Anxiety,2,val_confirm,train,train_added,val_confirm_00583
train_added_val_confirm_01023,val_confirm_01023,Whats goin on with me For context a few days agoa i researched a disease called als and 1 day later i started displaying symptoms after researching I need help,Anxiety,2,val_confirm,train,train_added,val_confirm_01023
train_added_val_confirm_00536,val_confirm_00536,"Thought loops Hey, I'm just curious if someone can relate to this. So from time to time I experience something like thought loops on different topics. I'm not sure even how to call it, but, for example, today I spent whole day thinking about that our world seems kinda hollow and that there's something beyond love, family and money. The reason I post it is that it feels somewhat damaging to me. I feel like I have to find the answer and I spend some time doing researches. I just don't know how to be over it and calm about it. So why it feels damaging..I have 2 outcomes: first is logical but I can't accept it, the second is irrational, I can't prove it, but it feels like it's the truth. 
I'm not sure, maybe it's something obvious and I just don't know about. Just curious if it is related to bipolar, because my friends say I just need to calm down, but I can't. If you experience it, how do you stop it or what do you do about it? Btw, I have bp2",Bipolar,3,val_confirm,train,train_added,val_confirm_00536
train_added_val_confirm_00305,val_confirm_00305,how do you guys overcome rejection in love?what should i do to feel normal again?is it okay to fall for someone who is into me?lastly how to trust someone? i feel like everyone i believe always make lie in some point and hide everything from me. some simp questions,Depression,1,val_confirm,train,train_added,val_confirm_00305
train_added_val_confirm_00211,val_confirm_00211,"How do I stop spending money??? I’ll preface this post with the fact that I have bipolar and I’m young. I know both those things contribute to the impulse of money spending. I am still in college and my parents give me money for necessities (groceries, therapy, gas money to visit home). I DID have a regular job, but I quit because of how toxic the workplace was. I babysit pretty regularly and I am in the running for a job as a ghost tour guide, so it’s not like I CAN’T afford frivolous things, but I do feel bad about not having basically any money in my savings ($20 to my name right now! It’s insane)

I am no longer someone who buys clothes just because I like them, but I did go up a few sizes due to medication increase and diet change so I’ve been having to replace a lot of my old clothes. I always shop at goodwill though and lately I haven’t had to buy that much. I don’t buy house decor anymore since I am definitely fulfilled in that aspect. I only buy art supplies when my current ones are totally out of use.

I think I impulse buy fast food or even restaurant food super easily when I can just cook it or use my meal plan at school. I only have to pay $1k-2k per year at school due to scholarships and financial aid, but it’s still a big chunk (my parents now pay half ever since I quit my job). My biggest vice, however, is legos. I buy so many legos, especially when I’m feeling anxious. They’re a super efficient distraction and a really engaging hobby. Even my parents support it because they see how it calms me and makes me happy. But my issue is that whenever I get any sort of significant money I immediately go to buy legos. I don’t know how to stop or budget or anything or put any of it into a savings account without just taking it right back out. It’s like every other week at this point.

I need help. How do you all save money? You all know what I do and don’t spend it on, so do you have any tips?",Bipolar,3,val_confirm,train,train_added,val_confirm_00211
train_added_test_02240,test_02240,the tv news is reporting a bank robbery.,Normal,0,test,train,train_added,test_02240
train_added_test_00910,test_00910,"Oh yeah, for those who don't know what the problem is, then you guys are curious, don't press for fun on the sb ""Ni-ki bvlly"" :)",Normal,0,test,train,train_added,test_00910
train_added_val_confirm_00815,val_confirm_00815,i haven't seen her yet.,Normal,0,val_confirm,train,train_added,val_confirm_00815
train_added_val_confirm_00411,val_confirm_00411,"EKG changes and CT? Greeting, my anxious friends.  


I'll cut right to the chase!

&amp;#x200B;

From April 2018 - November 18th, I went to the hospital 14 times or so, each time with the same symptoms; feeling of rapid heartbeat, chest pain, profuse sweating and feeling of impending doom. Each time I had an EKG and bloodwork done and the results have always been perfectly normal. I've also had a Holter done in addition to several other monitors during admission.  


When I went to the hospital on November 13th my EKG was perfectly normal. When I went to the hospital again on November 18th, I suddenly had inverted Ts in my ST-segment, which they said could be indicative of insufficient oxygen to the heart muscle. From November 18th - present, I've had additional EKGs done which show the same change, but the doctors say that the EKGs, even with the change, is still perfectly normal. Some say there is no ischemia and that my heart is perfectly healthy, others say that they aren't concerned at all and that they don't suspect anything.  
I also had an extensive ultrasound done in November, which shows nothing abnormal. Valves are fine, no endocarditis, no extra sounds. Heart monitor during admission shows nothing abnormal either.  


Still, I am scheduled for a CT on January 22nd to rule out any atherosclerosis/blockages and I am scared to death of the pre-op medication they want to give me to lower my heart rate to between 40-50BPM.  


My question to the community is: Have you heard of depression/anxiety causing changes in your EKG? If you Google it, there is one article out of Columbia University that specifically mentions ST-inversions in patients with depression/anxiety.  


I am 27 years old, 190lbs, 6'4"" - I eat healthily and I've never smoked. I don't drink or do drugs either. The odds of me suddenly having ischemia, especially from one week to the next, is atomically small.  


Have you guys ever heard anything like this? Blood pressure is fine as well.",Anxiety,2,val_confirm,train,train_added,val_confirm_00411
train_added_val_confirm_00451,val_confirm_00451,I want to kill myself. I have marked my arms enough already and I have the knife in my hand. I need to call someone and talk about this before I die I am drunk and My plan was to commit suicide,Depression,1,val_confirm,train,train_added,val_confirm_00451
train_added_val_search_00046,val_search_00046,Need a bipolar friend Edit: thanks for all the kind words and support guys,Bipolar,3,val_search,train,train_added,val_search_00046
train_added_val_confirm_00725,val_confirm_00725,Right foot is buzzing/vibrating along with twitching in legs. For about 3 weeks now I’ve been getting cramping and twitching legs. Yesterday my right foot feels like it’s vibrating. It’s driving me nuts. Of course I’m thinking it’s ALS or MS. ,Anxiety,2,val_confirm,train,train_added,val_confirm_00725
train_added_val_search_00180,val_search_00180,"Dealing with Health Anxiety when you are looking forward to something that won't happen for several more months Does anyone's health anxiety increase when you start getting excited and start anticipating something that is a long time away, like several months or a year?  For example, my wife and I booked a cruise in April.  Everything is already paid for, all we have to do is show up.  Unfortunately, when I start getting excited for it, my health anxiety kicks in and I can't help but think that I might not make it because the symptoms that my anxiety produces, and that my mind thinks are real, will end me before I can experience it.  I feel like that heart attack that I've been worried about having for the past 10+ years will finally occur and prove every doctor I have seen wrong and that it will be the reason I won't be alive to experience this time that I am so looking forward too.  Anyways, just venting.  This happens to me on most everything that I am looking forward too if it's a long ways out.",Anxiety,2,val_search,train,train_added,val_search_00180
train_added_test_00194,test_00194,i m a yo guy and i want to die i feel like a bad person i have like friend and i never hangout with them other than school i have a gf and i love her with all my heart but i know she could do better not to be cocky or anything but i m probably top smartest in my school of 00 i will probably go to a decent college and have a lot of life ahead of me i just feel tired with life though i think i might be mentally ill i ve fallen into this personality of being the crazy person of the group i hate silence because then i think about how much i hate myself i say or ask random stuff to end the silence that make me seem retarded i don t smoke or do drug and not on any medication but i wa thinking last night that the way i want to die is an overdose i work in fast food and some of the people i talk to at work are drug dealer and i think they would sell to me i ve thought it through and maybe i buy multiple non lethal quantity and then use them all at once i ve been more depressed than usual this last week i do football and wrestling and it s the off season right now so i should have gone to an off season wrestling practice my gf knew i wa doing this the only time i m really happy is when i m around her i needed to see her so i skipped practice to hangout with her she wa already with her girl friend and i didn t want to be a jerk and just come out and say i need to be with you tonight i think is the limit im always horny it s all i think about and my gf rarely want to have sex because she wa molested in her sleep twice by a family friend she still sometime see this last week i kinda learned if i keep asking her she will give in we were in my basement tonight and cuddling when i tried to finger her i did not force her i asked multiple time for consent she let me do it and gave me a handjob we both finished and i said do you want to go to the park where we usually have car sex she said yes so we went it wa still kinda light out so we went to target and walmart and walked around she showed me this lego set she wanted for herself i wa having a great time when we got in the car she said she didn t want to have sex anymore i wa extremely disappointed because she got my hope up i did not force her though she said she wa sick of me always talking about sex i replied saying it s the only thing i can ever think about she got mad and we sat in silence for a bit she asked to go home but i begged her to stay out for another hour until our curfew she agreed and went went to mcdonald s for sprite i apologized probably time about it saying i ll be better i know she could do better than me but i can t bring myself to break up with her she say she only want me but i want her to be happy with someone that would treat her better i ve decided to finally go to sleep and let her move on but the important part is her period is day late right now she might be pregnant neither of u believe in abortion if she is pregnant i plan on staying alive and supporting it if she s not i m going to buy her the 00 lego set she doesn t want me to buy for her i m gon na overdose after that i think i will write her a note saying sorry and it s not her fault one to the school and friend asking them to make joke about it and one to my 0 yo brother to say sorry and leave him everything i own xbox and 000 in my bank sorry this wa so long,Depression,1,test,train,train_added,test_00194
train_added_val_search_00197,val_search_00197,I'm even worried about myself :((,Anxiety,2,val_search,train,train_added,val_search_00197
train_added_val_confirm_00777,val_confirm_00777,I just spent the last hour writing out a post spilling out my heart over a birthday party just to delete it because it serves no point.How do you go on when you cannot find value in the little things anymore?I am probably just going to delete this post later. what is the point anymore.,Depression,1,val_confirm,train,train_added,val_confirm_00777
train_added_test_01275,test_01275,sarahsaturday i m sorry your gift card ran out that suck,Normal,0,test,train,train_added,test_01275
train_added_test_02339,test_02339,"Differences between bipolar 1 and 2? So a week ago my therapist told me I was displaying symptoms of bipolar disorder and at the time he thought I was manic -- with that being said, what are the differences between bp1 and 2 other than hypomania and mania? And how can I tell the difference between a manic episode and a hypomanic episode?? I'm seeing a psychiatrist this week (two, actually -- trying to see if I should switch), and I'm kind of??? Really confused. 
I'm not sure if when my therapist said manic he meant hypomanic, or if it was just an assumption and I shouldn't even be here. 
I'm just struggling with figuring this out..",Bipolar,3,test,train,train_added,test_02339
train_added_test_01029,test_01029,The highest level of miss is when you are worried about him for no apparent reason.,Anxiety,2,test,train,train_added,test_01029
train_added_val_confirm_00657,val_confirm_00657,"Just when I think I've made it, I get pulled back in. I've had so many tests, painful and otherwise, over the past several weeks.  After finally getting a nearly clean bill of health, I brought up with my doctor the one thing I didn't think about until recently. I could feel a swollen lymph node just under my jaw over my carotid artery.  what started to scare me, is that i realized I could feel that lymph node for something like 3 *months*.  My doctor immediately ordered an ultrasound, and this morning I got a really somber call from a nurse at the Dr.'s office saying I needed to see an ENT right away: I not only have the one, but *multiple* enlarged lymph nodes in that area.  My understanding is that the concern from my doctor is not just that there are multilple and they're enlarged (at least one is on the order of 2cm), but that at least one has persisted for so long, and even more alarming, I have no signs of an infection and my bloodwork is clean; apparently persistent enlarged, multiple lymph nodes with clean bloodwork is not a good sign.

I've been freaking out all day and I've been trying to avoid the internet, but the soonest I can get in to see an ENT is next Tuesday, so I get to spend the next 4+ days agonizing about this. I'm 38 years old, and I've been through so many health symptom scares over the past couple of months (mostly heart related) that the anxiety is just making me lose my mind...",Anxiety,2,val_confirm,train,train_added,val_confirm_00657
train_added_val_confirm_00694,val_confirm_00694,"Started mood stabilizers and having severe panic attacks I just started Lamictal, 25mg moving to 50mg in a couple days. After the first 2 days I was very manic; creating a lot, no sleep, the usual suspects. Then very recently—3 days ago— I started getting into a depressive episode. Yesterday I used my positive coping skills to help deal with it, felt better but then had a very sudden onset of panic attacks. Today was no different. Panic attacks after every 3 hours. I hung out with the same friend, and they didn’t really do anything to cause it, nor did anything else. 

Also, in my manic states I have quite the sexual appetite and in my depressive episodes I usually ignore the avoidance symptoms (dumb, I know) and have sex anyways. Recently however the thought of ANYONE having any type of sex (friends talking about experience, me imagining etc) has triggered panic attacks. 

I’m not sure what to do does anyone have any recommendations. ",Bipolar,3,val_confirm,train,train_added,val_confirm_00694
train_added_val_confirm_00491,val_confirm_00491,"They were late. They tried to play it cool with the excuse they gave, but J had this grin on his face and Lux had the flushes look she gets when she has sex. And then Lux said she was going to fix her hair and left to the bathroom and after a while J said he was going to see if she needed help. Obviously they left to have sex. I mean, fine, but I thought that was a bit disrespectful.",Normal,0,val_confirm,train,train_added,val_confirm_00491
train_added_test_01662,test_01662,"Anybody have prosopagnosia/facial blindness? Wondering if there’s a link between that and bipolar. If you’re not sure what I mean, it’s when you have a hard time remembering what someone looks like/recognizing people. Like if I see a friend in public I’m never sure if it’s actually them or if you ask me to describe someone’s features I’d have no idea. Actually a good example is after yoga class I won’t be able to recognize which person is the teacher after everyone has left the studio— so I try to memorize the teacher’s tattoos or outfit color so I know who to thank after class. Anybody else experience this??",Bipolar,3,test,train,train_added,test_01662
train_added_test_02233,test_02233,"Ramble about new diagnosis I finally got diagnosed after 10+ years of me having breakdowns and making GP appointments and desperately asking doctors to tell me whats wrong with me.

It took a mental health nurse to see something was really wrong and she got my seen by a psychiatrist who diagnosed me with unspecified bipolar and I’ve now also been referred for an ADHD assessment. 

I don’t feel any better though. Well of course not, nothing has actually changed. I have been taking Lamictal but not feeling any positive effects yet. 

I had been told for years it’s depression, anxiety and one doctor said it sounded hormonal. I thought that I would get better. I thought that I would recover and live a healthy, normal life. I feel like I have to mourn the idea of this now. 

I’m not getting much help behind this diagnosis. They say because I’ve never been hospitalised and I manage to hold down a job and maintain relationships I don’t need it. I get it but it hurts. I feel invalidated, confused and alone.

I managed to get myself a good job at a company I could have only dreamed of working for. I am fucking it up though. I do nothing most days. I’m so consumed by what’s going on in my head whether it’s good or bad. 

I’m going to have to go back to a less demanding job which breaks my heart and I feel if leave it will trigger an episode. I’m scared I’ll impulsively quit one day too like my last 4 jobs. Maybe I’ll get fired first anyway. 

I have an amazing support system and have cut off anyone who wasn’t good for me. I’m also in a loving relationship with someone I want to spend the rest of my life with. I have to fight thoughts about sabotaging these relationships though. They’re so annoying I tell myself but actually I’m just irritable and they really care about me which can be hard to believe.

Despite everything appearing good to others, I am so chaotic. I’ve stopped pretending now when people ask me if I’m okay. I tell them no, I feel crazy. Everyone tells me I need a routine but it is impossible. 

My life on paper is great and in reality it is too to be honest. It’s boring though. I’ve gone sober too. I feel ungrateful almost. I am the problem and I am losing my mind. I feel like I’ve been fighting the crazy in me for years but I’m exhausted and I don’t want to anymore. I’m sick of doing the right things and what’s good for me. This diagnosis has brought up some scary thoughts like now my insane moods are justified. I don’t need to hold back anymore. I also then think though, if I’ve been able to keep complete madness at bay then I guess I’m actually not that unwell. I just feel like a prisoner of my own mind.",Bipolar,3,test,train,train_added,test_02233
train_added_val_search_00076,val_search_00076,"I just wanted to say I have been dealing with depression for a long time, I struggle with a few other issues and I am not really sure what to do. I have been hospitalized inpatient a few times this year, I know I am usually the problem or I think it is me. it is hard for me to make friends, I try at it and I always feel lonely. So the first experience for the hospital was shitty, the 2nd one was fine but then it got worse quickly and the 3rd time was where they recommended me for that and I had to see a doctor again to refer me to a partial hospitalization program. I am not sure if many of you know about that, but I am kind of at this stage where I do not care anymore and I will try anything at this point. I just do not know what to do to make my depression better, I have tried everything from therapy, to doctors, to meds, and all that. I am not trying to discourage anybody but I am lost at this point. Wish me luck pls. I start a partial hospitalization program today",Depression,1,val_search,train,train_added,val_search_00076
train_added_test_01429,test_01429,"Anyone been on venlablue XL? I’m having really bad tremors, I can’t stop shaking.",Bipolar,3,test,train,train_added,test_01429
train_added_val_confirm_00661,val_confirm_00661,"Heart health anxiety Hi all, stumbled across this sub doing, what else, some late night symptom googling, and I couldn't be more glad to see it. I've had generalized anxiety for years, but recently it's started to manifest more as health anxiety, triggered when my cat died of sudden onset congestive heart failure a few months ago. 

I've had chest pain in the upper left side for almost a week now, and I can't seem to convince myself that I'm not dying. I've had two normal EKGs, normal bloodwork except for an elevated d dimer level, and a normal x-ray and CT. After all that, I'm still not able to stop my anxiety that the twinge in my arm is a heart attack, or the burning sensation in my back is an aortic dissection. Any suggestions for calming the anxiety beast? ",Anxiety,2,val_confirm,train,train_added,val_confirm_00661
train_added_test_00377,test_00377,"My girlfriend of nearly 4 years suffers from depression. She was diagnosed back in her late teens, and used to take medication for it. we have both had our ups and downs through the relationship with this issue, but we always work through it. Every once in awhile she will have a manic breakdown, and say things like everyone would be better off if I did not exist or I make everyone is lives miserable. Obviously these claims are not true, and I tell her that. But lately she seems to be doing it more and more. She says she would never hurt herself, but I just think she realizes what emotional damage this does to me. She sees a therapist once a month, and she refuses to take her depression medication. In fact, she has not taken it for the past 6 or 7 years. She used to be a daily weed smoker, but quit cold turkey a year ago.Does anyone have any advice on how I can help her? Or any advice I could give her? Girlfriend says everyone would be better off without her",Depression,1,test,train,train_added,test_00377
train_added_test_01045,test_01045,want to talk but afraid of not being allowed,Normal,0,test,train,train_added,test_01045
train_added_val_confirm_01081,val_confirm_01081,"How to deal with anxiety caused by new in site job? I had pretty bad problems with anxiety a couple of years ago, but I managed to get better. For the last couple of years, I worked remotely, my job was calm and my colleagues were nice. 

Two weeks ago I started a new office job. 
At first, felt just drained mentally and physically and I thought that this was just me adjusting to my new lifestyle, but now I feel how my anxiety is back. Being locked in a small room the whole day surrounded by people that I don't know has taken a tow on my mental health. And this in only 2 weeks!

I have the option to work someday of the week remotely, but I was hoping to be in the office until I get a grasp of what are my day-to-day tasks.

So do you have any advice on how I can deal with this for at least a couple more weeks until I feel comfortable getting an home office day?",Anxiety,2,val_confirm,train,train_added,val_confirm_01081
train_added_val_search_00328,val_search_00328,"Insights from over two years of custom mood tracking (SO MUCH DATA) **Some background statistics are needed to understand these interpretations, and I'll do the most basic explanation I can to make it most accessible (while risking misrepresenting it; if you want to get pedantic and explain it better in the comments, go ahead). The explanations are in the footnotes below.**

* my mood over the past two years has improved slightly but overall stayed about the same. an average mood of 64.76 for 2016 and 64.91 for 2017, that's something.

* 576 days out of 741 (~77%) of days felt more good than bad.

* I spent 92 days in the last two years with a mood lower than 40% (~12% of the 741 days)

* I spent 15 days severely depressed (~2%)

* I spent 8 days with strong suicidal feelings and 3 days actively pursuing suicide

* I spent 159 days with a mood above 80%. 57 were in 2017, 99  were in 2016, and the remainder were in either 2015 or 2018, for which few days have been recorded.

* I spent 24 days euphoric (mood 90+%)

* I spent 8 days on top of the world euphoric (mood&gt;92%)

* my mood had a standard deviation of 18.86 percentage points for 2016 and 15.60 percentage points for 2017, I've gotten more stable. A full time job does that I guess. So does no longer having the tribulations of terminal cancer in your life.

* my happiest days of the last two years were all in 2016 (lower standard deviation suggested as much) (an emphatic thank you to the redditor behind 8/14/16 being one of them)

* my custom manic rating scale suggests I spent 34 days in 2017 some kind of manic (~9.3%) and 51 days in 2016 some kind of manic (~14%)

* Getting off lowers my stress levels and increases my mood: each orgasm reduces my perceived stress by 3 percentage points. with a p value of under .001. With mean stress levels of 35.7%, that's about an 8.4% difference per orgasm. Each orgasm also raises my mood by about 3 percentage points, for a typical increase of ~4.7% per orgasm.

* each 1 (out of 10) point increase in my stress levels increases my anxiety on average by 4 percentage points. With mean anxiety levels of 28% that's a 14% difference per point.

* the effects of alcohol on my mood are unclear. My mood tracker strongly suggests (P&lt;.001) I drink more when I feel good, but the direction of causality here is likely such that I drink because I feel good rather than because it makes me feel good. The data isn't of a nature that can tell me how it affects me during the duration of alcohol. It's clear there isn't sufficient evidence to strongly support the hypothesis that alcohol makes me in particular depressed.

* sleep plays a highly significant role in minimizing stress and anxiety, with p values of .01 and .03 respectively and meaningful correlation coefficients.

* weed improves my mood by .624 percentage points per level of r/trees high-ness scale. with a p value of .019 and a mean mood of 64.84, that's about a 1% improvement per point of highness. At a total high, that's a 10% increase in mood (and a very high likelihood of experiencing some psychosis). At a moderate high, that might be a 5% increase in mood. In other words weed definitely improves my mood overall, but at level other factors are still very important. ***It's worth noting that the percentage increase in mood is different based on the baseline mood, if I'm at a suicidal depression (typical such mood around 15% (1 is most suicidal ever on my scale)), a 10 point increase in mood is actually an increase in mood of ~67%)***. I actually used weed the last time I was suicidal to get out of those feelings and it helped me. Weed is risky and makes some of us psychotic and can make us depressed. Use it with caution if at all.

* weed increases my sleep. with an average night's sleep lasting 7.96 hours and an increase of .045 hours per point of the r/trees high-ness scale, for a very strong high increasing my hours slept by a half hour (this is probably weaker than it should be because of an alarm)

* weed impairs my cognition. p value &lt;.002

* weed causes me psychosis with a p value of less than .001. Typically the psychosis hasn't been severe, so it's something I've continued. It's not helping me, but that's why they call it a vice.

* I drank a bit more in 2017 than 2016 thanks to a bender around July where I learned to cope with boredom better (1.24 drinks per day vs 1.1 drinks per day), but I've had two drinks in 2018 for an average of .18 drinks per day. I intend to drink again, but I'm giving my liver a break for the time being.

----------

**Things this teaches**

* the effects of substance use are complicated and hard to measure. I deliberately minimized my analysis of alcohol because so few of my tests demonstrated statistical significance. From anecdotal observation I can tell you I've learned it increases the effects of stress on my body and can exacerbate either depression or mania, but that it helps me feel connected to friends. You may benefit in one way but be hurt in another. It's a lot to keep track of, and probably more than my mood tracker can keep track of (and it has 17 columns with 11 variables!)

* sleep and meds make a world of difference

* mood trackers are only as informative as your data, so if you want to see how substances affect you, you've gotta track it measurably.

* a support network and friends can make a world of difference (learned through observation and verified with it, but still)

* meds definitely help


----------------

**Pretty dumbed down statistics**

P value is most basically explained as the likelihood of occurring due to chance with 1 meaning 100% and 0 meaning couldn't randomly occur at all (I know this isn't quite right, but this is a simplification). R squared is how well an algorithm explains the data. a high r squared means a regression has high explanatory power. 1 is a perfect fit, 0 is no fit. Beta is the strength of a correlation. If my mood is measured on a 100 point scale and one unit of sleep changes my mood by +6 points, then sleep would have a beta of 6. Standard deviation is a descriptor for the amount of variation in a data set. If everything is close to average, it's got a low standard deviation. If everything is very disparate, it will have a high SD.

-----------

Edit: thought I had percent and percentage point confused somewhere but was wrong so I fixed it twice, oops.

Edit 2: I wanted to share it but was feeling too worn out to set up a new one for you guys, but u/glitter-beast reminded me [I posted about it before and had a dropbox saved file for it](https://www.reddit.com/r/BipolarReddit/comments/6mmchn/making_a_mood_tracker_how_i_did_it_why_you_might/). I updated the one I linked in the description there to make it more likely to output possible mania (as it seemed to fail at this), corrected an error that was getting in the way of accurate alcohol-related depression results, and changed the dates to be for 2018

Edit 3: the biggest thing I might change for yourself if I was you would be the role of your sex drive in your manic rating. Most people don't keep the same baseline libido as I do, and plenty of people don't have their libido as a very strong indicator of mania.",Bipolar,3,val_search,train,train_added,val_search_00328
train_added_val_confirm_00151,val_confirm_00151,"I do not know why my brain does this, but I cannot even do anything for enjoyment anymore because everytime I try to do something for fun, my brain thinks way too much about it and it stresses me out and saps the fun out of everything. I think about which game would bring me more enjoyment, which song would bring me more emotion, which activity I really want to do and I never know man. I am stressed out by everything that I used to do for fun. I cannot make up my mind about anything anymore. it is so hard I just want to feel better but I feel bad for no reason all about everything why. Overthinking has taken all enjoyment out of everything...",Depression,1,val_confirm,train,train_added,val_confirm_00151
train_added_val_confirm_00616,val_confirm_00616,The important thing is that I hope it's not the same as humans,Normal,0,val_confirm,train,train_added,val_confirm_00616
train_added_test_00320,test_00320,beautiful beach in kuta tonight,Normal,0,test,train,train_added,test_00320
train_added_val_confirm_00057,val_confirm_00057,"Does anyone else have an extremely sensitive gut due to anxiety? When my anxiety gets bad I get bowel discomfort. My digestion is poor, and I basically get what amounts to an IBS flare up. I had some anxiety for a couple of days this week and I have been in agony for about 4 days now, long after the anxiety subsided. Last night my gut hurt so bad I couldn't even sleep.

I may actually have IBS and it may actually be tied to my anxiety, I don't know. Can anyone else relate to this?",Anxiety,2,val_confirm,train,train_added,val_confirm_00057
