id,true_label,noaug_pred,aug_pred,noaug_correct,aug_correct,noaug_invalid,aug_invalid,outcome,invalid_transition,retrieved_id_noaug,retrieved_id_aug,similarity_noaug,similarity_aug
test_00000,Anxiety,Anxiety,Anxiety,True,True,False,False,both_correct,valid_to_valid,train_00038,train_00038,0.5284314155578613,0.5284315347671509
test_00001,Bipolar,Depression,Depression,False,False,False,False,both_wrong,valid_to_valid,train_03362,aug_train_04506_0,0.6366847157478333,0.6456310749053955
test_00002,Normal,Normal,Normal,True,True,False,False,both_correct,valid_to_valid,train_01561,aug_train_02635_1,0.41841787099838257,0.42743349075317383
test_00003,Bipolar,Bipolar,Bipolar,True,True,False,False,both_correct,valid_to_valid,train_00433,train_00433,0.7248333096504211,0.7248333692550659
test_00004,Depression,Depression,Depression,True,True,False,False,both_correct,valid_to_valid,train_02115,train_02115,0.7261755466461182,0.7261755466461182
test_00005,Normal,Normal,Normal,True,True,False,False,both_correct,valid_to_valid,train_04461,train_04461,0.3562491536140442,0.35624903440475464
test_00006,Depression,Bipolar,Bipolar,False,False,False,False,both_wrong,valid_to_valid,train_05582,train_05582,0.6920267939567566,0.6920267343521118
test_00007,Depression,Anxiety,Anxiety,False,False,False,False,both_wrong,valid_to_valid,train_01094,train_01094,0.6863789558410645,0.686379075050354
test_00008,Anxiety,Anxiety,Anxiety,True,True,False,False,both_correct,valid_to_valid,train_03635,train_03635,0.6000394821166992,0.6000394225120544
test_00009,Bipolar,Bipolar,Bipolar,True,True,False,False,both_correct,valid_to_valid,train_01569,aug_train_03003_1,0.6900047659873962,0.7133225202560425
test_00010,Bipolar,Bipolar,Bipolar,True,True,False,False,both_correct,valid_to_valid,train_04920,train_04920,0.676047682762146,0.6760478019714355
test_00011,Depression,INVALID,INVALID,False,False,True,True,both_wrong,invalid_to_invalid,train_04828,train_04828,0.6962618827819824,0.696262001991272
test_00012,Bipolar,Bipolar,Bipolar,True,True,False,False,both_correct,valid_to_valid,train_04781,aug_train_04781_0,0.7094899415969849,0.7142987251281738
test_00013,Anxiety,Anxiety,Anxiety,True,True,False,False,both_correct,valid_to_valid,train_04745,aug_train_04745_1,0.6482511758804321,0.6739091873168945
test_00014,Anxiety,Anxiety,Anxiety,True,True,False,False,both_correct,valid_to_valid,train_03500,aug_train_03500_0,0.7485607266426086,0.7659469842910767
test_00015,Depression,Depression,Depression,True,True,False,False,both_correct,valid_to_valid,train_05823,train_05823,0.6787790656089783,0.6787787675857544
test_00016,Bipolar,Depression,Normal,False,False,False,False,both_wrong,valid_to_valid,train_04936,aug_train_01532_1,0.6483395099639893,0.7429845333099365
test_00017,Depression,Depression,Depression,True,True,False,False,both_correct,valid_to_valid,train_00058,train_00058,0.7581396102905273,0.7581396102905273
test_00018,Bipolar,Bipolar,Bipolar,True,True,False,False,both_correct,valid_to_valid,train_00659,train_00659,0.7741943001747131,0.7741942405700684
test_00019,Bipolar,Bipolar,Anxiety,True,False,False,False,noaug_only_correct,valid_to_valid,train_03527,aug_train_01805_0,0.7342213988304138,0.7843773365020752
test_00020,Normal,Normal,Normal,True,True,False,False,both_correct,valid_to_valid,train_04441,train_04441,0.5759344696998596,0.5759344696998596
test_00021,Normal,Normal,Normal,True,True,False,False,both_correct,valid_to_valid,train_00300,train_00300,0.6712049841880798,0.6712051033973694
test_00022,Anxiety,Anxiety,Anxiety,True,True,False,False,both_correct,valid_to_valid,train_05266,train_05266,0.6170207262039185,0.6170206665992737
test_00023,Normal,INVALID,Anxiety,False,False,True,False,both_wrong,invalid_to_valid,train_05777,aug_train_05316_1,0.41329389810562134,0.41353070735931396
test_00024,Bipolar,Bipolar,Bipolar,True,True,False,False,both_correct,valid_to_valid,train_05940,train_05940,0.7981334328651428,0.798133373260498
test_00025,Depression,Depression,Depression,True,True,False,False,both_correct,valid_to_valid,train_01659,train_01659,0.45252907276153564,0.4525291323661804
test_00026,Depression,Depression,Depression,True,True,False,False,both_correct,valid_to_valid,train_01734,train_01734,0.5889413356781006,0.588941216468811
test_00027,Depression,INVALID,INVALID,False,False,True,True,both_wrong,invalid_to_invalid,train_05459,train_05459,0.6643259525299072,0.6643259525299072
test_00028,Bipolar,Bipolar,Bipolar,True,True,False,False,both_correct,valid_to_valid,train_03543,aug_train_00564_1,0.7379622459411621,0.7676630020141602
test_00029,Normal,Normal,Anxiety,True,False,False,False,noaug_only_correct,valid_to_valid,train_01344,aug_train_05187_1,0.30691975355148315,0.3287507891654968
test_00030,Depression,Depression,Depression,True,True,False,False,both_correct,valid_to_valid,train_04437,aug_train_03223_1,0.659224271774292,0.6795650124549866
test_00031,Bipolar,Bipolar,Bipolar,True,True,False,False,both_correct,valid_to_valid,train_04890,aug_train_04515_0,0.700438380241394,0.7162816524505615
test_00032,Bipolar,Anxiety,Anxiety,False,False,False,False,both_wrong,valid_to_valid,train_01931,train_01931,0.5730838775634766,0.573083758354187
test_00033,Normal,Normal,Normal,True,True,False,False,both_correct,valid_to_valid,train_01561,aug_train_02919_0,0.40554559230804443,0.4631024897098541
test_00034,Anxiety,Anxiety,Anxiety,True,True,False,False,both_correct,valid_to_valid,train_02915,train_02915,0.7616650462150574,0.761664867401123
test_00035,Anxiety,Anxiety,Anxiety,True,True,False,False,both_correct,valid_to_valid,train_04986,train_04986,0.5887623429298401,0.5887624025344849
test_00036,Depression,Depression,Depression,True,True,False,False,both_correct,valid_to_valid,train_05274,aug_train_01347_1,0.6176753640174866,0.6254949569702148
test_00037,Depression,INVALID,INVALID,False,False,True,True,both_wrong,invalid_to_invalid,train_02432,train_02432,0.5451533198356628,0.5451532602310181
test_00038,Normal,Bipolar,Bipolar,False,False,False,False,both_wrong,valid_to_valid,train_05082,aug_train_05082_1,0.40608182549476624,0.41748544573783875
test_00039,Anxiety,Normal,Normal,False,False,False,False,both_wrong,valid_to_valid,train_01610,train_01610,0.607866644859314,0.6078665256500244
test_00040,Depression,Depression,Depression,True,True,False,False,both_correct,valid_to_valid,train_03620,train_03620,0.6909228563308716,0.6909228563308716
test_00041,Anxiety,Anxiety,Anxiety,True,True,False,False,both_correct,valid_to_valid,train_04814,aug_train_01473_0,0.6907630562782288,0.7291350364685059
test_00042,Depression,Bipolar,Bipolar,False,False,False,False,both_wrong,valid_to_valid,train_01304,train_01304,0.5346896052360535,0.5346896648406982
test_00043,Anxiety,Anxiety,Anxiety,True,True,False,False,both_correct,valid_to_valid,train_04104,train_04104,0.7474092245101929,0.7474093437194824
test_00044,Normal,Normal,Normal,True,True,False,False,both_correct,valid_to_valid,train_00555,train_00555,0.38157808780670166,0.3815782070159912
test_00045,Anxiety,Anxiety,Anxiety,True,True,False,False,both_correct,valid_to_valid,train_02314,train_02314,0.6617599725723267,0.6617599129676819
test_00046,Bipolar,Bipolar,Bipolar,True,True,False,False,both_correct,valid_to_valid,train_02623,train_02623,0.8708226680755615,0.870822548866272
test_00047,Bipolar,Bipolar,Bipolar,True,True,False,False,both_correct,valid_to_valid,train_03800,train_03800,0.8187353014945984,0.8187351822853088
test_00048,Depression,Depression,Depression,True,True,False,False,both_correct,valid_to_valid,train_02316,train_02316,0.6223053932189941,0.6223053932189941
test_00049,Bipolar,Bipolar,Bipolar,True,True,False,False,both_correct,valid_to_valid,train_02304,aug_train_00824_0,0.6645686626434326,0.6754109859466553
test_00050,Anxiety,Anxiety,Anxiety,True,True,False,False,both_correct,valid_to_valid,train_00147,aug_train_04948_0,0.5276158452033997,0.5562041401863098
test_00051,Normal,Normal,Normal,True,True,False,False,both_correct,valid_to_valid,train_03510,train_03510,0.41018784046173096,0.4101877808570862
test_00052,Normal,INVALID,INVALID,False,False,True,True,both_wrong,invalid_to_invalid,train_05618,train_05618,0.5230741500854492,0.5230743885040283
test_00053,Normal,Normal,Normal,True,True,False,False,both_correct,valid_to_valid,train_02889,train_02889,0.5373256802558899,0.5373258590698242
test_00054,Normal,Normal,Bipolar,True,False,False,False,noaug_only_correct,valid_to_valid,train_01534,aug_train_00230_1,0.5453343391418457,0.576663613319397
test_00055,Anxiety,Anxiety,Anxiety,True,True,False,False,both_correct,valid_to_valid,train_05731,train_05731,0.6207519769668579,0.620752215385437
test_00056,Anxiety,Anxiety,Anxiety,True,True,False,False,both_correct,valid_to_valid,train_04094,train_04094,0.4724856913089752,0.4724857211112976
test_00057,Depression,Anxiety,Anxiety,False,False,False,False,both_wrong,valid_to_valid,train_01283,train_01283,0.7089579105377197,0.7089579105377197
test_00058,Bipolar,Bipolar,Bipolar,True,True,False,False,both_correct,valid_to_valid,train_01279,aug_train_02800_0,0.5096735954284668,0.5463569164276123
test_00059,Bipolar,Bipolar,Bipolar,True,True,False,False,both_correct,valid_to_valid,train_05687,train_05687,0.8110476732254028,0.8110473155975342
test_00060,Anxiety,Anxiety,Anxiety,True,True,False,False,both_correct,valid_to_valid,train_01124,aug_train_04695_0,0.5440750122070312,0.637362539768219
test_00061,Bipolar,Anxiety,Anxiety,False,False,False,False,both_wrong,valid_to_valid,train_04083,aug_train_04083_0,0.5345243215560913,0.5639592409133911
test_00062,Depression,Depression,Depression,True,True,False,False,both_correct,valid_to_valid,train_02471,train_02471,0.7115675210952759,0.7115676999092102
test_00063,Bipolar,Bipolar,Bipolar,True,True,False,False,both_correct,valid_to_valid,train_02412,train_02412,0.8626086711883545,0.8626085519790649
test_00064,Depression,Depression,Depression,True,True,False,False,both_correct,valid_to_valid,train_02006,train_02006,0.5706526041030884,0.5706526637077332
test_00065,Anxiety,Anxiety,Anxiety,True,True,False,False,both_correct,valid_to_valid,train_00830,aug_train_00830_0,0.6673130393028259,0.6761847138404846
test_00066,Anxiety,Anxiety,Anxiety,True,True,False,False,both_correct,valid_to_valid,train_05020,train_05020,0.5894075632095337,0.5894074440002441
test_00067,Bipolar,Bipolar,Bipolar,True,True,False,False,both_correct,valid_to_valid,train_00916,aug_train_03163_1,0.8169362545013428,0.8529265522956848
test_00068,Normal,Normal,Normal,True,True,False,False,both_correct,valid_to_valid,train_00611,aug_train_00611_0,0.4586498737335205,0.48625218868255615
test_00069,Normal,Normal,Normal,True,True,False,False,both_correct,valid_to_valid,train_05251,train_05251,0.27187350392341614,0.2718735337257385
test_00070,Depression,Anxiety,Anxiety,False,False,False,False,both_wrong,valid_to_valid,train_02323,train_02323,0.8140369057655334,0.8140368461608887
test_00071,Depression,INVALID,Depression,False,True,True,False,aug_only_correct,invalid_to_valid,train_00708,aug_train_00606_0,0.7817516326904297,0.7945963144302368
test_00072,Depression,Depression,Bipolar,True,False,False,False,noaug_only_correct,valid_to_valid,train_05574,train_05574,0.6843938827514648,0.6843940019607544
test_00073,Depression,Depression,Depression,True,True,False,False,both_correct,valid_to_valid,train_02683,train_02683,0.575228214263916,0.575228214263916
test_00074,Depression,Depression,Depression,True,True,False,False,both_correct,valid_to_valid,train_05802,aug_train_00039_1,0.729936957359314,0.7678579092025757
test_00075,Normal,Normal,Normal,True,True,False,False,both_correct,valid_to_valid,train_04638,train_04638,0.4912770986557007,0.49127715826034546
test_00076,Normal,Bipolar,Bipolar,False,False,False,False,both_wrong,valid_to_valid,train_01040,train_01040,0.48837006092071533,0.48837020993232727
test_00077,Normal,Bipolar,Depression,False,False,False,False,both_wrong,valid_to_valid,train_00230,aug_train_04462_1,0.4392971992492676,0.45323699712753296
test_00078,Depression,Depression,Depression,True,True,False,False,both_correct,valid_to_valid,train_01442,aug_train_04411_1,0.6277622580528259,0.6732219457626343
test_00079,Bipolar,Bipolar,Bipolar,True,True,False,False,both_correct,valid_to_valid,train_04207,aug_train_01580_1,0.7488430738449097,0.7778905034065247
test_00080,Depression,Depression,Depression,True,True,False,False,both_correct,valid_to_valid,train_01394,train_01394,0.7768674492835999,0.7768675088882446
test_00081,Depression,INVALID,INVALID,False,False,True,True,both_wrong,invalid_to_invalid,train_00392,train_00392,0.5043790340423584,0.5043790340423584
test_00082,Normal,Normal,Normal,True,True,False,False,both_correct,valid_to_valid,train_03467,train_03467,0.426419198513031,0.4264192581176758
test_00083,Bipolar,Bipolar,Bipolar,True,True,False,False,both_correct,valid_to_valid,train_04774,train_04774,0.7714977264404297,0.7714979648590088
test_00084,Depression,Depression,Depression,True,True,False,False,both_correct,valid_to_valid,train_04559,train_04559,0.6834555864334106,0.6834555864334106
test_00085,Normal,Normal,Normal,True,True,False,False,both_correct,valid_to_valid,train_03322,aug_train_02441_1,0.25951772928237915,0.2976233959197998
test_00086,Anxiety,Anxiety,Anxiety,True,True,False,False,both_correct,valid_to_valid,train_01341,aug_train_02856_0,0.7750611305236816,0.788171648979187
test_00087,Normal,Normal,Normal,True,True,False,False,both_correct,valid_to_valid,train_03165,train_03165,0.40369921922683716,0.40369921922683716
test_00088,Normal,Normal,Normal,True,True,False,False,both_correct,valid_to_valid,train_03761,aug_train_03761_0,0.46711504459381104,0.4888160228729248
test_00089,Depression,Depression,Depression,True,True,False,False,both_correct,valid_to_valid,train_02417,train_02417,0.5347627401351929,0.5347626209259033
test_00090,Anxiety,Anxiety,Anxiety,True,True,False,False,both_correct,valid_to_valid,train_04247,aug_train_04235_1,0.5360115766525269,0.5401687622070312
test_00091,Bipolar,Bipolar,Bipolar,True,True,False,False,both_correct,valid_to_valid,train_01883,train_01883,0.7354617118835449,0.7354617118835449
test_00092,Normal,INVALID,INVALID,False,False,True,True,both_wrong,invalid_to_invalid,train_04716,train_04716,0.39187562465667725,0.39187562465667725
test_00093,Normal,Normal,Normal,True,True,False,False,both_correct,valid_to_valid,train_04770,train_04770,0.5061750411987305,0.5061751008033752
test_00094,Depression,INVALID,Depression,False,True,True,False,aug_only_correct,invalid_to_valid,train_00342,aug_train_02085_0,0.6528564691543579,0.6592429876327515
test_00095,Anxiety,Anxiety,Anxiety,True,True,False,False,both_correct,valid_to_valid,train_05436,train_05436,0.7294986844062805,0.7294986844062805
test_00096,Depression,Depression,Depression,True,True,False,False,both_correct,valid_to_valid,train_02098,train_02098,0.795153796672821,0.7951538562774658
test_00097,Bipolar,Bipolar,Bipolar,True,True,False,False,both_correct,valid_to_valid,train_03807,train_03807,0.739377498626709,0.7393776178359985
test_00098,Depression,Bipolar,Depression,False,True,False,False,aug_only_correct,valid_to_valid,train_01091,aug_train_01353_0,0.5791341662406921,0.629798412322998
test_00099,Normal,Anxiety,Normal,False,True,False,False,aug_only_correct,valid_to_valid,train_02227,aug_train_04064_0,0.4317106008529663,0.45173829793930054
test_00100,Bipolar,Bipolar,Bipolar,True,True,False,False,both_correct,valid_to_valid,train_04992,train_04992,0.7310594320297241,0.7310594916343689
test_00101,Depression,Depression,Depression,True,True,False,False,both_correct,valid_to_valid,train_05316,train_05316,0.6332790851593018,0.6332791447639465
test_00102,Normal,Anxiety,Anxiety,False,False,False,False,both_wrong,valid_to_valid,train_02058,train_02058,0.4163414239883423,0.4163414239883423
test_00103,Bipolar,Bipolar,Bipolar,True,True,False,False,both_correct,valid_to_valid,train_00110,aug_train_00110_0,0.830511748790741,0.8380751609802246
test_00104,Normal,Normal,Normal,True,True,False,False,both_correct,valid_to_valid,train_04075,train_04075,0.5581346750259399,0.5581346750259399
test_00105,Depression,Anxiety,Anxiety,False,False,False,False,both_wrong,valid_to_valid,train_05427,train_05427,0.7185918688774109,0.7185920476913452
test_00106,Anxiety,Anxiety,Anxiety,True,True,False,False,both_correct,valid_to_valid,train_03975,aug_train_02433_1,0.630739688873291,0.6868904829025269
test_00107,Anxiety,Anxiety,Anxiety,True,True,False,False,both_correct,valid_to_valid,train_01810,train_01810,0.767043948173523,0.7670441269874573
test_00108,Normal,Normal,Normal,True,True,False,False,both_correct,valid_to_valid,train_04707,aug_train_00956_1,0.3728782534599304,0.37632855772972107
test_00109,Anxiety,Anxiety,Anxiety,True,True,False,False,both_correct,valid_to_valid,train_05726,aug_train_02967_1,0.4665549099445343,0.5273867845535278
test_00110,Depression,Depression,Depression,True,True,False,False,both_correct,valid_to_valid,train_01723,train_01723,0.6889312267303467,0.6889313459396362
test_00111,Normal,Normal,Normal,True,True,False,False,both_correct,valid_to_valid,train_00301,aug_train_03728_1,0.4138871729373932,0.499242901802063
test_00112,Normal,Normal,Normal,True,True,False,False,both_correct,valid_to_valid,train_05844,train_05844,0.45823150873184204,0.45823150873184204
test_00113,Anxiety,Anxiety,Anxiety,True,True,False,False,both_correct,valid_to_valid,train_04121,train_04121,0.686509370803833,0.6865094900131226
test_00114,Bipolar,Bipolar,Bipolar,True,True,False,False,both_correct,valid_to_valid,train_02360,aug_train_02360_1,0.6184087991714478,0.6885478496551514
test_00115,Depression,INVALID,INVALID,False,False,True,True,both_wrong,invalid_to_invalid,train_02285,aug_train_03620_0,0.5957202911376953,0.6290078163146973
test_00116,Anxiety,Anxiety,Anxiety,True,True,False,False,both_correct,valid_to_valid,train_05868,train_05868,0.804149329662323,0.8041493892669678
test_00117,Depression,Bipolar,Bipolar,False,False,False,False,both_wrong,valid_to_valid,train_01466,train_01466,0.5683947801589966,0.5683947205543518
test_00118,Depression,Depression,Depression,True,True,False,False,both_correct,valid_to_valid,train_01596,train_01596,0.6613143086433411,0.6613142490386963
test_00119,Bipolar,Bipolar,Bipolar,True,True,False,False,both_correct,valid_to_valid,train_03622,aug_train_01709_0,0.559205174446106,0.5844254493713379
test_00120,Depression,INVALID,INVALID,False,False,True,True,both_wrong,invalid_to_invalid,train_00162,aug_train_01803_1,0.6526219844818115,0.6782325506210327
test_00121,Bipolar,Bipolar,Bipolar,True,True,False,False,both_correct,valid_to_valid,train_04207,train_04207,0.7371705770492554,0.7371705770492554
test_00122,Anxiety,Anxiety,Anxiety,True,True,False,False,both_correct,valid_to_valid,train_02057,train_02057,0.5199835300445557,0.5199834108352661
test_00123,Bipolar,Bipolar,Bipolar,True,True,False,False,both_correct,valid_to_valid,train_04771,train_04771,0.5388626456260681,0.5388625860214233
test_00124,Bipolar,Bipolar,Bipolar,True,True,False,False,both_correct,valid_to_valid,train_00645,train_00645,0.788280725479126,0.7882808446884155
test_00125,Anxiety,Anxiety,Anxiety,True,True,False,False,both_correct,valid_to_valid,train_05919,train_05919,0.708156406879425,0.7081563472747803
test_00126,Bipolar,Bipolar,Bipolar,True,True,False,False,both_correct,valid_to_valid,train_02234,aug_train_01711_0,0.7272619009017944,0.7407674193382263
test_00127,Bipolar,Anxiety,Anxiety,False,False,False,False,both_wrong,valid_to_valid,train_02978,aug_train_02241_1,0.5773597359657288,0.6323956251144409
test_00128,Normal,Normal,Normal,True,True,False,False,both_correct,valid_to_valid,train_00070,aug_train_00070_0,0.4537256360054016,0.48775172233581543
test_00129,Normal,INVALID,INVALID,False,False,True,True,both_wrong,invalid_to_invalid,train_00875,aug_train_00875_0,0.39642947912216187,0.48342612385749817
test_00130,Anxiety,Anxiety,Anxiety,True,True,False,False,both_correct,valid_to_valid,train_01043,aug_train_02021_0,0.7602983713150024,0.7688810229301453
test_00131,Depression,Depression,Depression,True,True,False,False,both_correct,valid_to_valid,train_00286,train_00286,0.7870833277702332,0.7870833873748779
test_00132,Depression,Bipolar,Bipolar,False,False,False,False,both_wrong,valid_to_valid,train_04143,aug_train_04143_1,0.5394927859306335,0.5616337060928345
test_00133,Bipolar,Bipolar,Bipolar,True,True,False,False,both_correct,valid_to_valid,train_01216,aug_train_04549_1,0.6027778387069702,0.6044583320617676
test_00134,Normal,Normal,Normal,True,True,False,False,both_correct,valid_to_valid,train_02492,aug_train_05625_0,0.3723847270011902,0.39241504669189453
test_00135,Depression,Depression,Depression,True,True,False,False,both_correct,valid_to_valid,train_00033,train_00033,0.6682931780815125,0.6682931184768677
test_00136,Anxiety,Anxiety,Anxiety,True,True,False,False,both_correct,valid_to_valid,train_04646,train_04646,0.823866069316864,0.8238658905029297
test_00137,Anxiety,Anxiety,Anxiety,True,True,False,False,both_correct,valid_to_valid,train_04047,train_04047,0.5629063248634338,0.5629063844680786
test_00138,Anxiety,Anxiety,Anxiety,True,True,False,False,both_correct,valid_to_valid,train_05449,aug_train_03607_1,0.7657678127288818,0.7922108769416809
test_00139,Anxiety,Anxiety,Anxiety,True,True,False,False,both_correct,valid_to_valid,train_05573,train_05573,0.6991666555404663,0.6991667151451111
test_00140,Normal,Normal,Anxiety,True,False,False,False,noaug_only_correct,valid_to_valid,train_02865,aug_train_04746_1,0.3620028495788574,0.36889946460723877
test_00141,Depression,Depression,Depression,True,True,False,False,both_correct,valid_to_valid,train_02585,train_02585,0.581476092338562,0.581476092338562
test_00142,Depression,INVALID,INVALID,False,False,True,True,both_wrong,invalid_to_invalid,train_04414,train_04414,0.4446874260902405,0.44468748569488525
test_00143,Normal,Normal,Normal,True,True,False,False,both_correct,valid_to_valid,train_02492,aug_train_05123_0,0.4277913272380829,0.45483124256134033
test_00144,Bipolar,Bipolar,Bipolar,True,True,False,False,both_correct,valid_to_valid,train_02016,aug_train_02016_1,0.7861217260360718,0.800323486328125
test_00145,Depression,Depression,Depression,True,True,False,False,both_correct,valid_to_valid,train_04714,train_04714,0.7884700298309326,0.7884698510169983
test_00146,Depression,Depression,Depression,True,True,False,False,both_correct,valid_to_valid,train_00870,aug_train_05595_1,0.6835091710090637,0.7216150164604187
test_00147,Anxiety,Anxiety,Anxiety,True,True,False,False,both_correct,valid_to_valid,train_02421,aug_train_00762_0,0.5578926205635071,0.624987006187439
test_00148,Normal,Normal,Normal,True,True,False,False,both_correct,valid_to_valid,train_03864,train_03864,0.49878203868865967,0.4987819194793701
test_00149,Normal,Normal,Normal,True,True,False,False,both_correct,valid_to_valid,train_00649,train_00649,0.30728209018707275,0.30728214979171753
test_00150,Bipolar,Bipolar,Bipolar,True,True,False,False,both_correct,valid_to_valid,train_03433,aug_train_03433_1,0.7120752334594727,0.7294101715087891
test_00151,Anxiety,Anxiety,Anxiety,True,True,False,False,both_correct,valid_to_valid,train_05658,train_05658,0.7939521074295044,0.7939519882202148
test_00152,Anxiety,Anxiety,Anxiety,True,True,False,False,both_correct,valid_to_valid,train_02692,train_02692,0.6506370306015015,0.6506370306015015
test_00153,Bipolar,Bipolar,Bipolar,True,True,False,False,both_correct,valid_to_valid,train_04494,aug_train_00335_1,0.6622748970985413,0.6693140268325806
test_00154,Bipolar,Bipolar,Bipolar,True,True,False,False,both_correct,valid_to_valid,train_05916,aug_train_02654_1,0.7258687019348145,0.7378593683242798
test_00155,Normal,Normal,Normal,True,True,False,False,both_correct,valid_to_valid,train_04799,train_04799,0.4460057318210602,0.4460057020187378
test_00156,Normal,Bipolar,Bipolar,False,False,False,False,both_wrong,valid_to_valid,train_05257,aug_train_02752_0,0.5192641019821167,0.5675476789474487
test_00157,Normal,Normal,Normal,True,True,False,False,both_correct,valid_to_valid,train_00218,train_00218,0.5541968941688538,0.554196834564209
test_00158,Anxiety,Anxiety,Anxiety,True,True,False,False,both_correct,valid_to_valid,train_04675,aug_train_04924_1,0.5159034729003906,0.5175126791000366
test_00159,Depression,Anxiety,Anxiety,False,False,False,False,both_wrong,valid_to_valid,train_00713,train_00713,0.6196311116218567,0.6196310520172119
test_00160,Depression,Bipolar,Bipolar,False,False,False,False,both_wrong,valid_to_valid,train_02877,aug_train_02877_0,0.32053428888320923,0.34676527976989746
test_00161,Bipolar,Anxiety,Anxiety,False,False,False,False,both_wrong,valid_to_valid,train_01319,aug_train_00715_0,0.5666861534118652,0.6134234666824341
test_00162,Bipolar,Bipolar,Bipolar,True,True,False,False,both_correct,valid_to_valid,train_01451,train_01451,0.7861540913581848,0.7861539125442505
test_00163,Depression,Depression,Depression,True,True,False,False,both_correct,valid_to_valid,train_05046,aug_train_02307_0,0.6967322826385498,0.7357747554779053
test_00164,Bipolar,Bipolar,Bipolar,True,True,False,False,both_correct,valid_to_valid,train_02266,aug_train_04074_1,0.6110184192657471,0.6368082761764526
test_00165,Depression,Depression,Depression,True,True,False,False,both_correct,valid_to_valid,train_04196,train_04196,0.6373662948608398,0.6373662948608398
test_00166,Anxiety,Anxiety,Anxiety,True,True,False,False,both_correct,valid_to_valid,train_05266,aug_train_03695_1,0.6957554817199707,0.7040731906890869
test_00167,Anxiety,Anxiety,Anxiety,True,True,False,False,both_correct,valid_to_valid,train_03282,aug_train_00875_0,0.4114168882369995,0.47589635848999023
test_00168,Anxiety,Anxiety,Anxiety,True,True,False,False,both_correct,valid_to_valid,train_01218,aug_train_01218_1,0.6766513586044312,0.6776071786880493
test_00169,Anxiety,Normal,Normal,False,False,False,False,both_wrong,valid_to_valid,train_00729,aug_train_05234_0,0.3562436103820801,0.3839355707168579
test_00170,Normal,Normal,Normal,True,True,False,False,both_correct,valid_to_valid,train_05924,aug_train_00303_0,0.3473716974258423,0.37538692355155945
test_00171,Anxiety,Anxiety,Anxiety,True,True,False,False,both_correct,valid_to_valid,train_03838,train_03838,0.7517768144607544,0.7517765760421753
test_00172,Bipolar,Bipolar,Bipolar,True,True,False,False,both_correct,valid_to_valid,train_00615,train_00615,0.6175076961517334,0.6175075769424438
test_00173,Anxiety,Anxiety,Anxiety,True,True,False,False,both_correct,valid_to_valid,train_05018,train_05018,0.7467312812805176,0.746731162071228
test_00174,Bipolar,Bipolar,Bipolar,True,True,False,False,both_correct,valid_to_valid,train_01949,aug_train_01949_0,0.7287336587905884,0.7362909913063049
test_00175,Depression,INVALID,INVALID,False,False,True,True,both_wrong,invalid_to_invalid,train_01465,train_01465,0.6286342144012451,0.6286340951919556
test_00176,Bipolar,Bipolar,Bipolar,True,True,False,False,both_correct,valid_to_valid,train_03833,aug_train_04719_1,0.6392319202423096,0.6714781522750854
test_00177,Bipolar,Bipolar,Bipolar,True,True,False,False,both_correct,valid_to_valid,train_04143,train_04143,0.6132153272628784,0.6132152080535889
test_00178,Normal,Normal,Normal,True,True,False,False,both_correct,valid_to_valid,train_00295,train_00295,0.35354673862457275,0.353546679019928
test_00179,Anxiety,Anxiety,Anxiety,True,True,False,False,both_correct,valid_to_valid,train_05791,aug_train_05791_1,0.6816099286079407,0.6939753293991089
test_00180,Depression,Depression,Depression,True,True,False,False,both_correct,valid_to_valid,train_03794,train_03794,0.5788348317146301,0.5788347721099854
test_00181,Anxiety,INVALID,Depression,False,False,True,False,both_wrong,invalid_to_valid,train_01133,aug_train_04561_0,0.469538152217865,0.4867405295372009
test_00182,Normal,Normal,Normal,True,True,False,False,both_correct,valid_to_valid,train_00389,train_00389,0.43979591131210327,0.43979597091674805
test_00183,Depression,Depression,Depression,True,True,False,False,both_correct,valid_to_valid,train_04874,aug_train_01608_0,0.7682275772094727,0.8179398775100708
test_00184,Bipolar,Depression,Bipolar,False,True,False,False,aug_only_correct,valid_to_valid,train_05718,aug_train_05722_0,0.7074934244155884,0.7235758304595947
test_00185,Bipolar,Bipolar,Bipolar,True,True,False,False,both_correct,valid_to_valid,train_00007,train_00007,0.7139358520507812,0.7139358520507812
test_00186,Bipolar,Bipolar,Bipolar,True,True,False,False,both_correct,valid_to_valid,train_03005,aug_train_03005_0,0.5048534274101257,0.5150769948959351
test_00187,Depression,INVALID,INVALID,False,False,True,True,both_wrong,invalid_to_invalid,train_01590,aug_train_01493_1,0.7076045274734497,0.7250251173973083
test_00188,Bipolar,Bipolar,Bipolar,True,True,False,False,both_correct,valid_to_valid,train_02748,aug_train_02748_0,0.48659366369247437,0.5028310418128967
test_00189,Normal,Normal,Normal,True,True,False,False,both_correct,valid_to_valid,train_00250,train_00250,0.2877092957496643,0.2877092957496643
test_00190,Depression,Depression,Depression,True,True,False,False,both_correct,valid_to_valid,train_00374,aug_train_00374_1,0.7559087872505188,0.7953007221221924
test_00191,Depression,Depression,Depression,True,True,False,False,both_correct,valid_to_valid,train_02272,train_02272,0.5124991536140442,0.5124991536140442
test_00192,Normal,Normal,Normal,True,True,False,False,both_correct,valid_to_valid,train_01785,aug_train_01785_0,0.39191490411758423,0.39772316813468933
test_00193,Depression,INVALID,INVALID,False,False,True,True,both_wrong,invalid_to_invalid,train_00261,train_00261,0.5643361806869507,0.5643361806869507
test_00194,Depression,Depression,Depression,True,True,False,False,both_correct,valid_to_valid,train_01944,train_01944,0.7580002546310425,0.7580002546310425
test_00195,Bipolar,Bipolar,Bipolar,True,True,False,False,both_correct,valid_to_valid,train_05599,aug_train_05599_0,0.7281638383865356,0.7590786218643188
test_00196,Depression,INVALID,Normal,False,False,True,False,both_wrong,invalid_to_valid,train_02347,aug_train_01344_0,0.35459187626838684,0.45528680086135864
test_00197,Normal,Normal,Normal,True,True,False,False,both_correct,valid_to_valid,train_00268,train_00268,0.5188896656036377,0.5188896059989929
test_00198,Bipolar,Anxiety,Depression,False,False,False,False,both_wrong,valid_to_valid,train_05578,aug_train_05578_1,0.657953679561615,0.6945337057113647
test_00199,Depression,Anxiety,Anxiety,False,False,False,False,both_wrong,valid_to_valid,train_05723,train_05723,0.7375124096870422,0.737512469291687
test_00200,Depression,Depression,Depression,True,True,False,False,both_correct,valid_to_valid,train_00023,train_00023,0.7693828344345093,0.7693827152252197
test_00201,Depression,Depression,Depression,True,True,False,False,both_correct,valid_to_valid,train_01408,aug_train_00092_0,0.6281266808509827,0.6770122647285461
test_00202,Anxiety,Anxiety,Anxiety,True,True,False,False,both_correct,valid_to_valid,train_03319,train_03319,0.5343790650367737,0.534379243850708
test_00203,Anxiety,Anxiety,Anxiety,True,True,False,False,both_correct,valid_to_valid,train_00499,train_00499,0.4514690637588501,0.4514690339565277
test_00204,Normal,INVALID,Normal,False,True,True,False,aug_only_correct,invalid_to_valid,train_00801,aug_train_05107_1,0.320427805185318,0.32690832018852234
test_00205,Normal,Bipolar,Anxiety,False,False,False,False,both_wrong,valid_to_valid,train_02157,aug_train_02214_0,0.423367977142334,0.5209560394287109
test_00206,Depression,Depression,Depression,True,True,False,False,both_correct,valid_to_valid,train_02137,aug_train_01105_0,0.6817408800125122,0.726728618144989
test_00207,Depression,Depression,Depression,True,True,False,False,both_correct,valid_to_valid,train_02467,train_02467,0.5697117447853088,0.5697116851806641
test_00208,Anxiety,Anxiety,Anxiety,True,True,False,False,both_correct,valid_to_valid,train_04149,train_04149,0.47787660360336304,0.4778766632080078
test_00209,Bipolar,Bipolar,Bipolar,True,True,False,False,both_correct,valid_to_valid,train_04440,aug_train_00880_0,0.5463377833366394,0.5551468729972839
test_00210,Bipolar,Bipolar,Bipolar,True,True,False,False,both_correct,valid_to_valid,train_01827,aug_train_04888_1,0.8029549717903137,0.8159804344177246
test_00211,Normal,Bipolar,Bipolar,False,False,False,False,both_wrong,valid_to_valid,train_03567,aug_train_05969_1,0.4151836633682251,0.457943856716156
test_00212,Normal,INVALID,INVALID,False,False,True,True,both_wrong,invalid_to_invalid,train_01187,aug_train_01187_1,0.6170055270195007,0.6747912168502808
test_00213,Normal,Normal,Normal,True,True,False,False,both_correct,valid_to_valid,train_04597,train_04597,0.38727593421936035,0.3872758746147156
test_00214,Depression,Depression,Depression,True,True,False,False,both_correct,valid_to_valid,train_03343,train_03343,0.7713406682014465,0.7713407278060913
test_00215,Bipolar,Bipolar,Bipolar,True,True,False,False,both_correct,valid_to_valid,train_02048,train_02048,0.7402509450912476,0.7402509450912476
test_00216,Bipolar,Bipolar,Bipolar,True,True,False,False,both_correct,valid_to_valid,train_01569,train_01569,0.8637712001800537,0.8637713193893433
test_00217,Depression,Depression,Depression,True,True,False,False,both_correct,valid_to_valid,train_00911,aug_train_03948_0,0.5408589839935303,0.5861213207244873
test_00218,Normal,Normal,Normal,True,True,False,False,both_correct,valid_to_valid,train_04351,train_04351,0.3572620749473572,0.3572620749473572
test_00219,Anxiety,Anxiety,Anxiety,True,True,False,False,both_correct,valid_to_valid,train_00506,train_00506,0.5838072299957275,0.583807110786438
test_00220,Anxiety,Anxiety,Depression,True,False,False,False,noaug_only_correct,valid_to_valid,train_04864,aug_train_00425_0,0.4269387423992157,0.4772753119468689
test_00221,Anxiety,Anxiety,Anxiety,True,True,False,False,both_correct,valid_to_valid,train_01908,aug_train_01908_0,0.6040898561477661,0.6406734585762024
test_00222,Bipolar,Bipolar,Bipolar,True,True,False,False,both_correct,valid_to_valid,train_02292,aug_train_03049_0,0.6836659908294678,0.704216718673706
test_00223,Bipolar,Anxiety,Anxiety,False,False,False,False,both_wrong,valid_to_valid,train_00204,train_00204,0.6743155121803284,0.674315333366394
test_00224,Depression,Depression,Depression,True,True,False,False,both_correct,valid_to_valid,train_04322,aug_train_04322_1,0.8116471171379089,0.8205592632293701
test_00225,Normal,Normal,Normal,True,True,False,False,both_correct,valid_to_valid,train_05228,aug_train_01072_1,0.4581626057624817,0.5488311052322388
test_00226,Anxiety,Anxiety,Anxiety,True,True,False,False,both_correct,valid_to_valid,train_02864,aug_train_03566_0,0.6861595511436462,0.6946337819099426
test_00227,Anxiety,Anxiety,Anxiety,True,True,False,False,both_correct,valid_to_valid,train_05833,aug_train_05833_1,0.5496757626533508,0.6015983819961548
test_00228,Bipolar,Bipolar,Bipolar,True,True,False,False,both_correct,valid_to_valid,train_05653,aug_train_05494_1,0.7427313923835754,0.744871973991394
test_00229,Bipolar,Bipolar,Bipolar,True,True,False,False,both_correct,valid_to_valid,train_02139,train_02139,0.8727462291717529,0.8727462887763977
test_00230,Bipolar,Bipolar,Bipolar,True,True,False,False,both_correct,valid_to_valid,train_03809,train_03809,0.7965966463088989,0.796596884727478
test_00231,Depression,INVALID,INVALID,False,False,True,True,both_wrong,invalid_to_invalid,train_02803,train_02803,0.7097240090370178,0.709723949432373
test_00232,Bipolar,Bipolar,Bipolar,True,True,False,False,both_correct,valid_to_valid,train_03712,aug_train_03712_1,0.7358623743057251,0.7576397657394409
test_00233,Depression,INVALID,Depression,False,True,True,False,aug_only_correct,invalid_to_valid,train_04932,aug_train_02084_1,0.7577318549156189,0.803482711315155
test_00234,Anxiety,Anxiety,Anxiety,True,True,False,False,both_correct,valid_to_valid,train_01747,train_01747,0.599500834941864,0.5995008945465088
test_00235,Normal,Normal,Normal,True,True,False,False,both_correct,valid_to_valid,train_01331,train_01331,0.41311320662498474,0.4131133556365967
test_00236,Depression,INVALID,INVALID,False,False,True,True,both_wrong,invalid_to_invalid,train_04130,train_04130,0.558879017829895,0.5588790774345398
test_00237,Bipolar,Bipolar,Bipolar,True,True,False,False,both_correct,valid_to_valid,train_02626,aug_train_03289_1,0.6753666400909424,0.6866414546966553
test_00238,Bipolar,Depression,Depression,False,False,False,False,both_wrong,valid_to_valid,train_00055,aug_train_00055_0,0.641220211982727,0.6833798885345459
test_00239,Normal,Normal,Normal,True,True,False,False,both_correct,valid_to_valid,train_04051,aug_train_04688_0,0.30362123250961304,0.35551613569259644
test_00240,Anxiety,Anxiety,Anxiety,True,True,False,False,both_correct,valid_to_valid,train_00585,train_00585,0.8084517121315002,0.8084517121315002
test_00241,Anxiety,Anxiety,Anxiety,True,True,False,False,both_correct,valid_to_valid,train_04964,train_04964,0.7506355047225952,0.7506353259086609
test_00242,Normal,Normal,Normal,True,True,False,False,both_correct,valid_to_valid,train_04672,train_04672,0.45015716552734375,0.4501570463180542
test_00243,Depression,Depression,Depression,True,True,False,False,both_correct,valid_to_valid,train_00887,train_00887,0.7896147966384888,0.7896149158477783
test_00244,Anxiety,Anxiety,Anxiety,True,True,False,False,both_correct,valid_to_valid,train_00992,aug_train_04289_0,0.647734522819519,0.6601530313491821
test_00245,Normal,Normal,Normal,True,True,False,False,both_correct,valid_to_valid,train_00279,train_00279,0.5886971950531006,0.5886969566345215
test_00246,Bipolar,Bipolar,Bipolar,True,True,False,False,both_correct,valid_to_valid,train_02288,aug_train_02288_0,0.7532063722610474,0.7623035311698914
test_00247,Anxiety,Anxiety,Anxiety,True,True,False,False,both_correct,valid_to_valid,train_01319,aug_train_00349_1,0.605015754699707,0.6582953929901123
test_00248,Bipolar,Bipolar,Bipolar,True,True,False,False,both_correct,valid_to_valid,train_05077,train_05077,0.7030981779098511,0.703097939491272
test_00249,Anxiety,Anxiety,Anxiety,True,True,False,False,both_correct,valid_to_valid,train_04609,aug_train_04609_1,0.36821943521499634,0.3858896493911743
test_00250,Anxiety,Bipolar,Bipolar,False,False,False,False,both_wrong,valid_to_valid,train_00773,aug_train_00773_0,0.5325179696083069,0.5742274522781372
test_00251,Bipolar,Bipolar,Bipolar,True,True,False,False,both_correct,valid_to_valid,train_02065,train_02065,0.758430004119873,0.7584302425384521
test_00252,Normal,Normal,Normal,True,True,False,False,both_correct,valid_to_valid,train_02487,aug_train_02487_0,0.4066115617752075,0.4264383316040039
test_00253,Anxiety,Anxiety,Anxiety,True,True,False,False,both_correct,valid_to_valid,train_00204,aug_train_02978_1,0.6110819578170776,0.6331486105918884
test_00254,Normal,Normal,Normal,True,True,False,False,both_correct,valid_to_valid,train_04441,train_04441,0.664016604423523,0.6640164256095886
test_00255,Depression,Bipolar,Bipolar,False,False,False,False,both_wrong,valid_to_valid,train_05100,train_05100,0.6536354422569275,0.6536355018615723
test_00256,Bipolar,Bipolar,Bipolar,True,True,False,False,both_correct,valid_to_valid,train_02732,aug_train_02732_0,0.6610838174819946,0.7162206172943115
test_00257,Normal,Normal,Normal,True,True,False,False,both_correct,valid_to_valid,train_01411,train_01411,0.356951504945755,0.35695159435272217
test_00258,Bipolar,Bipolar,Bipolar,True,True,False,False,both_correct,valid_to_valid,train_02065,train_02065,0.7673068046569824,0.7673068046569824
test_00259,Bipolar,Bipolar,Bipolar,True,True,False,False,both_correct,valid_to_valid,train_01569,train_01569,0.7732318639755249,0.7732318639755249
test_00260,Bipolar,Depression,Depression,False,False,False,False,both_wrong,valid_to_valid,train_02771,aug_train_01257_1,0.49939340353012085,0.5509425401687622
test_00261,Depression,Bipolar,Bipolar,False,False,False,False,both_wrong,valid_to_valid,train_01077,aug_train_01077_1,0.6384059190750122,0.6528890132904053
test_00262,Depression,Depression,Bipolar,True,False,False,False,noaug_only_correct,valid_to_valid,train_01134,aug_train_00368_1,0.7660353183746338,0.7807923555374146
test_00263,Bipolar,Bipolar,Bipolar,True,True,False,False,both_correct,valid_to_valid,train_04890,aug_train_04584_0,0.5704895853996277,0.6387975811958313
test_00264,Anxiety,Depression,Depression,False,False,False,False,both_wrong,valid_to_valid,train_00092,aug_train_05468_1,0.801781177520752,0.822388231754303
test_00265,Bipolar,Bipolar,Bipolar,True,True,False,False,both_correct,valid_to_valid,train_00553,aug_train_00147_1,0.6084441542625427,0.6138923168182373
test_00266,Normal,Normal,Normal,True,True,False,False,both_correct,valid_to_valid,train_01438,train_01438,0.395749568939209,0.395749568939209
test_00267,Bipolar,Bipolar,Bipolar,True,True,False,False,both_correct,valid_to_valid,train_03052,aug_train_05851_1,0.6175151467323303,0.6226116418838501
test_00268,Normal,Normal,Normal,True,True,False,False,both_correct,valid_to_valid,train_02790,train_02790,0.4149506092071533,0.4149506092071533
test_00269,Normal,Normal,Normal,True,True,False,False,both_correct,valid_to_valid,train_03845,train_03845,0.30926477909088135,0.30926477909088135
test_00270,Depression,Anxiety,Anxiety,False,False,False,False,both_wrong,valid_to_valid,train_05437,aug_train_00811_1,0.6493389010429382,0.7049983739852905
test_00271,Depression,Bipolar,Bipolar,False,False,False,False,both_wrong,valid_to_valid,train_05313,aug_train_02738_1,0.6547175645828247,0.6870606541633606
test_00272,Normal,INVALID,INVALID,False,False,True,True,both_wrong,invalid_to_invalid,train_05284,train_05284,0.39213377237319946,0.39213383197784424
test_00273,Anxiety,Anxiety,Anxiety,True,True,False,False,both_correct,valid_to_valid,train_05988,aug_train_05988_0,0.6343292593955994,0.6729545593261719
test_00274,Depression,Depression,Depression,True,True,False,False,both_correct,valid_to_valid,train_03344,train_03344,0.7325174808502197,0.7325176000595093
test_00275,Depression,Depression,Depression,True,True,False,False,both_correct,valid_to_valid,train_05796,train_05796,0.7445122003555298,0.7445122003555298
test_00276,Normal,Normal,Normal,True,True,False,False,both_correct,valid_to_valid,train_03681,aug_train_03870_1,0.43812936544418335,0.4381881356239319
test_00277,Anxiety,INVALID,INVALID,False,False,True,True,both_wrong,invalid_to_invalid,train_01999,train_01999,0.6893165707588196,0.6893166303634644
test_00278,Bipolar,Bipolar,Normal,True,False,False,False,noaug_only_correct,valid_to_valid,train_02985,aug_train_00742_1,0.4875522553920746,0.5482416152954102
test_00279,Depression,Anxiety,Anxiety,False,False,False,False,both_wrong,valid_to_valid,train_00722,aug_train_02314_1,0.5563689470291138,0.5934969186782837
test_00280,Bipolar,INVALID,INVALID,False,False,True,True,both_wrong,invalid_to_invalid,train_02384,train_02384,0.6787773370742798,0.6787772178649902
test_00281,Anxiety,Anxiety,Anxiety,True,True,False,False,both_correct,valid_to_valid,train_04371,aug_train_04371_0,0.7321396470069885,0.7592544555664062
test_00282,Bipolar,Normal,Normal,False,False,False,False,both_wrong,valid_to_valid,train_03234,aug_train_03009_1,0.3648013472557068,0.3703969120979309
test_00283,Anxiety,Anxiety,Anxiety,True,True,False,False,both_correct,valid_to_valid,train_05888,train_05888,0.5925348997116089,0.5925350189208984
test_00284,Normal,Anxiety,Normal,False,True,False,False,aug_only_correct,valid_to_valid,train_02175,aug_train_00429_1,0.4335556626319885,0.5332264304161072
test_00285,Bipolar,Bipolar,Bipolar,True,True,False,False,both_correct,valid_to_valid,train_05077,aug_train_02536_1,0.7349652051925659,0.7383508682250977
test_00286,Anxiety,Anxiety,Anxiety,True,True,False,False,both_correct,valid_to_valid,train_00994,aug_train_00994_1,0.699822187423706,0.7027385830879211
test_00287,Bipolar,Bipolar,Bipolar,True,True,False,False,both_correct,valid_to_valid,train_05950,aug_train_05372_1,0.6490540504455566,0.6825404763221741
test_00288,Bipolar,Depression,Depression,False,False,False,False,both_wrong,valid_to_valid,train_00498,aug_train_00498_0,0.5809624195098877,0.6182152628898621
test_00289,Depression,Depression,Depression,True,True,False,False,both_correct,valid_to_valid,train_03976,train_03976,0.6317492127418518,0.631749153137207
test_00290,Normal,Depression,Depression,False,False,False,False,both_wrong,valid_to_valid,train_01630,train_01630,0.4088625907897949,0.4088626205921173
test_00291,Bipolar,Bipolar,Bipolar,True,True,False,False,both_correct,valid_to_valid,train_02139,aug_train_05727_0,0.7918307781219482,0.8260689973831177
test_00292,Depression,Depression,Depression,True,True,False,False,both_correct,valid_to_valid,train_04317,aug_train_03181_0,0.7491186261177063,0.758782148361206
test_00293,Depression,Normal,Normal,False,False,False,False,both_wrong,valid_to_valid,train_00468,train_00468,0.3354804515838623,0.3354804515838623
test_00294,Depression,Depression,Depression,True,True,False,False,both_correct,valid_to_valid,train_01356,aug_train_01356_1,0.6873990893363953,0.7050930261611938
test_00295,Bipolar,Bipolar,Bipolar,True,True,False,False,both_correct,valid_to_valid,train_01973,train_01973,0.7757900953292847,0.7757900953292847
test_00296,Bipolar,Bipolar,Bipolar,True,True,False,False,both_correct,valid_to_valid,train_03477,aug_train_05041_1,0.748927116394043,0.7548353672027588
test_00297,Normal,Normal,Normal,True,True,False,False,both_correct,valid_to_valid,train_03468,train_03468,0.37379327416419983,0.37379318475723267
test_00298,Normal,Normal,Normal,True,True,False,False,both_correct,valid_to_valid,train_00300,aug_train_00300_0,0.4066407084465027,0.5003264546394348
test_00299,Normal,Normal,Normal,True,True,False,False,both_correct,valid_to_valid,train_04168,train_04168,0.382904589176178,0.3829045295715332
test_00300,Anxiety,Anxiety,Anxiety,True,True,False,False,both_correct,valid_to_valid,train_01124,train_01124,0.6063417196273804,0.6063418984413147
test_00301,Anxiety,Depression,Anxiety,False,True,False,False,aug_only_correct,valid_to_valid,train_04899,aug_train_04955_1,0.6173493266105652,0.6354625225067139
test_00302,Normal,Bipolar,Anxiety,False,False,False,False,both_wrong,valid_to_valid,train_04328,aug_train_01939_1,0.39700889587402344,0.5195590853691101
test_00303,Anxiety,Anxiety,Anxiety,True,True,False,False,both_correct,valid_to_valid,train_04911,train_04911,0.6726229786872864,0.6726229190826416
test_00304,Normal,Depression,Depression,False,False,False,False,both_wrong,valid_to_valid,train_01760,train_01760,0.41435882449150085,0.414358913898468
test_00305,Normal,Normal,Normal,True,True,False,False,both_correct,valid_to_valid,train_03434,aug_train_03434_0,0.36987555027008057,0.39951440691947937
test_00306,Depression,Anxiety,Anxiety,False,False,False,False,both_wrong,valid_to_valid,train_02864,aug_train_02236_1,0.7546725869178772,0.7623125314712524
test_00307,Depression,Anxiety,Anxiety,False,False,False,False,both_wrong,valid_to_valid,train_03889,aug_train_03889_0,0.5958950519561768,0.6164917945861816
test_00308,Anxiety,Anxiety,Anxiety,True,True,False,False,both_correct,valid_to_valid,train_03013,aug_train_05537_1,0.555564284324646,0.5763705968856812
test_00309,Bipolar,Bipolar,Bipolar,True,True,False,False,both_correct,valid_to_valid,train_05581,aug_train_04310_0,0.6967951059341431,0.7391363382339478
test_00310,Depression,Depression,Depression,True,True,False,False,both_correct,valid_to_valid,train_02084,train_02084,0.6190913915634155,0.6190913915634155
test_00311,Bipolar,Bipolar,Bipolar,True,True,False,False,both_correct,valid_to_valid,train_01047,train_01047,0.5083836317062378,0.5083836317062378
test_00312,Normal,Normal,Normal,True,True,False,False,both_correct,valid_to_valid,train_00611,train_00611,0.5367653369903564,0.5367652773857117
test_00313,Bipolar,Bipolar,Bipolar,True,True,False,False,both_correct,valid_to_valid,train_00821,aug_train_04670_1,0.5200349688529968,0.5304377675056458
test_00314,Depression,Bipolar,Anxiety,False,False,False,False,both_wrong,valid_to_valid,train_00186,aug_train_05271_0,0.7558813095092773,0.7612003087997437
test_00315,Anxiety,Anxiety,Anxiety,True,True,False,False,both_correct,valid_to_valid,train_05246,train_05246,0.5708410739898682,0.5708410739898682
test_00316,Bipolar,Bipolar,Bipolar,True,True,False,False,both_correct,valid_to_valid,train_00001,train_00001,0.6913726329803467,0.6913725137710571
test_00317,Normal,Anxiety,Anxiety,False,False,False,False,both_wrong,valid_to_valid,train_05078,train_05078,0.40318700671195984,0.4031870663166046
test_00318,Bipolar,Bipolar,Depression,True,False,False,False,noaug_only_correct,valid_to_valid,train_01662,aug_train_04460_0,0.5305122137069702,0.5476881265640259
test_00319,Anxiety,Anxiety,Anxiety,True,True,False,False,both_correct,valid_to_valid,train_00817,aug_train_03864_1,0.5553709864616394,0.6081262826919556
test_00320,Normal,Normal,Normal,True,True,False,False,both_correct,valid_to_valid,train_00988,aug_train_01890_1,0.34777557849884033,0.4112809896469116
test_00321,Anxiety,Anxiety,Anxiety,True,True,False,False,both_correct,valid_to_valid,train_02867,aug_train_02867_1,0.6574194431304932,0.6987236738204956
test_00322,Anxiety,Anxiety,Anxiety,True,True,False,False,both_correct,valid_to_valid,train_03961,train_03961,0.7928988337516785,0.7928986549377441
test_00323,Normal,Depression,Depression,False,False,False,False,both_wrong,valid_to_valid,train_04791,train_04791,0.35762959718704224,0.35762956738471985
test_00324,Anxiety,Anxiety,Anxiety,True,True,False,False,both_correct,valid_to_valid,train_01881,train_01881,0.7183394432067871,0.7183394432067871
test_00325,Normal,Normal,Normal,True,True,False,False,both_correct,valid_to_valid,train_00213,aug_train_03482_0,0.31802719831466675,0.3418905735015869
test_00326,Anxiety,Anxiety,Anxiety,True,True,False,False,both_correct,valid_to_valid,train_05531,aug_train_05531_1,0.7028174996376038,0.7503960132598877
test_00327,Anxiety,Anxiety,Anxiety,True,True,False,False,both_correct,valid_to_valid,train_00090,aug_train_03710_1,0.5789004564285278,0.5937861204147339
test_00328,Depression,INVALID,INVALID,False,False,True,True,both_wrong,invalid_to_invalid,train_00444,aug_train_02473_1,0.7413961887359619,0.7457730770111084
test_00329,Normal,Anxiety,Anxiety,False,False,False,False,both_wrong,valid_to_valid,train_00882,train_00882,0.36776870489120483,0.3677687346935272
test_00330,Normal,Normal,Normal,True,True,False,False,both_correct,valid_to_valid,train_03334,aug_train_02736_1,0.2559015154838562,0.323946475982666
test_00331,Normal,Normal,Normal,True,True,False,False,both_correct,valid_to_valid,train_04075,train_04075,0.5118614435195923,0.5118614435195923
test_00332,Depression,INVALID,Bipolar,False,False,True,False,both_wrong,invalid_to_valid,train_05520,aug_train_05520_0,0.45199620723724365,0.4555662274360657
test_00333,Bipolar,Anxiety,Anxiety,False,False,False,False,both_wrong,valid_to_valid,train_00204,aug_train_00811_1,0.6731417179107666,0.6865518093109131
test_00334,Anxiety,Anxiety,Anxiety,True,True,False,False,both_correct,valid_to_valid,train_04911,train_04911,0.6859772205352783,0.6859772205352783
test_00335,Normal,Normal,Normal,True,True,False,False,both_correct,valid_to_valid,train_03681,aug_train_00083_0,0.3530275523662567,0.3821149170398712
test_00336,Depression,INVALID,INVALID,False,False,True,True,both_wrong,invalid_to_invalid,train_01213,train_01213,0.549797534942627,0.5497976541519165
test_00337,Bipolar,Bipolar,Bipolar,True,True,False,False,both_correct,valid_to_valid,train_03618,aug_train_04692_1,0.6325359344482422,0.6909526586532593
test_00338,Depression,INVALID,INVALID,False,False,True,True,both_wrong,invalid_to_invalid,train_05516,train_05516,0.6717500686645508,0.6717498898506165
test_00339,Normal,Normal,Anxiety,True,False,False,False,noaug_only_correct,valid_to_valid,train_00458,aug_train_01796_1,0.2392539381980896,0.25656673312187195
test_00340,Normal,Normal,Normal,True,True,False,False,both_correct,valid_to_valid,train_00931,aug_train_00931_0,0.5124273896217346,0.5399445295333862
test_00341,Depression,Depression,Depression,True,True,False,False,both_correct,valid_to_valid,train_04036,train_04036,0.7495282888412476,0.749528169631958
test_00342,Depression,INVALID,INVALID,False,False,True,True,both_wrong,invalid_to_invalid,train_02600,train_02600,0.684473991394043,0.6844738721847534
test_00343,Normal,Bipolar,Bipolar,False,False,False,False,both_wrong,valid_to_valid,train_03352,train_03352,0.4741519093513489,0.4741520285606384
test_00344,Normal,Depression,Normal,False,True,False,False,aug_only_correct,valid_to_valid,train_02391,aug_train_02391_0,0.41102778911590576,0.4184313416481018
test_00345,Normal,Normal,Normal,True,True,False,False,both_correct,valid_to_valid,train_00519,train_00519,0.3822033405303955,0.3822034001350403
test_00346,Bipolar,Anxiety,Anxiety,False,False,False,False,both_wrong,valid_to_valid,train_00204,train_00204,0.6574875116348267,0.6574873924255371
test_00347,Anxiety,Anxiety,Anxiety,True,True,False,False,both_correct,valid_to_valid,train_01617,train_01617,0.7334831357002258,0.7334831953048706
test_00348,Anxiety,Anxiety,Anxiety,True,True,False,False,both_correct,valid_to_valid,train_04780,train_04780,0.7500548958778381,0.7500549554824829
test_00349,Depression,INVALID,INVALID,False,False,True,True,both_wrong,invalid_to_invalid,train_01623,train_01623,0.525844156742096,0.525844156742096
test_00350,Depression,Depression,Depression,True,True,False,False,both_correct,valid_to_valid,train_02436,aug_train_00500_1,0.7162944078445435,0.7188814878463745
test_00351,Depression,Bipolar,Bipolar,False,False,False,False,both_wrong,valid_to_valid,train_03158,train_03158,0.6710824966430664,0.6710823774337769
test_00352,Bipolar,Bipolar,Bipolar,True,True,False,False,both_correct,valid_to_valid,train_01712,aug_train_01712_0,0.6692680716514587,0.6881504058837891
test_00353,Normal,Normal,Normal,True,True,False,False,both_correct,valid_to_valid,train_02339,train_02339,0.4760834574699402,0.4760834574699402
test_00354,Bipolar,Bipolar,Bipolar,True,True,False,False,both_correct,valid_to_valid,train_04469,aug_train_01502_1,0.6070745587348938,0.614082932472229
test_00355,Bipolar,Bipolar,Bipolar,True,True,False,False,both_correct,valid_to_valid,train_00717,aug_train_04645_1,0.730069637298584,0.7448087930679321
test_00356,Depression,INVALID,Depression,False,True,True,False,aug_only_correct,invalid_to_valid,train_03620,aug_train_04218_0,0.6633947491645813,0.6701526641845703
test_00357,Bipolar,Depression,Depression,False,False,False,False,both_wrong,valid_to_valid,train_03314,train_03314,0.7962925434112549,0.7962925434112549
test_00358,Bipolar,Bipolar,Bipolar,True,True,False,False,both_correct,valid_to_valid,train_01834,aug_train_05740_0,0.7476165294647217,0.7841320037841797
test_00359,Normal,Normal,Normal,True,True,False,False,both_correct,valid_to_valid,train_05665,aug_train_05665_0,0.4119853377342224,0.5332385301589966
test_00360,Normal,Normal,Normal,True,True,False,False,both_correct,valid_to_valid,train_00568,aug_train_02717_0,0.23709183931350708,0.2565585970878601
test_00361,Bipolar,Bipolar,Bipolar,True,True,False,False,both_correct,valid_to_valid,train_01095,train_01095,0.6439735293388367,0.6439735293388367
test_00362,Depression,Depression,Depression,True,True,False,False,both_correct,valid_to_valid,train_00614,train_00614,0.6887311935424805,0.6887311339378357
test_00363,Bipolar,Bipolar,Bipolar,True,True,False,False,both_correct,valid_to_valid,train_05332,aug_train_04643_0,0.7602107524871826,0.7919063568115234
test_00364,Depression,INVALID,INVALID,False,False,True,True,both_wrong,invalid_to_invalid,train_04117,train_04117,0.5935728549957275,0.5935728549957275
test_00365,Bipolar,Bipolar,Bipolar,True,True,False,False,both_correct,valid_to_valid,train_03042,aug_train_03042_0,0.7456270456314087,0.7752104997634888
test_00366,Depression,Depression,Depression,True,True,False,False,both_correct,valid_to_valid,train_05707,train_05707,0.6633344888687134,0.6633346080780029
test_00367,Anxiety,Anxiety,Anxiety,True,True,False,False,both_correct,valid_to_valid,train_02286,train_02286,0.6918544769287109,0.6918543577194214
test_00368,Depression,INVALID,INVALID,False,False,True,True,both_wrong,invalid_to_invalid,train_04264,train_04264,0.6704616546630859,0.6704615354537964
test_00369,Bipolar,Bipolar,Bipolar,True,True,False,False,both_correct,valid_to_valid,train_01583,aug_train_03418_1,0.6722257137298584,0.6864691972732544
test_00370,Depression,INVALID,INVALID,False,False,True,True,both_wrong,invalid_to_invalid,train_05603,train_05603,0.6702500581741333,0.6702499389648438
test_00371,Anxiety,Anxiety,Anxiety,True,True,False,False,both_correct,valid_to_valid,train_03998,train_03998,0.69492506980896,0.6949251890182495
test_00372,Anxiety,Anxiety,Anxiety,True,True,False,False,both_correct,valid_to_valid,train_04483,aug_train_04592_1,0.7030229568481445,0.7124394178390503
test_00373,Depression,INVALID,INVALID,False,False,True,True,both_wrong,invalid_to_invalid,train_03038,aug_train_01221_1,0.703486442565918,0.7171633243560791
test_00374,Anxiety,Anxiety,Anxiety,True,True,False,False,both_correct,valid_to_valid,train_00853,train_00853,0.7751829624176025,0.7751832008361816
test_00375,Bipolar,Bipolar,Bipolar,True,True,False,False,both_correct,valid_to_valid,train_04416,aug_train_00659_1,0.7482914328575134,0.791465699672699
test_00376,Depression,Depression,Depression,True,True,False,False,both_correct,valid_to_valid,train_05468,train_05468,0.8207278251647949,0.8207277655601501
test_00377,Depression,Bipolar,Bipolar,False,False,False,False,both_wrong,valid_to_valid,train_00411,aug_train_04012_1,0.7367945909500122,0.756599485874176
test_00378,Anxiety,Anxiety,Anxiety,True,True,False,False,both_correct,valid_to_valid,train_01020,train_01020,0.7834522724151611,0.7834522724151611
test_00379,Depression,INVALID,INVALID,False,False,True,True,both_wrong,invalid_to_invalid,train_00370,train_00370,0.7382945418357849,0.7382944822311401
test_00380,Bipolar,Bipolar,Bipolar,True,True,False,False,both_correct,valid_to_valid,train_00717,train_00717,0.7384631633758545,0.7384631633758545
test_00381,Bipolar,Bipolar,Bipolar,True,True,False,False,both_correct,valid_to_valid,train_02952,aug_train_02952_1,0.6747106313705444,0.7052007913589478
test_00382,Normal,Normal,Normal,True,True,False,False,both_correct,valid_to_valid,train_03176,aug_train_04495_1,0.3777538537979126,0.3794773519039154
test_00383,Anxiety,Anxiety,Anxiety,True,True,False,False,both_correct,valid_to_valid,train_02015,aug_train_02488_1,0.5738343000411987,0.6569115519523621
test_00384,Bipolar,Depression,Depression,False,False,False,False,both_wrong,valid_to_valid,train_04932,train_04932,0.7437566518783569,0.7437565326690674
test_00385,Bipolar,Depression,Bipolar,False,True,False,False,aug_only_correct,valid_to_valid,train_01859,aug_train_00494_1,0.5634356737136841,0.6078298091888428
test_00386,Depression,Anxiety,Anxiety,False,False,False,False,both_wrong,valid_to_valid,train_03794,train_03794,0.62363600730896,0.62363600730896
test_00387,Normal,Normal,Normal,True,True,False,False,both_correct,valid_to_valid,train_05495,train_05495,0.43697065114974976,0.43697065114974976
test_00388,Normal,Normal,Normal,True,True,False,False,both_correct,valid_to_valid,train_05579,train_05579,0.4676474332809448,0.4676474332809448
test_00389,Bipolar,Bipolar,Bipolar,True,True,False,False,both_correct,valid_to_valid,train_05237,train_05237,0.8060652613639832,0.8060650825500488
test_00390,Depression,Bipolar,Bipolar,False,False,False,False,both_wrong,valid_to_valid,train_05656,aug_train_05656_1,0.6475579142570496,0.7076717019081116
test_00391,Depression,INVALID,INVALID,False,False,True,True,both_wrong,invalid_to_invalid,train_00922,train_00922,0.678016185760498,0.678016185760498
test_00392,Anxiety,Normal,Normal,False,False,False,False,both_wrong,valid_to_valid,train_04688,train_04688,0.40648841857910156,0.4064885079860687
test_00393,Depression,Depression,Depression,True,True,False,False,both_correct,valid_to_valid,train_03344,train_03344,0.7341342568397522,0.734134316444397
test_00394,Normal,Normal,Normal,True,True,False,False,both_correct,valid_to_valid,train_04602,train_04602,0.4956851303577423,0.4956849217414856
test_00395,Anxiety,Bipolar,Anxiety,False,True,False,False,aug_only_correct,valid_to_valid,train_05376,aug_train_00830_0,0.56819748878479,0.5976718664169312
test_00396,Normal,Anxiety,Normal,False,True,False,False,aug_only_correct,valid_to_valid,train_05789,aug_train_01116_1,0.31638574600219727,0.3822813630104065
test_00397,Normal,Normal,Normal,True,True,False,False,both_correct,valid_to_valid,train_03247,aug_train_02126_0,0.4592815637588501,0.5020275115966797
test_00398,Normal,Anxiety,Anxiety,False,False,False,False,both_wrong,valid_to_valid,train_04048,aug_train_01146_1,0.3259839713573456,0.3818710446357727
test_00399,Anxiety,Normal,Normal,False,False,False,False,both_wrong,valid_to_valid,train_02109,train_02109,0.4277039170265198,0.4277040362358093
test_00400,Normal,Anxiety,Anxiety,False,False,False,False,both_wrong,valid_to_valid,train_05331,aug_train_00570_1,0.4460194408893585,0.4729434549808502
test_00401,Bipolar,Bipolar,Bipolar,True,True,False,False,both_correct,valid_to_valid,train_00002,aug_train_00002_1,0.5292478799819946,0.6227917671203613
test_00402,Bipolar,Bipolar,Bipolar,True,True,False,False,both_correct,valid_to_valid,train_02065,aug_train_00182_0,0.7727615833282471,0.7788686156272888
test_00403,Anxiety,Anxiety,Anxiety,True,True,False,False,both_correct,valid_to_valid,train_00853,train_00853,0.7611616849899292,0.7611615657806396
test_00404,Bipolar,Bipolar,Bipolar,True,True,False,False,both_correct,valid_to_valid,train_01082,aug_train_02888_1,0.6236414313316345,0.6258398294448853
test_00405,Anxiety,Anxiety,Anxiety,True,True,False,False,both_correct,valid_to_valid,train_05577,train_05577,0.6520819664001465,0.6520818471908569
test_00406,Normal,Normal,Normal,True,True,False,False,both_correct,valid_to_valid,train_02817,aug_train_05989_1,0.42423558235168457,0.45858511328697205
test_00407,Normal,Normal,Anxiety,True,False,False,False,noaug_only_correct,valid_to_valid,train_04414,aug_train_04718_1,0.3958820700645447,0.40975987911224365
test_00408,Normal,Normal,Normal,True,True,False,False,both_correct,valid_to_valid,train_04049,train_04049,0.2608238458633423,0.2608238756656647
test_00409,Depression,INVALID,INVALID,False,False,True,True,both_wrong,invalid_to_invalid,train_03119,train_03119,0.5700793266296387,0.5700793862342834
test_00410,Bipolar,Anxiety,Anxiety,False,False,False,False,both_wrong,valid_to_valid,train_01567,aug_train_00726_0,0.47284263372421265,0.5138353705406189
test_00411,Bipolar,Bipolar,Bipolar,True,True,False,False,both_correct,valid_to_valid,train_02640,train_02640,0.7587624192237854,0.7587623000144958
test_00412,Anxiety,Anxiety,Anxiety,True,True,False,False,both_correct,valid_to_valid,train_03490,aug_train_02442_1,0.7104307413101196,0.7339953780174255
test_00413,Anxiety,Anxiety,Anxiety,True,True,False,False,both_correct,valid_to_valid,train_00109,aug_train_00109_0,0.7823237776756287,0.7964142560958862
test_00414,Bipolar,Bipolar,Bipolar,True,True,False,False,both_correct,valid_to_valid,train_03529,aug_train_01521_1,0.8466532230377197,0.8532181978225708
test_00415,Anxiety,Anxiety,Anxiety,True,True,False,False,both_correct,valid_to_valid,train_05483,train_05483,0.7785875797271729,0.7785874009132385
test_00416,Depression,Depression,Depression,True,True,False,False,both_correct,valid_to_valid,train_01235,train_01235,0.6510606408119202,0.6510605812072754
test_00417,Normal,Normal,Normal,True,True,False,False,both_correct,valid_to_valid,train_01994,aug_train_04111_1,0.3733903765678406,0.4184420108795166
test_00418,Anxiety,Anxiety,Anxiety,True,True,False,False,both_correct,valid_to_valid,train_05352,train_05352,0.507643461227417,0.5076435804367065
test_00419,Depression,Anxiety,Anxiety,False,False,False,False,both_wrong,valid_to_valid,train_03612,train_03612,0.568545937538147,0.568545937538147
test_00420,Normal,Normal,Normal,True,True,False,False,both_correct,valid_to_valid,train_02220,train_02220,0.5288739204406738,0.5288738012313843
test_00421,Anxiety,Anxiety,Anxiety,True,True,False,False,both_correct,valid_to_valid,train_03282,train_03282,0.7314580678939819,0.7314581274986267
test_00422,Normal,Anxiety,Anxiety,False,False,False,False,both_wrong,valid_to_valid,train_01159,train_01159,0.40059489011764526,0.40059471130371094
test_00423,Normal,Normal,Normal,True,True,False,False,both_correct,valid_to_valid,train_04612,train_04612,0.4923234283924103,0.49232348799705505
test_00424,Normal,Normal,Normal,True,True,False,False,both_correct,valid_to_valid,train_01814,train_01814,0.3510151505470276,0.35101523995399475
test_00425,Depression,Depression,Depression,True,True,False,False,both_correct,valid_to_valid,train_02579,train_02579,0.7566428184509277,0.7566429376602173
test_00426,Normal,Normal,Normal,True,True,False,False,both_correct,valid_to_valid,train_03761,aug_train_05450_0,0.3682857155799866,0.3766275942325592
test_00427,Anxiety,Anxiety,Bipolar,True,False,False,False,noaug_only_correct,valid_to_valid,train_04895,aug_train_05616_0,0.5519137382507324,0.5967806577682495
test_00428,Anxiety,Anxiety,Anxiety,True,True,False,False,both_correct,valid_to_valid,train_01592,train_01592,0.7564201951026917,0.7564201951026917
test_00429,Bipolar,Bipolar,Bipolar,True,True,False,False,both_correct,valid_to_valid,train_04995,aug_train_04347_1,0.6267879605293274,0.650842547416687
test_00430,Bipolar,Anxiety,Anxiety,False,False,False,False,both_wrong,valid_to_valid,train_02891,aug_train_02891_1,0.5877546668052673,0.6362185478210449
test_00431,Normal,Anxiety,Normal,False,True,False,False,aug_only_correct,valid_to_valid,train_02730,aug_train_00279_0,0.5925003886222839,0.6321339011192322
test_00432,Bipolar,Bipolar,Bipolar,True,True,False,False,both_correct,valid_to_valid,train_00848,train_00848,0.609128475189209,0.6091285347938538
test_00433,Bipolar,Bipolar,Depression,True,False,False,False,noaug_only_correct,valid_to_valid,train_05139,aug_train_00591_1,0.5348952412605286,0.53899085521698
test_00434,Bipolar,Bipolar,Bipolar,True,True,False,False,both_correct,valid_to_valid,train_04344,aug_train_01047_1,0.5892142653465271,0.61102294921875
test_00435,Anxiety,Anxiety,Anxiety,True,True,False,False,both_correct,valid_to_valid,train_02735,aug_train_04350_1,0.601966381072998,0.6481035947799683
test_00436,Normal,Normal,Normal,True,True,False,False,both_correct,valid_to_valid,train_05331,train_05331,0.41524502635002136,0.4152451455593109
test_00437,Anxiety,Anxiety,Anxiety,True,True,False,False,both_correct,valid_to_valid,train_00715,aug_train_00715_0,0.6865875720977783,0.6915773153305054
test_00438,Anxiety,Anxiety,Anxiety,True,True,False,False,both_correct,valid_to_valid,train_00079,train_00079,0.7276871204376221,0.7276872396469116
test_00439,Depression,Anxiety,Anxiety,False,False,False,False,both_wrong,valid_to_valid,train_02003,aug_train_03646_1,0.5946328639984131,0.624771237373352
test_00440,Depression,Depression,Depression,True,True,False,False,both_correct,valid_to_valid,train_03117,train_03117,0.6972058415412903,0.697205662727356
test_00441,Normal,Normal,Normal,True,True,False,False,both_correct,valid_to_valid,train_04075,train_04075,0.5219135284423828,0.5219134092330933
test_00442,Anxiety,Anxiety,Anxiety,True,True,False,False,both_correct,valid_to_valid,train_01707,aug_train_05856_1,0.45920252799987793,0.49975356459617615
test_00443,Normal,Depression,Anxiety,False,False,False,False,both_wrong,valid_to_valid,train_00707,aug_train_01703_1,0.6410291194915771,0.7068333625793457
test_00444,Depression,Depression,Depression,True,True,False,False,both_correct,valid_to_valid,train_03799,train_03799,0.5465359687805176,0.5465359687805176
test_00445,Depression,Bipolar,Bipolar,False,False,False,False,both_wrong,valid_to_valid,train_00783,train_00783,0.8293842077255249,0.8293843269348145
test_00446,Bipolar,Bipolar,Bipolar,True,True,False,False,both_correct,valid_to_valid,train_05293,aug_train_05293_1,0.5951371192932129,0.5994171500205994
test_00447,Anxiety,Anxiety,Anxiety,True,True,False,False,both_correct,valid_to_valid,train_02206,train_02206,0.7686759829521179,0.7686761617660522
test_00448,Depression,Depression,Depression,True,True,False,False,both_correct,valid_to_valid,train_03788,train_03788,0.6656224727630615,0.6656224727630615
test_00449,Anxiety,Anxiety,Anxiety,True,True,False,False,both_correct,valid_to_valid,train_00865,train_00865,0.7112687826156616,0.7112689018249512
test_00450,Anxiety,Anxiety,Anxiety,True,True,False,False,both_correct,valid_to_valid,train_05319,aug_train_05319_1,0.6130290627479553,0.6444416046142578
test_00451,Bipolar,Bipolar,Bipolar,True,True,False,False,both_correct,valid_to_valid,train_05002,aug_train_05002_0,0.7733445167541504,0.7991005182266235
test_00452,Depression,Depression,Depression,True,True,False,False,both_correct,valid_to_valid,train_03469,train_03469,0.7434254884719849,0.7434255480766296
test_00453,Normal,Depression,Depression,False,False,False,False,both_wrong,valid_to_valid,train_01448,train_01448,0.49918854236602783,0.49918854236602783
test_00454,Anxiety,Anxiety,Anxiety,True,True,False,False,both_correct,valid_to_valid,train_00207,train_00207,0.5460070371627808,0.5460069179534912
test_00455,Normal,Normal,Normal,True,True,False,False,both_correct,valid_to_valid,train_02125,aug_train_02694_1,0.3310304880142212,0.430134654045105
test_00456,Depression,Anxiety,Anxiety,False,False,False,False,both_wrong,valid_to_valid,train_00059,aug_train_01002_1,0.7126336097717285,0.7240408658981323
test_00457,Bipolar,Anxiety,Anxiety,False,False,False,False,both_wrong,valid_to_valid,train_02151,aug_train_02151_0,0.49982380867004395,0.5730588436126709
test_00458,Bipolar,Bipolar,Bipolar,True,True,False,False,both_correct,valid_to_valid,train_04310,aug_train_00223_0,0.7745876312255859,0.8058289885520935
test_00459,Depression,Normal,Bipolar,False,False,False,False,both_wrong,valid_to_valid,train_03158,aug_train_01482_1,0.6609096527099609,0.6656402349472046
test_00460,Normal,Normal,Normal,True,True,False,False,both_correct,valid_to_valid,train_04652,train_04652,0.4203537106513977,0.42035359144210815
test_00461,Normal,Anxiety,Anxiety,False,False,False,False,both_wrong,valid_to_valid,train_04721,train_04721,0.39237314462661743,0.3923732042312622
test_00462,Depression,Anxiety,Anxiety,False,False,False,False,both_wrong,valid_to_valid,train_01011,train_01011,0.5248826742172241,0.5248826742172241
test_00463,Bipolar,Depression,Depression,False,False,False,False,both_wrong,valid_to_valid,train_02467,train_02467,0.6683023571968079,0.6683024168014526
test_00464,Anxiety,Depression,Depression,False,False,False,False,both_wrong,valid_to_valid,train_03441,aug_train_03181_0,0.7723697423934937,0.7754470705986023
test_00465,Bipolar,Bipolar,Bipolar,True,True,False,False,both_correct,valid_to_valid,train_03028,train_03028,0.7500276565551758,0.7500277757644653
test_00466,Anxiety,Bipolar,Bipolar,False,False,False,False,both_wrong,valid_to_valid,train_05845,train_05845,0.7032684683799744,0.7032686471939087
test_00467,Depression,INVALID,INVALID,False,False,True,True,both_wrong,invalid_to_invalid,train_04491,train_04491,0.6797260642051697,0.6797260046005249
test_00468,Depression,Depression,Depression,True,True,False,False,both_correct,valid_to_valid,train_05165,train_05165,0.7193965911865234,0.719396710395813
test_00469,Bipolar,Bipolar,Bipolar,True,True,False,False,both_correct,valid_to_valid,train_05216,aug_train_05216_1,0.5656946897506714,0.6106041669845581
test_00470,Depression,Anxiety,Anxiety,False,False,False,False,both_wrong,valid_to_valid,train_02720,train_02720,0.5990407466888428,0.5990409851074219
test_00471,Bipolar,Bipolar,Bipolar,True,True,False,False,both_correct,valid_to_valid,train_02355,aug_train_00563_1,0.6506316661834717,0.6589679718017578
test_00472,Depression,Depression,Depression,True,True,False,False,both_correct,valid_to_valid,train_03288,aug_train_03288_1,0.7237656116485596,0.7306176424026489
test_00473,Anxiety,Anxiety,Anxiety,True,True,False,False,both_correct,valid_to_valid,train_00832,aug_train_05437_0,0.5290940403938293,0.5438364148139954
test_00474,Depression,Anxiety,Anxiety,False,False,False,False,both_wrong,valid_to_valid,train_04595,train_04595,0.6522843241691589,0.6522841453552246
test_00475,Normal,Normal,Normal,True,True,False,False,both_correct,valid_to_valid,train_04999,aug_train_04999_0,0.47303327918052673,0.47309616208076477
test_00476,Depression,Anxiety,Anxiety,False,False,False,False,both_wrong,valid_to_valid,train_05632,train_05632,0.6509843468666077,0.6509842872619629
test_00477,Anxiety,Anxiety,Anxiety,True,True,False,False,both_correct,valid_to_valid,train_04990,aug_train_04990_0,0.4364093244075775,0.48732590675354004
test_00478,Anxiety,Anxiety,Anxiety,True,True,False,False,both_correct,valid_to_valid,train_05246,train_05246,0.6816885471343994,0.6816885471343994
test_00479,Bipolar,Bipolar,Bipolar,True,True,False,False,both_correct,valid_to_valid,train_03266,aug_train_00559_1,0.6347272992134094,0.6695249676704407
test_00480,Bipolar,Bipolar,Bipolar,True,True,False,False,both_correct,valid_to_valid,train_04074,aug_train_05372_1,0.6952875852584839,0.7174177765846252
test_00481,Anxiety,Bipolar,Anxiety,False,True,False,False,aug_only_correct,valid_to_valid,train_01477,aug_train_02180_1,0.6086137294769287,0.6112462282180786
test_00482,Bipolar,Bipolar,Bipolar,True,True,False,False,both_correct,valid_to_valid,train_00803,train_00803,0.8214995861053467,0.8214997053146362
test_00483,Normal,Normal,Normal,True,True,False,False,both_correct,valid_to_valid,train_01910,train_01910,0.6787821054458618,0.6787822246551514
test_00484,Anxiety,Bipolar,Anxiety,False,True,False,False,aug_only_correct,valid_to_valid,train_01902,aug_train_01252_0,0.5099933743476868,0.5242661833763123
test_00485,Anxiety,Anxiety,Anxiety,True,True,False,False,both_correct,valid_to_valid,train_04619,train_04619,0.7995498180389404,0.7995498180389404
test_00486,Depression,Depression,Depression,True,True,False,False,both_correct,valid_to_valid,train_03172,train_03172,0.7038775682449341,0.7038778066635132
test_00487,Anxiety,Anxiety,Anxiety,True,True,False,False,both_correct,valid_to_valid,train_04747,train_04747,0.8236361145973206,0.8236362934112549
test_00488,Depression,Depression,Depression,True,True,False,False,both_correct,valid_to_valid,train_00872,train_00872,0.7762194275856018,0.7762194871902466
test_00489,Normal,Normal,Normal,True,True,False,False,both_correct,valid_to_valid,train_02205,train_02205,0.47984135150909424,0.4798412322998047
test_00490,Normal,Normal,Normal,True,True,False,False,both_correct,valid_to_valid,train_01561,aug_train_01561_1,0.48423516750335693,0.6367864608764648
test_00491,Normal,Normal,Normal,True,True,False,False,both_correct,valid_to_valid,train_04597,aug_train_03517_0,0.32754915952682495,0.3802512288093567
test_00492,Normal,Normal,Normal,True,True,False,False,both_correct,valid_to_valid,train_00855,aug_train_00855_1,0.33071190118789673,0.3661388158798218
test_00493,Bipolar,Bipolar,Bipolar,True,True,False,False,both_correct,valid_to_valid,train_01158,aug_train_00999_1,0.6572173237800598,0.6896587014198303
test_00494,Depression,Depression,Depression,True,True,False,False,both_correct,valid_to_valid,train_05913,aug_train_00986_1,0.6135379076004028,0.6452019214630127
test_00495,Anxiety,Anxiety,Anxiety,True,True,False,False,both_correct,valid_to_valid,train_00289,aug_train_00289_0,0.6090036034584045,0.6380297541618347
test_00496,Bipolar,Bipolar,Bipolar,True,True,False,False,both_correct,valid_to_valid,train_00411,aug_train_04314_1,0.7638896703720093,0.7906931638717651
test_00497,Bipolar,Bipolar,Bipolar,True,True,False,False,both_correct,valid_to_valid,train_02014,train_02014,0.6669661998748779,0.6669661998748779
test_00498,Depression,Depression,Depression,True,True,False,False,both_correct,valid_to_valid,train_02008,train_02008,0.7409122586250305,0.7409121990203857
test_00499,Depression,Depression,Depression,True,True,False,False,both_correct,valid_to_valid,train_01893,aug_train_05133_0,0.6651562452316284,0.6779254674911499
test_00500,Depression,Bipolar,Bipolar,False,False,False,False,both_wrong,valid_to_valid,train_00430,train_00430,0.7266891002655029,0.7266891598701477
test_00501,Depression,Depression,Depression,True,True,False,False,both_correct,valid_to_valid,train_05130,train_05130,0.4420240819454193,0.44202423095703125
test_00502,Depression,Depression,Depression,True,True,False,False,both_correct,valid_to_valid,train_00324,aug_train_03835_0,0.6713058948516846,0.6917011737823486
test_00503,Normal,Bipolar,Depression,False,False,False,False,both_wrong,valid_to_valid,train_03335,aug_train_03534_1,0.5134601593017578,0.5586122870445251
test_00504,Anxiety,Anxiety,Anxiety,True,True,False,False,both_correct,valid_to_valid,train_03998,train_03998,0.6965748071670532,0.696574866771698
test_00505,Normal,Anxiety,Anxiety,False,False,False,False,both_wrong,valid_to_valid,train_01782,aug_train_01075_1,0.4088478088378906,0.593996524810791
test_00506,Anxiety,Anxiety,Anxiety,True,True,False,False,both_correct,valid_to_valid,train_04720,train_04720,0.7277175188064575,0.7277175188064575
test_00507,Anxiety,Anxiety,Anxiety,True,True,False,False,both_correct,valid_to_valid,train_03680,aug_train_01459_0,0.6705397367477417,0.7708362936973572
test_00508,Anxiety,Anxiety,Anxiety,True,True,False,False,both_correct,valid_to_valid,train_03873,train_03873,0.743550181388855,0.7435501217842102
test_00509,Bipolar,Bipolar,Bipolar,True,True,False,False,both_correct,valid_to_valid,train_05193,aug_train_00643_1,0.6828137040138245,0.7567113637924194
test_00510,Normal,Normal,Normal,True,True,False,False,both_correct,valid_to_valid,train_01931,aug_train_01931_0,0.46284520626068115,0.4815378785133362
test_00511,Bipolar,Bipolar,Bipolar,True,True,False,False,both_correct,valid_to_valid,train_03227,aug_train_01773_0,0.5694262981414795,0.58122718334198
test_00512,Anxiety,Anxiety,Anxiety,True,True,False,False,both_correct,valid_to_valid,train_01043,train_01043,0.7864693403244019,0.7864693403244019
test_00513,Depression,Depression,Depression,True,True,False,False,both_correct,valid_to_valid,train_05930,train_05930,0.5091723799705505,0.5091723799705505
test_00514,Anxiety,Anxiety,Anxiety,True,True,False,False,both_correct,valid_to_valid,train_01208,train_01208,0.7948426008224487,0.7948424816131592
test_00515,Normal,Normal,Normal,True,True,False,False,both_correct,valid_to_valid,train_03102,train_03102,0.42133787274360657,0.42133790254592896
test_00516,Normal,Normal,Normal,True,True,False,False,both_correct,valid_to_valid,train_01132,train_01132,0.3062177896499634,0.30621790885925293
test_00517,Normal,Normal,Normal,True,True,False,False,both_correct,valid_to_valid,train_05465,train_05465,0.44188886880874634,0.44188880920410156
test_00518,Anxiety,Anxiety,Anxiety,True,True,False,False,both_correct,valid_to_valid,train_04088,train_04088,0.6993927955627441,0.6993927955627441
test_00519,Normal,Normal,Normal,True,True,False,False,both_correct,valid_to_valid,train_01561,train_01561,0.4826222062110901,0.48262208700180054
test_00520,Anxiety,Anxiety,Anxiety,True,True,False,False,both_correct,valid_to_valid,train_00867,train_00867,0.6786662340164185,0.6786662340164185
test_00521,Depression,Depression,Depression,True,True,False,False,both_correct,valid_to_valid,train_05834,train_05834,0.77061927318573,0.77061927318573
test_00522,Bipolar,Bipolar,Bipolar,True,True,False,False,both_correct,valid_to_valid,train_02927,train_02927,0.8305957317352295,0.8305959105491638
test_00523,Normal,Normal,Normal,True,True,False,False,both_correct,valid_to_valid,train_03783,aug_train_01689_0,0.35722705721855164,0.4097079932689667
test_00524,Normal,INVALID,Anxiety,False,False,True,False,both_wrong,invalid_to_valid,train_04240,aug_train_00496_1,0.43772730231285095,0.4463670253753662
test_00525,Normal,Normal,Normal,True,True,False,False,both_correct,valid_to_valid,train_00124,train_00124,0.7175304889678955,0.7175304889678955
test_00526,Anxiety,Anxiety,Anxiety,True,True,False,False,both_correct,valid_to_valid,train_02915,train_02915,0.6585924625396729,0.6585925817489624
test_00527,Normal,Bipolar,Bipolar,False,False,False,False,both_wrong,valid_to_valid,train_03963,train_03963,0.46621033549308777,0.4662103056907654
test_00528,Normal,Normal,Normal,True,True,False,False,both_correct,valid_to_valid,train_01366,aug_train_01366_0,0.40059390664100647,0.43113595247268677
test_00529,Bipolar,Bipolar,Bipolar,True,True,False,False,both_correct,valid_to_valid,train_01027,aug_train_01027_0,0.4983412027359009,0.5149327516555786
test_00530,Bipolar,Anxiety,Depression,False,False,False,False,both_wrong,valid_to_valid,train_01965,aug_train_02418_1,0.6302635669708252,0.6311657428741455
test_00531,Normal,Normal,Normal,True,True,False,False,both_correct,valid_to_valid,train_01231,aug_train_01231_0,0.5149739980697632,0.5946947336196899
test_00532,Depression,Depression,Depression,True,True,False,False,both_correct,valid_to_valid,train_04473,aug_train_04228_0,0.7388348579406738,0.7399756908416748
test_00533,Normal,Normal,Normal,True,True,False,False,both_correct,valid_to_valid,train_01439,train_01439,0.4073892831802368,0.40738922357559204
test_00534,Anxiety,Anxiety,Anxiety,True,True,False,False,both_correct,valid_to_valid,train_02915,train_02915,0.6932432651519775,0.6932433843612671
test_00535,Bipolar,Bipolar,Bipolar,True,True,False,False,both_correct,valid_to_valid,train_05094,train_05094,0.6889932751655579,0.6889932751655579
test_00536,Bipolar,Bipolar,Bipolar,True,True,False,False,both_correct,valid_to_valid,train_00253,aug_train_04888_1,0.7240469455718994,0.7477512359619141
test_00537,Depression,Depression,Depression,True,True,False,False,both_correct,valid_to_valid,train_03326,train_03326,0.696441650390625,0.6964414715766907
test_00538,Bipolar,Bipolar,Bipolar,True,True,False,False,both_correct,valid_to_valid,train_03241,train_03241,0.6106642484664917,0.6106642484664917
test_00539,Depression,Bipolar,Depression,False,True,False,False,aug_only_correct,valid_to_valid,train_03261,aug_train_03261_0,0.6134424209594727,0.6685363054275513
test_00540,Depression,INVALID,INVALID,False,False,True,True,both_wrong,invalid_to_invalid,train_03588,train_03588,0.6822489500045776,0.6822490692138672
test_00541,Normal,Normal,Normal,True,True,False,False,both_correct,valid_to_valid,train_02851,train_02851,0.4109973609447479,0.41099727153778076
test_00542,Anxiety,Depression,Depression,False,False,False,False,both_wrong,valid_to_valid,train_02340,aug_train_02340_1,0.5391113758087158,0.5446597933769226
test_00543,Anxiety,Anxiety,Anxiety,True,True,False,False,both_correct,valid_to_valid,train_04720,train_04720,0.8407579064369202,0.8407579660415649
test_00544,Anxiety,Anxiety,Anxiety,True,True,False,False,both_correct,valid_to_valid,train_01447,aug_train_01447_1,0.5251758694648743,0.5943359732627869
test_00545,Bipolar,Bipolar,Bipolar,True,True,False,False,both_correct,valid_to_valid,train_04028,train_04028,0.7823159694671631,0.7823159694671631
test_00546,Depression,Depression,Depression,True,True,False,False,both_correct,valid_to_valid,train_04510,train_04510,0.7703038454055786,0.7703039646148682
test_00547,Anxiety,Normal,Anxiety,False,True,False,False,aug_only_correct,valid_to_valid,train_01539,aug_train_00079_1,0.4368581771850586,0.4716925024986267
test_00548,Depression,Depression,Depression,True,True,False,False,both_correct,valid_to_valid,train_03709,aug_train_03608_0,0.5328601598739624,0.6107707619667053
test_00549,Normal,Normal,Normal,True,True,False,False,both_correct,valid_to_valid,train_05465,train_05465,0.39114701747894287,0.39114701747894287
test_00550,Normal,Bipolar,Normal,False,True,False,False,aug_only_correct,valid_to_valid,train_04903,aug_train_04638_0,0.31690239906311035,0.3613966107368469
test_00551,Depression,Depression,Depression,True,True,False,False,both_correct,valid_to_valid,train_04665,train_04665,0.7839889526367188,0.7839888334274292
test_00552,Bipolar,Bipolar,Bipolar,True,True,False,False,both_correct,valid_to_valid,train_04129,train_04129,0.6244502067565918,0.6244502067565918
test_00553,Depression,Depression,Depression,True,True,False,False,both_correct,valid_to_valid,train_01523,aug_train_02272_1,0.45352229475975037,0.49890071153640747
test_00554,Normal,Normal,Normal,True,True,False,False,both_correct,valid_to_valid,train_04758,aug_train_04064_0,0.2965770363807678,0.30123835802078247
test_00555,Normal,Anxiety,Anxiety,False,False,False,False,both_wrong,valid_to_valid,train_05453,aug_train_02515_1,0.34465187788009644,0.3526354432106018
test_00556,Normal,Normal,Anxiety,True,False,False,False,noaug_only_correct,valid_to_valid,train_02955,aug_train_05043_0,0.5276246666908264,0.5355631709098816
test_00557,Depression,Depression,Depression,True,True,False,False,both_correct,valid_to_valid,train_02276,train_02276,0.5640052556991577,0.5640052556991577
test_00558,Bipolar,Bipolar,Bipolar,True,True,False,False,both_correct,valid_to_valid,train_05687,train_05687,0.761965811252594,0.7619658708572388
test_00559,Bipolar,Bipolar,Bipolar,True,True,False,False,both_correct,valid_to_valid,train_04128,aug_train_00223_0,0.6637675762176514,0.6676491498947144
test_00560,Anxiety,Anxiety,Anxiety,True,True,False,False,both_correct,valid_to_valid,train_00105,aug_train_05773_0,0.487890362739563,0.5695095658302307
test_00561,Bipolar,Bipolar,Bipolar,True,True,False,False,both_correct,valid_to_valid,train_00192,aug_train_02001_0,0.5651986598968506,0.6888632774353027
test_00562,Bipolar,Bipolar,Bipolar,True,True,False,False,both_correct,valid_to_valid,train_00232,train_00232,0.82347571849823,0.8234755396842957
test_00563,Bipolar,Bipolar,Bipolar,True,True,False,False,both_correct,valid_to_valid,train_03833,aug_train_03833_1,0.6895013451576233,0.7139879465103149
test_00564,Normal,Normal,Normal,True,True,False,False,both_correct,valid_to_valid,train_03054,train_03054,0.38725191354751587,0.38725194334983826
test_00565,Bipolar,Bipolar,Bipolar,True,True,False,False,both_correct,valid_to_valid,train_05216,train_05216,0.5892738699913025,0.5892736911773682
test_00566,Normal,Normal,Normal,True,True,False,False,both_correct,valid_to_valid,train_02728,aug_train_02728_1,0.4402197301387787,0.529087483882904
test_00567,Anxiety,Anxiety,Anxiety,True,True,False,False,both_correct,valid_to_valid,train_01881,train_01881,0.7012341022491455,0.7012342214584351
test_00568,Bipolar,Bipolar,Depression,True,False,False,False,noaug_only_correct,valid_to_valid,train_03874,aug_train_01376_1,0.4620252847671509,0.5309193730354309
test_00569,Bipolar,Bipolar,Bipolar,True,True,False,False,both_correct,valid_to_valid,train_00253,train_00253,0.8313119411468506,0.8313119411468506
test_00570,Normal,Normal,Normal,True,True,False,False,both_correct,valid_to_valid,train_00435,aug_train_05258_0,0.37161386013031006,0.4677506685256958
test_00571,Normal,Bipolar,Normal,False,True,False,False,aug_only_correct,valid_to_valid,train_00431,aug_train_02865_1,0.3026387095451355,0.5458177328109741
test_00572,Normal,INVALID,INVALID,False,False,True,True,both_wrong,invalid_to_invalid,train_02287,train_02287,0.3537026047706604,0.35370251536369324
test_00573,Bipolar,Bipolar,Bipolar,True,True,False,False,both_correct,valid_to_valid,train_05344,train_05344,0.7623337507247925,0.762333869934082
test_00574,Depression,INVALID,Anxiety,False,False,True,False,both_wrong,invalid_to_valid,train_03617,aug_train_03617_0,0.5891244411468506,0.6162574291229248
test_00575,Depression,Depression,Depression,True,True,False,False,both_correct,valid_to_valid,train_05949,train_05949,0.6106827259063721,0.6106825470924377
test_00576,Depression,Normal,Normal,False,False,False,False,both_wrong,valid_to_valid,train_04658,aug_train_04658_0,0.5001859068870544,0.5451951026916504
test_00577,Anxiety,Anxiety,Anxiety,True,True,False,False,both_correct,valid_to_valid,train_01201,aug_train_02685_1,0.6834592819213867,0.7013763785362244
test_00578,Bipolar,Bipolar,Bipolar,True,True,False,False,both_correct,valid_to_valid,train_05925,aug_train_01835_1,0.6540696620941162,0.6855268478393555
test_00579,Bipolar,Bipolar,Bipolar,True,True,False,False,both_correct,valid_to_valid,train_01215,aug_train_01997_1,0.5852087736129761,0.5869261026382446
test_00580,Bipolar,Bipolar,Bipolar,True,True,False,False,both_correct,valid_to_valid,train_00219,aug_train_02563_1,0.6736371517181396,0.6784763932228088
test_00581,Bipolar,Bipolar,Bipolar,True,True,False,False,both_correct,valid_to_valid,train_05305,train_05305,0.6872602701187134,0.6872602701187134
test_00582,Normal,Normal,Normal,True,True,False,False,both_correct,valid_to_valid,train_05321,train_05321,0.3911646604537964,0.39116472005844116
test_00583,Anxiety,Anxiety,Anxiety,True,True,False,False,both_correct,valid_to_valid,train_05146,aug_train_02503_1,0.5989261865615845,0.6197665333747864
test_00584,Normal,Normal,Normal,True,True,False,False,both_correct,valid_to_valid,train_01209,aug_train_03864_1,0.46289995312690735,0.48208287358283997
test_00585,Normal,Normal,Normal,True,True,False,False,both_correct,valid_to_valid,train_05069,aug_train_03639_1,0.38152647018432617,0.3842794895172119
test_00586,Anxiety,Anxiety,Anxiety,True,True,False,False,both_correct,valid_to_valid,train_01171,train_01171,0.5878334045410156,0.5878332853317261
test_00587,Depression,INVALID,Bipolar,False,False,True,False,both_wrong,invalid_to_valid,train_03750,aug_train_03269_0,0.6297557353973389,0.6677727103233337
test_00588,Depression,Depression,Depression,True,True,False,False,both_correct,valid_to_valid,train_03620,train_03620,0.68682461977005,0.68682461977005
test_00589,Anxiety,Anxiety,Anxiety,True,True,False,False,both_correct,valid_to_valid,train_03530,aug_train_00318_0,0.6686693429946899,0.7012914419174194
test_00590,Anxiety,Anxiety,Depression,True,False,False,False,noaug_only_correct,valid_to_valid,train_01567,aug_train_04970_1,0.46230393648147583,0.47932887077331543
test_00591,Normal,Normal,Normal,True,True,False,False,both_correct,valid_to_valid,train_04528,train_04528,0.41264235973358154,0.412642240524292
test_00592,Normal,Normal,Normal,True,True,False,False,both_correct,valid_to_valid,train_02552,train_02552,0.5292495489120483,0.5292495489120483
test_00593,Normal,Normal,Normal,True,True,False,False,both_correct,valid_to_valid,train_03367,aug_train_03367_0,0.24836114048957825,0.29937565326690674
test_00594,Anxiety,Normal,Normal,False,False,False,False,both_wrong,valid_to_valid,train_02889,train_02889,0.5611160397529602,0.5611161589622498
test_00595,Anxiety,Bipolar,Bipolar,False,False,False,False,both_wrong,valid_to_valid,train_05688,train_05688,0.6994152665138245,0.6994150280952454
test_00596,Depression,INVALID,INVALID,False,False,True,True,both_wrong,invalid_to_invalid,train_00917,train_00917,0.49350711703300476,0.49350714683532715
test_00597,Normal,Normal,Normal,True,True,False,False,both_correct,valid_to_valid,train_05805,train_05805,0.4937376379966736,0.4937376379966736
test_00598,Normal,Bipolar,Anxiety,False,False,False,False,both_wrong,valid_to_valid,train_03792,aug_train_01879_0,0.42035919427871704,0.44190293550491333
test_00599,Normal,Normal,Normal,True,True,False,False,both_correct,valid_to_valid,train_02366,train_02366,0.37959399819374084,0.37959393858909607
test_00600,Depression,Depression,Depression,True,True,False,False,both_correct,valid_to_valid,train_05723,train_05723,0.7987673878669739,0.7987673282623291
test_00601,Bipolar,Bipolar,Bipolar,True,True,False,False,both_correct,valid_to_valid,train_04387,aug_train_04387_1,0.7573257088661194,0.7671761512756348
test_00602,Anxiety,Bipolar,Bipolar,False,False,False,False,both_wrong,valid_to_valid,train_02802,train_02802,0.6208826899528503,0.6208827495574951
test_00603,Depression,Bipolar,Bipolar,False,False,False,False,both_wrong,valid_to_valid,train_04473,train_04473,0.7586584687232971,0.7586585879325867
test_00604,Bipolar,Bipolar,Bipolar,True,True,False,False,both_correct,valid_to_valid,train_00984,aug_train_03125_0,0.6418906450271606,0.7186518907546997
test_00605,Bipolar,Bipolar,Bipolar,True,True,False,False,both_correct,valid_to_valid,train_02636,train_02636,0.7256643772125244,0.7256643772125244
test_00606,Depression,INVALID,Depression,False,True,True,False,aug_only_correct,invalid_to_valid,train_02579,aug_train_00904_1,0.7698988318443298,0.772913932800293
test_00607,Depression,Depression,Depression,True,True,False,False,both_correct,valid_to_valid,train_03172,train_03172,0.7265895009040833,0.7265895009040833
test_00608,Anxiety,Anxiety,Anxiety,True,True,False,False,both_correct,valid_to_valid,train_03404,train_03404,0.6827431917190552,0.6827431917190552
test_00609,Normal,Normal,Normal,True,True,False,False,both_correct,valid_to_valid,train_04957,aug_train_02926_0,0.3506356179714203,0.42375171184539795
test_00610,Bipolar,Bipolar,Bipolar,True,True,False,False,both_correct,valid_to_valid,train_02297,aug_train_05925_1,0.5787767171859741,0.5798429846763611
test_00611,Bipolar,Bipolar,Bipolar,True,True,False,False,both_correct,valid_to_valid,train_04172,aug_train_04172_1,0.7733950614929199,0.7740771770477295
test_00612,Bipolar,Bipolar,Bipolar,True,True,False,False,both_correct,valid_to_valid,train_03968,train_03968,0.6900555491447449,0.6900556087493896
test_00613,Depression,Depression,Depression,True,True,False,False,both_correct,valid_to_valid,train_02034,aug_train_01491_1,0.6033347845077515,0.6329373121261597
test_00614,Bipolar,Bipolar,Bipolar,True,True,False,False,both_correct,valid_to_valid,train_05668,aug_train_04836_1,0.788112223148346,0.788118302822113
test_00615,Depression,Depression,Depression,True,True,False,False,both_correct,valid_to_valid,train_05834,aug_train_03818_0,0.7023454904556274,0.7465109825134277
test_00616,Anxiety,Anxiety,Anxiety,True,True,False,False,both_correct,valid_to_valid,train_02195,train_02195,0.7498000860214233,0.7498000860214233
test_00617,Anxiety,Anxiety,Anxiety,True,True,False,False,both_correct,valid_to_valid,train_02542,train_02542,0.7655457258224487,0.7655458450317383
test_00618,Depression,INVALID,INVALID,False,False,True,True,both_wrong,invalid_to_invalid,train_01388,train_01388,0.5046948194503784,0.5046948194503784
test_00619,Bipolar,Bipolar,Bipolar,True,True,False,False,both_correct,valid_to_valid,train_00963,train_00963,0.669400155544281,0.6694002151489258
test_00620,Anxiety,Anxiety,Anxiety,True,True,False,False,both_correct,valid_to_valid,train_02018,train_02018,0.5448116064071655,0.5448115468025208
test_00621,Depression,Bipolar,Bipolar,False,False,False,False,both_wrong,valid_to_valid,train_03301,train_03301,0.6149724721908569,0.6149724721908569
test_00622,Anxiety,Anxiety,Anxiety,True,True,False,False,both_correct,valid_to_valid,train_02754,train_02754,0.5224131345748901,0.5224130749702454
test_00623,Bipolar,Bipolar,Bipolar,True,True,False,False,both_correct,valid_to_valid,train_02592,train_02592,0.6850457787513733,0.6850457191467285
test_00624,Normal,Anxiety,Anxiety,False,False,False,False,both_wrong,valid_to_valid,train_01293,aug_train_01293_0,0.48345649242401123,0.48874133825302124
test_00625,Anxiety,Anxiety,Anxiety,True,True,False,False,both_correct,valid_to_valid,train_04583,aug_train_04583_0,0.4558980464935303,0.5246679782867432
test_00626,Depression,Depression,Depression,True,True,False,False,both_correct,valid_to_valid,train_01153,train_01153,0.645002007484436,0.645002007484436
test_00627,Normal,Anxiety,Anxiety,False,False,False,False,both_wrong,valid_to_valid,train_00585,aug_train_00585_1,0.5127399563789368,0.5370007753372192
test_00628,Normal,Bipolar,Normal,False,True,False,False,aug_only_correct,valid_to_valid,train_01047,aug_train_03893_0,0.3756678104400635,0.3910195231437683
test_00629,Anxiety,Anxiety,Anxiety,True,True,False,False,both_correct,valid_to_valid,train_05303,aug_train_01653_0,0.47413766384124756,0.4827491044998169
test_00630,Anxiety,Anxiety,Anxiety,True,True,False,False,both_correct,valid_to_valid,train_03080,aug_train_00709_1,0.642728328704834,0.666475772857666
test_00631,Anxiety,Anxiety,Anxiety,True,True,False,False,both_correct,valid_to_valid,train_04651,aug_train_01142_1,0.5227454304695129,0.5547565221786499
test_00632,Anxiety,Anxiety,Anxiety,True,True,False,False,both_correct,valid_to_valid,train_05820,aug_train_05956_0,0.5107783079147339,0.553946316242218
test_00633,Anxiety,Anxiety,Anxiety,True,True,False,False,both_correct,valid_to_valid,train_04641,aug_train_04641_1,0.6297645568847656,0.6577799320220947
test_00634,Bipolar,Bipolar,Bipolar,True,True,False,False,both_correct,valid_to_valid,train_03338,aug_train_01521_1,0.821831464767456,0.825374186038971
test_00635,Normal,Depression,Depression,False,False,False,False,both_wrong,valid_to_valid,train_00473,train_00473,0.5654128789901733,0.5654127597808838
test_00636,Normal,Normal,Normal,True,True,False,False,both_correct,valid_to_valid,train_01366,aug_train_01366_0,0.4218827486038208,0.4234086275100708
test_00637,Bipolar,Anxiety,Depression,False,False,False,False,both_wrong,valid_to_valid,train_01289,aug_train_05858_0,0.715792179107666,0.7517431974411011
test_00638,Bipolar,Bipolar,Bipolar,True,True,False,False,both_correct,valid_to_valid,train_02426,train_02426,0.5475766062736511,0.5475767850875854
test_00639,Anxiety,Anxiety,Anxiety,True,True,False,False,both_correct,valid_to_valid,train_05774,aug_train_03642_0,0.6949328184127808,0.7130826711654663
test_00640,Bipolar,Bipolar,Depression,True,False,False,False,noaug_only_correct,valid_to_valid,train_00754,aug_train_04029_1,0.6148159503936768,0.6429228782653809
test_00641,Normal,Normal,Normal,True,True,False,False,both_correct,valid_to_valid,train_03119,train_03119,0.5253703594207764,0.5253703594207764
test_00642,Anxiety,Bipolar,INVALID,False,False,False,True,both_wrong,valid_to_invalid,train_03132,aug_train_00370_0,0.599800169467926,0.6475216746330261
test_00643,Depression,INVALID,INVALID,False,False,True,True,both_wrong,invalid_to_invalid,train_05098,train_05098,0.7667946815490723,0.7667944431304932
test_00644,Depression,INVALID,INVALID,False,False,True,True,both_wrong,invalid_to_invalid,train_01399,train_01399,0.4327428340911865,0.4327428936958313
test_00645,Anxiety,Anxiety,Anxiety,True,True,False,False,both_correct,valid_to_valid,train_05502,train_05502,0.607596755027771,0.6075966358184814
test_00646,Normal,Normal,Normal,True,True,False,False,both_correct,valid_to_valid,train_05844,aug_train_04067_0,0.4522913694381714,0.45940735936164856
test_00647,Anxiety,Anxiety,Anxiety,True,True,False,False,both_correct,valid_to_valid,train_05789,train_05789,0.6160014867782593,0.6160016059875488
test_00648,Bipolar,Bipolar,Bipolar,True,True,False,False,both_correct,valid_to_valid,train_03017,train_03017,0.6730722188949585,0.6730723977088928
test_00649,Anxiety,Anxiety,Anxiety,True,True,False,False,both_correct,valid_to_valid,train_05134,train_05134,0.5693362951278687,0.5693361759185791
test_00650,Depression,Bipolar,Bipolar,False,False,False,False,both_wrong,valid_to_valid,train_05751,aug_train_04948_1,0.6436817646026611,0.6582951545715332
test_00651,Normal,Normal,Normal,True,True,False,False,both_correct,valid_to_valid,train_00543,train_00543,0.3702700436115265,0.37027013301849365
test_00652,Anxiety,Bipolar,Bipolar,False,False,False,False,both_wrong,valid_to_valid,train_03560,aug_train_05337_1,0.496021032333374,0.50987309217453
test_00653,Bipolar,Bipolar,Bipolar,True,True,False,False,both_correct,valid_to_valid,train_04993,train_04993,0.6443897485733032,0.6443896293640137
test_00654,Anxiety,Anxiety,Anxiety,True,True,False,False,both_correct,valid_to_valid,train_04858,train_04858,0.7110966444015503,0.7110966444015503
test_00655,Anxiety,Anxiety,Anxiety,True,True,False,False,both_correct,valid_to_valid,train_04047,aug_train_01891_0,0.5105891227722168,0.5568534135818481
test_00656,Depression,Anxiety,Anxiety,False,False,False,False,both_wrong,valid_to_valid,train_00155,train_00155,0.6954397559165955,0.6954399347305298
test_00657,Anxiety,Anxiety,Anxiety,True,True,False,False,both_correct,valid_to_valid,train_02993,aug_train_03395_0,0.7032779455184937,0.7371488809585571
test_00658,Bipolar,Bipolar,Bipolar,True,True,False,False,both_correct,valid_to_valid,train_03204,train_03204,0.7761688828468323,0.776168942451477
test_00659,Normal,INVALID,INVALID,False,False,True,True,both_wrong,invalid_to_invalid,train_03188,train_03188,0.2901482582092285,0.2901482582092285
test_00660,Anxiety,Anxiety,Anxiety,True,True,False,False,both_correct,valid_to_valid,train_04073,aug_train_04073_0,0.5800628066062927,0.6307359337806702
test_00661,Anxiety,Anxiety,Anxiety,True,True,False,False,both_correct,valid_to_valid,train_02972,train_02972,0.3944053649902344,0.39440542459487915
test_00662,Bipolar,Bipolar,Bipolar,True,True,False,False,both_correct,valid_to_valid,train_00414,train_00414,0.7843130826950073,0.7843132019042969
test_00663,Anxiety,Anxiety,Anxiety,True,True,False,False,both_correct,valid_to_valid,train_00014,train_00014,0.6466331481933594,0.6466329097747803
test_00664,Bipolar,Bipolar,Bipolar,True,True,False,False,both_correct,valid_to_valid,train_00253,aug_train_01827_1,0.8104024529457092,0.8147616386413574
test_00665,Anxiety,Anxiety,Anxiety,True,True,False,False,both_correct,valid_to_valid,train_02425,train_02425,0.7483986020088196,0.7483984231948853
test_00666,Depression,Depression,Depression,True,True,False,False,both_correct,valid_to_valid,train_01596,train_01596,0.5590577125549316,0.5590577125549316
test_00667,Depression,Depression,Depression,True,True,False,False,both_correct,valid_to_valid,train_00591,aug_train_03095_1,0.7122735977172852,0.720059871673584
test_00668,Anxiety,Anxiety,Anxiety,True,True,False,False,both_correct,valid_to_valid,train_01093,aug_train_01093_0,0.7828883528709412,0.7938623428344727
test_00669,Depression,INVALID,INVALID,False,False,True,True,both_wrong,invalid_to_invalid,train_02117,train_02117,0.4643741250038147,0.4643741846084595
test_00670,Normal,Normal,Normal,True,True,False,False,both_correct,valid_to_valid,train_03334,aug_train_03334_0,0.42341819405555725,0.4296722114086151
test_00671,Bipolar,Bipolar,Bipolar,True,True,False,False,both_correct,valid_to_valid,train_01440,aug_train_03008_0,0.6465137004852295,0.6969924569129944
test_00672,Normal,Normal,Normal,True,True,False,False,both_correct,valid_to_valid,train_03953,aug_train_04213_1,0.363059937953949,0.42688435316085815
test_00673,Depression,Depression,Depression,True,True,False,False,both_correct,valid_to_valid,train_01053,train_01053,0.8063507080078125,0.806350827217102
test_00674,Depression,Depression,Depression,True,True,False,False,both_correct,valid_to_valid,train_01003,aug_train_01740_1,0.6416341662406921,0.6519021987915039
test_00675,Bipolar,Bipolar,Bipolar,True,True,False,False,both_correct,valid_to_valid,train_04558,aug_train_04558_1,0.7539540529251099,0.7690868377685547
test_00676,Anxiety,Anxiety,Anxiety,True,True,False,False,both_correct,valid_to_valid,train_01340,aug_train_03954_1,0.7401403188705444,0.7580636739730835
test_00677,Anxiety,Anxiety,Anxiety,True,True,False,False,both_correct,valid_to_valid,train_03879,aug_train_03879_1,0.7387354373931885,0.7405731081962585
test_00678,Depression,Depression,Depression,True,True,False,False,both_correct,valid_to_valid,train_05092,aug_train_03794_1,0.7174997329711914,0.7182952761650085
test_00679,Anxiety,Anxiety,Anxiety,True,True,False,False,both_correct,valid_to_valid,train_03791,aug_train_04780_1,0.6140488386154175,0.6499675512313843
test_00680,Depression,Depression,Depression,True,True,False,False,both_correct,valid_to_valid,train_04608,train_04608,0.6459804773330688,0.6459805965423584
test_00681,Anxiety,Anxiety,Anxiety,True,True,False,False,both_correct,valid_to_valid,train_02442,train_02442,0.6516693830490112,0.6516695022583008
test_00682,Bipolar,Bipolar,Bipolar,True,True,False,False,both_correct,valid_to_valid,train_03968,aug_train_03277_1,0.6878887414932251,0.7266242504119873
test_00683,Bipolar,Bipolar,Bipolar,True,True,False,False,both_correct,valid_to_valid,train_00327,train_00327,0.7400203943252563,0.7400203943252563
test_00684,Anxiety,Anxiety,Anxiety,True,True,False,False,both_correct,valid_to_valid,train_05166,train_05166,0.693114161491394,0.6931140422821045
test_00685,Depression,Depression,Bipolar,True,False,False,False,noaug_only_correct,valid_to_valid,train_05574,aug_train_04682_1,0.6027229428291321,0.6194067597389221
test_00686,Anxiety,Depression,Normal,False,False,False,False,both_wrong,valid_to_valid,train_03526,aug_train_00460_1,0.5294142961502075,0.5891408324241638
test_00687,Depression,Depression,Depression,True,True,False,False,both_correct,valid_to_valid,train_00904,train_00904,0.7469653487205505,0.7469655275344849
test_00688,Normal,Anxiety,Anxiety,False,False,False,False,both_wrong,valid_to_valid,train_05115,aug_train_01917_1,0.3744008243083954,0.3862968981266022
test_00689,Bipolar,Bipolar,Bipolar,True,True,False,False,both_correct,valid_to_valid,train_02812,train_02812,0.7765457034111023,0.776545524597168
test_00690,Anxiety,Depression,Normal,False,False,False,False,both_wrong,valid_to_valid,train_04151,aug_train_01532_1,0.579174816608429,0.6182764768600464
test_00691,Normal,Normal,Normal,True,True,False,False,both_correct,valid_to_valid,train_00855,aug_train_03865_0,0.32293426990509033,0.3420272767543793
test_00692,Depression,Depression,Depression,True,True,False,False,both_correct,valid_to_valid,train_01698,aug_train_00949_0,0.7081900238990784,0.7339766025543213
test_00693,Bipolar,Depression,Depression,False,False,False,False,both_wrong,valid_to_valid,train_01356,aug_train_04018_0,0.7194259762763977,0.7891412973403931
test_00694,Bipolar,Depression,Bipolar,False,True,False,False,aug_only_correct,valid_to_valid,train_03575,aug_train_05811_1,0.6557320356369019,0.6754211187362671
test_00695,Normal,Normal,Normal,True,True,False,False,both_correct,valid_to_valid,train_01380,train_01380,0.432836651802063,0.43283677101135254
test_00696,Anxiety,Anxiety,Anxiety,True,True,False,False,both_correct,valid_to_valid,train_04509,aug_train_01190_0,0.4543587565422058,0.47114643454551697
test_00697,Normal,Depression,Depression,False,False,False,False,both_wrong,valid_to_valid,train_00279,aug_train_04327_0,0.5280680656433105,0.5790489912033081
test_00698,Anxiety,Anxiety,Anxiety,True,True,False,False,both_correct,valid_to_valid,train_02380,aug_train_04592_1,0.6815778017044067,0.6842783689498901
test_00699,Bipolar,Anxiety,Anxiety,False,False,False,False,both_wrong,valid_to_valid,train_05763,train_05763,0.697741687297821,0.6977417469024658
test_00700,Normal,Normal,Normal,True,True,False,False,both_correct,valid_to_valid,train_05541,train_05541,0.32520243525505066,0.3252025246620178
test_00701,Normal,Bipolar,Normal,False,True,False,False,aug_only_correct,valid_to_valid,train_00827,aug_train_04926_1,0.29494932293891907,0.31089580059051514
test_00702,Normal,Normal,Normal,True,True,False,False,both_correct,valid_to_valid,train_05720,train_05720,0.39465269446372986,0.394652783870697
test_00703,Bipolar,Bipolar,Bipolar,True,True,False,False,both_correct,valid_to_valid,train_05086,train_05086,0.576097309589386,0.5760972499847412
test_00704,Depression,Bipolar,Bipolar,False,False,False,False,both_wrong,valid_to_valid,train_00694,train_00694,0.6827883124351501,0.6827883720397949
test_00705,Anxiety,Anxiety,Anxiety,True,True,False,False,both_correct,valid_to_valid,train_03700,aug_train_03421_0,0.6776513457298279,0.7311844825744629
test_00706,Anxiety,Anxiety,Anxiety,True,True,False,False,both_correct,valid_to_valid,train_02678,aug_train_03050_0,0.5470125675201416,0.578181266784668
test_00707,Normal,INVALID,INVALID,False,False,True,True,both_wrong,invalid_to_invalid,train_05814,train_05814,0.43711555004119873,0.43711555004119873
test_00708,Normal,Normal,Normal,True,True,False,False,both_correct,valid_to_valid,train_01945,aug_train_01945_1,0.43654170632362366,0.45899084210395813
test_00709,Depression,Anxiety,Anxiety,False,False,False,False,both_wrong,valid_to_valid,train_03431,aug_train_05076_0,0.6234395503997803,0.6442891359329224
test_00710,Bipolar,Bipolar,Bipolar,True,True,False,False,both_correct,valid_to_valid,train_02352,train_02352,0.7326824069023132,0.732682466506958
test_00711,Normal,Normal,Normal,True,True,False,False,both_correct,valid_to_valid,train_03899,train_03899,0.5641907453536987,0.5641906261444092
test_00712,Anxiety,Anxiety,Anxiety,True,True,False,False,both_correct,valid_to_valid,train_01260,aug_train_03944_1,0.6789242029190063,0.6811476945877075
test_00713,Depression,Anxiety,Anxiety,False,False,False,False,both_wrong,valid_to_valid,train_05189,train_05189,0.5796281099319458,0.5796281099319458
test_00714,Normal,Normal,Normal,True,True,False,False,both_correct,valid_to_valid,train_02531,train_02531,0.3758787512779236,0.3758787512779236
test_00715,Bipolar,Depression,Depression,False,False,False,False,both_wrong,valid_to_valid,train_01105,aug_train_01105_0,0.607537031173706,0.6387085914611816
test_00716,Anxiety,Anxiety,Anxiety,True,True,False,False,both_correct,valid_to_valid,train_04689,aug_train_02421_0,0.5242962837219238,0.5761792659759521
test_00717,Depression,INVALID,Depression,False,True,True,False,aug_only_correct,invalid_to_valid,train_04866,train_04866,0.701093316078186,0.701093316078186
test_00718,Anxiety,Anxiety,Anxiety,True,True,False,False,both_correct,valid_to_valid,train_00159,train_00159,0.5157666206359863,0.5157667398452759
test_00719,Depression,Depression,Depression,True,True,False,False,both_correct,valid_to_valid,train_05928,train_05928,0.792181134223938,0.792181134223938
test_00720,Bipolar,Bipolar,Bipolar,True,True,False,False,both_correct,valid_to_valid,train_02878,train_02878,0.7964485883712769,0.7964484691619873
test_00721,Normal,Anxiety,Anxiety,False,False,False,False,both_wrong,valid_to_valid,train_03200,aug_train_03323_1,0.4121664762496948,0.4285580813884735
test_00722,Depression,Depression,Depression,True,True,False,False,both_correct,valid_to_valid,train_00493,train_00493,0.6731985211372375,0.6731988191604614
test_00723,Anxiety,Anxiety,Anxiety,True,True,False,False,both_correct,valid_to_valid,train_01208,aug_train_04743_0,0.705202043056488,0.7097973823547363
test_00724,Bipolar,Depression,Depression,False,False,False,False,both_wrong,valid_to_valid,train_03540,train_03540,0.7667281627655029,0.7667283415794373
test_00725,Normal,Bipolar,Bipolar,False,False,False,False,both_wrong,valid_to_valid,train_01296,aug_train_05461_0,0.392694354057312,0.3947679400444031
test_00726,Normal,Normal,Normal,True,True,False,False,both_correct,valid_to_valid,train_05368,train_05368,0.36540552973747253,0.36540547013282776
test_00727,Bipolar,Bipolar,Bipolar,True,True,False,False,both_correct,valid_to_valid,train_05872,aug_train_00335_1,0.7409878969192505,0.7842397689819336
test_00728,Depression,Depression,Depression,True,True,False,False,both_correct,valid_to_valid,train_02233,train_02233,0.7876206040382385,0.7876207232475281
test_00729,Bipolar,Bipolar,Bipolar,True,True,False,False,both_correct,valid_to_valid,train_00391,aug_train_00391_1,0.7863223552703857,0.7915387153625488
test_00730,Normal,Depression,Depression,False,False,False,False,both_wrong,valid_to_valid,train_03498,aug_train_03121_1,0.49983739852905273,0.5473431348800659
test_00731,Anxiety,Anxiety,Anxiety,True,True,False,False,both_correct,valid_to_valid,train_04680,aug_train_04497_0,0.7262548208236694,0.7460174560546875
test_00732,Anxiety,Anxiety,Anxiety,True,True,False,False,both_correct,valid_to_valid,train_01195,aug_train_01195_1,0.5576518774032593,0.6631581783294678
test_00733,Anxiety,Anxiety,Anxiety,True,True,False,False,both_correct,valid_to_valid,train_04182,train_04182,0.7808834314346313,0.7808834910392761
test_00734,Bipolar,Bipolar,Bipolar,True,True,False,False,both_correct,valid_to_valid,train_01223,train_01223,0.7764065861701965,0.7764065861701965
test_00735,Depression,Depression,Depression,True,True,False,False,both_correct,valid_to_valid,train_03210,train_03210,0.7625175714492798,0.7625173926353455
test_00736,Depression,INVALID,Bipolar,False,False,True,False,both_wrong,invalid_to_valid,train_01629,aug_train_00383_0,0.6865585446357727,0.6908118724822998
test_00737,Depression,Depression,Depression,True,True,False,False,both_correct,valid_to_valid,train_05142,aug_train_01053_0,0.6696043014526367,0.7030406594276428
test_00738,Anxiety,Anxiety,Anxiety,True,True,False,False,both_correct,valid_to_valid,train_05537,aug_train_04097_1,0.6103092432022095,0.6175321936607361
test_00739,Normal,Normal,Normal,True,True,False,False,both_correct,valid_to_valid,train_04968,aug_train_02179_0,0.2572927474975586,0.2739146947860718
test_00740,Depression,Bipolar,Bipolar,False,False,False,False,both_wrong,valid_to_valid,train_00122,train_00122,0.6540662050247192,0.6540663242340088
test_00741,Anxiety,Anxiety,Anxiety,True,True,False,False,both_correct,valid_to_valid,train_04350,aug_train_05194_1,0.5946112275123596,0.629758358001709
test_00742,Normal,Normal,Normal,True,True,False,False,both_correct,valid_to_valid,train_04601,train_04601,0.4947879910469055,0.49478796124458313
test_00743,Normal,Normal,Normal,True,True,False,False,both_correct,valid_to_valid,train_05980,train_05980,0.5187844038009644,0.5187843441963196
test_00744,Bipolar,Bipolar,Bipolar,True,True,False,False,both_correct,valid_to_valid,train_02355,train_02355,0.725669264793396,0.7256694436073303
test_00745,Bipolar,Bipolar,Bipolar,True,True,False,False,both_correct,valid_to_valid,train_04347,aug_train_00926_0,0.5862894058227539,0.6141904592514038
test_00746,Anxiety,Anxiety,Anxiety,True,True,False,False,both_correct,valid_to_valid,train_02667,train_02667,0.7172968983650208,0.7172967195510864
test_00747,Bipolar,Bipolar,Bipolar,True,True,False,False,both_correct,valid_to_valid,train_02405,aug_train_02405_0,0.5929437875747681,0.5984858274459839
test_00748,Normal,Depression,Depression,False,False,False,False,both_wrong,valid_to_valid,train_03121,train_03121,0.5427340269088745,0.5427340269088745
test_00749,Depression,Depression,Depression,True,True,False,False,both_correct,valid_to_valid,train_02253,aug_train_02253_1,0.5225520133972168,0.5847680568695068
test_00750,Normal,Normal,Normal,True,True,False,False,both_correct,valid_to_valid,train_01355,train_01355,0.6089427471160889,0.6089427471160889
test_00751,Bipolar,Bipolar,Bipolar,True,True,False,False,both_correct,valid_to_valid,train_00840,train_00840,0.70308518409729,0.7030853033065796
test_00752,Anxiety,Anxiety,Anxiety,True,True,False,False,both_correct,valid_to_valid,train_04024,train_04024,0.5579025149345398,0.5579023361206055
test_00753,Bipolar,Bipolar,Bipolar,True,True,False,False,both_correct,valid_to_valid,train_02234,aug_train_02352_0,0.6006258726119995,0.6373372077941895
test_00754,Bipolar,Bipolar,Bipolar,True,True,False,False,both_correct,valid_to_valid,train_04779,train_04779,0.7974205017089844,0.7974205017089844
test_00755,Bipolar,Bipolar,Bipolar,True,True,False,False,both_correct,valid_to_valid,train_03711,aug_train_03243_0,0.5970903635025024,0.6204637289047241
test_00756,Normal,Bipolar,Normal,False,True,False,False,aug_only_correct,valid_to_valid,train_03266,aug_train_05842_1,0.4830016493797302,0.4838940501213074
test_00757,Depression,Normal,Normal,False,False,False,False,both_wrong,valid_to_valid,train_01133,train_01133,0.5806139707565308,0.5806140899658203
test_00758,Bipolar,Bipolar,Bipolar,True,True,False,False,both_correct,valid_to_valid,train_00514,aug_train_00257_0,0.7216188907623291,0.731453537940979
test_00759,Bipolar,Anxiety,Depression,False,False,False,False,both_wrong,valid_to_valid,train_02645,aug_train_01254_1,0.6080641746520996,0.6316875219345093
test_00760,Bipolar,Bipolar,Bipolar,True,True,False,False,both_correct,valid_to_valid,train_02426,aug_train_04408_1,0.4531400799751282,0.465922474861145
test_00761,Depression,Anxiety,Anxiety,False,False,False,False,both_wrong,valid_to_valid,train_00766,train_00766,0.6174139380455017,0.6174139976501465
test_00762,Depression,Depression,Depression,True,True,False,False,both_correct,valid_to_valid,train_02584,train_02584,0.5491013526916504,0.5491014719009399
test_00763,Normal,Normal,Normal,True,True,False,False,both_correct,valid_to_valid,train_05671,train_05671,0.4289282262325287,0.42892828583717346
test_00764,Bipolar,Bipolar,Bipolar,True,True,False,False,both_correct,valid_to_valid,train_01867,train_01867,0.6415610313415527,0.6415610313415527
test_00765,Depression,Depression,Depression,True,True,False,False,both_correct,valid_to_valid,train_04468,train_04468,0.7880244851112366,0.7880246639251709
test_00766,Normal,Anxiety,Anxiety,False,False,False,False,both_wrong,valid_to_valid,train_00583,aug_train_04078_0,0.43824148178100586,0.4697910249233246
test_00767,Normal,Normal,Normal,True,True,False,False,both_correct,valid_to_valid,train_04912,train_04912,0.4182424545288086,0.41824233531951904
test_00768,Depression,Anxiety,Anxiety,False,False,False,False,both_wrong,valid_to_valid,train_01748,train_01748,0.6874312162399292,0.6874314546585083
test_00769,Bipolar,Bipolar,Bipolar,True,True,False,False,both_correct,valid_to_valid,train_01101,train_01101,0.793561577796936,0.7935619354248047
test_00770,Anxiety,Depression,Anxiety,False,True,False,False,aug_only_correct,valid_to_valid,train_02422,aug_train_04374_1,0.4833759665489197,0.5409296154975891
test_00771,Anxiety,Anxiety,Anxiety,True,True,False,False,both_correct,valid_to_valid,train_03879,aug_train_03879_1,0.6594319343566895,0.6874244213104248
test_00772,Anxiety,Normal,Depression,False,False,False,False,both_wrong,valid_to_valid,train_00330,aug_train_02393_0,0.4685855507850647,0.5312045812606812
test_00773,Anxiety,Anxiety,Anxiety,True,True,False,False,both_correct,valid_to_valid,train_02958,aug_train_05059_1,0.6858659982681274,0.6916326880455017
test_00774,Anxiety,Anxiety,Anxiety,True,True,False,False,both_correct,valid_to_valid,train_03178,train_03178,0.714902400970459,0.714902400970459
test_00775,Anxiety,Anxiety,Depression,True,False,False,False,noaug_only_correct,valid_to_valid,train_00865,aug_train_05161_1,0.7040629386901855,0.7107981443405151
test_00776,Anxiety,Anxiety,Anxiety,True,True,False,False,both_correct,valid_to_valid,train_04289,train_04289,0.6940388679504395,0.6940388083457947
test_00777,Bipolar,Bipolar,Bipolar,True,True,False,False,both_correct,valid_to_valid,train_02777,train_02777,0.8434823155403137,0.8434821963310242
test_00778,Anxiety,Anxiety,Anxiety,True,True,False,False,both_correct,valid_to_valid,train_04334,train_04334,0.6149874925613403,0.6149873733520508
test_00779,Anxiety,Anxiety,Anxiety,True,True,False,False,both_correct,valid_to_valid,train_03591,aug_train_03591_1,0.5203454494476318,0.6246652603149414
test_00780,Normal,Normal,Normal,True,True,False,False,both_correct,valid_to_valid,train_05720,train_05720,0.38885819911956787,0.38885822892189026
test_00781,Bipolar,INVALID,INVALID,False,False,True,True,both_wrong,invalid_to_invalid,train_02191,train_02191,0.723716139793396,0.723716139793396
test_00782,Depression,Depression,Depression,True,True,False,False,both_correct,valid_to_valid,train_01105,train_01105,0.7973372936248779,0.7973373532295227
test_00783,Normal,Anxiety,Normal,False,True,False,False,aug_only_correct,valid_to_valid,train_03088,aug_train_04304_1,0.4397152364253998,0.4941166043281555
test_00784,Normal,Normal,Normal,True,True,False,False,both_correct,valid_to_valid,train_04168,aug_train_04119_1,0.3538777232170105,0.3541019558906555
test_00785,Normal,Normal,Normal,True,True,False,False,both_correct,valid_to_valid,train_05871,aug_train_05871_0,0.37520772218704224,0.39795321226119995
test_00786,Normal,Normal,Normal,True,True,False,False,both_correct,valid_to_valid,train_03728,aug_train_02769_1,0.41316545009613037,0.4674960970878601
test_00787,Depression,INVALID,INVALID,False,False,True,True,both_wrong,invalid_to_invalid,train_01623,train_01623,0.5789147615432739,0.5789147615432739
test_00788,Bipolar,Bipolar,Bipolar,True,True,False,False,both_correct,valid_to_valid,train_05002,aug_train_05002_0,0.6891411542892456,0.7166875600814819
test_00789,Normal,Normal,Normal,True,True,False,False,both_correct,valid_to_valid,train_05807,train_05807,0.36576011776924133,0.3657599687576294
test_00790,Normal,INVALID,Normal,False,True,True,False,aug_only_correct,invalid_to_valid,train_01266,aug_train_00301_0,0.3365696966648102,0.3513498306274414
test_00791,Depression,Bipolar,Bipolar,False,False,False,False,both_wrong,valid_to_valid,train_01310,aug_train_05519_0,0.6020715236663818,0.6137343645095825
test_00792,Anxiety,Anxiety,Anxiety,True,True,False,False,both_correct,valid_to_valid,train_00542,aug_train_00542_1,0.7803839445114136,0.7821282148361206
test_00793,Normal,Depression,Anxiety,False,False,False,False,both_wrong,valid_to_valid,train_02419,aug_train_03101_0,0.3984525203704834,0.39936137199401855
test_00794,Normal,Normal,Normal,True,True,False,False,both_correct,valid_to_valid,train_05720,train_05720,0.4264442026615143,0.4264441728591919
test_00795,Bipolar,Bipolar,Bipolar,True,True,False,False,both_correct,valid_to_valid,train_03301,aug_train_03909_1,0.742931604385376,0.77808678150177
test_00796,Bipolar,Bipolar,Bipolar,True,True,False,False,both_correct,valid_to_valid,train_01092,aug_train_01092_0,0.4371671676635742,0.6194782257080078
test_00797,Depression,INVALID,INVALID,False,False,True,True,both_wrong,invalid_to_invalid,train_00390,train_00390,0.6686843633651733,0.6686842441558838
test_00798,Normal,Anxiety,Anxiety,False,False,False,False,both_wrong,valid_to_valid,train_02023,aug_train_02023_1,0.5473219752311707,0.5609861612319946
test_00799,Normal,Normal,Normal,True,True,False,False,both_correct,valid_to_valid,train_04999,aug_train_05720_1,0.350760281085968,0.36914777755737305
test_00800,Depression,Anxiety,Anxiety,False,False,False,False,both_wrong,valid_to_valid,train_05346,aug_train_05346_0,0.6576634049415588,0.6698848009109497
test_00801,Normal,Normal,Normal,True,True,False,False,both_correct,valid_to_valid,train_01479,aug_train_04799_0,0.37239187955856323,0.4607453942298889
test_00802,Bipolar,Bipolar,Bipolar,True,True,False,False,both_correct,valid_to_valid,train_05315,train_05315,0.8577027320861816,0.8577027916908264
test_00803,Normal,Normal,Normal,True,True,False,False,both_correct,valid_to_valid,train_03331,train_03331,0.2823167145252228,0.28231680393218994
test_00804,Depression,Depression,Depression,True,True,False,False,both_correct,valid_to_valid,train_03788,aug_train_00085_1,0.6904038786888123,0.7155084609985352
test_00805,Normal,Normal,Normal,True,True,False,False,both_correct,valid_to_valid,train_05356,train_05356,0.3656783699989319,0.3656783699989319
test_00806,Bipolar,Bipolar,Bipolar,True,True,False,False,both_correct,valid_to_valid,train_00821,aug_train_00840_1,0.696191668510437,0.7095573544502258
test_00807,Anxiety,Anxiety,Anxiety,True,True,False,False,both_correct,valid_to_valid,train_04941,aug_train_01247_0,0.7719356417655945,0.7869789600372314
test_00808,Normal,INVALID,INVALID,False,False,True,True,both_wrong,invalid_to_invalid,train_00696,train_00696,0.3637697696685791,0.36376965045928955
test_00809,Anxiety,Anxiety,Anxiety,True,True,False,False,both_correct,valid_to_valid,train_05209,train_05209,0.6398492455482483,0.6398492455482483
test_00810,Normal,Normal,Depression,True,False,False,False,noaug_only_correct,valid_to_valid,train_04441,aug_train_04327_0,0.5305930376052856,0.5329234004020691
test_00811,Anxiety,Anxiety,Anxiety,True,True,False,False,both_correct,valid_to_valid,train_01192,aug_train_02685_0,0.7213358283042908,0.7689841985702515
test_00812,Anxiety,Anxiety,Anxiety,True,True,False,False,both_correct,valid_to_valid,train_03180,train_03180,0.6444186568260193,0.6444187164306641
test_00813,Normal,Normal,Anxiety,True,False,False,False,noaug_only_correct,valid_to_valid,train_01890,aug_train_04684_0,0.2829819321632385,0.2975132167339325
test_00814,Depression,Anxiety,Anxiety,False,False,False,False,both_wrong,valid_to_valid,train_05008,aug_train_02823_1,0.6195315718650818,0.6495321989059448
test_00815,Depression,INVALID,INVALID,False,False,True,True,both_wrong,invalid_to_invalid,train_02457,aug_train_05173_0,0.6803207397460938,0.7253996729850769
test_00816,Depression,Depression,Depression,True,True,False,False,both_correct,valid_to_valid,train_02786,train_02786,0.7302091121673584,0.7302091121673584
test_00817,Normal,Normal,Normal,True,True,False,False,both_correct,valid_to_valid,train_04793,aug_train_02130_1,0.4053703546524048,0.502332329750061
test_00818,Normal,Bipolar,Normal,False,True,False,False,aug_only_correct,valid_to_valid,train_00070,aug_train_01214_1,0.3965485095977783,0.42927277088165283
test_00819,Normal,Normal,Depression,True,False,False,False,noaug_only_correct,valid_to_valid,train_03983,aug_train_02727_1,0.5183427929878235,0.5568731427192688
test_00820,Anxiety,Anxiety,Anxiety,True,True,False,False,both_correct,valid_to_valid,train_03428,aug_train_03428_0,0.6384885907173157,0.6797724962234497
test_00821,Anxiety,Anxiety,Anxiety,True,True,False,False,both_correct,valid_to_valid,train_02488,train_02488,0.6047302484512329,0.6047302484512329
test_00822,Normal,Normal,Normal,True,True,False,False,both_correct,valid_to_valid,train_01975,aug_train_01428_0,0.4043102264404297,0.4524417519569397
test_00823,Depression,Depression,Depression,True,True,False,False,both_correct,valid_to_valid,train_03908,aug_train_04854_0,0.7205389142036438,0.7333992719650269
test_00824,Normal,Normal,Normal,True,True,False,False,both_correct,valid_to_valid,train_02416,aug_train_00825_0,0.25140145421028137,0.323028564453125
test_00825,Normal,Anxiety,Anxiety,False,False,False,False,both_wrong,valid_to_valid,train_04062,train_04062,0.3939870595932007,0.3939870297908783
test_00826,Anxiety,Anxiety,Anxiety,True,True,False,False,both_correct,valid_to_valid,train_03873,aug_train_00752_0,0.7410942316055298,0.7923433184623718
test_00827,Depression,Anxiety,Anxiety,False,False,False,False,both_wrong,valid_to_valid,train_01696,train_01696,0.6306912899017334,0.6306911706924438
test_00828,Bipolar,Anxiety,Depression,False,False,False,False,both_wrong,valid_to_valid,train_03997,aug_train_03794_1,0.6615114212036133,0.672540545463562
test_00829,Normal,Normal,Normal,True,True,False,False,both_correct,valid_to_valid,train_02305,aug_train_01366_0,0.3434987962245941,0.3708922564983368
test_00830,Depression,Depression,Depression,True,True,False,False,both_correct,valid_to_valid,train_05823,train_05823,0.5775704383850098,0.5775702595710754
test_00831,Bipolar,Bipolar,Bipolar,True,True,False,False,both_correct,valid_to_valid,train_02271,train_02271,0.7888820171356201,0.7888820767402649
test_00832,Normal,Normal,Normal,True,True,False,False,both_correct,valid_to_valid,train_05495,aug_train_05495_0,0.49879056215286255,0.5096444487571716
test_00833,Anxiety,Anxiety,Anxiety,True,True,False,False,both_correct,valid_to_valid,train_05369,aug_train_04297_1,0.6880724430084229,0.7259987592697144
test_00834,Bipolar,Bipolar,Depression,True,False,False,False,noaug_only_correct,valid_to_valid,train_00111,aug_train_02959_1,0.5672885179519653,0.6731458902359009
test_00835,Anxiety,Anxiety,Anxiety,True,True,False,False,both_correct,valid_to_valid,train_04182,train_04182,0.861116886138916,0.8611170053482056
test_00836,Bipolar,Bipolar,Bipolar,True,True,False,False,both_correct,valid_to_valid,train_01047,train_01047,0.6979248523712158,0.6979247331619263
test_00837,Normal,Normal,Normal,True,True,False,False,both_correct,valid_to_valid,train_00619,aug_train_05004_0,0.42710044980049133,0.4352729916572571
test_00838,Anxiety,Anxiety,Anxiety,True,True,False,False,both_correct,valid_to_valid,train_03080,aug_train_04646_0,0.8147351741790771,0.8175485730171204
test_00839,Depression,Depression,Depression,True,True,False,False,both_correct,valid_to_valid,train_02078,train_02078,0.7161597013473511,0.7161597013473511
test_00840,Normal,Normal,Normal,True,True,False,False,both_correct,valid_to_valid,train_04957,aug_train_04552_1,0.5600482821464539,0.5688557028770447
test_00841,Depression,Depression,Depression,True,True,False,False,both_correct,valid_to_valid,train_03575,train_03575,0.7408691644668579,0.7408692836761475
test_00842,Normal,Normal,Normal,True,True,False,False,both_correct,valid_to_valid,train_01277,aug_train_01277_1,0.3256814181804657,0.37033405900001526
test_00843,Normal,Normal,Normal,True,True,False,False,both_correct,valid_to_valid,train_00073,aug_train_02672_1,0.44991734623908997,0.4899556040763855
test_00844,Bipolar,Bipolar,Bipolar,True,True,False,False,both_correct,valid_to_valid,train_04038,train_04038,0.7596949338912964,0.7596946954727173
test_00845,Anxiety,Anxiety,Anxiety,True,True,False,False,both_correct,valid_to_valid,train_03015,aug_train_02987_1,0.7214609384536743,0.7336260676383972
test_00846,Bipolar,INVALID,INVALID,False,False,True,True,both_wrong,invalid_to_invalid,train_02777,train_02777,0.7711867094039917,0.7711867690086365
test_00847,Normal,Normal,Normal,True,True,False,False,both_correct,valid_to_valid,train_02728,train_02728,0.5541161298751831,0.5541161298751831
test_00848,Depression,Anxiety,Anxiety,False,False,False,False,both_wrong,valid_to_valid,train_01093,train_01093,0.705150842666626,0.705150842666626
test_00849,Anxiety,Anxiety,Anxiety,True,True,False,False,both_correct,valid_to_valid,train_03612,aug_train_02896_0,0.5137310028076172,0.5350198745727539
test_00850,Bipolar,Bipolar,Bipolar,True,True,False,False,both_correct,valid_to_valid,train_03388,train_03388,0.7189615368843079,0.7189614772796631
test_00851,Anxiety,Anxiety,Anxiety,True,True,False,False,both_correct,valid_to_valid,train_03440,train_03440,0.8093705177307129,0.8093702793121338
test_00852,Anxiety,Anxiety,Anxiety,True,True,False,False,both_correct,valid_to_valid,train_00349,train_00349,0.6302647590637207,0.6302649974822998
test_00853,Bipolar,Bipolar,Bipolar,True,True,False,False,both_correct,valid_to_valid,train_00110,train_00110,0.7318047285079956,0.7318047881126404
test_00854,Depression,Depression,Depression,True,True,False,False,both_correct,valid_to_valid,train_01596,aug_train_01596_1,0.6384853720664978,0.6695947647094727
test_00855,Anxiety,Anxiety,Anxiety,True,True,False,False,both_correct,valid_to_valid,train_04191,aug_train_04191_0,0.5755731463432312,0.6239672899246216
test_00856,Depression,Depression,Depression,True,True,False,False,both_correct,valid_to_valid,train_03788,train_03788,0.6716320514678955,0.671631932258606
test_00857,Normal,Normal,Normal,True,True,False,False,both_correct,valid_to_valid,train_00285,aug_train_03839_1,0.41956889629364014,0.546087384223938
test_00858,Depression,Depression,Depression,True,True,False,False,both_correct,valid_to_valid,train_02270,aug_train_01491_1,0.6478338241577148,0.6803529262542725
test_00859,Depression,Depression,Bipolar,True,False,False,False,noaug_only_correct,valid_to_valid,train_03109,aug_train_01958_0,0.6090577840805054,0.6107248067855835
test_00860,Bipolar,Bipolar,Bipolar,True,True,False,False,both_correct,valid_to_valid,train_01896,aug_train_03712_1,0.7551158666610718,0.7755633592605591
test_00861,Normal,Normal,Normal,True,True,False,False,both_correct,valid_to_valid,train_00258,aug_train_00258_1,0.37738531827926636,0.41384240984916687
test_00862,Depression,Depression,Depression,True,True,False,False,both_correct,valid_to_valid,train_03305,train_03305,0.6976743936538696,0.6976745128631592
test_00863,Depression,Anxiety,Anxiety,False,False,False,False,both_wrong,valid_to_valid,train_05629,train_05629,0.6112890243530273,0.6112889051437378
test_00864,Depression,Depression,Depression,True,True,False,False,both_correct,valid_to_valid,train_04100,aug_train_03014_1,0.5688093304634094,0.592057466506958
test_00865,Bipolar,INVALID,INVALID,False,False,True,True,both_wrong,invalid_to_invalid,train_00141,train_00141,0.6962157487869263,0.6962157487869263
test_00866,Normal,Normal,Normal,True,True,False,False,both_correct,valid_to_valid,train_04423,train_04423,0.4908037483692169,0.4908037781715393
test_00867,Normal,Normal,Normal,True,True,False,False,both_correct,valid_to_valid,train_01754,aug_train_02200_0,0.3351794183254242,0.4008888006210327
test_00868,Depression,Depression,Depression,True,True,False,False,both_correct,valid_to_valid,train_02436,aug_train_01462_0,0.7992162704467773,0.8014906048774719
test_00869,Depression,INVALID,INVALID,False,False,True,True,both_wrong,invalid_to_invalid,train_02334,train_02334,0.5208923816680908,0.5208925604820251
test_00870,Depression,Depression,Depression,True,True,False,False,both_correct,valid_to_valid,train_02361,train_02361,0.43024733662605286,0.43024730682373047
test_00871,Anxiety,Anxiety,Anxiety,True,True,False,False,both_correct,valid_to_valid,train_00860,aug_train_00860_0,0.7261367440223694,0.7288910746574402
test_00872,Anxiety,Bipolar,Anxiety,False,True,False,False,aug_only_correct,valid_to_valid,train_01469,aug_train_03866_0,0.7108480334281921,0.7480281591415405
test_00873,Bipolar,Bipolar,Bipolar,True,True,False,False,both_correct,valid_to_valid,train_02412,train_02412,0.7532638311386108,0.7532637119293213
test_00874,Bipolar,Bipolar,Bipolar,True,True,False,False,both_correct,valid_to_valid,train_03425,train_03425,0.8440547585487366,0.8440546989440918
test_00875,Bipolar,Bipolar,Bipolar,True,True,False,False,both_correct,valid_to_valid,train_04004,aug_train_04004_1,0.7173650860786438,0.7363653779029846
test_00876,Bipolar,Bipolar,Bipolar,True,True,False,False,both_correct,valid_to_valid,train_03433,train_03433,0.7763576507568359,0.7763576507568359
test_00877,Depression,Depression,Depression,True,True,False,False,both_correct,valid_to_valid,train_02760,aug_train_02287_0,0.5903641581535339,0.605014979839325
test_00878,Depression,Depression,Depression,True,True,False,False,both_correct,valid_to_valid,train_03976,aug_train_03620_1,0.641616940498352,0.6592261791229248
test_00879,Bipolar,Bipolar,Bipolar,True,True,False,False,both_correct,valid_to_valid,train_05925,train_05925,0.6891301870346069,0.6891300678253174
test_00880,Bipolar,Bipolar,Bipolar,True,True,False,False,both_correct,valid_to_valid,train_00731,train_00731,0.8142768740653992,0.8142767548561096
test_00881,Bipolar,Bipolar,Bipolar,True,True,False,False,both_correct,valid_to_valid,train_00253,aug_train_00987_0,0.8338863253593445,0.8381772041320801
test_00882,Normal,Anxiety,Anxiety,False,False,False,False,both_wrong,valid_to_valid,train_04275,train_04275,0.46452176570892334,0.46452176570892334
test_00883,Normal,Normal,Normal,True,True,False,False,both_correct,valid_to_valid,train_03130,train_03130,0.37496018409729004,0.37496018409729004
test_00884,Bipolar,Bipolar,Bipolar,True,True,False,False,both_correct,valid_to_valid,train_00826,aug_train_00826_0,0.7644563913345337,0.8049982190132141
test_00885,Bipolar,Bipolar,Bipolar,True,True,False,False,both_correct,valid_to_valid,train_05193,aug_train_00643_1,0.7233167886734009,0.7364500164985657
test_00886,Anxiety,Anxiety,Anxiety,True,True,False,False,both_correct,valid_to_valid,train_04481,train_04481,0.7678804397583008,0.7678804397583008
test_00887,Depression,Depression,Depression,True,True,False,False,both_correct,valid_to_valid,train_00517,train_00517,0.6187728047370911,0.6187728047370911
test_00888,Depression,INVALID,INVALID,False,False,True,True,both_wrong,invalid_to_invalid,train_05085,train_05085,0.5891240835189819,0.5891241431236267
test_00889,Depression,INVALID,INVALID,False,False,True,True,both_wrong,invalid_to_invalid,train_01044,train_01044,0.6432540416717529,0.6432539224624634
test_00890,Normal,Anxiety,Anxiety,False,False,False,False,both_wrong,valid_to_valid,train_00349,train_00349,0.4391225576400757,0.4391225576400757
test_00891,Anxiety,Anxiety,Anxiety,True,True,False,False,both_correct,valid_to_valid,train_04409,aug_train_03507_0,0.6988676190376282,0.7109590768814087
test_00892,Anxiety,Anxiety,Anxiety,True,True,False,False,both_correct,valid_to_valid,train_05095,train_05095,0.6281202435493469,0.6281204223632812
test_00893,Depression,Depression,Depression,True,True,False,False,both_correct,valid_to_valid,train_05459,train_05459,0.7317025661468506,0.7317026853561401
test_00894,Bipolar,Bipolar,Bipolar,True,True,False,False,both_correct,valid_to_valid,train_01111,train_01111,0.6794389486312866,0.6794388294219971
test_00895,Normal,INVALID,INVALID,False,False,True,True,both_wrong,invalid_to_invalid,train_03094,train_03094,0.40283626317977905,0.40283626317977905
test_00896,Depression,INVALID,INVALID,False,False,True,True,both_wrong,invalid_to_invalid,train_02381,train_02381,0.7549624443054199,0.7549623250961304
test_00897,Bipolar,Bipolar,Bipolar,True,True,False,False,both_correct,valid_to_valid,train_00645,aug_train_01021_0,0.7527494430541992,0.7808215618133545
test_00898,Depression,Depression,INVALID,True,False,False,True,noaug_only_correct,valid_to_invalid,train_02218,aug_train_02575_1,0.47360557317733765,0.49996721744537354
test_00899,Normal,Normal,Normal,True,True,False,False,both_correct,valid_to_valid,train_01155,train_01155,0.36042189598083496,0.36042192578315735
test_00900,Normal,Anxiety,Normal,False,True,False,False,aug_only_correct,valid_to_valid,train_02756,aug_train_00458_0,0.3471951186656952,0.3774723708629608
test_00901,Anxiety,Depression,Depression,False,False,False,False,both_wrong,valid_to_valid,train_02613,train_02613,0.6979803442955017,0.6979804039001465
test_00902,Normal,Normal,Normal,True,True,False,False,both_correct,valid_to_valid,train_04602,train_04602,0.5695019960403442,0.5695022344589233
test_00903,Depression,INVALID,INVALID,False,False,True,True,both_wrong,invalid_to_invalid,train_05106,train_05106,0.6638878583908081,0.6638878583908081
test_00904,Normal,Normal,Normal,True,True,False,False,both_correct,valid_to_valid,train_02728,aug_train_02118_1,0.5719364881515503,0.6255584955215454
test_00905,Normal,Normal,Normal,True,True,False,False,both_correct,valid_to_valid,train_00224,train_00224,0.48254817724227905,0.48254817724227905
test_00906,Anxiety,Depression,Depression,False,False,False,False,both_wrong,valid_to_valid,train_03818,train_03818,0.7868915796279907,0.7868915796279907
test_00907,Anxiety,Anxiety,Anxiety,True,True,False,False,both_correct,valid_to_valid,train_02898,aug_train_02898_0,0.7345048189163208,0.7733200788497925
test_00908,Bipolar,Bipolar,Bipolar,True,True,False,False,both_correct,valid_to_valid,train_00803,train_00803,0.8173952102661133,0.8173952102661133
test_00909,Anxiety,Anxiety,Anxiety,True,True,False,False,both_correct,valid_to_valid,train_03147,train_03147,0.6343038082122803,0.6343039274215698
test_00910,Normal,Normal,Normal,True,True,False,False,both_correct,valid_to_valid,train_01193,train_01193,0.41081568598747253,0.41081559658050537
test_00911,Anxiety,Anxiety,Anxiety,True,True,False,False,both_correct,valid_to_valid,train_03572,aug_train_04170_0,0.6469143629074097,0.6971309185028076
test_00912,Anxiety,Anxiety,Anxiety,True,True,False,False,both_correct,valid_to_valid,train_01986,aug_train_01986_0,0.7341477274894714,0.7693689465522766
test_00913,Depression,Anxiety,Anxiety,False,False,False,False,both_wrong,valid_to_valid,train_02236,train_02236,0.7616564035415649,0.7616564035415649
test_00914,Depression,Depression,Depression,True,True,False,False,both_correct,valid_to_valid,train_03620,train_03620,0.565716564655304,0.565716564655304
test_00915,Depression,Depression,Depression,True,True,False,False,both_correct,valid_to_valid,train_05693,train_05693,0.5081808567047119,0.5081807374954224
test_00916,Depression,Bipolar,Bipolar,False,False,False,False,both_wrong,valid_to_valid,train_04771,train_04771,0.6830392479896545,0.683039128780365
test_00917,Bipolar,Bipolar,Bipolar,True,True,False,False,both_correct,valid_to_valid,train_00803,train_00803,0.7321422696113586,0.7321423292160034
test_00918,Bipolar,Bipolar,Bipolar,True,True,False,False,both_correct,valid_to_valid,train_00414,aug_train_04873_0,0.6351566910743713,0.661993145942688
test_00919,Normal,Depression,Normal,False,True,False,False,aug_only_correct,valid_to_valid,train_03014,aug_train_01689_0,0.34838661551475525,0.3715819716453552
test_00920,Anxiety,Anxiety,Depression,True,False,False,False,noaug_only_correct,valid_to_valid,train_04155,aug_train_01167_0,0.474882572889328,0.4763992428779602
test_00921,Anxiety,Anxiety,Anxiety,True,True,False,False,both_correct,valid_to_valid,train_05483,train_05483,0.7824745774269104,0.7824745178222656
test_00922,Bipolar,Bipolar,Bipolar,True,True,False,False,both_correct,valid_to_valid,train_04249,train_04249,0.7090718150138855,0.7090718746185303
test_00923,Normal,Normal,Normal,True,True,False,False,both_correct,valid_to_valid,train_00748,aug_train_00748_1,0.4640118479728699,0.4893324077129364
test_00924,Normal,Normal,Normal,True,True,False,False,both_correct,valid_to_valid,train_00435,aug_train_00435_0,0.4618433117866516,0.6009930372238159
test_00925,Bipolar,Bipolar,Bipolar,True,True,False,False,both_correct,valid_to_valid,train_04578,train_04578,0.7092058658599854,0.7092059254646301
test_00926,Anxiety,Anxiety,Anxiety,True,True,False,False,both_correct,valid_to_valid,train_01080,train_01080,0.6179802417755127,0.6179803013801575
test_00927,Anxiety,Anxiety,Anxiety,True,True,False,False,both_correct,valid_to_valid,train_05298,train_05298,0.5950912237167358,0.5950911045074463
test_00928,Depression,Depression,Depression,True,True,False,False,both_correct,valid_to_valid,train_02274,aug_train_00606_0,0.615013837814331,0.6211477518081665
test_00929,Depression,Anxiety,Anxiety,False,False,False,False,both_wrong,valid_to_valid,train_03169,train_03169,0.6191104650497437,0.6191104650497437
test_00930,Normal,Normal,Normal,True,True,False,False,both_correct,valid_to_valid,train_05775,aug_train_00034_1,0.2882257103919983,0.3291853070259094
test_00931,Depression,INVALID,INVALID,False,False,True,True,both_wrong,invalid_to_invalid,train_03620,train_03620,0.6053200960159302,0.6053200960159302
test_00932,Normal,Normal,Normal,True,True,False,False,both_correct,valid_to_valid,train_00129,aug_train_01428_0,0.373327374458313,0.476629376411438
test_00933,Depression,Anxiety,Depression,False,True,False,False,aug_only_correct,valid_to_valid,train_03471,train_03471,0.8122470378875732,0.8122468590736389
test_00934,Anxiety,Bipolar,Anxiety,False,True,False,False,aug_only_correct,valid_to_valid,train_01021,aug_train_03631_0,0.7149492502212524,0.7173991203308105
test_00935,Anxiety,Anxiety,Anxiety,True,True,False,False,both_correct,valid_to_valid,train_01124,aug_train_04297_0,0.6856428980827332,0.723945140838623
test_00936,Depression,Depression,Depression,True,True,False,False,both_correct,valid_to_valid,train_00277,train_00277,0.7371891736984253,0.7371894121170044
test_00937,Bipolar,Bipolar,Bipolar,True,True,False,False,both_correct,valid_to_valid,train_01942,aug_train_01942_0,0.6169993281364441,0.6629682779312134
test_00938,Anxiety,Anxiety,Anxiety,True,True,False,False,both_correct,valid_to_valid,train_02089,train_02089,0.5882753729820251,0.5882754921913147
test_00939,Bipolar,Bipolar,Bipolar,True,True,False,False,both_correct,valid_to_valid,train_03809,aug_train_04084_1,0.8126213550567627,0.8407738208770752
test_00940,Depression,Depression,Depression,True,True,False,False,both_correct,valid_to_valid,train_03344,train_03344,0.7630705237388611,0.7630703449249268
test_00941,Depression,Anxiety,Anxiety,False,False,False,False,both_wrong,valid_to_valid,train_05605,aug_train_00626_0,0.4535653591156006,0.4798436164855957
test_00942,Bipolar,Bipolar,Bipolar,True,True,False,False,both_correct,valid_to_valid,train_02927,aug_train_02927_0,0.773742139339447,0.7789002656936646
test_00943,Anxiety,Anxiety,Anxiety,True,True,False,False,both_correct,valid_to_valid,train_02362,aug_train_04047_0,0.5174263715744019,0.540874183177948
test_00944,Bipolar,Bipolar,INVALID,True,False,False,True,noaug_only_correct,valid_to_invalid,train_00754,aug_train_04029_1,0.5653082132339478,0.6662019491195679
test_00945,Bipolar,Bipolar,Bipolar,True,True,False,False,both_correct,valid_to_valid,train_00753,aug_train_00706_1,0.5340017080307007,0.5432878136634827
test_00946,Bipolar,Anxiety,Anxiety,False,False,False,False,both_wrong,valid_to_valid,train_03691,train_03691,0.7522174119949341,0.7522170543670654
test_00947,Anxiety,Depression,Depression,False,False,False,False,both_wrong,valid_to_valid,train_03405,train_03405,0.6220637559890747,0.6220638155937195
test_00948,Normal,Anxiety,Anxiety,False,False,False,False,both_wrong,valid_to_valid,train_01970,aug_train_03108_0,0.3427390456199646,0.3679811358451843
test_00949,Bipolar,Depression,Depression,False,False,False,False,both_wrong,valid_to_valid,train_03818,train_03818,0.7628569602966309,0.7628571391105652
test_00950,Normal,Normal,Normal,True,True,False,False,both_correct,valid_to_valid,train_00307,train_00307,0.367725670337677,0.36772555112838745
test_00951,Anxiety,Anxiety,Anxiety,True,True,False,False,both_correct,valid_to_valid,train_00704,train_00704,0.6538385152816772,0.6538386344909668
test_00952,Depression,INVALID,INVALID,False,False,True,True,both_wrong,invalid_to_invalid,train_05514,train_05514,0.4583081007003784,0.4583081007003784
test_00953,Depression,Bipolar,Bipolar,False,False,False,False,both_wrong,valid_to_valid,train_04677,aug_train_04677_0,0.49277371168136597,0.505573034286499
test_00954,Bipolar,Bipolar,Bipolar,True,True,False,False,both_correct,valid_to_valid,train_01482,aug_train_02700_1,0.732376217842102,0.7336022853851318
test_00955,Bipolar,Bipolar,Bipolar,True,True,False,False,both_correct,valid_to_valid,train_01900,train_01900,0.7990351915359497,0.7990352511405945
test_00956,Bipolar,Bipolar,Bipolar,True,True,False,False,both_correct,valid_to_valid,train_01569,aug_train_01564_0,0.8217769265174866,0.8353592157363892
test_00957,Depression,Depression,Depression,True,True,False,False,both_correct,valid_to_valid,train_03344,train_03344,0.7616997957229614,0.7616998553276062
test_00958,Normal,Normal,Normal,True,True,False,False,both_correct,valid_to_valid,train_03595,train_03595,0.4500701427459717,0.4500700831413269
test_00959,Anxiety,Anxiety,Anxiety,True,True,False,False,both_correct,valid_to_valid,train_00237,train_00237,0.7876386642456055,0.787638783454895
test_00960,Bipolar,Bipolar,Bipolar,True,True,False,False,both_correct,valid_to_valid,train_05901,aug_train_00634_0,0.540992021560669,0.579086184501648
test_00961,Anxiety,Anxiety,Anxiety,True,True,False,False,both_correct,valid_to_valid,train_03238,train_03238,0.6325558423995972,0.6325559020042419
test_00962,Anxiety,Anxiety,Anxiety,True,True,False,False,both_correct,valid_to_valid,train_02021,aug_train_04483_1,0.8262297511100769,0.8454082012176514
test_00963,Normal,Normal,Normal,True,True,False,False,both_correct,valid_to_valid,train_03728,aug_train_03728_0,0.41022157669067383,0.4681118428707123
test_00964,Bipolar,Bipolar,Bipolar,True,True,False,False,both_correct,valid_to_valid,train_05815,train_05815,0.7418638467788696,0.7418639659881592
test_00965,Normal,Normal,Normal,True,True,False,False,both_correct,valid_to_valid,train_03434,train_03434,0.5844899415969849,0.5844895839691162
test_00966,Anxiety,Anxiety,Anxiety,True,True,False,False,both_correct,valid_to_valid,train_02175,train_02175,0.4789275825023651,0.4789274334907532
test_00967,Anxiety,Anxiety,Anxiety,True,True,False,False,both_correct,valid_to_valid,train_01232,train_01232,0.6449922323226929,0.6449922323226929
test_00968,Normal,Normal,Normal,True,True,False,False,both_correct,valid_to_valid,train_05030,train_05030,0.5169581770896912,0.5169581174850464
test_00969,Normal,Normal,Anxiety,True,False,False,False,noaug_only_correct,valid_to_valid,train_02129,aug_train_04799_0,0.3721029758453369,0.42147141695022583
test_00970,Bipolar,Bipolar,Bipolar,True,True,False,False,both_correct,valid_to_valid,train_03560,aug_train_05596_1,0.6543864607810974,0.6927245855331421
test_00971,Anxiety,Anxiety,Anxiety,True,True,False,False,both_correct,valid_to_valid,train_05246,train_05246,0.6798466444015503,0.6798465251922607
test_00972,Normal,Normal,Normal,True,True,False,False,both_correct,valid_to_valid,train_05200,train_05200,0.40983831882476807,0.4098381996154785
test_00973,Normal,Normal,Normal,True,True,False,False,both_correct,valid_to_valid,train_03248,train_03248,0.5665009021759033,0.5665007829666138
test_00974,Bipolar,Anxiety,Anxiety,False,False,False,False,both_wrong,valid_to_valid,train_03718,train_03718,0.7122671008110046,0.712267279624939
test_00975,Anxiety,Anxiety,Anxiety,True,True,False,False,both_correct,valid_to_valid,train_02269,aug_train_01986_0,0.5041700601577759,0.5155690312385559
test_00976,Anxiety,Anxiety,Anxiety,True,True,False,False,both_correct,valid_to_valid,train_02947,train_02947,0.7320746183395386,0.7320746779441833
test_00977,Depression,INVALID,INVALID,False,False,True,True,both_wrong,invalid_to_invalid,train_00153,train_00153,0.5932119488716125,0.5932119488716125
test_00978,Depression,Depression,Depression,True,True,False,False,both_correct,valid_to_valid,train_05707,train_05707,0.724694013595581,0.724694013595581
test_00979,Depression,INVALID,INVALID,False,False,True,True,both_wrong,invalid_to_invalid,train_03929,train_03929,0.7390241622924805,0.7390240430831909
test_00980,Anxiety,Bipolar,Bipolar,False,False,False,False,both_wrong,valid_to_valid,train_00966,train_00966,0.6075335741043091,0.6075334548950195
test_00981,Normal,Normal,Normal,True,True,False,False,both_correct,valid_to_valid,train_05735,aug_train_05735_0,0.4049879312515259,0.46742841601371765
test_00982,Bipolar,Bipolar,Bipolar,True,True,False,False,both_correct,valid_to_valid,train_01188,aug_train_01188_1,0.6689704656600952,0.7281907796859741
test_00983,Anxiety,Anxiety,Anxiety,True,True,False,False,both_correct,valid_to_valid,train_05113,aug_train_02867_0,0.49901077151298523,0.5334246158599854
test_00984,Bipolar,Bipolar,Bipolar,True,True,False,False,both_correct,valid_to_valid,train_00567,train_00567,0.8221257925033569,0.8221259117126465
test_00985,Depression,Anxiety,Anxiety,False,False,False,False,both_wrong,valid_to_valid,train_04182,train_04182,0.7120939493179321,0.7120940685272217
test_00986,Anxiety,Anxiety,Anxiety,True,True,False,False,both_correct,valid_to_valid,train_04899,train_04899,0.6915696263313293,0.6915697455406189
test_00987,Depression,Depression,Depression,True,True,False,False,both_correct,valid_to_valid,train_05639,train_05639,0.7012676000595093,0.7012674808502197
test_00988,Depression,Depression,Depression,True,True,False,False,both_correct,valid_to_valid,train_03976,train_03976,0.6971947550773621,0.6971946954727173
test_00989,Normal,Normal,Normal,True,True,False,False,both_correct,valid_to_valid,train_02912,train_02912,0.26465320587158203,0.26465320587158203
test_00990,Normal,Normal,Normal,True,True,False,False,both_correct,valid_to_valid,train_05586,train_05586,0.4804224967956543,0.4804224967956543
test_00991,Normal,Normal,Normal,True,True,False,False,both_correct,valid_to_valid,train_03722,train_03722,0.3351641595363617,0.3351641297340393
test_00992,Bipolar,INVALID,Depression,False,False,True,False,both_wrong,invalid_to_valid,train_05783,aug_train_02713_0,0.7263506650924683,0.7392841577529907
test_00993,Depression,Depression,Depression,True,True,False,False,both_correct,valid_to_valid,train_01356,aug_train_01356_1,0.666949450969696,0.6878643035888672
test_00994,Depression,Anxiety,Anxiety,False,False,False,False,both_wrong,valid_to_valid,train_00204,aug_train_00204_0,0.6738860607147217,0.6917988061904907
test_00995,Bipolar,Bipolar,Bipolar,True,True,False,False,both_correct,valid_to_valid,train_05349,aug_train_04261_0,0.8120920658111572,0.8147223591804504
test_00996,Anxiety,Anxiety,Anxiety,True,True,False,False,both_correct,valid_to_valid,train_05246,train_05246,0.7110368609428406,0.7110368609428406
test_00997,Bipolar,Anxiety,Anxiety,False,False,False,False,both_wrong,valid_to_valid,train_01178,aug_train_04511_1,0.5346575379371643,0.5365179181098938
test_00998,Bipolar,Bipolar,Bipolar,True,True,False,False,both_correct,valid_to_valid,train_03414,aug_train_00485_0,0.712043046951294,0.7171920537948608
test_00999,Bipolar,Bipolar,Bipolar,True,True,False,False,both_correct,valid_to_valid,train_00325,aug_train_03964_1,0.586533784866333,0.597027063369751
test_01000,Normal,Normal,Normal,True,True,False,False,both_correct,valid_to_valid,train_03513,train_03513,0.2785991132259369,0.2785990238189697
test_01001,Depression,Depression,Depression,True,True,False,False,both_correct,valid_to_valid,train_01828,train_01828,0.739773690700531,0.7397737503051758
test_01002,Depression,Depression,Depression,True,True,False,False,both_correct,valid_to_valid,train_03471,aug_train_03471_0,0.6383662223815918,0.6796208620071411
test_01003,Depression,Depression,Depression,True,True,False,False,both_correct,valid_to_valid,train_00355,train_00355,0.6174965500831604,0.6174964904785156
test_01004,Anxiety,Anxiety,Anxiety,True,True,False,False,both_correct,valid_to_valid,train_01881,train_01881,0.8229788541793823,0.8229787349700928
test_01005,Anxiety,Anxiety,Anxiety,True,True,False,False,both_correct,valid_to_valid,train_05036,train_05036,0.6204947829246521,0.620494544506073
test_01006,Anxiety,Anxiety,Anxiety,True,True,False,False,both_correct,valid_to_valid,train_01021,train_01021,0.6969667673110962,0.6969667673110962
test_01007,Bipolar,INVALID,INVALID,False,False,True,True,both_wrong,invalid_to_invalid,train_00523,train_00523,0.6217518448829651,0.6217517852783203
test_01008,Bipolar,Bipolar,Bipolar,True,True,False,False,both_correct,valid_to_valid,train_03042,aug_train_04188_0,0.694675862789154,0.7196646332740784
test_01009,Normal,Normal,Normal,True,True,False,False,both_correct,valid_to_valid,train_02213,train_02213,0.606229305267334,0.6062293648719788
test_01010,Bipolar,Bipolar,Bipolar,True,True,False,False,both_correct,valid_to_valid,train_04310,aug_train_04547_0,0.7889153361320496,0.7952220439910889
test_01011,Normal,Normal,Normal,True,True,False,False,both_correct,valid_to_valid,train_03200,train_03200,0.39903491735458374,0.3990350365638733
test_01012,Bipolar,Bipolar,Bipolar,True,True,False,False,both_correct,valid_to_valid,train_03378,aug_train_03289_1,0.6417165994644165,0.6896942853927612
test_01013,Anxiety,Anxiety,Anxiety,True,True,False,False,both_correct,valid_to_valid,train_05756,train_05756,0.7350624799728394,0.7350624203681946
test_01014,Depression,Depression,Depression,True,True,False,False,both_correct,valid_to_valid,train_05928,train_05928,0.6580372452735901,0.6580373644828796
test_01015,Normal,Normal,Normal,True,True,False,False,both_correct,valid_to_valid,train_00579,train_00579,0.3944922089576721,0.39449214935302734
test_01016,Depression,INVALID,INVALID,False,False,True,True,both_wrong,invalid_to_invalid,train_00642,train_00642,0.6530423164367676,0.6530424356460571
test_01017,Bipolar,Bipolar,Anxiety,True,False,False,False,noaug_only_correct,valid_to_valid,train_05473,aug_train_03154_1,0.5089049339294434,0.5317322015762329
test_01018,Depression,INVALID,INVALID,False,False,True,True,both_wrong,invalid_to_invalid,train_03888,train_03888,0.7151563167572021,0.715156078338623
test_01019,Depression,Anxiety,Anxiety,False,False,False,False,both_wrong,valid_to_valid,train_04948,aug_train_02236_0,0.7100611925125122,0.7487980127334595
test_01020,Anxiety,Anxiety,Anxiety,True,True,False,False,both_correct,valid_to_valid,train_03428,aug_train_03428_0,0.6986774206161499,0.7116402387619019
test_01021,Bipolar,Bipolar,Bipolar,True,True,False,False,both_correct,valid_to_valid,train_00731,train_00731,0.7879364490509033,0.7879364490509033
test_01022,Anxiety,Anxiety,Anxiety,True,True,False,False,both_correct,valid_to_valid,train_02576,train_02576,0.713272213935852,0.7132721543312073
test_01023,Anxiety,Anxiety,Anxiety,True,True,False,False,both_correct,valid_to_valid,train_01195,train_01195,0.740001916885376,0.7400016784667969
test_01024,Anxiety,Anxiety,Anxiety,True,True,False,False,both_correct,valid_to_valid,train_01459,train_01459,0.5501160025596619,0.5501159429550171
test_01025,Anxiety,Anxiety,Bipolar,True,False,False,False,noaug_only_correct,valid_to_valid,train_02404,aug_train_00539_0,0.69161057472229,0.7332919836044312
test_01026,Depression,INVALID,Depression,False,True,True,False,aug_only_correct,invalid_to_valid,train_00053,aug_train_05165_1,0.7120850682258606,0.7402716875076294
test_01027,Depression,Depression,Depression,True,True,False,False,both_correct,valid_to_valid,train_02422,train_02422,0.7032978534698486,0.7032977342605591
test_01028,Depression,Anxiety,Anxiety,False,False,False,False,both_wrong,valid_to_valid,train_02348,aug_train_03351_1,0.4526187777519226,0.4686688780784607
test_01029,Anxiety,Anxiety,Anxiety,True,True,False,False,both_correct,valid_to_valid,train_01972,train_01972,0.4001634120941162,0.40016335248947144
test_01030,Depression,Depression,Depression,True,True,False,False,both_correct,valid_to_valid,train_05008,aug_train_00707_1,0.6403289437294006,0.676216185092926
test_01031,Normal,INVALID,Normal,False,True,True,False,aug_only_correct,invalid_to_valid,train_03557,train_03557,0.3673499524593353,0.36734992265701294
test_01032,Depression,Depression,Depression,True,True,False,False,both_correct,valid_to_valid,train_05084,train_05084,0.5401327610015869,0.5401326417922974
test_01033,Normal,Depression,Depression,False,False,False,False,both_wrong,valid_to_valid,train_04970,train_04970,0.4810582399368286,0.48105812072753906
test_01034,Normal,Normal,Normal,True,True,False,False,both_correct,valid_to_valid,train_05407,train_05407,0.3678622841835022,0.3678622841835022
test_01035,Bipolar,Bipolar,Bipolar,True,True,False,False,both_correct,valid_to_valid,train_01294,aug_train_01716_0,0.7134078741073608,0.7481855154037476
test_01036,Normal,Normal,Normal,True,True,False,False,both_correct,valid_to_valid,train_02888,train_02888,0.45306432247161865,0.4530642628669739
test_01037,Anxiety,Anxiety,Anxiety,True,True,False,False,both_correct,valid_to_valid,train_05134,train_05134,0.6207043528556824,0.6207044720649719
test_01038,Depression,Depression,Depression,True,True,False,False,both_correct,valid_to_valid,train_04449,train_04449,0.711392879486084,0.711392879486084
test_01039,Bipolar,Bipolar,Bipolar,True,True,False,False,both_correct,valid_to_valid,train_04387,aug_train_04387_1,0.6842642426490784,0.7192740440368652
test_01040,Anxiety,Anxiety,Anxiety,True,True,False,False,both_correct,valid_to_valid,train_04490,aug_train_04490_0,0.7294602394104004,0.7816208004951477
test_01041,Normal,Depression,Depression,False,False,False,False,both_wrong,valid_to_valid,train_01939,train_01939,0.5623905658721924,0.5623905658721924
test_01042,Bipolar,Depression,Depression,False,False,False,False,both_wrong,valid_to_valid,train_03095,train_03095,0.671151340007782,0.6711511611938477
test_01043,Bipolar,Bipolar,Bipolar,True,True,False,False,both_correct,valid_to_valid,train_03333,aug_train_03333_0,0.7175575494766235,0.7477403879165649
test_01044,Anxiety,Anxiety,Anxiety,True,True,False,False,both_correct,valid_to_valid,train_05646,aug_train_04988_1,0.5672154426574707,0.574178159236908
test_01045,Normal,Depression,Depression,False,False,False,False,both_wrong,valid_to_valid,train_02314,train_02314,0.5519553422927856,0.5519554018974304
test_01046,Normal,Normal,Normal,True,True,False,False,both_correct,valid_to_valid,train_03598,aug_train_05495_0,0.42747417092323303,0.4680126905441284
test_01047,Anxiety,Anxiety,Anxiety,True,True,False,False,both_correct,valid_to_valid,train_05346,aug_train_05346_0,0.7056373357772827,0.7840575575828552
test_01048,Anxiety,Anxiety,Anxiety,True,True,False,False,both_correct,valid_to_valid,train_04752,aug_train_04752_0,0.7800819873809814,0.799604058265686
test_01049,Anxiety,Bipolar,Anxiety,False,True,False,False,aug_only_correct,valid_to_valid,train_03737,aug_train_05623_1,0.5488595962524414,0.6105589866638184
test_01050,Bipolar,Bipolar,Bipolar,True,True,False,False,both_correct,valid_to_valid,train_01837,aug_train_02832_1,0.5966666340827942,0.638599157333374
test_01051,Depression,Depression,Depression,True,True,False,False,both_correct,valid_to_valid,train_00488,train_00488,0.7519271969795227,0.7519271373748779
test_01052,Bipolar,Bipolar,Bipolar,True,True,False,False,both_correct,valid_to_valid,train_02815,aug_train_04643_1,0.8064635992050171,0.8134051561355591
test_01053,Normal,INVALID,INVALID,False,False,True,True,both_wrong,invalid_to_invalid,train_03193,train_03193,0.35196757316589355,0.3519675135612488
test_01054,Depression,Depression,Depression,True,True,False,False,both_correct,valid_to_valid,train_03004,aug_train_02081_1,0.6464827060699463,0.6469385623931885
test_01055,Anxiety,Anxiety,Anxiety,True,True,False,False,both_correct,valid_to_valid,train_05242,aug_train_05242_1,0.7731443643569946,0.800369143486023
test_01056,Normal,Depression,Depression,False,False,False,False,both_wrong,valid_to_valid,train_05327,train_05327,0.5270243883132935,0.5270243883132935
test_01057,Bipolar,Bipolar,Bipolar,True,True,False,False,both_correct,valid_to_valid,train_05607,train_05607,0.774978518486023,0.774978518486023
test_01058,Normal,Anxiety,Anxiety,False,False,False,False,both_wrong,valid_to_valid,train_04862,aug_train_02015_0,0.43142735958099365,0.46873459219932556
test_01059,Normal,Normal,Normal,True,True,False,False,both_correct,valid_to_valid,train_05308,train_05308,0.5842888951301575,0.5842888355255127
test_01060,Anxiety,Anxiety,Anxiety,True,True,False,False,both_correct,valid_to_valid,train_02512,train_02512,0.6011157035827637,0.6011158227920532
test_01061,Depression,Depression,Depression,True,True,False,False,both_correct,valid_to_valid,train_01636,train_01636,0.4737803339958191,0.47378021478652954
test_01062,Normal,Normal,Normal,True,True,False,False,both_correct,valid_to_valid,train_01104,train_01104,0.3373771607875824,0.3373771905899048
test_01063,Normal,Normal,Normal,True,True,False,False,both_correct,valid_to_valid,train_01315,aug_train_05207_1,0.42634859681129456,0.42842763662338257
test_01064,Depression,INVALID,INVALID,False,False,True,True,both_wrong,invalid_to_invalid,train_04002,train_04002,0.6677387952804565,0.6677390336990356
test_01065,Bipolar,Depression,Bipolar,False,True,False,False,aug_only_correct,valid_to_valid,train_00894,aug_train_04878_0,0.6641108989715576,0.6875845193862915
test_01066,Anxiety,Anxiety,Anxiety,True,True,False,False,both_correct,valid_to_valid,train_00049,train_00049,0.7675349712371826,0.7675349712371826
test_01067,Bipolar,Bipolar,Bipolar,True,True,False,False,both_correct,valid_to_valid,train_01798,aug_train_01798_1,0.6070520877838135,0.6282138228416443
test_01068,Normal,Normal,Normal,True,True,False,False,both_correct,valid_to_valid,train_03577,train_03577,0.42974433302879333,0.4297444820404053
test_01069,Depression,Depression,Depression,True,True,False,False,both_correct,valid_to_valid,train_05468,train_05468,0.7744334936141968,0.7744334936141968
test_01070,Anxiety,Anxiety,Anxiety,True,True,False,False,both_correct,valid_to_valid,train_04355,aug_train_02569_1,0.6726025342941284,0.6895646452903748
test_01071,Depression,Depression,Depression,True,True,False,False,both_correct,valid_to_valid,train_05777,train_05777,0.6144995093345642,0.6144993305206299
test_01072,Depression,Depression,Bipolar,True,False,False,False,noaug_only_correct,valid_to_valid,train_00053,aug_train_02845_1,0.6776684522628784,0.7079355716705322
test_01073,Normal,Anxiety,Anxiety,False,False,False,False,both_wrong,valid_to_valid,train_02594,aug_train_02251_0,0.5958684682846069,0.6495035290718079
test_01074,Anxiety,Normal,Anxiety,False,True,False,False,aug_only_correct,valid_to_valid,train_04460,aug_train_04997_0,0.5186488032341003,0.5434457063674927
test_01075,Bipolar,Bipolar,Bipolar,True,True,False,False,both_correct,valid_to_valid,train_01521,train_01521,0.7987093925476074,0.7987093925476074
test_01076,Normal,Normal,Normal,True,True,False,False,both_correct,valid_to_valid,train_03761,aug_train_04098_0,0.30922573804855347,0.33072495460510254
test_01077,Bipolar,Depression,Depression,False,False,False,False,both_wrong,valid_to_valid,train_03056,aug_train_05992_1,0.6211605072021484,0.6416754126548767
test_01078,Depression,Depression,Depression,True,True,False,False,both_correct,valid_to_valid,train_03228,train_03228,0.8224806785583496,0.8224807977676392
test_01079,Depression,Depression,Depression,True,True,False,False,both_correct,valid_to_valid,train_04360,train_04360,0.372766375541687,0.37276631593704224
test_01080,Normal,Normal,Normal,True,True,False,False,both_correct,valid_to_valid,train_03598,train_03598,0.5030980110168457,0.5030979514122009
test_01081,Anxiety,Anxiety,Anxiety,True,True,False,False,both_correct,valid_to_valid,train_05483,aug_train_01340_0,0.7450628280639648,0.74566251039505
test_01082,Bipolar,Anxiety,Anxiety,False,False,False,False,both_wrong,valid_to_valid,train_03238,train_03238,0.6740850210189819,0.6740850806236267
test_01083,Normal,Normal,Normal,True,True,False,False,both_correct,valid_to_valid,train_01691,train_01691,0.39809414744377136,0.398094117641449
test_01084,Normal,Anxiety,Anxiety,False,False,False,False,both_wrong,valid_to_valid,train_05649,train_05649,0.29154300689697266,0.29154300689697266
test_01085,Normal,Bipolar,Bipolar,False,False,False,False,both_wrong,valid_to_valid,train_00070,train_00070,0.3362683057785034,0.33626824617385864
test_01086,Bipolar,Bipolar,Bipolar,True,True,False,False,both_correct,valid_to_valid,train_02908,aug_train_04010_1,0.6062368154525757,0.6141766309738159
test_01087,Normal,Depression,Depression,False,False,False,False,both_wrong,valid_to_valid,train_04212,train_04212,0.4891049265861511,0.4891050457954407
test_01088,Bipolar,Depression,Depression,False,False,False,False,both_wrong,valid_to_valid,train_03708,aug_train_03708_1,0.5573698282241821,0.5897829532623291
test_01089,Anxiety,Anxiety,Anxiety,True,True,False,False,both_correct,valid_to_valid,train_01426,train_01426,0.74155193567276,0.7415518760681152
test_01090,Anxiety,Anxiety,Anxiety,True,True,False,False,both_correct,valid_to_valid,train_03201,train_03201,0.6854393482208252,0.6854394674301147
test_01091,Bipolar,Bipolar,Bipolar,True,True,False,False,both_correct,valid_to_valid,train_04485,aug_train_05778_0,0.7162100672721863,0.7333356142044067
test_01092,Normal,Depression,Depression,False,False,False,False,both_wrong,valid_to_valid,train_04857,aug_train_02078_0,0.4349779486656189,0.49982136487960815
test_01093,Anxiety,Anxiety,Anxiety,True,True,False,False,both_correct,valid_to_valid,train_03695,aug_train_04097_0,0.5593054294586182,0.5744782090187073
test_01094,Normal,Normal,Normal,True,True,False,False,both_correct,valid_to_valid,train_03166,aug_train_04602_1,0.3787996768951416,0.4413512349128723
test_01095,Depression,Depression,Depression,True,True,False,False,both_correct,valid_to_valid,train_01678,train_01678,0.760250449180603,0.760250449180603
test_01096,Depression,Anxiety,Anxiety,False,False,False,False,both_wrong,valid_to_valid,train_02258,train_02258,0.6507195234298706,0.6507196426391602
test_01097,Depression,Depression,Depression,True,True,False,False,both_correct,valid_to_valid,train_00456,aug_train_02309_1,0.6492471694946289,0.6728525161743164
test_01098,Bipolar,Bipolar,Bipolar,True,True,False,False,both_correct,valid_to_valid,train_02895,train_02895,0.8267272114753723,0.8267272710800171
test_01099,Anxiety,Anxiety,Anxiety,True,True,False,False,both_correct,valid_to_valid,train_00735,aug_train_05901_1,0.5148738622665405,0.5375532507896423
test_01100,Bipolar,Anxiety,Anxiety,False,False,False,False,both_wrong,valid_to_valid,train_00240,train_00240,0.6392521858215332,0.6392521858215332
test_01101,Depression,Depression,Depression,True,True,False,False,both_correct,valid_to_valid,train_04093,train_04093,0.5481398105621338,0.5481399893760681
test_01102,Depression,Anxiety,Anxiety,False,False,False,False,both_wrong,valid_to_valid,train_05929,train_05929,0.6605042219161987,0.6605041027069092
test_01103,Depression,INVALID,Depression,False,True,True,False,aug_only_correct,invalid_to_valid,train_03755,aug_train_04522_0,0.5832950472831726,0.6351580619812012
test_01104,Normal,Normal,Normal,True,True,False,False,both_correct,valid_to_valid,train_05814,aug_train_05986_1,0.5159260630607605,0.5443886518478394
test_01105,Anxiety,Anxiety,Anxiety,True,True,False,False,both_correct,valid_to_valid,train_04409,aug_train_04409_1,0.6776469945907593,0.6839561462402344
test_01106,Bipolar,Bipolar,Bipolar,True,True,False,False,both_correct,valid_to_valid,train_05611,train_05611,0.7843794822692871,0.784379243850708
test_01107,Normal,Normal,Normal,True,True,False,False,both_correct,valid_to_valid,train_00285,train_00285,0.4866105318069458,0.486610472202301
test_01108,Anxiety,Anxiety,Anxiety,True,True,False,False,both_correct,valid_to_valid,train_05518,train_05518,0.6028051376342773,0.6028050184249878
test_01109,Anxiety,Anxiety,Anxiety,True,True,False,False,both_correct,valid_to_valid,train_05036,train_05036,0.6208921670913696,0.6208922266960144
test_01110,Depression,Depression,Depression,True,True,False,False,both_correct,valid_to_valid,train_04572,aug_train_04572_1,0.6866357326507568,0.7135825753211975
test_01111,Depression,INVALID,INVALID,False,False,True,True,both_wrong,invalid_to_invalid,train_00898,train_00898,0.5146359801292419,0.5146361589431763
test_01112,Anxiety,Anxiety,Anxiety,True,True,False,False,both_correct,valid_to_valid,train_02099,aug_train_02099_1,0.639177680015564,0.6631128787994385
test_01113,Bipolar,Depression,Depression,False,False,False,False,both_wrong,valid_to_valid,train_00343,train_00343,0.6970183849334717,0.6970186829566956
test_01114,Anxiety,Anxiety,Anxiety,True,True,False,False,both_correct,valid_to_valid,train_05557,train_05557,0.6221482157707214,0.6221482753753662
test_01115,Normal,Normal,Normal,True,True,False,False,both_correct,valid_to_valid,train_05552,train_05552,0.3751062750816345,0.37510618567466736
test_01116,Bipolar,Depression,Bipolar,False,True,False,False,aug_only_correct,valid_to_valid,train_04674,aug_train_04255_0,0.6972610950469971,0.7312338352203369
test_01117,Bipolar,Bipolar,Bipolar,True,True,False,False,both_correct,valid_to_valid,train_05717,aug_train_00265_1,0.7161816358566284,0.7191370725631714
test_01118,Anxiety,Anxiety,Depression,True,False,False,False,noaug_only_correct,valid_to_valid,train_00735,aug_train_05610_1,0.6046490669250488,0.6580982208251953
test_01119,Bipolar,Anxiety,Anxiety,False,False,False,False,both_wrong,valid_to_valid,train_01316,aug_train_01810_0,0.5691303014755249,0.5976253151893616
test_01120,Anxiety,Anxiety,Anxiety,True,True,False,False,both_correct,valid_to_valid,train_03990,train_03990,0.7412645220756531,0.7412644624710083
test_01121,Bipolar,Bipolar,Bipolar,True,True,False,False,both_correct,valid_to_valid,train_00253,aug_train_02555_0,0.7527280449867249,0.7769799828529358
test_01122,Bipolar,Bipolar,Anxiety,True,False,False,False,noaug_only_correct,valid_to_valid,train_05933,aug_train_00715_0,0.6651204824447632,0.6720554828643799
test_01123,Bipolar,Bipolar,Bipolar,True,True,False,False,both_correct,valid_to_valid,train_00800,aug_train_05126_0,0.6510154008865356,0.6810464262962341
test_01124,Depression,INVALID,INVALID,False,False,True,True,both_wrong,invalid_to_invalid,train_02674,train_02674,0.5672695636749268,0.5672692656517029
test_01125,Depression,Anxiety,Anxiety,False,False,False,False,both_wrong,valid_to_valid,train_01427,train_01427,0.6119351387023926,0.611935019493103
test_01126,Normal,Normal,Normal,True,True,False,False,both_correct,valid_to_valid,train_02027,train_02027,0.3665302097797394,0.36653029918670654
test_01127,Anxiety,Anxiety,Anxiety,True,True,False,False,both_correct,valid_to_valid,train_02989,aug_train_02989_1,0.6257354021072388,0.6579786539077759
test_01128,Normal,Normal,Normal,True,True,False,False,both_correct,valid_to_valid,train_02365,train_02365,0.3613011837005615,0.3613011837005615
test_01129,Depression,Bipolar,Depression,False,True,False,False,aug_only_correct,valid_to_valid,train_01532,aug_train_01341_0,0.7220079302787781,0.7409317493438721
test_01130,Depression,Depression,Depression,True,True,False,False,both_correct,valid_to_valid,train_05046,train_05046,0.773178219795227,0.7731783390045166
test_01131,Anxiety,Anxiety,Anxiety,True,True,False,False,both_correct,valid_to_valid,train_00578,train_00578,0.639162540435791,0.6391626596450806
test_01132,Bipolar,Bipolar,Anxiety,True,False,False,False,noaug_only_correct,valid_to_valid,train_00343,aug_train_00933_0,0.44130048155784607,0.4442053735256195
test_01133,Normal,Normal,Normal,True,True,False,False,both_correct,valid_to_valid,train_03598,train_03598,0.2928730845451355,0.29287320375442505
test_01134,Depression,INVALID,INVALID,False,False,True,True,both_wrong,invalid_to_invalid,train_04090,aug_train_04029_1,0.549919843673706,0.5953038930892944
test_01135,Anxiety,Anxiety,Anxiety,True,True,False,False,both_correct,valid_to_valid,train_01034,aug_train_01034_0,0.5972578525543213,0.6221588850021362
test_01136,Normal,Bipolar,Bipolar,False,False,False,False,both_wrong,valid_to_valid,train_03845,train_03845,0.26579105854034424,0.26579105854034424
test_01137,Depression,INVALID,Anxiety,False,False,True,False,both_wrong,invalid_to_valid,train_01047,aug_train_00448_0,0.47159066796302795,0.4847393035888672
test_01138,Depression,INVALID,Depression,False,True,True,False,aug_only_correct,invalid_to_valid,train_05614,aug_train_04086_0,0.5298510789871216,0.5388112664222717
test_01139,Depression,Bipolar,Bipolar,False,False,False,False,both_wrong,valid_to_valid,train_02621,aug_train_02621_1,0.7062935829162598,0.7201017141342163
test_01140,Bipolar,Bipolar,Bipolar,True,True,False,False,both_correct,valid_to_valid,train_03567,train_03567,0.6093689799308777,0.6093689799308777
test_01141,Bipolar,Bipolar,Bipolar,True,True,False,False,both_correct,valid_to_valid,train_01569,train_01569,0.7936585545539856,0.7936585545539856
test_01142,Anxiety,Anxiety,Anxiety,True,True,False,False,both_correct,valid_to_valid,train_02241,aug_train_02978_0,0.4824238121509552,0.4878857731819153
test_01143,Normal,Normal,Normal,True,True,False,False,both_correct,valid_to_valid,train_03323,aug_train_02458_0,0.3017318844795227,0.3068864047527313
test_01144,Depression,Depression,Depression,True,True,False,False,both_correct,valid_to_valid,train_02894,train_02894,0.7199572324752808,0.719957172870636
test_01145,Anxiety,Anxiety,Anxiety,True,True,False,False,both_correct,valid_to_valid,train_04292,train_04292,0.7339825630187988,0.7339824438095093
test_01146,Depression,Depression,Depression,True,True,False,False,both_correct,valid_to_valid,train_03613,aug_train_02114_1,0.7554523944854736,0.7700402736663818
test_01147,Anxiety,Anxiety,Anxiety,True,True,False,False,both_correct,valid_to_valid,train_04276,train_04276,0.6855383515357971,0.6855383515357971
test_01148,Bipolar,Bipolar,Bipolar,True,True,False,False,both_correct,valid_to_valid,train_00773,aug_train_04833_1,0.6047374606132507,0.6779020428657532
test_01149,Normal,Normal,Normal,True,True,False,False,both_correct,valid_to_valid,train_05936,aug_train_02431_0,0.32947492599487305,0.3578038215637207
test_01150,Bipolar,Bipolar,Bipolar,True,True,False,False,both_correct,valid_to_valid,train_05687,aug_train_03599_0,0.7571935057640076,0.7579797506332397
test_01151,Normal,Normal,Normal,True,True,False,False,both_correct,valid_to_valid,train_03085,train_03085,0.3903076648712158,0.39030778408050537
test_01152,Bipolar,Bipolar,Bipolar,True,True,False,False,both_correct,valid_to_valid,train_00232,train_00232,0.7180600166320801,0.7180599570274353
test_01153,Bipolar,Bipolar,Bipolar,True,True,False,False,both_correct,valid_to_valid,train_05617,aug_train_05617_1,0.6530572175979614,0.6981148719787598
test_01154,Anxiety,Anxiety,Anxiety,True,True,False,False,both_correct,valid_to_valid,train_05919,train_05919,0.7785111665725708,0.7785111665725708
test_01155,Depression,Depression,Depression,True,True,False,False,both_correct,valid_to_valid,train_05666,aug_train_05271_0,0.6995431184768677,0.7168999910354614
test_01156,Anxiety,Anxiety,Anxiety,True,True,False,False,both_correct,valid_to_valid,train_05286,train_05286,0.6948434114456177,0.6948434710502625
test_01157,Bipolar,Bipolar,Bipolar,True,True,False,False,both_correct,valid_to_valid,train_04044,train_04044,0.7302483320236206,0.7302484512329102
test_01158,Bipolar,Bipolar,Bipolar,True,True,False,False,both_correct,valid_to_valid,train_03777,aug_train_05235_0,0.5796153545379639,0.5813239812850952
test_01159,Bipolar,Bipolar,Bipolar,True,True,False,False,both_correct,valid_to_valid,train_01433,train_01433,0.7365682125091553,0.7365682125091553
test_01160,Bipolar,Bipolar,Bipolar,True,True,False,False,both_correct,valid_to_valid,train_00061,train_00061,0.7927577495574951,0.7927576303482056
test_01161,Anxiety,Anxiety,Anxiety,True,True,False,False,both_correct,valid_to_valid,train_04450,train_04450,0.7094581723213196,0.7094581723213196
test_01162,Anxiety,Anxiety,Anxiety,True,True,False,False,both_correct,valid_to_valid,train_03030,train_03030,0.7143251895904541,0.7143251895904541
test_01163,Bipolar,Bipolar,Bipolar,True,True,False,False,both_correct,valid_to_valid,train_04494,aug_train_04420_1,0.6983479261398315,0.7127227783203125
test_01164,Normal,Normal,Normal,True,True,False,False,both_correct,valid_to_valid,train_01983,aug_train_05755_1,0.38640427589416504,0.42012643814086914
test_01165,Bipolar,Bipolar,Bipolar,True,True,False,False,both_correct,valid_to_valid,train_03141,aug_train_00453_1,0.6843349933624268,0.722493052482605
test_01166,Normal,Anxiety,Anxiety,False,False,False,False,both_wrong,valid_to_valid,train_05767,aug_train_05767_0,0.46359118819236755,0.4743063747882843
test_01167,Depression,Depression,Depression,True,True,False,False,both_correct,valid_to_valid,train_05511,aug_train_05511_1,0.6091647148132324,0.6181447505950928
test_01168,Anxiety,Anxiety,Anxiety,True,True,False,False,both_correct,valid_to_valid,train_02294,train_02294,0.7578779458999634,0.7578780651092529
test_01169,Depression,Depression,INVALID,True,False,False,True,noaug_only_correct,valid_to_invalid,train_00370,aug_train_01932_1,0.6343238353729248,0.6606799364089966
test_01170,Normal,Normal,Normal,True,True,False,False,both_correct,valid_to_valid,train_01669,train_01669,0.4791780710220337,0.4791780710220337
test_01171,Normal,Normal,Normal,True,True,False,False,both_correct,valid_to_valid,train_03938,aug_train_03955_0,0.35749801993370056,0.3599233627319336
test_01172,Depression,Depression,Depression,True,True,False,False,both_correct,valid_to_valid,train_02340,train_02340,0.6566563844680786,0.6566564440727234
test_01173,Normal,Normal,Normal,True,True,False,False,both_correct,valid_to_valid,train_03899,aug_train_02926_1,0.459164023399353,0.47241950035095215
test_01174,Depression,Depression,INVALID,True,False,False,True,noaug_only_correct,valid_to_invalid,train_03341,aug_train_02900_1,0.5877730846405029,0.6001220345497131
test_01175,Anxiety,Anxiety,Anxiety,True,True,False,False,both_correct,valid_to_valid,train_03691,aug_train_04720_1,0.786812961101532,0.80500328540802
test_01176,Bipolar,Bipolar,Bipolar,True,True,False,False,both_correct,valid_to_valid,train_03435,aug_train_03783_0,0.5073139667510986,0.5347830057144165
test_01177,Normal,Normal,Anxiety,True,False,False,False,noaug_only_correct,valid_to_valid,train_02187,aug_train_04062_0,0.5008673667907715,0.5343272686004639
test_01178,Anxiety,Anxiety,Anxiety,True,True,False,False,both_correct,valid_to_valid,train_05292,aug_train_03781_1,0.6134666204452515,0.6822638511657715
test_01179,Anxiety,Anxiety,Anxiety,True,True,False,False,both_correct,valid_to_valid,train_01247,train_01247,0.7771950960159302,0.7771949768066406
test_01180,Bipolar,Bipolar,Bipolar,True,True,False,False,both_correct,valid_to_valid,train_02946,aug_train_02946_1,0.6788357496261597,0.6967170238494873
test_01181,Depression,Bipolar,Bipolar,False,False,False,False,both_wrong,valid_to_valid,train_02777,train_02777,0.7693288326263428,0.7693288922309875
test_01182,Anxiety,Anxiety,Anxiety,True,True,False,False,both_correct,valid_to_valid,train_05326,aug_train_05326_0,0.532070517539978,0.5611203908920288
test_01183,Normal,Normal,Normal,True,True,False,False,both_correct,valid_to_valid,train_00670,train_00670,0.37887585163116455,0.3788759112358093
test_01184,Bipolar,Bipolar,Bipolar,True,True,False,False,both_correct,valid_to_valid,train_03466,aug_train_02304_1,0.7446106672286987,0.7729009389877319
test_01185,Anxiety,Anxiety,Anxiety,True,True,False,False,both_correct,valid_to_valid,train_05134,train_05134,0.6912736892700195,0.6912734508514404
test_01186,Bipolar,Bipolar,Normal,True,False,False,False,noaug_only_correct,valid_to_valid,train_04382,aug_train_03158_0,0.5229405760765076,0.6817405223846436
test_01187,Bipolar,Bipolar,Bipolar,True,True,False,False,both_correct,valid_to_valid,train_03017,aug_train_03017_0,0.7044565677642822,0.7049068212509155
test_01188,Depression,Depression,Depression,True,True,False,False,both_correct,valid_to_valid,train_01833,aug_train_00055_0,0.5151039361953735,0.5227861404418945
test_01189,Bipolar,Bipolar,Bipolar,True,True,False,False,both_correct,valid_to_valid,train_05381,aug_train_00652_0,0.536963164806366,0.6078555583953857
test_01190,Depression,Depression,Bipolar,True,False,False,False,noaug_only_correct,valid_to_valid,train_03547,aug_train_04420_0,0.6957682371139526,0.7065655589103699
test_01191,Depression,Bipolar,INVALID,False,False,False,True,both_wrong,valid_to_invalid,train_01308,aug_train_02855_0,0.6042025685310364,0.6449248790740967
test_01192,Bipolar,Anxiety,Anxiety,False,False,False,False,both_wrong,valid_to_valid,train_00775,train_00775,0.6457850933074951,0.6457852125167847
test_01193,Depression,INVALID,INVALID,False,False,True,True,both_wrong,invalid_to_invalid,train_03929,train_03929,0.7010584473609924,0.7010585069656372
test_01194,Depression,Depression,Depression,True,True,False,False,both_correct,valid_to_valid,train_04012,train_04012,0.7254420518875122,0.7254421710968018
test_01195,Depression,Depression,Depression,True,True,False,False,both_correct,valid_to_valid,train_05459,aug_train_01335_0,0.6408715844154358,0.6425466537475586
test_01196,Normal,Normal,Normal,True,True,False,False,both_correct,valid_to_valid,train_03638,aug_train_03638_1,0.5412195324897766,0.6081669926643372
test_01197,Anxiety,Anxiety,Anxiety,True,True,False,False,both_correct,valid_to_valid,train_01168,train_01168,0.7273621559143066,0.7273621559143066
test_01198,Anxiety,Anxiety,Anxiety,True,True,False,False,both_correct,valid_to_valid,train_04780,aug_train_05158_1,0.7055981755256653,0.7423934936523438
test_01199,Depression,Depression,Depression,True,True,False,False,both_correct,valid_to_valid,train_03878,train_03878,0.7462486028671265,0.7462484240531921
test_01200,Anxiety,Anxiety,Anxiety,True,True,False,False,both_correct,valid_to_valid,train_00585,train_00585,0.513900876045227,0.513900876045227
test_01201,Anxiety,Anxiety,Anxiety,True,True,False,False,both_correct,valid_to_valid,train_01384,aug_train_00038_1,0.6705674529075623,0.6805863976478577
test_01202,Depression,Depression,Depression,True,True,False,False,both_correct,valid_to_valid,train_04927,aug_train_00770_1,0.6646890044212341,0.7187970876693726
test_01203,Normal,Normal,Normal,True,True,False,False,both_correct,valid_to_valid,train_00899,train_00899,0.3883790373802185,0.3883790969848633
test_01204,Bipolar,Bipolar,Bipolar,True,True,False,False,both_correct,valid_to_valid,train_05140,train_05140,0.7859697341918945,0.7859697341918945
test_01205,Anxiety,Anxiety,Anxiety,True,True,False,False,both_correct,valid_to_valid,train_01089,aug_train_01089_1,0.7319419980049133,0.7807931900024414
test_01206,Normal,Normal,Normal,True,True,False,False,both_correct,valid_to_valid,train_05850,train_05850,0.46634629368782043,0.46634641289711
test_01207,Normal,Normal,Normal,True,True,False,False,both_correct,valid_to_valid,train_03598,aug_train_03598_0,0.3780527412891388,0.4147636294364929
test_01208,Anxiety,Anxiety,Anxiety,True,True,False,False,both_correct,valid_to_valid,train_01633,aug_train_01606_1,0.7016521096229553,0.7398884892463684
test_01209,Anxiety,Anxiety,Anxiety,True,True,False,False,both_correct,valid_to_valid,train_03066,train_03066,0.4440228343009949,0.4440228044986725
test_01210,Depression,Depression,Depression,True,True,False,False,both_correct,valid_to_valid,train_03767,aug_train_01442_0,0.7185741662979126,0.7549660801887512
test_01211,Depression,Depression,Depression,True,True,False,False,both_correct,valid_to_valid,train_02441,aug_train_02441_0,0.6710165739059448,0.6813676357269287
test_01212,Anxiety,Bipolar,Bipolar,False,False,False,False,both_wrong,valid_to_valid,train_01469,train_01469,0.8340764045715332,0.8340765237808228
test_01213,Anxiety,Anxiety,Anxiety,True,True,False,False,both_correct,valid_to_valid,train_05105,train_05105,0.5035601258277893,0.5035603046417236
test_01214,Depression,Depression,Depression,True,True,False,False,both_correct,valid_to_valid,train_01570,train_01570,0.7570428848266602,0.7570429444313049
test_01215,Bipolar,Bipolar,Bipolar,True,True,False,False,both_correct,valid_to_valid,train_05940,aug_train_05940_1,0.8225303888320923,0.8348343968391418
test_01216,Normal,Depression,Normal,False,True,False,False,aug_only_correct,valid_to_valid,train_02203,aug_train_00774_0,0.3520631194114685,0.4000219702720642
test_01217,Normal,Normal,Normal,True,True,False,False,both_correct,valid_to_valid,train_04867,aug_train_03577_1,0.4435654878616333,0.4719061255455017
test_01218,Normal,Normal,Normal,True,True,False,False,both_correct,valid_to_valid,train_02452,aug_train_02452_1,0.33772966265678406,0.34222474694252014
test_01219,Depression,Depression,Depression,True,True,False,False,both_correct,valid_to_valid,train_00541,train_00541,0.7461786866188049,0.7461786270141602
test_01220,Depression,Depression,Depression,True,True,False,False,both_correct,valid_to_valid,train_01884,train_01884,0.7596546411514282,0.7596546411514282
test_01221,Normal,Anxiety,Anxiety,False,False,False,False,both_wrong,valid_to_valid,train_05832,aug_train_04229_1,0.47243788838386536,0.47403058409690857
test_01222,Depression,INVALID,INVALID,False,False,True,True,both_wrong,invalid_to_invalid,train_01064,train_01064,0.5666555762290955,0.5666555166244507
test_01223,Anxiety,Anxiety,Anxiety,True,True,False,False,both_correct,valid_to_valid,train_05043,train_05043,0.6638534665107727,0.6638534069061279
test_01224,Anxiety,Anxiety,Anxiety,True,True,False,False,both_correct,valid_to_valid,train_03581,train_03581,0.6075528264045715,0.6075528860092163
test_01225,Bipolar,Bipolar,Bipolar,True,True,False,False,both_correct,valid_to_valid,train_02560,train_02560,0.7214027047157288,0.721402645111084
test_01226,Bipolar,Bipolar,Bipolar,True,True,False,False,both_correct,valid_to_valid,train_02666,train_02666,0.6548385620117188,0.6548385620117188
test_01227,Depression,Depression,Depression,True,True,False,False,both_correct,valid_to_valid,train_04036,train_04036,0.7591813802719116,0.7591812610626221
test_01228,Anxiety,Anxiety,Anxiety,True,True,False,False,both_correct,valid_to_valid,train_04516,aug_train_01941_1,0.6837502717971802,0.7135014533996582
test_01229,Normal,Bipolar,Bipolar,False,False,False,False,both_wrong,valid_to_valid,train_02877,train_02877,0.3854975700378418,0.3854976296424866
test_01230,Depression,Depression,Depression,True,True,False,False,both_correct,valid_to_valid,train_05483,aug_train_05534_0,0.6955268383026123,0.7138268947601318
test_01231,Anxiety,Bipolar,Bipolar,False,False,False,False,both_wrong,valid_to_valid,train_05218,aug_train_03909_1,0.645997941493988,0.6600791811943054
test_01232,Depression,Depression,Depression,True,True,False,False,both_correct,valid_to_valid,train_05605,train_05605,0.6586145162582397,0.6586145162582397
test_01233,Depression,Anxiety,Anxiety,False,False,False,False,both_wrong,valid_to_valid,train_02876,train_02876,0.6600311994552612,0.6600311994552612
test_01234,Depression,Depression,Depression,True,True,False,False,both_correct,valid_to_valid,train_01134,train_01134,0.7850872278213501,0.7850874066352844
test_01235,Depression,Depression,Depression,True,True,False,False,both_correct,valid_to_valid,train_04055,train_04055,0.7284727692604065,0.7284727096557617
test_01236,Bipolar,Depression,Bipolar,False,True,False,False,aug_only_correct,valid_to_valid,train_05271,aug_train_04576_1,0.6331416368484497,0.6771213412284851
test_01237,Depression,Depression,Depression,True,True,False,False,both_correct,valid_to_valid,train_04054,train_04054,0.7830698490142822,0.7830698490142822
test_01238,Depression,Depression,Depression,True,True,False,False,both_correct,valid_to_valid,train_02797,train_02797,0.5126371383666992,0.5126370787620544
test_01239,Anxiety,Anxiety,Anxiety,True,True,False,False,both_correct,valid_to_valid,train_04950,aug_train_02349_0,0.6452594995498657,0.645577073097229
test_01240,Bipolar,Bipolar,Bipolar,True,True,False,False,both_correct,valid_to_valid,train_05699,aug_train_01972_0,0.4406593441963196,0.4488542079925537
test_01241,Depression,Depression,Bipolar,True,False,False,False,noaug_only_correct,valid_to_valid,train_03117,aug_train_05156_1,0.6714532375335693,0.6971310377120972
test_01242,Anxiety,Anxiety,Anxiety,True,True,False,False,both_correct,valid_to_valid,train_05043,train_05043,0.6288614273071289,0.6288613080978394
test_01243,Depression,Depression,Depression,True,True,False,False,both_correct,valid_to_valid,train_00473,train_00473,0.6343486309051514,0.6343483924865723
test_01244,Depression,Bipolar,Bipolar,False,False,False,False,both_wrong,valid_to_valid,train_01687,train_01687,0.5080143809318542,0.5080143213272095
test_01245,Depression,Depression,Anxiety,True,False,False,False,noaug_only_correct,valid_to_valid,train_00407,aug_train_04083_1,0.6399861574172974,0.687059760093689
test_01246,Normal,Normal,Normal,True,True,False,False,both_correct,valid_to_valid,train_04049,train_04049,0.40816646814346313,0.4081664979457855
test_01247,Depression,Anxiety,Depression,False,True,False,False,aug_only_correct,valid_to_valid,train_05198,aug_train_04854_0,0.6822564005851746,0.715028703212738
test_01248,Bipolar,Bipolar,Bipolar,True,True,False,False,both_correct,valid_to_valid,train_04547,train_04547,0.7740683555603027,0.7740683555603027
test_01249,Anxiety,Anxiety,Anxiety,True,True,False,False,both_correct,valid_to_valid,train_00409,train_00409,0.5230691432952881,0.5230692625045776
test_01250,Depression,Depression,Depression,True,True,False,False,both_correct,valid_to_valid,train_05256,train_05256,0.706527590751648,0.706527590751648
test_01251,Normal,Normal,Normal,True,True,False,False,both_correct,valid_to_valid,train_03805,train_03805,0.4375545382499695,0.4375545084476471
test_01252,Bipolar,Bipolar,Bipolar,True,True,False,False,both_correct,valid_to_valid,train_04820,aug_train_04533_0,0.6875161528587341,0.704027533531189
test_01253,Bipolar,Bipolar,Bipolar,True,True,False,False,both_correct,valid_to_valid,train_01825,aug_train_01825_0,0.7280428409576416,0.742827296257019
test_01254,Anxiety,Anxiety,Anxiety,True,True,False,False,both_correct,valid_to_valid,train_03691,aug_train_04720_1,0.7968007326126099,0.8091220259666443
test_01255,Bipolar,Bipolar,Bipolar,True,True,False,False,both_correct,valid_to_valid,train_01433,train_01433,0.7968010902404785,0.7968009114265442
test_01256,Anxiety,Anxiety,Anxiety,True,True,False,False,both_correct,valid_to_valid,train_00120,aug_train_04047_0,0.5830328464508057,0.5880861282348633
test_01257,Normal,Normal,Normal,True,True,False,False,both_correct,valid_to_valid,train_00078,train_00078,0.38264262676239014,0.38264256715774536
test_01258,Normal,Anxiety,Anxiety,False,False,False,False,both_wrong,valid_to_valid,train_00095,train_00095,0.5341095328330994,0.5341094136238098
test_01259,Depression,Depression,Depression,True,True,False,False,both_correct,valid_to_valid,train_02471,aug_train_05718_1,0.5650618076324463,0.5702803134918213
test_01260,Anxiety,Anxiety,Anxiety,True,True,False,False,both_correct,valid_to_valid,train_00267,train_00267,0.6985354423522949,0.6985355019569397
test_01261,Normal,Normal,Normal,True,True,False,False,both_correct,valid_to_valid,train_04536,train_04536,0.4909404516220093,0.4909403324127197
test_01262,Normal,Anxiety,Depression,False,False,False,False,both_wrong,valid_to_valid,train_02929,aug_train_02378_1,0.40031856298446655,0.41726332902908325
test_01263,Anxiety,Anxiety,Anxiety,True,True,False,False,both_correct,valid_to_valid,train_05967,aug_train_05967_0,0.6014307141304016,0.6230072975158691
test_01264,Depression,Bipolar,Depression,False,True,False,False,aug_only_correct,valid_to_valid,train_04657,aug_train_01799_1,0.5695697069168091,0.5871528387069702
test_01265,Normal,Normal,Normal,True,True,False,False,both_correct,valid_to_valid,train_04072,aug_train_05107_1,0.29217708110809326,0.3153529167175293
test_01266,Depression,Depression,Depression,True,True,False,False,both_correct,valid_to_valid,train_05098,train_05098,0.8080500364303589,0.808050274848938
test_01267,Normal,Anxiety,Anxiety,False,False,False,False,both_wrong,valid_to_valid,train_03967,train_03967,0.35421252250671387,0.35421258211135864
test_01268,Anxiety,Anxiety,Anxiety,True,True,False,False,both_correct,valid_to_valid,train_05634,aug_train_05634_0,0.7839547395706177,0.8010624051094055
test_01269,Bipolar,Anxiety,Bipolar,False,True,False,False,aug_only_correct,valid_to_valid,train_04970,aug_train_02170_1,0.5262161493301392,0.5391955971717834
test_01270,Normal,Normal,Normal,True,True,False,False,both_correct,valid_to_valid,train_02431,aug_train_02431_1,0.5478070974349976,0.6583825349807739
test_01271,Anxiety,Bipolar,Bipolar,False,False,False,False,both_wrong,valid_to_valid,train_02237,train_02237,0.6278729438781738,0.6278731822967529
test_01272,Normal,Anxiety,Anxiety,False,False,False,False,both_wrong,valid_to_valid,train_00860,aug_train_02909_1,0.44898027181625366,0.48311153054237366
test_01273,Depression,Depression,Depression,True,True,False,False,both_correct,valid_to_valid,train_00591,train_00591,0.538774847984314,0.5387747883796692
test_01274,Anxiety,Anxiety,Anxiety,True,True,False,False,both_correct,valid_to_valid,train_03437,aug_train_03437_1,0.6839175224304199,0.7680882215499878
test_01275,Normal,Normal,Normal,True,True,False,False,both_correct,valid_to_valid,train_00195,train_00195,0.49059048295021057,0.49059033393859863
test_01276,Bipolar,Bipolar,Bipolar,True,True,False,False,both_correct,valid_to_valid,train_02985,train_02985,0.7110185623168945,0.7110185027122498
test_01277,Depression,INVALID,INVALID,False,False,True,True,both_wrong,invalid_to_invalid,train_04389,train_04389,0.43344664573669434,0.43344658613204956
test_01278,Bipolar,Bipolar,Bipolar,True,True,False,False,both_correct,valid_to_valid,train_03893,train_03893,0.542056143283844,0.5420560836791992
test_01279,Anxiety,Anxiety,Anxiety,True,True,False,False,both_correct,valid_to_valid,train_02442,train_02442,0.658755898475647,0.6587558388710022
test_01280,Anxiety,Anxiety,Anxiety,True,True,False,False,both_correct,valid_to_valid,train_00849,aug_train_01450_1,0.5234497785568237,0.5347325801849365
test_01281,Normal,Normal,Normal,True,True,False,False,both_correct,valid_to_valid,train_02652,aug_train_01597_1,0.4289591312408447,0.5124717950820923
test_01282,Bipolar,Bipolar,Bipolar,True,True,False,False,both_correct,valid_to_valid,train_01881,train_01881,0.7671891450881958,0.7671890258789062
test_01283,Bipolar,Bipolar,Bipolar,True,True,False,False,both_correct,valid_to_valid,train_04363,aug_train_02270_1,0.6881767511367798,0.7222920656204224
test_01284,Depression,Anxiety,Anxiety,False,False,False,False,both_wrong,valid_to_valid,train_02404,train_02404,0.5902843475341797,0.5902843475341797
test_01285,Normal,Anxiety,Depression,False,False,False,False,both_wrong,valid_to_valid,train_02224,aug_train_02553_1,0.4553685784339905,0.5315200686454773
test_01286,Depression,Depression,Depression,True,True,False,False,both_correct,valid_to_valid,train_04114,train_04114,0.8278282284736633,0.8278281688690186
test_01287,Anxiety,Anxiety,Anxiety,True,True,False,False,both_correct,valid_to_valid,train_00700,aug_train_00700_1,0.650648832321167,0.6557620167732239
test_01288,Normal,Normal,INVALID,True,False,False,True,noaug_only_correct,valid_to_invalid,train_00850,aug_train_00647_0,0.44639870524406433,0.4815788269042969
test_01289,Anxiety,Anxiety,Anxiety,True,True,False,False,both_correct,valid_to_valid,train_01701,train_01701,0.6260711550712585,0.6260712146759033
test_01290,Normal,Normal,Normal,True,True,False,False,both_correct,valid_to_valid,train_05541,train_05541,0.3095906972885132,0.3095906674861908
test_01291,Normal,Normal,Normal,True,True,False,False,both_correct,valid_to_valid,train_00654,aug_train_00654_0,0.6146200895309448,0.6533552408218384
test_01292,Anxiety,Bipolar,Anxiety,False,True,False,False,aug_only_correct,valid_to_valid,train_05344,aug_train_02323_1,0.7309098839759827,0.7638030648231506
test_01293,Normal,Normal,Normal,True,True,False,False,both_correct,valid_to_valid,train_02312,train_02312,0.4786593019962311,0.4786593019962311
test_01294,Bipolar,Bipolar,Bipolar,True,True,False,False,both_correct,valid_to_valid,train_05854,aug_train_02412_0,0.8066724538803101,0.8344915509223938
test_01295,Bipolar,Bipolar,Bipolar,True,True,False,False,both_correct,valid_to_valid,train_01129,aug_train_01149_0,0.8001677989959717,0.8128305077552795
test_01296,Normal,Bipolar,Anxiety,False,False,False,False,both_wrong,valid_to_valid,train_00857,aug_train_03492_0,0.5206923484802246,0.583048939704895
test_01297,Anxiety,Anxiety,Anxiety,True,True,False,False,both_correct,valid_to_valid,train_00950,train_00950,0.713520884513855,0.7135207653045654
test_01298,Depression,Depression,Depression,True,True,False,False,both_correct,valid_to_valid,train_00904,train_00904,0.7543556690216064,0.7543559074401855
test_01299,Depression,INVALID,INVALID,False,False,True,True,both_wrong,invalid_to_invalid,train_01071,train_01071,0.6565631628036499,0.6565631031990051
test_01300,Anxiety,Anxiety,Anxiety,True,True,False,False,both_correct,valid_to_valid,train_04634,aug_train_03816_1,0.6232603788375854,0.7491600513458252
test_01301,Bipolar,Depression,Depression,False,False,False,False,both_wrong,valid_to_valid,train_03620,train_03620,0.582164466381073,0.5821642279624939
test_01302,Depression,INVALID,INVALID,False,False,True,True,both_wrong,invalid_to_invalid,train_02215,train_02215,0.7842656373977661,0.7842658162117004
test_01303,Bipolar,Bipolar,Bipolar,True,True,False,False,both_correct,valid_to_valid,train_00966,aug_train_00966_1,0.6940808296203613,0.7494339942932129
test_01304,Anxiety,Anxiety,Anxiety,True,True,False,False,both_correct,valid_to_valid,train_04899,aug_train_04899_0,0.6591312885284424,0.6645283699035645
test_01305,Bipolar,Bipolar,Depression,True,False,False,False,noaug_only_correct,valid_to_valid,train_03359,aug_train_01651_1,0.5857877135276794,0.6233843564987183
test_01306,Normal,Normal,Normal,True,True,False,False,both_correct,valid_to_valid,train_04662,train_04662,0.5511695146560669,0.5511695146560669
test_01307,Anxiety,Anxiety,Anxiety,True,True,False,False,both_correct,valid_to_valid,train_03491,aug_train_03491_1,0.6763242483139038,0.7126619815826416
test_01308,Anxiety,Anxiety,Anxiety,True,True,False,False,both_correct,valid_to_valid,train_01897,aug_train_01897_1,0.6891676187515259,0.7263562679290771
test_01309,Bipolar,Bipolar,Bipolar,True,True,False,False,both_correct,valid_to_valid,train_04440,train_04440,0.7522525191307068,0.7522523403167725
test_01310,Depression,Depression,Depression,True,True,False,False,both_correct,valid_to_valid,train_04768,train_04768,0.772193431854248,0.7721935510635376
test_01311,Bipolar,Depression,Depression,False,False,False,False,both_wrong,valid_to_valid,train_03174,train_03174,0.732464075088501,0.7324640154838562
test_01312,Anxiety,Anxiety,Anxiety,True,True,False,False,both_correct,valid_to_valid,train_03680,train_03680,0.4855891466140747,0.48558908700942993
test_01313,Depression,Anxiety,Depression,False,True,False,False,aug_only_correct,valid_to_valid,train_02329,aug_train_04258_1,0.44943588972091675,0.45536187291145325
test_01314,Depression,Normal,Normal,False,False,False,False,both_wrong,valid_to_valid,train_04151,train_04151,0.6752877235412598,0.6752877235412598
test_01315,Anxiety,Anxiety,Anxiety,True,True,False,False,both_correct,valid_to_valid,train_00388,train_00388,0.7376405596733093,0.7376406192779541
test_01316,Depression,Depression,Depression,True,True,False,False,both_correct,valid_to_valid,train_05066,aug_train_03798_1,0.4198070168495178,0.5131427645683289
test_01317,Bipolar,Bipolar,Bipolar,True,True,False,False,both_correct,valid_to_valid,train_01718,aug_train_01718_0,0.8005028963088989,0.807499885559082
test_01318,Bipolar,Bipolar,Bipolar,True,True,False,False,both_correct,valid_to_valid,train_02065,aug_train_04692_1,0.7563328742980957,0.7658708095550537
test_01319,Bipolar,Bipolar,Bipolar,True,True,False,False,both_correct,valid_to_valid,train_04539,aug_train_04539_0,0.6460771560668945,0.6566576957702637
test_01320,Normal,Depression,Depression,False,False,False,False,both_wrong,valid_to_valid,train_04163,aug_train_04163_1,0.4923090934753418,0.5882240533828735
test_01321,Bipolar,Bipolar,Bipolar,True,True,False,False,both_correct,valid_to_valid,train_05969,aug_train_05969_0,0.6854979395866394,0.7005725502967834
test_01322,Depression,Depression,Depression,True,True,False,False,both_correct,valid_to_valid,train_04134,aug_train_03121_0,0.49783211946487427,0.577478289604187
test_01323,Anxiety,Anxiety,Anxiety,True,True,False,False,both_correct,valid_to_valid,train_05789,train_05789,0.5682371854782104,0.5682372450828552
test_01324,Bipolar,Bipolar,Bipolar,True,True,False,False,both_correct,valid_to_valid,train_02762,aug_train_02762_0,0.6626092791557312,0.7520940899848938
test_01325,Depression,Bipolar,Bipolar,False,False,False,False,both_wrong,valid_to_valid,train_02716,train_02716,0.5631054639816284,0.563105583190918
test_01326,Depression,Depression,Depression,True,True,False,False,both_correct,valid_to_valid,train_02683,train_02683,0.607841968536377,0.607841968536377
test_01327,Depression,Depression,Depression,True,True,False,False,both_correct,valid_to_valid,train_05716,train_05716,0.692878007888794,0.6928778886795044
test_01328,Normal,Normal,Normal,True,True,False,False,both_correct,valid_to_valid,train_05892,aug_train_00774_0,0.32405683398246765,0.33265769481658936
test_01329,Bipolar,Bipolar,Anxiety,True,False,False,False,noaug_only_correct,valid_to_valid,train_00553,aug_train_00811_1,0.47333824634552,0.5342392325401306
test_01330,Normal,Normal,Normal,True,True,False,False,both_correct,valid_to_valid,train_04846,aug_train_02486_0,0.36993932723999023,0.3787597715854645
test_01331,Bipolar,Anxiety,Anxiety,False,False,False,False,both_wrong,valid_to_valid,train_03012,train_03012,0.48862406611442566,0.48862403631210327
test_01332,Anxiety,Bipolar,Bipolar,False,False,False,False,both_wrong,valid_to_valid,train_04703,train_04703,0.5572597980499268,0.5572597980499268
test_01333,Bipolar,Bipolar,Bipolar,True,True,False,False,both_correct,valid_to_valid,train_00884,train_00884,0.7804892063140869,0.7804893255233765
test_01334,Normal,Anxiety,Anxiety,False,False,False,False,both_wrong,valid_to_valid,train_05298,aug_train_02488_1,0.37479886412620544,0.41004154086112976
test_01335,Depression,Depression,Depression,True,True,False,False,both_correct,valid_to_valid,train_03516,aug_train_03197_1,0.6146607398986816,0.637805700302124
test_01336,Normal,Normal,Normal,True,True,False,False,both_correct,valid_to_valid,train_02728,aug_train_03696_1,0.5692148804664612,0.5962597131729126
test_01337,Anxiety,Anxiety,Anxiety,True,True,False,False,both_correct,valid_to_valid,train_00133,aug_train_01684_1,0.6019783020019531,0.6580005884170532
test_01338,Bipolar,Bipolar,Bipolar,True,True,False,False,both_correct,valid_to_valid,train_00949,aug_train_00494_1,0.4920136034488678,0.5580812692642212
test_01339,Depression,Depression,Depression,True,True,False,False,both_correct,valid_to_valid,train_01678,aug_train_00856_1,0.7026007175445557,0.7576884031295776
test_01340,Normal,Normal,Normal,True,True,False,False,both_correct,valid_to_valid,train_03762,train_03762,0.33782339096069336,0.33782345056533813
test_01341,Depression,Depression,Depression,True,True,False,False,both_correct,valid_to_valid,train_04205,train_04205,0.6216750741004944,0.6216747760772705
test_01342,Bipolar,Depression,Bipolar,False,True,False,False,aug_only_correct,valid_to_valid,train_05274,aug_train_02696_1,0.766952633857727,0.8020702600479126
test_01343,Normal,Normal,Normal,True,True,False,False,both_correct,valid_to_valid,train_05769,aug_train_02067_1,0.26683875918388367,0.31166940927505493
test_01344,Depression,Depression,Depression,True,True,False,False,both_correct,valid_to_valid,train_02008,train_02008,0.8221298456192017,0.8221298456192017
test_01345,Bipolar,Bipolar,Bipolar,True,True,False,False,both_correct,valid_to_valid,train_05139,aug_train_05139_1,0.5825322270393372,0.6110807657241821
test_01346,Normal,Anxiety,Anxiety,False,False,False,False,both_wrong,valid_to_valid,train_00860,aug_train_00860_1,0.5704020857810974,0.5795495510101318
test_01347,Depression,Depression,Bipolar,True,False,False,False,noaug_only_correct,valid_to_valid,train_01347,aug_train_02689_0,0.7806022763252258,0.8060934543609619
test_01348,Anxiety,Bipolar,Bipolar,False,False,False,False,both_wrong,valid_to_valid,train_05684,train_05684,0.6840494871139526,0.6840494871139526
test_01349,Depression,Depression,Depression,True,True,False,False,both_correct,valid_to_valid,train_00904,aug_train_01414_1,0.7091213464736938,0.7133998870849609
test_01350,Bipolar,Bipolar,Bipolar,True,True,False,False,both_correct,valid_to_valid,train_02733,train_02733,0.7088830471038818,0.7088829278945923
test_01351,Anxiety,Anxiety,Anxiety,True,True,False,False,both_correct,valid_to_valid,train_02498,train_02498,0.5020370483398438,0.5020370483398438
test_01352,Normal,Normal,Normal,True,True,False,False,both_correct,valid_to_valid,train_02769,aug_train_01706_1,0.3876355290412903,0.4264701306819916
test_01353,Normal,Anxiety,Anxiety,False,False,False,False,both_wrong,valid_to_valid,train_03251,aug_train_05030_1,0.4909709692001343,0.5083224773406982
test_01354,Bipolar,Bipolar,Bipolar,True,True,False,False,both_correct,valid_to_valid,train_02409,train_02409,0.7907532453536987,0.7907530069351196
test_01355,Depression,Depression,Depression,True,True,False,False,both_correct,valid_to_valid,train_04924,train_04924,0.6776509881019592,0.677651047706604
test_01356,Depression,INVALID,INVALID,False,False,True,True,both_wrong,invalid_to_invalid,train_05614,train_05614,0.7438540458679199,0.7438540458679199
test_01357,Depression,INVALID,INVALID,False,False,True,True,both_wrong,invalid_to_invalid,train_01921,train_01921,0.7206140160560608,0.7206137776374817
test_01358,Bipolar,Normal,Depression,False,False,False,False,both_wrong,valid_to_valid,train_05379,aug_train_05379_1,0.6473110914230347,0.7176166772842407
test_01359,Normal,Normal,Normal,True,True,False,False,both_correct,valid_to_valid,train_02345,train_02345,0.47535035014152527,0.4753502905368805
test_01360,Depression,INVALID,INVALID,False,False,True,True,both_wrong,invalid_to_invalid,train_00273,train_00273,0.5261045694351196,0.5261045694351196
test_01361,Depression,Depression,Depression,True,True,False,False,both_correct,valid_to_valid,train_01302,aug_train_04454_1,0.6298028230667114,0.6642329692840576
test_01362,Normal,Normal,Normal,True,True,False,False,both_correct,valid_to_valid,train_00467,train_00467,0.29762715101242065,0.29762721061706543
test_01363,Anxiety,Anxiety,Anxiety,True,True,False,False,both_correct,valid_to_valid,train_01286,aug_train_01094_1,0.773313045501709,0.7799016833305359
test_01364,Bipolar,Bipolar,Bipolar,True,True,False,False,both_correct,valid_to_valid,train_00864,aug_train_00864_0,0.6772505640983582,0.7378708124160767
test_01365,Bipolar,Bipolar,Bipolar,True,True,False,False,both_correct,valid_to_valid,train_00447,aug_train_02979_0,0.7618086338043213,0.7623637914657593
test_01366,Bipolar,Bipolar,Bipolar,True,True,False,False,both_correct,valid_to_valid,train_02777,aug_train_02696_0,0.7538408041000366,0.7897369861602783
test_01367,Bipolar,Bipolar,Bipolar,True,True,False,False,both_correct,valid_to_valid,train_01906,aug_train_00946_0,0.5696411728858948,0.6116230487823486
test_01368,Bipolar,Bipolar,Bipolar,True,True,False,False,both_correct,valid_to_valid,train_03782,train_03782,0.7204704284667969,0.7204703092575073
test_01369,Normal,Normal,Normal,True,True,False,False,both_correct,valid_to_valid,train_04072,aug_train_04072_1,0.42859742045402527,0.44755271077156067
test_01370,Anxiety,Depression,Depression,False,False,False,False,both_wrong,valid_to_valid,train_02081,train_02081,0.6332606077194214,0.6332606077194214
test_01371,Anxiety,Anxiety,Anxiety,True,True,False,False,both_correct,valid_to_valid,train_03281,aug_train_05121_1,0.6397804021835327,0.6779603958129883
test_01372,Bipolar,Bipolar,Bipolar,True,True,False,False,both_correct,valid_to_valid,train_04626,aug_train_04626_1,0.7280275821685791,0.7440468072891235
test_01373,Bipolar,Bipolar,Bipolar,True,True,False,False,both_correct,valid_to_valid,train_01507,train_01507,0.8042619228363037,0.8042619824409485
test_01374,Anxiety,Anxiety,Anxiety,True,True,False,False,both_correct,valid_to_valid,train_03256,aug_train_02945_0,0.6845628619194031,0.6893233060836792
test_01375,Bipolar,Bipolar,Bipolar,True,True,False,False,both_correct,valid_to_valid,train_00779,train_00779,0.6676269769668579,0.6676269173622131
test_01376,Anxiety,Anxiety,Anxiety,True,True,False,False,both_correct,valid_to_valid,train_05632,train_05632,0.7076929807662964,0.7076929807662964
test_01377,Normal,Normal,Normal,True,True,False,False,both_correct,valid_to_valid,train_04707,aug_train_05960_0,0.2817944884300232,0.29028934240341187
test_01378,Anxiety,Anxiety,Anxiety,True,True,False,False,both_correct,valid_to_valid,train_00977,aug_train_00977_0,0.5412766337394714,0.6089928150177002
test_01379,Depression,Depression,Depression,True,True,False,False,both_correct,valid_to_valid,train_01178,train_01178,0.6220012903213501,0.6220011711120605
test_01380,Normal,Normal,Normal,True,True,False,False,both_correct,valid_to_valid,train_00295,train_00295,0.4213443994522095,0.42134445905685425
test_01381,Depression,INVALID,INVALID,False,False,True,True,both_wrong,invalid_to_invalid,train_04574,train_04574,0.5987634658813477,0.5987633466720581
test_01382,Depression,INVALID,INVALID,False,False,True,True,both_wrong,invalid_to_invalid,train_00392,train_00392,0.634746253490448,0.6347463130950928
test_01383,Normal,Depression,Depression,False,False,False,False,both_wrong,valid_to_valid,train_01367,train_01367,0.5251500606536865,0.525149941444397
test_01384,Anxiety,Anxiety,Anxiety,True,True,False,False,both_correct,valid_to_valid,train_02388,train_02388,0.7210096716880798,0.7210094928741455
test_01385,Bipolar,Bipolar,Normal,True,False,False,False,noaug_only_correct,valid_to_valid,train_00361,aug_train_03713_1,0.588165819644928,0.6344268321990967
test_01386,Anxiety,Normal,Normal,False,False,False,False,both_wrong,valid_to_valid,train_01133,train_01133,0.5799201130867004,0.5799201726913452
test_01387,Normal,Normal,Normal,True,True,False,False,both_correct,valid_to_valid,train_04359,train_04359,0.5521034002304077,0.5521036386489868
test_01388,Depression,Anxiety,Anxiety,False,False,False,False,both_wrong,valid_to_valid,train_02658,train_02658,0.6208006143569946,0.6208007335662842
test_01389,Anxiety,Anxiety,Bipolar,True,False,False,False,noaug_only_correct,valid_to_valid,train_05859,aug_train_00634_0,0.5420838594436646,0.5579633712768555
test_01390,Bipolar,Bipolar,Bipolar,True,True,False,False,both_correct,valid_to_valid,train_03433,train_03433,0.7694531679153442,0.7694531679153442
test_01391,Anxiety,Anxiety,Anxiety,True,True,False,False,both_correct,valid_to_valid,train_02046,aug_train_05878_0,0.6806056499481201,0.6949825286865234
test_01392,Bipolar,Depression,Depression,False,False,False,False,both_wrong,valid_to_valid,train_05949,aug_train_05949_1,0.6537075638771057,0.6875147223472595
test_01393,Depression,Bipolar,Bipolar,False,False,False,False,both_wrong,valid_to_valid,train_00411,aug_train_04314_0,0.6278979778289795,0.6513137817382812
test_01394,Depression,INVALID,INVALID,False,False,True,True,both_wrong,invalid_to_invalid,train_00869,train_00869,0.628842294216156,0.6288422346115112
test_01395,Anxiety,Anxiety,Anxiety,True,True,False,False,both_correct,valid_to_valid,train_01341,train_01341,0.7169075012207031,0.7169075012207031
test_01396,Depression,Depression,Depression,True,True,False,False,both_correct,valid_to_valid,train_01639,train_01639,0.6087547540664673,0.6087547540664673
test_01397,Depression,Depression,Depression,True,True,False,False,both_correct,valid_to_valid,train_05141,train_05141,0.7311816215515137,0.731181263923645
test_01398,Depression,Bipolar,Bipolar,False,False,False,False,both_wrong,valid_to_valid,train_04578,train_04578,0.7265962362289429,0.7265963554382324
test_01399,Depression,INVALID,INVALID,False,False,True,True,both_wrong,invalid_to_invalid,train_04018,train_04018,0.61931312084198,0.6193132400512695
test_01400,Normal,Normal,Normal,True,True,False,False,both_correct,valid_to_valid,train_02755,aug_train_05183_0,0.3606800138950348,0.3953540623188019
test_01401,Anxiety,Anxiety,Anxiety,True,True,False,False,both_correct,valid_to_valid,train_00710,aug_train_03118_1,0.7210887670516968,0.72188401222229
test_01402,Depression,Depression,Depression,True,True,False,False,both_correct,valid_to_valid,train_02274,train_02274,0.6826484799385071,0.6826485395431519
test_01403,Normal,Normal,Normal,True,True,False,False,both_correct,valid_to_valid,train_02745,aug_train_02745_1,0.34262382984161377,0.3657482862472534
test_01404,Bipolar,Bipolar,Bipolar,True,True,False,False,both_correct,valid_to_valid,train_04873,aug_train_05938_0,0.7135290503501892,0.737881600856781
test_01405,Anxiety,Anxiety,Anxiety,True,True,False,False,both_correct,valid_to_valid,train_04739,aug_train_05771_0,0.7084450721740723,0.7415850162506104
test_01406,Depression,Depression,Depression,True,True,False,False,both_correct,valid_to_valid,train_01442,train_01442,0.7020131349563599,0.7020131349563599
test_01407,Bipolar,Bipolar,Bipolar,True,True,False,False,both_correct,valid_to_valid,train_00657,aug_train_05617_0,0.6683379411697388,0.7331534624099731
test_01408,Depression,Depression,Depression,True,True,False,False,both_correct,valid_to_valid,train_04927,aug_train_05110_0,0.7343668341636658,0.7636584043502808
test_01409,Depression,Bipolar,Depression,False,True,False,False,aug_only_correct,valid_to_valid,train_05688,aug_train_03181_0,0.6982271075248718,0.7023186683654785
test_01410,Bipolar,Anxiety,Normal,False,False,False,False,both_wrong,valid_to_valid,train_03512,aug_train_03084_0,0.6133822798728943,0.6512831449508667
test_01411,Anxiety,Anxiety,Anxiety,True,True,False,False,both_correct,valid_to_valid,train_01982,aug_train_03500_1,0.7349778413772583,0.7355353236198425
test_01412,Normal,Bipolar,Bipolar,False,False,False,False,both_wrong,valid_to_valid,train_02937,train_02937,0.5349421501159668,0.5349419713020325
test_01413,Anxiety,Bipolar,Bipolar,False,False,False,False,both_wrong,valid_to_valid,train_02715,train_02715,0.4391579031944275,0.4391579031944275
test_01414,Depression,Depression,Depression,True,True,False,False,both_correct,valid_to_valid,train_05008,aug_train_03861_1,0.6943359971046448,0.7052560448646545
test_01415,Normal,Depression,Depression,False,False,False,False,both_wrong,valid_to_valid,train_03899,train_03899,0.4911297857761383,0.49112966656684875
test_01416,Anxiety,Anxiety,Anxiety,True,True,False,False,both_correct,valid_to_valid,train_04882,aug_train_02151_0,0.6278382539749146,0.6565510630607605
test_01417,Anxiety,Anxiety,Anxiety,True,True,False,False,both_correct,valid_to_valid,train_05557,aug_train_05557_0,0.6114649772644043,0.6527168154716492
test_01418,Anxiety,Anxiety,Anxiety,True,True,False,False,both_correct,valid_to_valid,train_00204,aug_train_02876_1,0.6697240471839905,0.7011717557907104
test_01419,Depression,Anxiety,Bipolar,False,False,False,False,both_wrong,valid_to_valid,train_03524,aug_train_02010_0,0.6936118602752686,0.7050397992134094
test_01420,Depression,Depression,Depression,True,True,False,False,both_correct,valid_to_valid,train_04457,train_04457,0.7644173502922058,0.7644175291061401
test_01421,Bipolar,Bipolar,Bipolar,True,True,False,False,both_correct,valid_to_valid,train_02440,train_02440,0.7945802211761475,0.7945800423622131
test_01422,Depression,Depression,Depression,True,True,False,False,both_correct,valid_to_valid,train_05781,train_05781,0.7015703320503235,0.7015699744224548
test_01423,Bipolar,Bipolar,Bipolar,True,True,False,False,both_correct,valid_to_valid,train_01502,aug_train_01502_0,0.6910205483436584,0.7315771579742432
test_01424,Depression,INVALID,INVALID,False,False,True,True,both_wrong,invalid_to_invalid,train_03219,train_03219,0.4320865869522095,0.43208664655685425
test_01425,Normal,Normal,Normal,True,True,False,False,both_correct,valid_to_valid,train_02740,aug_train_05769_1,0.3414836525917053,0.3485715091228485
test_01426,Anxiety,Anxiety,Anxiety,True,True,False,False,both_correct,valid_to_valid,train_03764,aug_train_02675_1,0.5037094950675964,0.5121365189552307
test_01427,Anxiety,Anxiety,Anxiety,True,True,False,False,both_correct,valid_to_valid,train_05483,train_05483,0.7360976338386536,0.7360978126525879
test_01428,Anxiety,Anxiety,Normal,True,False,False,False,noaug_only_correct,valid_to_valid,train_01971,aug_train_00742_0,0.5168554782867432,0.5550749897956848
test_01429,Bipolar,Anxiety,Anxiety,False,False,False,False,both_wrong,valid_to_valid,train_04474,aug_train_04474_1,0.609637975692749,0.6361449956893921
test_01430,Normal,Normal,Normal,True,True,False,False,both_correct,valid_to_valid,train_02905,aug_train_02663_1,0.27824926376342773,0.27908575534820557
test_01431,Anxiety,Anxiety,Anxiety,True,True,False,False,both_correct,valid_to_valid,train_05134,train_05134,0.6271259784698486,0.6271259188652039
test_01432,Anxiety,Anxiety,Anxiety,True,True,False,False,both_correct,valid_to_valid,train_03385,aug_train_03385_1,0.5038704872131348,0.5718701481819153
test_01433,Normal,Anxiety,INVALID,False,False,False,True,both_wrong,valid_to_invalid,train_05958,aug_train_05958_0,0.3670584559440613,0.3949323892593384
test_01434,Bipolar,Bipolar,Bipolar,True,True,False,False,both_correct,valid_to_valid,train_01469,train_01469,0.775627851486206,0.7756280899047852
test_01435,Depression,Depression,Depression,True,True,False,False,both_correct,valid_to_valid,train_03866,aug_train_03866_0,0.6194921731948853,0.637347936630249
test_01436,Bipolar,Bipolar,Bipolar,True,True,False,False,both_correct,valid_to_valid,train_02070,train_02070,0.7883360385894775,0.7883360385894775
test_01437,Anxiety,Anxiety,Anxiety,True,True,False,False,both_correct,valid_to_valid,train_05878,train_05878,0.696560800075531,0.6965608596801758
test_01438,Bipolar,Bipolar,Bipolar,True,True,False,False,both_correct,valid_to_valid,train_00688,aug_train_04956_0,0.6774407625198364,0.7064045667648315
test_01439,Bipolar,Bipolar,Bipolar,True,True,False,False,both_correct,valid_to_valid,train_04310,aug_train_05590_1,0.7552634477615356,0.7762501239776611
test_01440,Normal,Normal,Normal,True,True,False,False,both_correct,valid_to_valid,train_00674,train_00674,0.42351460456848145,0.4235145151615143
test_01441,Depression,Depression,Depression,True,True,False,False,both_correct,valid_to_valid,train_03374,aug_train_03903_1,0.609245777130127,0.6152430772781372
test_01442,Anxiety,Bipolar,Anxiety,False,True,False,False,aug_only_correct,valid_to_valid,train_05751,aug_train_05852_0,0.561713695526123,0.5992864370346069
test_01443,Anxiety,Anxiety,Anxiety,True,True,False,False,both_correct,valid_to_valid,train_04643,aug_train_01094_1,0.7353608012199402,0.7899995446205139
test_01444,Bipolar,Bipolar,Bipolar,True,True,False,False,both_correct,valid_to_valid,train_01183,aug_train_04211_0,0.6993559002876282,0.7301456928253174
test_01445,Normal,Normal,Normal,True,True,False,False,both_correct,valid_to_valid,train_05844,train_05844,0.4569425582885742,0.4569425582885742
test_01446,Normal,Anxiety,Anxiety,False,False,False,False,both_wrong,valid_to_valid,train_05886,train_05886,0.5189950466156006,0.518994927406311
test_01447,Normal,Normal,Normal,True,True,False,False,both_correct,valid_to_valid,train_03895,aug_train_05720_0,0.47456952929496765,0.4866752028465271
test_01448,Normal,Anxiety,Normal,False,True,False,False,aug_only_correct,valid_to_valid,train_01193,aug_train_01193_0,0.3778667449951172,0.43549656867980957
test_01449,Anxiety,Anxiety,Anxiety,True,True,False,False,both_correct,valid_to_valid,train_02132,train_02132,0.7153537273406982,0.7153537273406982
test_01450,Depression,Depression,Depression,True,True,False,False,both_correct,valid_to_valid,train_03469,aug_train_01873_1,0.713388204574585,0.7326750755310059
test_01451,Anxiety,Anxiety,Anxiety,True,True,False,False,both_correct,valid_to_valid,train_04941,train_04941,0.6999298930168152,0.69992995262146
test_01452,Bipolar,Depression,Depression,False,False,False,False,both_wrong,valid_to_valid,train_02844,train_02844,0.499971866607666,0.499971866607666
test_01453,Anxiety,Anxiety,Anxiety,True,True,False,False,both_correct,valid_to_valid,train_00131,train_00131,0.43426331877708435,0.4342632293701172
test_01454,Depression,Anxiety,Anxiety,False,False,False,False,both_wrong,valid_to_valid,train_02864,train_02864,0.7628272771835327,0.7628271579742432
test_01455,Normal,Normal,Normal,True,True,False,False,both_correct,valid_to_valid,train_01600,aug_train_03706_1,0.32573869824409485,0.3397892117500305
test_01456,Depression,Bipolar,Depression,False,True,False,False,aug_only_correct,valid_to_valid,train_04248,aug_train_00180_0,0.6714290976524353,0.7270041704177856
test_01457,Bipolar,Bipolar,Bipolar,True,True,False,False,both_correct,valid_to_valid,train_00154,aug_train_00154_1,0.5532848834991455,0.6060479283332825
test_01458,Bipolar,Anxiety,Anxiety,False,False,False,False,both_wrong,valid_to_valid,train_02891,aug_train_02891_0,0.6562062501907349,0.7132246494293213
test_01459,Anxiety,Anxiety,Anxiety,True,True,False,False,both_correct,valid_to_valid,train_00554,aug_train_05530_0,0.5825355052947998,0.6307203769683838
test_01460,Normal,Normal,Normal,True,True,False,False,both_correct,valid_to_valid,train_04849,train_04849,0.34814590215682983,0.34814590215682983
test_01461,Normal,Depression,Depression,False,False,False,False,both_wrong,valid_to_valid,train_04791,train_04791,0.40114015340805054,0.401140034198761
test_01462,Anxiety,Anxiety,Anxiety,True,True,False,False,both_correct,valid_to_valid,train_03739,train_03739,0.7115978002548218,0.711597740650177
test_01463,Normal,Normal,Normal,True,True,False,False,both_correct,valid_to_valid,train_02531,train_02531,0.5654749870300293,0.5654748678207397
test_01464,Anxiety,Anxiety,Anxiety,True,True,False,False,both_correct,valid_to_valid,train_02994,aug_train_02994_1,0.5142529010772705,0.5420407056808472
test_01465,Anxiety,Anxiety,Anxiety,True,True,False,False,both_correct,valid_to_valid,train_05134,train_05134,0.5152171850204468,0.5152171850204468
test_01466,Normal,Normal,Normal,True,True,False,False,both_correct,valid_to_valid,train_03864,aug_train_03864_1,0.5310841202735901,0.6569555997848511
test_01467,Bipolar,Bipolar,Bipolar,True,True,False,False,both_correct,valid_to_valid,train_05406,train_05406,0.784426212310791,0.7844261527061462
test_01468,Anxiety,Anxiety,Anxiety,True,True,False,False,both_correct,valid_to_valid,train_03400,aug_train_03400_0,0.6993715167045593,0.7302366495132446
test_01469,Bipolar,Bipolar,Bipolar,True,True,False,False,both_correct,valid_to_valid,train_00531,aug_train_02869_1,0.7113191485404968,0.7264629602432251
test_01470,Depression,Anxiety,Anxiety,False,False,False,False,both_wrong,valid_to_valid,train_03631,train_03631,0.6786718964576721,0.6786720752716064
test_01471,Anxiety,Depression,Anxiety,False,True,False,False,aug_only_correct,valid_to_valid,train_01224,aug_train_02356_0,0.6400413513183594,0.6556862592697144
test_01472,Bipolar,Bipolar,Bipolar,True,True,False,False,both_correct,valid_to_valid,train_02304,aug_train_02304_1,0.7254205942153931,0.7302614450454712
test_01473,Depression,Depression,Depression,True,True,False,False,both_correct,valid_to_valid,train_05929,train_05929,0.6263672709465027,0.626367449760437
test_01474,Normal,INVALID,INVALID,False,False,True,True,both_wrong,invalid_to_invalid,train_01491,train_01491,0.35646411776542664,0.356464147567749
test_01475,Bipolar,Anxiety,Anxiety,False,False,False,False,both_wrong,valid_to_valid,train_02321,train_02321,0.7049623727798462,0.7049624919891357
test_01476,Normal,Normal,Normal,True,True,False,False,both_correct,valid_to_valid,train_00279,train_00279,0.6327502131462097,0.6327501535415649
test_01477,Depression,Depression,Depression,True,True,False,False,both_correct,valid_to_valid,train_03812,aug_train_03608_0,0.46239176392555237,0.4940185844898224
test_01478,Anxiety,Anxiety,Anxiety,True,True,False,False,both_correct,valid_to_valid,train_02833,train_02833,0.5664060115814209,0.5664060115814209
test_01479,Anxiety,Anxiety,Anxiety,True,True,False,False,both_correct,valid_to_valid,train_00130,train_00130,0.7794168591499329,0.7794169187545776
test_01480,Normal,Normal,Normal,True,True,False,False,both_correct,valid_to_valid,train_03963,aug_train_01939_0,0.382665753364563,0.4627528190612793
test_01481,Depression,INVALID,INVALID,False,False,True,True,both_wrong,invalid_to_invalid,train_00128,train_00128,0.5755091905593872,0.5755091905593872
test_01482,Depression,Anxiety,Anxiety,False,False,False,False,both_wrong,valid_to_valid,train_05145,train_05145,0.6764745712280273,0.6764746308326721
test_01483,Anxiety,Anxiety,Anxiety,True,True,False,False,both_correct,valid_to_valid,train_04125,train_04125,0.4934057295322418,0.4934057593345642
test_01484,Normal,Normal,Normal,True,True,False,False,both_correct,valid_to_valid,train_00854,aug_train_05187_1,0.4492456912994385,0.47223299741744995
test_01485,Bipolar,Bipolar,Bipolar,True,True,False,False,both_correct,valid_to_valid,train_05104,train_05104,0.7616896629333496,0.7616899013519287
test_01486,Anxiety,Anxiety,Anxiety,True,True,False,False,both_correct,valid_to_valid,train_04728,aug_train_04728_0,0.6844410300254822,0.6906827092170715
test_01487,Anxiety,Anxiety,Anxiety,True,True,False,False,both_correct,valid_to_valid,train_05882,train_05882,0.8132327795028687,0.8132328987121582
test_01488,Normal,Anxiety,Normal,False,True,False,False,aug_only_correct,valid_to_valid,train_05103,aug_train_05734_0,0.3291504681110382,0.38095206022262573
test_01489,Anxiety,Anxiety,Anxiety,True,True,False,False,both_correct,valid_to_valid,train_05483,train_05483,0.7698005437850952,0.76980060338974
test_01490,Depression,Depression,Depression,True,True,False,False,both_correct,valid_to_valid,train_02233,train_02233,0.8109530210494995,0.8109529614448547
test_01491,Normal,Normal,Normal,True,True,False,False,both_correct,valid_to_valid,train_01984,aug_train_01984_0,0.3991308808326721,0.4135359227657318
test_01492,Bipolar,Bipolar,Bipolar,True,True,False,False,both_correct,valid_to_valid,train_04645,aug_train_00110_0,0.8095598816871643,0.8193981647491455
test_01493,Bipolar,Bipolar,Bipolar,True,True,False,False,both_correct,valid_to_valid,train_05687,aug_train_05687_1,0.7785226702690125,0.7991603016853333
test_01494,Bipolar,Bipolar,Bipolar,True,True,False,False,both_correct,valid_to_valid,train_02048,train_02048,0.7605807781219482,0.7605805397033691
test_01495,Anxiety,Anxiety,Anxiety,True,True,False,False,both_correct,valid_to_valid,train_01712,aug_train_02330_1,0.5386413931846619,0.5459364652633667
test_01496,Normal,Normal,Anxiety,True,False,False,False,noaug_only_correct,valid_to_valid,train_02574,aug_train_00981_1,0.3935263752937317,0.39415010809898376
test_01497,Bipolar,Bipolar,Bipolar,True,True,False,False,both_correct,valid_to_valid,train_02271,aug_train_02271_1,0.693327784538269,0.7173683047294617
test_01498,Bipolar,Bipolar,Bipolar,True,True,False,False,both_correct,valid_to_valid,train_04918,aug_train_00793_1,0.7024533748626709,0.7082958221435547
test_01499,Normal,INVALID,INVALID,False,False,True,True,both_wrong,invalid_to_invalid,train_01474,train_01474,0.4460444450378418,0.4460445046424866
test_01500,Normal,Normal,Normal,True,True,False,False,both_correct,valid_to_valid,train_01669,train_01669,0.5123413801193237,0.5123416185379028
test_01501,Bipolar,Bipolar,Bipolar,True,True,False,False,both_correct,valid_to_valid,train_04387,aug_train_04387_1,0.6502786874771118,0.6603119969367981
test_01502,Bipolar,Normal,Normal,False,False,False,False,both_wrong,valid_to_valid,train_02760,train_02760,0.49077650904655457,0.49077659845352173
test_01503,Bipolar,Bipolar,Bipolar,True,True,False,False,both_correct,valid_to_valid,train_03383,aug_train_03383_1,0.45193928480148315,0.4617995619773865
test_01504,Depression,Depression,Depression,True,True,False,False,both_correct,valid_to_valid,train_00444,aug_train_01105_0,0.6788489818572998,0.701606035232544
test_01505,Normal,Normal,Normal,True,True,False,False,both_correct,valid_to_valid,train_02401,aug_train_01445_1,0.3897269368171692,0.4290009140968323
test_01506,Depression,Bipolar,Bipolar,False,False,False,False,both_wrong,valid_to_valid,train_01477,train_01477,0.7187187075614929,0.7187186479568481
test_01507,Anxiety,Bipolar,Anxiety,False,True,False,False,aug_only_correct,valid_to_valid,train_02807,aug_train_05233_0,0.6359885334968567,0.6616736054420471
test_01508,Anxiety,Anxiety,Anxiety,True,True,False,False,both_correct,valid_to_valid,train_00041,aug_train_00041_1,0.5471780300140381,0.6289055347442627
test_01509,Anxiety,Anxiety,Anxiety,True,True,False,False,both_correct,valid_to_valid,train_03954,aug_train_00045_0,0.6697919368743896,0.6996221542358398
test_01510,Normal,Normal,Normal,True,True,False,False,both_correct,valid_to_valid,train_04867,aug_train_04740_1,0.3243076205253601,0.35596978664398193
test_01511,Bipolar,Bipolar,Bipolar,True,True,False,False,both_correct,valid_to_valid,train_02191,aug_train_04325_1,0.6841009855270386,0.7081650495529175
test_01512,Bipolar,Bipolar,Bipolar,True,True,False,False,both_correct,valid_to_valid,train_02777,aug_train_05825_0,0.8041467070579529,0.8242437839508057
test_01513,Anxiety,Anxiety,Anxiety,True,True,False,False,both_correct,valid_to_valid,train_02227,aug_train_01484_0,0.5762432217597961,0.6024153232574463
test_01514,Depression,INVALID,Depression,False,True,True,False,aug_only_correct,invalid_to_valid,train_01843,aug_train_01682_0,0.7233153581619263,0.7346429824829102
test_01515,Normal,Normal,Normal,True,True,False,False,both_correct,valid_to_valid,train_03182,train_03182,0.4947832226753235,0.4947832524776459
test_01516,Bipolar,Bipolar,Bipolar,True,True,False,False,both_correct,valid_to_valid,train_00485,aug_train_00485_0,0.7819176912307739,0.7983279228210449
test_01517,Normal,Bipolar,Depression,False,False,False,False,both_wrong,valid_to_valid,train_03549,aug_train_01099_1,0.4045826196670532,0.46096333861351013
test_01518,Normal,Normal,Normal,True,True,False,False,both_correct,valid_to_valid,train_03562,train_03562,0.35245633125305176,0.35245633125305176
test_01519,Depression,INVALID,INVALID,False,False,True,True,both_wrong,invalid_to_invalid,train_05176,train_05176,0.46233850717544556,0.46233850717544556
test_01520,Bipolar,Bipolar,Bipolar,True,True,False,False,both_correct,valid_to_valid,train_01091,train_01091,0.6812032461166382,0.6812032461166382
test_01521,Normal,Normal,Normal,True,True,False,False,both_correct,valid_to_valid,train_01193,aug_train_02745_1,0.28556421399116516,0.2933269143104553
test_01522,Anxiety,Anxiety,Anxiety,True,True,False,False,both_correct,valid_to_valid,train_04911,train_04911,0.5990478992462158,0.5990477800369263
test_01523,Anxiety,Anxiety,Anxiety,True,True,False,False,both_correct,valid_to_valid,train_00994,aug_train_05780_0,0.6759704351425171,0.686634361743927
test_01524,Anxiety,Anxiety,Anxiety,True,True,False,False,both_correct,valid_to_valid,train_04964,aug_train_03455_1,0.7606457471847534,0.7899335622787476
test_01525,Anxiety,Anxiety,Anxiety,True,True,False,False,both_correct,valid_to_valid,train_04646,aug_train_05531_1,0.6165061593055725,0.6377037763595581
test_01526,Bipolar,Bipolar,Bipolar,True,True,False,False,both_correct,valid_to_valid,train_02260,train_02260,0.6256895065307617,0.6256896257400513
test_01527,Anxiety,Anxiety,Anxiety,True,True,False,False,both_correct,valid_to_valid,train_05421,train_05421,0.672349214553833,0.672349214553833
test_01528,Anxiety,Anxiety,Anxiety,True,True,False,False,both_correct,valid_to_valid,train_05306,aug_train_04339_0,0.714888870716095,0.7183663845062256
test_01529,Bipolar,Bipolar,Bipolar,True,True,False,False,both_correct,valid_to_valid,train_05687,aug_train_02742_1,0.7511255145072937,0.7632862329483032
test_01530,Anxiety,Anxiety,Anxiety,True,True,False,False,both_correct,valid_to_valid,train_04712,aug_train_05043_1,0.6970230340957642,0.7238595485687256
test_01531,Normal,Normal,Normal,True,True,False,False,both_correct,valid_to_valid,train_01924,train_01924,0.531080961227417,0.5310808420181274
test_01532,Normal,Anxiety,Anxiety,False,False,False,False,both_wrong,valid_to_valid,train_00489,train_00489,0.37592339515686035,0.37592339515686035
test_01533,Normal,Normal,Normal,True,True,False,False,both_correct,valid_to_valid,train_02684,aug_train_02684_1,0.4229283034801483,0.4379188120365143
test_01534,Normal,Normal,Normal,True,True,False,False,both_correct,valid_to_valid,train_04140,aug_train_02865_1,0.38425254821777344,0.40399783849716187
test_01535,Depression,Anxiety,Anxiety,False,False,False,False,both_wrong,valid_to_valid,train_02876,train_02876,0.7806403636932373,0.7806403636932373
test_01536,Bipolar,Bipolar,Bipolar,True,True,False,False,both_correct,valid_to_valid,train_02815,aug_train_01839_0,0.7911323308944702,0.7940210103988647
test_01537,Depression,INVALID,INVALID,False,False,True,True,both_wrong,invalid_to_invalid,train_04146,train_04146,0.7448593378067017,0.7448592185974121
test_01538,Bipolar,Bipolar,Bipolar,True,True,False,False,both_correct,valid_to_valid,train_00840,train_00840,0.7715166807174683,0.7715167999267578
test_01539,Normal,Normal,Normal,True,True,False,False,both_correct,valid_to_valid,train_04546,aug_train_01438_0,0.36499685049057007,0.365024209022522
test_01540,Depression,INVALID,INVALID,False,False,True,True,both_wrong,invalid_to_invalid,train_00887,aug_train_00767_1,0.7264174818992615,0.7623401880264282
test_01541,Anxiety,Anxiety,Anxiety,True,True,False,False,both_correct,valid_to_valid,train_02825,train_02825,0.7609399557113647,0.7609400749206543
test_01542,Depression,Bipolar,Depression,False,True,False,False,aug_only_correct,valid_to_valid,train_05412,aug_train_05610_0,0.625606894493103,0.6629166603088379
test_01543,Bipolar,Bipolar,Bipolar,True,True,False,False,both_correct,valid_to_valid,train_02355,aug_train_02879_1,0.7690521478652954,0.7856284379959106
test_01544,Bipolar,Bipolar,Bipolar,True,True,False,False,both_correct,valid_to_valid,train_04973,aug_train_04973_1,0.5199034214019775,0.544988751411438
test_01545,Depression,Depression,Depression,True,True,False,False,both_correct,valid_to_valid,train_03343,train_03343,0.8024579286575317,0.802457869052887
test_01546,Normal,Normal,Normal,True,True,False,False,both_correct,valid_to_valid,train_04464,aug_train_04464_1,0.4426710605621338,0.4430214464664459
test_01547,Bipolar,Bipolar,Bipolar,True,True,False,False,both_correct,valid_to_valid,train_01835,aug_train_01835_0,0.7216349244117737,0.7714213132858276
test_01548,Bipolar,Bipolar,Bipolar,True,True,False,False,both_correct,valid_to_valid,train_02541,train_02541,0.5762704014778137,0.5762704610824585
test_01549,Anxiety,Anxiety,Anxiety,True,True,False,False,both_correct,valid_to_valid,train_03691,aug_train_04646_0,0.7907699346542358,0.7990186810493469
test_01550,Normal,Normal,Normal,True,True,False,False,both_correct,valid_to_valid,train_01518,aug_train_00956_0,0.3983900845050812,0.42891961336135864
test_01551,Normal,Normal,Normal,True,True,False,False,both_correct,valid_to_valid,train_01044,aug_train_05244_0,0.4326194226741791,0.4562491178512573
test_01552,Depression,INVALID,Depression,False,True,True,False,aug_only_correct,invalid_to_valid,train_00642,aug_train_03314_0,0.6127020716667175,0.6131148338317871
test_01553,Anxiety,Anxiety,Anxiety,True,True,False,False,both_correct,valid_to_valid,train_05060,aug_train_05060_0,0.670715868473053,0.672907829284668
test_01554,Depression,Depression,Depression,True,True,False,False,both_correct,valid_to_valid,train_03041,train_03041,0.669277548789978,0.6692773699760437
test_01555,Anxiety,Anxiety,Anxiety,True,True,False,False,both_correct,valid_to_valid,train_03967,train_03967,0.5973849892616272,0.5973849892616272
test_01556,Normal,Normal,Normal,True,True,False,False,both_correct,valid_to_valid,train_01062,train_01062,0.30578088760375977,0.305780827999115
test_01557,Normal,Normal,Normal,True,True,False,False,both_correct,valid_to_valid,train_01437,aug_train_01437_0,0.4353363811969757,0.46043145656585693
test_01558,Anxiety,Anxiety,Anxiety,True,True,False,False,both_correct,valid_to_valid,train_04830,aug_train_05760_1,0.6061228513717651,0.6205267310142517
test_01559,Depression,INVALID,INVALID,False,False,True,True,both_wrong,invalid_to_invalid,train_04835,train_04835,0.5703470706939697,0.5703471899032593
test_01560,Normal,Normal,Normal,True,True,False,False,both_correct,valid_to_valid,train_01051,train_01051,0.4072900116443634,0.407289981842041
test_01561,Depression,Depression,Depression,True,True,False,False,both_correct,valid_to_valid,train_00392,train_00392,0.4833139181137085,0.48331403732299805
test_01562,Depression,Depression,Depression,True,True,False,False,both_correct,valid_to_valid,train_01953,train_01953,0.778342068195343,0.7783420085906982
test_01563,Bipolar,Bipolar,Anxiety,True,False,False,False,noaug_only_correct,valid_to_valid,train_03743,aug_train_02891_1,0.6066450476646423,0.6541004180908203
test_01564,Depression,Depression,Depression,True,True,False,False,both_correct,valid_to_valid,train_00069,train_00069,0.5659494996070862,0.5659494400024414
test_01565,Bipolar,Bipolar,Bipolar,True,True,False,False,both_correct,valid_to_valid,train_03748,train_03748,0.695252537727356,0.695252537727356
test_01566,Depression,Depression,Depression,True,True,False,False,both_correct,valid_to_valid,train_04658,aug_train_04658_1,0.7215721011161804,0.7430936694145203
test_01567,Normal,Depression,Normal,False,True,False,False,aug_only_correct,valid_to_valid,train_03709,aug_train_03709_0,0.5466502904891968,0.6287845373153687
test_01568,Normal,Normal,Bipolar,True,False,False,False,noaug_only_correct,valid_to_valid,train_02284,aug_train_04183_0,0.4905509352684021,0.49249061942100525
test_01569,Normal,Normal,Normal,True,True,False,False,both_correct,valid_to_valid,train_01899,train_01899,0.3844737410545349,0.38447391986846924
test_01570,Depression,Bipolar,Bipolar,False,False,False,False,both_wrong,valid_to_valid,train_02219,train_02219,0.656213641166687,0.6562137603759766
test_01571,Bipolar,Bipolar,Bipolar,True,True,False,False,both_correct,valid_to_valid,train_00963,train_00963,0.7168174386024475,0.7168172597885132
test_01572,Anxiety,Anxiety,Anxiety,True,True,False,False,both_correct,valid_to_valid,train_02613,train_02613,0.6217854022979736,0.6217855215072632
test_01573,Bipolar,Bipolar,Anxiety,True,False,False,False,noaug_only_correct,valid_to_valid,train_01163,aug_train_00358_1,0.5827538967132568,0.6001338362693787
test_01574,Bipolar,Bipolar,Bipolar,True,True,False,False,both_correct,valid_to_valid,train_03782,aug_train_02395_1,0.8103616833686829,0.8318924903869629
test_01575,Bipolar,Bipolar,Bipolar,True,True,False,False,both_correct,valid_to_valid,train_00531,aug_train_03552_1,0.7020186185836792,0.7318025827407837
test_01576,Anxiety,Anxiety,Anxiety,True,True,False,False,both_correct,valid_to_valid,train_00819,train_00819,0.5852680802345276,0.5852680206298828
test_01577,Bipolar,Bipolar,Bipolar,True,True,False,False,both_correct,valid_to_valid,train_05572,aug_train_02252_0,0.7275291681289673,0.7278681397438049
test_01578,Anxiety,Anxiety,Anxiety,True,True,False,False,both_correct,valid_to_valid,train_04711,aug_train_02876_1,0.729472279548645,0.7589609622955322
test_01579,Anxiety,Anxiety,Normal,True,False,False,False,noaug_only_correct,valid_to_valid,train_01264,aug_train_01364_0,0.5530984997749329,0.5585418939590454
test_01580,Bipolar,Bipolar,Bipolar,True,True,False,False,both_correct,valid_to_valid,train_05428,train_05428,0.8159669637680054,0.8159667253494263
test_01581,Anxiety,Anxiety,Anxiety,True,True,False,False,both_correct,valid_to_valid,train_05685,aug_train_05685_1,0.6296417713165283,0.6397414207458496
test_01582,Anxiety,Anxiety,Anxiety,True,True,False,False,both_correct,valid_to_valid,train_04483,train_04483,0.7510718703269958,0.7510717511177063
test_01583,Depression,INVALID,INVALID,False,False,True,True,both_wrong,invalid_to_invalid,train_05783,aug_train_00904_1,0.7452097535133362,0.752205491065979
test_01584,Normal,Normal,Normal,True,True,False,False,both_correct,valid_to_valid,train_01802,train_01802,0.378964364528656,0.3789643347263336
test_01585,Bipolar,Bipolar,Bipolar,True,True,False,False,both_correct,valid_to_valid,train_01183,aug_train_04074_1,0.7380582094192505,0.7969261407852173
test_01586,Normal,Anxiety,Anxiety,False,False,False,False,both_wrong,valid_to_valid,train_04155,train_04155,0.5786041021347046,0.5786042213439941
test_01587,Depression,Normal,Anxiety,False,False,False,False,both_wrong,valid_to_valid,train_03861,aug_train_03861_1,0.5225239396095276,0.5900676250457764
test_01588,Bipolar,Bipolar,Bipolar,True,True,False,False,both_correct,valid_to_valid,train_01569,aug_train_00561_0,0.8273253440856934,0.8410496115684509
test_01589,Depression,Depression,Depression,True,True,False,False,both_correct,valid_to_valid,train_02350,aug_train_05093_1,0.5055582523345947,0.5275163650512695
test_01590,Anxiety,Anxiety,Anxiety,True,True,False,False,both_correct,valid_to_valid,train_02356,train_02356,0.7342655658721924,0.7342655658721924
test_01591,Anxiety,Anxiety,Anxiety,True,True,False,False,both_correct,valid_to_valid,train_05931,aug_train_01936_0,0.6095991134643555,0.6928660869598389
test_01592,Bipolar,Bipolar,Bipolar,True,True,False,False,both_correct,valid_to_valid,train_01867,train_01867,0.6129788160324097,0.6129786968231201
test_01593,Normal,Normal,Anxiety,True,False,False,False,noaug_only_correct,valid_to_valid,train_01975,aug_train_01428_0,0.41536828875541687,0.5128360390663147
test_01594,Anxiety,Anxiety,Anxiety,True,True,False,False,both_correct,valid_to_valid,train_04646,aug_train_05531_1,0.7694026231765747,0.7911638021469116
test_01595,Normal,Anxiety,Normal,False,True,False,False,aug_only_correct,valid_to_valid,train_05842,aug_train_05670_0,0.45849931240081787,0.46892499923706055
test_01596,Bipolar,Bipolar,Bipolar,True,True,False,False,both_correct,valid_to_valid,train_00567,train_00567,0.7847892045974731,0.784788966178894
test_01597,Bipolar,INVALID,INVALID,False,False,True,True,both_wrong,invalid_to_invalid,train_01794,train_01794,0.6992508172988892,0.6992508769035339
test_01598,Depression,Anxiety,Anxiety,False,False,False,False,both_wrong,valid_to_valid,train_01497,train_01497,0.5745084285736084,0.5745084285736084
test_01599,Anxiety,Anxiety,Anxiety,True,True,False,False,both_correct,valid_to_valid,train_00865,train_00865,0.7146399021148682,0.7146397829055786
test_01600,Bipolar,Bipolar,Bipolar,True,True,False,False,both_correct,valid_to_valid,train_00413,aug_train_03965_1,0.5672674179077148,0.5693584680557251
test_01601,Bipolar,Bipolar,Bipolar,True,True,False,False,both_correct,valid_to_valid,train_02291,aug_train_02291_0,0.6379404664039612,0.6537032723426819
test_01602,Depression,Depression,Depression,True,True,False,False,both_correct,valid_to_valid,train_03709,train_03709,0.5323960781097412,0.5323963761329651
test_01603,Bipolar,Depression,Depression,False,False,False,False,both_wrong,valid_to_valid,train_02008,train_02008,0.8063184022903442,0.806318461894989
test_01604,Normal,Normal,Normal,True,True,False,False,both_correct,valid_to_valid,train_02129,train_02129,0.36847829818725586,0.368478387594223
test_01605,Bipolar,Bipolar,Bipolar,True,True,False,False,both_correct,valid_to_valid,train_04021,train_04021,0.6528276205062866,0.6528276205062866
test_01606,Anxiety,Anxiety,Anxiety,True,True,False,False,both_correct,valid_to_valid,train_01855,aug_train_03945_1,0.724859356880188,0.7440285682678223
test_01607,Anxiety,Bipolar,Bipolar,False,False,False,False,both_wrong,valid_to_valid,train_01294,train_01294,0.5916820168495178,0.5916820764541626
test_01608,Normal,Bipolar,Normal,False,True,False,False,aug_only_correct,valid_to_valid,train_04771,aug_train_05937_1,0.3618473410606384,0.3659261167049408
test_01609,Anxiety,Anxiety,Anxiety,True,True,False,False,both_correct,valid_to_valid,train_02183,train_02183,0.4018821120262146,0.4018821716308594
test_01610,Normal,Bipolar,Bipolar,False,False,False,False,both_wrong,valid_to_valid,train_00874,aug_train_00874_1,0.3567799925804138,0.38758665323257446
test_01611,Depression,Depression,Depression,True,True,False,False,both_correct,valid_to_valid,train_03288,train_03288,0.8179826736450195,0.81798255443573
test_01612,Normal,Normal,Normal,True,True,False,False,both_correct,valid_to_valid,train_04454,aug_train_04454_0,0.4336699843406677,0.4698704481124878
test_01613,Normal,Anxiety,Anxiety,False,False,False,False,both_wrong,valid_to_valid,train_02368,train_02368,0.46097323298454285,0.46097326278686523
test_01614,Normal,Normal,Normal,True,True,False,False,both_correct,valid_to_valid,train_04707,train_04707,0.43271976709365845,0.4327196478843689
test_01615,Anxiety,Anxiety,Anxiety,True,True,False,False,both_correct,valid_to_valid,train_05115,aug_train_01753_0,0.3815838098526001,0.42070186138153076
test_01616,Anxiety,Anxiety,Anxiety,True,True,False,False,both_correct,valid_to_valid,train_00489,aug_train_04955_1,0.6870409250259399,0.6993120908737183
test_01617,Normal,Normal,Normal,True,True,False,False,both_correct,valid_to_valid,train_00315,train_00315,0.41723692417144775,0.4172368049621582
test_01618,Anxiety,Anxiety,Normal,True,False,False,False,noaug_only_correct,valid_to_valid,train_00173,aug_train_03483_1,0.5351701974868774,0.5430164337158203
test_01619,Depression,Depression,Depression,True,True,False,False,both_correct,valid_to_valid,train_01740,aug_train_01740_0,0.6482617855072021,0.6871856451034546
test_01620,Normal,Normal,Normal,True,True,False,False,both_correct,valid_to_valid,train_03334,aug_train_03334_0,0.6107345819473267,0.6219537258148193
test_01621,Depression,Depression,Depression,True,True,False,False,both_correct,valid_to_valid,train_05633,aug_train_01455_0,0.6143298745155334,0.6340881586074829
test_01622,Normal,Bipolar,Bipolar,False,False,False,False,both_wrong,valid_to_valid,train_01437,aug_train_01437_1,0.5306737422943115,0.5602831840515137
test_01623,Depression,INVALID,INVALID,False,False,True,True,both_wrong,invalid_to_invalid,train_01767,train_01767,0.822413444519043,0.822413444519043
test_01624,Anxiety,Anxiety,Anxiety,True,True,False,False,both_correct,valid_to_valid,train_01790,train_01790,0.60088711977005,0.6008871793746948
test_01625,Bipolar,Bipolar,Bipolar,True,True,False,False,both_correct,valid_to_valid,train_02338,aug_train_03151_1,0.832251787185669,0.8336653709411621
test_01626,Bipolar,Bipolar,Bipolar,True,True,False,False,both_correct,valid_to_valid,train_05863,train_05863,0.8714554905891418,0.8714554309844971
test_01627,Anxiety,Anxiety,Anxiety,True,True,False,False,both_correct,valid_to_valid,train_03110,train_03110,0.5842870473861694,0.584287166595459
test_01628,Depression,INVALID,Depression,False,True,True,False,aug_only_correct,invalid_to_valid,train_03668,aug_train_03393_0,0.670342206954956,0.7004616856575012
test_01629,Anxiety,Anxiety,Anxiety,True,True,False,False,both_correct,valid_to_valid,train_04752,train_04752,0.7674562931060791,0.7674562931060791
test_01630,Anxiety,Anxiety,Anxiety,True,True,False,False,both_correct,valid_to_valid,train_05882,aug_train_05882_0,0.5345718860626221,0.5693483352661133
test_01631,Anxiety,Anxiety,Anxiety,True,True,False,False,both_correct,valid_to_valid,train_04061,train_04061,0.6849377155303955,0.6849379539489746
test_01632,Bipolar,Bipolar,Normal,True,False,False,False,noaug_only_correct,valid_to_valid,train_04754,aug_train_04754_1,0.530189573764801,0.5692930221557617
test_01633,Anxiety,Anxiety,Anxiety,True,True,False,False,both_correct,valid_to_valid,train_02688,train_02688,0.6979587078094482,0.697958767414093
test_01634,Depression,Depression,INVALID,True,False,False,True,noaug_only_correct,valid_to_invalid,train_00898,aug_train_04426_0,0.7210330367088318,0.721616268157959
test_01635,Anxiety,Bipolar,Bipolar,False,False,False,False,both_wrong,valid_to_valid,train_00344,train_00344,0.7208746671676636,0.7208748459815979
test_01636,Normal,Bipolar,Normal,False,True,False,False,aug_only_correct,valid_to_valid,train_03335,aug_train_00425_0,0.34646493196487427,0.4822717308998108
test_01637,Anxiety,Anxiety,Anxiety,True,True,False,False,both_correct,valid_to_valid,train_03112,aug_train_01268_0,0.48778170347213745,0.5258956551551819
test_01638,Depression,INVALID,INVALID,False,False,True,True,both_wrong,invalid_to_invalid,train_03092,aug_train_05106_0,0.663267970085144,0.6667774319648743
test_01639,Depression,Depression,Depression,True,True,False,False,both_correct,valid_to_valid,train_05274,train_05274,0.6684988141059875,0.6684989929199219
test_01640,Depression,Bipolar,Anxiety,False,False,False,False,both_wrong,valid_to_valid,train_02573,aug_train_04304_1,0.3981264531612396,0.4174647927284241
test_01641,Anxiety,Anxiety,Anxiety,True,True,False,False,both_correct,valid_to_valid,train_05537,train_05537,0.7796131372451782,0.779613196849823
test_01642,Anxiety,Anxiety,Anxiety,True,True,False,False,both_correct,valid_to_valid,train_03391,aug_train_03391_0,0.5917332172393799,0.6319208145141602
test_01643,Bipolar,Bipolar,Bipolar,True,True,False,False,both_correct,valid_to_valid,train_02165,train_02165,0.7651100158691406,0.7651098966598511
test_01644,Depression,Depression,Depression,True,True,False,False,both_correct,valid_to_valid,train_01687,train_01687,0.6373024582862854,0.6373023986816406
test_01645,Depression,Depression,Depression,True,True,False,False,both_correct,valid_to_valid,train_01635,aug_train_01635_0,0.481473445892334,0.5797675848007202
test_01646,Anxiety,Anxiety,Anxiety,True,True,False,False,both_correct,valid_to_valid,train_01901,aug_train_02109_0,0.6283614635467529,0.6833326816558838
test_01647,Bipolar,Bipolar,Bipolar,True,True,False,False,both_correct,valid_to_valid,train_05617,aug_train_05617_1,0.6498907804489136,0.6951180696487427
test_01648,Bipolar,Bipolar,Bipolar,True,True,False,False,both_correct,valid_to_valid,train_01258,train_01258,0.6457000970840454,0.6457000970840454
test_01649,Depression,Depression,Depression,True,True,False,False,both_correct,valid_to_valid,train_02436,aug_train_00442_1,0.8178906440734863,0.8301149606704712
test_01650,Bipolar,Anxiety,Anxiety,False,False,False,False,both_wrong,valid_to_valid,train_01093,aug_train_01093_0,0.5509774684906006,0.5512993335723877
test_01651,Normal,Normal,Normal,True,True,False,False,both_correct,valid_to_valid,train_05553,aug_train_05622_0,0.2866666316986084,0.30675897002220154
test_01652,Normal,Bipolar,Bipolar,False,False,False,False,both_wrong,valid_to_valid,train_01437,train_01437,0.5550651550292969,0.5550652742385864
test_01653,Anxiety,Anxiety,Anxiety,True,True,False,False,both_correct,valid_to_valid,train_02370,train_02370,0.8268736600875854,0.8268735408782959
test_01654,Normal,Normal,Anxiety,True,False,False,False,noaug_only_correct,valid_to_valid,train_05358,aug_train_01447_1,0.41875162720680237,0.45595860481262207
test_01655,Normal,Depression,Depression,False,False,False,False,both_wrong,valid_to_valid,train_05028,train_05028,0.4427011013031006,0.4427010416984558
test_01656,Depression,Bipolar,Anxiety,False,False,False,False,both_wrong,valid_to_valid,train_04827,aug_train_04225_0,0.5216270685195923,0.6381993889808655
test_01657,Bipolar,Bipolar,Bipolar,True,True,False,False,both_correct,valid_to_valid,train_00360,aug_train_05210_0,0.6540464162826538,0.6706655621528625
test_01658,Depression,Depression,Depression,True,True,False,False,both_correct,valid_to_valid,train_04791,train_04791,0.47245359420776367,0.4724535346031189
test_01659,Depression,Depression,Depression,True,True,False,False,both_correct,valid_to_valid,train_02003,train_02003,0.648635745048523,0.648635745048523
test_01660,Normal,Normal,Normal,True,True,False,False,both_correct,valid_to_valid,train_05818,aug_train_05818_0,0.5304047465324402,0.5580719709396362
test_01661,Bipolar,Bipolar,Bipolar,True,True,False,False,both_correct,valid_to_valid,train_02311,train_02311,0.7014046907424927,0.7014046907424927
test_01662,Bipolar,Bipolar,Bipolar,True,True,False,False,both_correct,valid_to_valid,train_01416,aug_train_03643_1,0.5978543758392334,0.6129626631736755
test_01663,Anxiety,INVALID,Depression,False,False,True,False,both_wrong,invalid_to_valid,train_05626,aug_train_01628_0,0.6140256524085999,0.6477597951889038
test_01664,Bipolar,Bipolar,Bipolar,True,True,False,False,both_correct,valid_to_valid,train_04415,aug_train_04415_1,0.7146964073181152,0.774880051612854
test_01665,Depression,Depression,Depression,True,True,False,False,both_correct,valid_to_valid,train_05669,train_05669,0.8254549503326416,0.8254547119140625
test_01666,Normal,Normal,Normal,True,True,False,False,both_correct,valid_to_valid,train_01779,aug_train_01779_1,0.3716637194156647,0.3764021098613739
test_01667,Normal,Normal,Normal,True,True,False,False,both_correct,valid_to_valid,train_04505,aug_train_05385_0,0.26045170426368713,0.31546035408973694
test_01668,Anxiety,Anxiety,INVALID,True,False,False,True,noaug_only_correct,valid_to_invalid,train_05326,aug_train_05272_1,0.5925084352493286,0.5963343381881714
test_01669,Bipolar,Bipolar,Bipolar,True,True,False,False,both_correct,valid_to_valid,train_02777,aug_train_05825_0,0.7669280767440796,0.7844353914260864
test_01670,Normal,Bipolar,Bipolar,False,False,False,False,both_wrong,valid_to_valid,train_04542,train_04542,0.38161858916282654,0.38161855936050415
test_01671,Anxiety,Anxiety,Anxiety,True,True,False,False,both_correct,valid_to_valid,train_02958,aug_train_04368_0,0.7812187075614929,0.7900984287261963
test_01672,Bipolar,Bipolar,Bipolar,True,True,False,False,both_correct,valid_to_valid,train_01082,train_01082,0.6984361410140991,0.6984362602233887
test_01673,Anxiety,Anxiety,Anxiety,True,True,False,False,both_correct,valid_to_valid,train_03873,train_03873,0.6765746474266052,0.6765748262405396
test_01674,Normal,Normal,Normal,True,True,False,False,both_correct,valid_to_valid,train_04072,aug_train_04072_1,0.33193904161453247,0.36103469133377075
test_01675,Anxiety,Anxiety,Anxiety,True,True,False,False,both_correct,valid_to_valid,train_00243,train_00243,0.6595985889434814,0.6595985293388367
test_01676,Anxiety,Anxiety,Anxiety,True,True,False,False,both_correct,valid_to_valid,train_01124,train_01124,0.6440512537956238,0.6440512537956238
test_01677,Depression,INVALID,INVALID,False,False,True,True,both_wrong,invalid_to_invalid,train_04102,train_04102,0.6411858797073364,0.6411857604980469
test_01678,Normal,Depression,Anxiety,False,False,False,False,both_wrong,valid_to_valid,train_04227,aug_train_03665_0,0.36750948429107666,0.39979878067970276
test_01679,Depression,INVALID,INVALID,False,False,True,True,both_wrong,invalid_to_invalid,train_04206,train_04206,0.7040646076202393,0.7040646076202393
test_01680,Bipolar,Anxiety,Anxiety,False,False,False,False,both_wrong,valid_to_valid,train_03730,train_03730,0.7239662408828735,0.723966121673584
test_01681,Normal,Normal,Normal,True,True,False,False,both_correct,valid_to_valid,train_04285,train_04285,0.49535614252090454,0.4953559935092926
test_01682,Normal,Normal,Normal,True,True,False,False,both_correct,valid_to_valid,train_04770,aug_train_05057_1,0.4032719135284424,0.4206845760345459
test_01683,Anxiety,Anxiety,Anxiety,True,True,False,False,both_correct,valid_to_valid,train_05437,train_05437,0.7085042595863342,0.7085040807723999
test_01684,Bipolar,Bipolar,Bipolar,True,True,False,False,both_correct,valid_to_valid,train_01475,train_01475,0.6897661685943604,0.6897661089897156
test_01685,Bipolar,Normal,Normal,False,False,False,False,both_wrong,valid_to_valid,train_04698,aug_train_00972_1,0.44842803478240967,0.4780784249305725
test_01686,Bipolar,Bipolar,Bipolar,True,True,False,False,both_correct,valid_to_valid,train_02177,aug_train_02177_1,0.6089653968811035,0.6609822511672974
test_01687,Anxiety,Anxiety,Anxiety,True,True,False,False,both_correct,valid_to_valid,train_03216,aug_train_01735_0,0.6554031372070312,0.6773337125778198
test_01688,Anxiety,Depression,Depression,False,False,False,False,both_wrong,valid_to_valid,train_02055,train_02055,0.6139841079711914,0.613984227180481
test_01689,Bipolar,INVALID,Anxiety,False,False,True,False,both_wrong,invalid_to_valid,train_00871,aug_train_01726_0,0.33616483211517334,0.34862440824508667
test_01690,Depression,Depression,Depression,True,True,False,False,both_correct,valid_to_valid,train_00370,train_00370,0.6757351160049438,0.6757351160049438
test_01691,Normal,Depression,Depression,False,False,False,False,both_wrong,valid_to_valid,train_04822,train_04822,0.6448248624801636,0.6448248624801636
test_01692,Bipolar,Bipolar,Bipolar,True,True,False,False,both_correct,valid_to_valid,train_00136,train_00136,0.7895709276199341,0.7895709276199341
test_01693,Normal,Normal,Normal,True,True,False,False,both_correct,valid_to_valid,train_03390,train_03390,0.33781489729881287,0.3378148078918457
test_01694,Bipolar,Depression,Depression,False,False,False,False,both_wrong,valid_to_valid,train_04919,aug_train_05165_1,0.7962371110916138,0.8252897262573242
test_01695,Depression,Depression,Depression,True,True,False,False,both_correct,valid_to_valid,train_05796,train_05796,0.6972748041152954,0.6972746849060059
test_01696,Bipolar,Bipolar,Bipolar,True,True,False,False,both_correct,valid_to_valid,train_03071,train_03071,0.8060305118560791,0.8060305118560791
test_01697,Bipolar,Bipolar,Bipolar,True,True,False,False,both_correct,valid_to_valid,train_04035,train_04035,0.601037859916687,0.6010376214981079
test_01698,Depression,Depression,Depression,True,True,False,False,both_correct,valid_to_valid,train_04078,aug_train_01628_1,0.658783495426178,0.6609798669815063
test_01699,Anxiety,Anxiety,Anxiety,True,True,False,False,both_correct,valid_to_valid,train_01404,aug_train_00028_1,0.4536840319633484,0.5023254156112671
test_01700,Depression,Depression,Depression,True,True,False,False,both_correct,valid_to_valid,train_04114,train_04114,0.7357090711593628,0.7357090711593628
test_01701,Normal,Normal,Normal,True,True,False,False,both_correct,valid_to_valid,train_01266,aug_train_01266_0,0.4093545973300934,0.4345993101596832
test_01702,Depression,Depression,Depression,True,True,False,False,both_correct,valid_to_valid,train_03558,train_03558,0.8160912990570068,0.8160911798477173
test_01703,Normal,Normal,Normal,True,True,False,False,both_correct,valid_to_valid,train_02359,aug_train_02359_0,0.35305607318878174,0.3749561309814453
test_01704,Anxiety,Anxiety,Anxiety,True,True,False,False,both_correct,valid_to_valid,train_04803,aug_train_04803_0,0.7043265700340271,0.7077239155769348
test_01705,Depression,Depression,Depression,True,True,False,False,both_correct,valid_to_valid,train_00986,train_00986,0.6948481798171997,0.6948482990264893
test_01706,Bipolar,Bipolar,Bipolar,True,True,False,False,both_correct,valid_to_valid,train_02630,train_02630,0.7060657143592834,0.7060657739639282
test_01707,Depression,Depression,INVALID,True,False,False,True,noaug_only_correct,valid_to_invalid,train_05758,aug_train_05758_0,0.5808466672897339,0.6126370429992676
test_01708,Bipolar,Bipolar,Bipolar,True,True,False,False,both_correct,valid_to_valid,train_05825,aug_train_05041_1,0.7545299530029297,0.7962464094161987
test_01709,Normal,Normal,Normal,True,True,False,False,both_correct,valid_to_valid,train_01829,train_01829,0.3023252785205841,0.3023252487182617
test_01710,Normal,Anxiety,Bipolar,False,False,False,False,both_wrong,valid_to_valid,train_01714,aug_train_02291_0,0.3144164979457855,0.36039724946022034
test_01711,Normal,Anxiety,Anxiety,False,False,False,False,both_wrong,valid_to_valid,train_01396,train_01396,0.3373599648475647,0.3373599648475647
test_01712,Bipolar,Bipolar,Depression,True,False,False,False,noaug_only_correct,valid_to_valid,train_05751,aug_train_04582_0,0.5008766651153564,0.5335007905960083
test_01713,Depression,Depression,Depression,True,True,False,False,both_correct,valid_to_valid,train_01456,train_01456,0.5602654218673706,0.5602655410766602
test_01714,Depression,Anxiety,Depression,False,True,False,False,aug_only_correct,valid_to_valid,train_00271,aug_train_03794_1,0.730247974395752,0.795768678188324
test_01715,Depression,INVALID,INVALID,False,False,True,True,both_wrong,invalid_to_invalid,train_00370,train_00370,0.6386063098907471,0.6386063098907471
test_01716,Anxiety,Anxiety,Anxiety,True,True,False,False,both_correct,valid_to_valid,train_04777,train_04777,0.5745022892951965,0.5745021104812622
test_01717,Bipolar,Bipolar,Bipolar,True,True,False,False,both_correct,valid_to_valid,train_05740,aug_train_05740_1,0.6906234622001648,0.7717742919921875
test_01718,Depression,INVALID,INVALID,False,False,True,True,both_wrong,invalid_to_invalid,train_02519,aug_train_05236_1,0.6398302316665649,0.6415300965309143
test_01719,Depression,INVALID,Depression,False,True,True,False,aug_only_correct,invalid_to_valid,train_00444,aug_train_02918_1,0.8054546117782593,0.8091673851013184
test_01720,Depression,Anxiety,Depression,False,True,False,False,aug_only_correct,valid_to_valid,train_00707,aug_train_05160_1,0.6424878835678101,0.6460716724395752
test_01721,Normal,Normal,Normal,True,True,False,False,both_correct,valid_to_valid,train_02373,aug_train_00899_1,0.3523687422275543,0.4005144536495209
test_01722,Normal,Normal,Normal,True,True,False,False,both_correct,valid_to_valid,train_02975,train_02975,0.4295482039451599,0.4295482039451599
test_01723,Depression,Depression,Depression,True,True,False,False,both_correct,valid_to_valid,train_03314,train_03314,0.7079927921295166,0.7079925537109375
test_01724,Depression,Depression,Depression,True,True,False,False,both_correct,valid_to_valid,train_04113,train_04113,0.6372105479240417,0.6372106671333313
test_01725,Depression,Anxiety,Anxiety,False,False,False,False,both_wrong,valid_to_valid,train_03524,train_03524,0.5540281534194946,0.5540280938148499
test_01726,Depression,Depression,Depression,True,True,False,False,both_correct,valid_to_valid,train_01742,train_01742,0.7753198146820068,0.7753199934959412
test_01727,Bipolar,Bipolar,Bipolar,True,True,False,False,both_correct,valid_to_valid,train_03141,aug_train_00453_0,0.7146955728530884,0.770905613899231
test_01728,Normal,Bipolar,Depression,False,False,False,False,both_wrong,valid_to_valid,train_01963,aug_train_02037_0,0.35728538036346436,0.3957633376121521
test_01729,Normal,INVALID,INVALID,False,False,True,True,both_wrong,invalid_to_invalid,train_04186,train_04186,0.39043116569519043,0.39043116569519043
test_01730,Anxiety,Anxiety,Anxiety,True,True,False,False,both_correct,valid_to_valid,train_01043,train_01043,0.7053619623184204,0.70536208152771
test_01731,Normal,Anxiety,Anxiety,False,False,False,False,both_wrong,valid_to_valid,train_02978,aug_train_02368_0,0.42865705490112305,0.4727126359939575
test_01732,Depression,INVALID,Depression,False,True,True,False,aug_only_correct,invalid_to_valid,train_05655,aug_train_03550_1,0.5904104113578796,0.6336419582366943
test_01733,Bipolar,Bipolar,Bipolar,True,True,False,False,both_correct,valid_to_valid,train_00671,aug_train_03458_1,0.7729190587997437,0.7954180240631104
test_01734,Normal,Depression,Depression,False,False,False,False,both_wrong,valid_to_valid,train_05553,train_05553,0.3800136148929596,0.380013644695282
test_01735,Depression,Anxiety,INVALID,False,False,False,True,both_wrong,valid_to_invalid,train_02525,aug_train_01049_1,0.4539875388145447,0.4633309841156006
test_01736,Normal,INVALID,INVALID,False,False,True,True,both_wrong,invalid_to_invalid,train_00850,train_00850,0.49538037180900574,0.4953804016113281
test_01737,Bipolar,Bipolar,Bipolar,True,True,False,False,both_correct,valid_to_valid,train_05653,aug_train_04731_1,0.8107246160507202,0.8149874806404114
test_01738,Anxiety,Anxiety,Anxiety,True,True,False,False,both_correct,valid_to_valid,train_03100,train_03100,0.7243918180465698,0.7243919372558594
test_01739,Depression,Depression,Depression,True,True,False,False,both_correct,valid_to_valid,train_05912,aug_train_03583_1,0.6321144104003906,0.6364759802818298
test_01740,Depression,Bipolar,Bipolar,False,False,False,False,both_wrong,valid_to_valid,train_02241,train_02241,0.644651472568512,0.6446515321731567
test_01741,Depression,Depression,Depression,True,True,False,False,both_correct,valid_to_valid,train_03344,aug_train_05047_1,0.7094659805297852,0.7147282361984253
test_01742,Anxiety,Normal,Normal,False,False,False,False,both_wrong,valid_to_valid,train_02828,aug_train_01859_1,0.4259958565235138,0.49298131465911865
test_01743,Bipolar,Bipolar,Bipolar,True,True,False,False,both_correct,valid_to_valid,train_03606,aug_train_03911_1,0.726167619228363,0.7682604789733887
test_01744,Anxiety,Anxiety,Anxiety,True,True,False,False,both_correct,valid_to_valid,train_00965,aug_train_01992_0,0.5944218635559082,0.6499900817871094
test_01745,Bipolar,Depression,Depression,False,False,False,False,both_wrong,valid_to_valid,train_05274,train_05274,0.753250777721405,0.7532508373260498
test_01746,Normal,Normal,Normal,True,True,False,False,both_correct,valid_to_valid,train_03899,train_03899,0.45324474573135376,0.4532446563243866
test_01747,Anxiety,Anxiety,Anxiety,True,True,False,False,both_correct,valid_to_valid,train_01566,train_01566,0.6157352924346924,0.6157354116439819
test_01748,Bipolar,Bipolar,Bipolar,True,True,False,False,both_correct,valid_to_valid,train_03567,train_03567,0.6303582787513733,0.6303582191467285
test_01749,Normal,Anxiety,Anxiety,False,False,False,False,both_wrong,valid_to_valid,train_00200,train_00200,0.41650789976119995,0.41650819778442383
test_01750,Depression,Depression,Depression,True,True,False,False,both_correct,valid_to_valid,train_01233,train_01233,0.3887229561805725,0.3887230157852173
test_01751,Anxiety,Anxiety,Anxiety,True,True,False,False,both_correct,valid_to_valid,train_02388,aug_train_00280_1,0.447387158870697,0.553022027015686
test_01752,Normal,Normal,Normal,True,True,False,False,both_correct,valid_to_valid,train_04230,train_04230,0.4105159044265747,0.41051578521728516
test_01753,Bipolar,Depression,Depression,False,False,False,False,both_wrong,valid_to_valid,train_03583,aug_train_00055_0,0.6235263347625732,0.6951202154159546
test_01754,Normal,Normal,Normal,True,True,False,False,both_correct,valid_to_valid,train_02897,train_02897,0.3815532624721527,0.3815532922744751
test_01755,Normal,Normal,Normal,True,True,False,False,both_correct,valid_to_valid,train_03139,train_03139,0.29085439443588257,0.29085439443588257
test_01756,Bipolar,Bipolar,Bipolar,True,True,False,False,both_correct,valid_to_valid,train_04268,aug_train_04268_0,0.6738652586936951,0.7304723858833313
test_01757,Anxiety,Anxiety,Anxiety,True,True,False,False,both_correct,valid_to_valid,train_00711,train_00711,0.5364220142364502,0.5364221930503845
test_01758,Depression,Bipolar,Bipolar,False,False,False,False,both_wrong,valid_to_valid,train_04852,train_04852,0.494534969329834,0.49453502893447876
test_01759,Normal,Depression,Depression,False,False,False,False,both_wrong,valid_to_valid,train_01976,train_01976,0.5277668833732605,0.5277668237686157
test_01760,Normal,Normal,Normal,True,True,False,False,both_correct,valid_to_valid,train_04532,train_04532,0.4235689342021942,0.423568993806839
test_01761,Anxiety,Anxiety,Anxiety,True,True,False,False,both_correct,valid_to_valid,train_02973,train_02973,0.6075940728187561,0.6075938940048218
test_01762,Depression,Anxiety,Anxiety,False,False,False,False,both_wrong,valid_to_valid,train_00409,train_00409,0.5359729528427124,0.535973072052002
test_01763,Normal,Normal,Normal,True,True,False,False,both_correct,valid_to_valid,train_02244,aug_train_02244_1,0.5780436992645264,0.6500036716461182
test_01764,Depression,INVALID,INVALID,False,False,True,True,both_wrong,invalid_to_invalid,train_05961,aug_train_05207_1,0.6610894203186035,0.6929038166999817
test_01765,Anxiety,Anxiety,Depression,True,False,False,False,noaug_only_correct,valid_to_valid,train_02825,aug_train_02876_1,0.7130863666534424,0.7827073335647583
test_01766,Anxiety,Anxiety,Anxiety,True,True,False,False,both_correct,valid_to_valid,train_04497,aug_train_04592_1,0.6989671587944031,0.7277590036392212
test_01767,Anxiety,Anxiety,Anxiety,True,True,False,False,both_correct,valid_to_valid,train_03646,aug_train_02370_0,0.7910182476043701,0.82502681016922
test_01768,Normal,Normal,Normal,True,True,False,False,both_correct,valid_to_valid,train_02521,train_02521,0.3525054454803467,0.3525053858757019
test_01769,Normal,Normal,Normal,True,True,False,False,both_correct,valid_to_valid,train_00524,aug_train_00524_1,0.5673849582672119,0.6021307706832886
test_01770,Depression,Depression,Depression,True,True,False,False,both_correct,valid_to_valid,train_00023,aug_train_03181_0,0.8288261890411377,0.8345947265625
test_01771,Depression,Depression,Depression,True,True,False,False,both_correct,valid_to_valid,train_04932,train_04932,0.6750501990318298,0.6750499606132507
test_01772,Anxiety,Anxiety,Anxiety,True,True,False,False,both_correct,valid_to_valid,train_00650,aug_train_04794_1,0.5948917269706726,0.6478822827339172
test_01773,Depression,Depression,Depression,True,True,False,False,both_correct,valid_to_valid,train_00374,train_00374,0.7956128120422363,0.7956127524375916
test_01774,Normal,Normal,Normal,True,True,False,False,both_correct,valid_to_valid,train_03166,train_03166,0.338178813457489,0.3381788730621338
test_01775,Depression,Depression,Depression,True,True,False,False,both_correct,valid_to_valid,train_01596,train_01596,0.72867751121521,0.7286775708198547
test_01776,Bipolar,Bipolar,Bipolar,True,True,False,False,both_correct,valid_to_valid,train_05231,train_05231,0.6852697730064392,0.685269832611084
test_01777,Bipolar,Bipolar,Bipolar,True,True,False,False,both_correct,valid_to_valid,train_01895,aug_train_01895_0,0.7771597504615784,0.8059064149856567
test_01778,Normal,Normal,Bipolar,True,False,False,False,noaug_only_correct,valid_to_valid,train_01738,aug_train_00788_0,0.33494895696640015,0.3531501293182373
test_01779,Bipolar,Bipolar,Bipolar,True,True,False,False,both_correct,valid_to_valid,train_05544,aug_train_05544_0,0.7301949262619019,0.762093186378479
test_01780,Bipolar,Bipolar,Bipolar,True,True,False,False,both_correct,valid_to_valid,train_00919,aug_train_00919_1,0.6621197462081909,0.6978604793548584
test_01781,Depression,Depression,Depression,True,True,False,False,both_correct,valid_to_valid,train_05141,train_05141,0.7113610506057739,0.7113608121871948
test_01782,Normal,Normal,Normal,True,True,False,False,both_correct,valid_to_valid,train_01945,aug_train_01945_1,0.4086912274360657,0.4091796875
test_01783,Normal,Normal,Normal,True,True,False,False,both_correct,valid_to_valid,train_02889,aug_train_04215_0,0.5069009065628052,0.5192471742630005
test_01784,Anxiety,Anxiety,Anxiety,True,True,False,False,both_correct,valid_to_valid,train_01247,train_01247,0.8178081512451172,0.8178084492683411
test_01785,Bipolar,Bipolar,Bipolar,True,True,False,False,both_correct,valid_to_valid,train_05621,train_05621,0.6285872459411621,0.6285872459411621
test_01786,Anxiety,Anxiety,Anxiety,True,True,False,False,both_correct,valid_to_valid,train_03002,train_03002,0.5681811571121216,0.5681812167167664
test_01787,Bipolar,Bipolar,Bipolar,True,True,False,False,both_correct,valid_to_valid,train_05058,train_05058,0.604997992515564,0.6049978733062744
test_01788,Bipolar,Depression,Depression,False,False,False,False,both_wrong,valid_to_valid,train_04142,aug_train_04142_0,0.45494896173477173,0.49704092741012573
test_01789,Bipolar,Bipolar,Bipolar,True,True,False,False,both_correct,valid_to_valid,train_03480,aug_train_01627_1,0.6158214211463928,0.6700618863105774
test_01790,Normal,Normal,Normal,True,True,False,False,both_correct,valid_to_valid,train_03176,train_03176,0.3262418508529663,0.3262418508529663
test_01791,Bipolar,INVALID,INVALID,False,False,True,True,both_wrong,invalid_to_invalid,train_04576,train_04576,0.6364850997924805,0.6364850997924805
test_01792,Bipolar,Bipolar,Bipolar,True,True,False,False,both_correct,valid_to_valid,train_05589,train_05589,0.7849358916282654,0.7849358320236206
test_01793,Depression,Depression,Depression,True,True,False,False,both_correct,valid_to_valid,train_02692,train_02692,0.7023414969444275,0.7023414373397827
test_01794,Anxiety,Anxiety,Anxiety,True,True,False,False,both_correct,valid_to_valid,train_00700,aug_train_00700_1,0.7175549864768982,0.7184398174285889
test_01795,Bipolar,Bipolar,Bipolar,True,True,False,False,both_correct,valid_to_valid,train_01532,aug_train_01532_0,0.6163712739944458,0.6415814161300659
test_01796,Bipolar,Bipolar,Bipolar,True,True,False,False,both_correct,valid_to_valid,train_02615,aug_train_02323_1,0.7693997621536255,0.7940172553062439
test_01797,Normal,Normal,Normal,True,True,False,False,both_correct,valid_to_valid,train_04612,aug_train_04612_0,0.4863669276237488,0.5448309183120728
test_01798,Anxiety,Anxiety,Anxiety,True,True,False,False,both_correct,valid_to_valid,train_01342,train_01342,0.7944308519363403,0.7944307327270508
test_01799,Anxiety,Bipolar,Bipolar,False,False,False,False,both_wrong,valid_to_valid,train_01021,train_01021,0.6285865306854248,0.6285866498947144
test_01800,Bipolar,Anxiety,Anxiety,False,False,False,False,both_wrong,valid_to_valid,train_05707,train_05707,0.6550160646438599,0.6550158858299255
test_01801,Anxiety,Anxiety,Anxiety,True,True,False,False,both_correct,valid_to_valid,train_01229,aug_train_05249_0,0.6418119668960571,0.6791775226593018
test_01802,Anxiety,Anxiety,Anxiety,True,True,False,False,both_correct,valid_to_valid,train_03112,train_03112,0.6531301736831665,0.6531301736831665
test_01803,Anxiety,Anxiety,Anxiety,True,True,False,False,both_correct,valid_to_valid,train_05774,train_05774,0.6405566930770874,0.6405566930770874
test_01804,Depression,Bipolar,Normal,False,False,False,False,both_wrong,valid_to_valid,train_05826,aug_train_05673_0,0.3765580952167511,0.4151960015296936
test_01805,Anxiety,Anxiety,Anxiety,True,True,False,False,both_correct,valid_to_valid,train_01685,train_01685,0.5751957893371582,0.5751956105232239
test_01806,Depression,Anxiety,Anxiety,False,False,False,False,both_wrong,valid_to_valid,train_02233,train_02233,0.7870706915855408,0.7870705127716064
test_01807,Bipolar,Bipolar,Bipolar,True,True,False,False,both_correct,valid_to_valid,train_00082,aug_train_04325_0,0.6441372632980347,0.6595518589019775
test_01808,Normal,Normal,Normal,True,True,False,False,both_correct,valid_to_valid,train_05514,train_05514,0.46845743060112,0.4684574007987976
test_01809,Normal,Normal,Normal,True,True,False,False,both_correct,valid_to_valid,train_01255,train_01255,0.2925001084804535,0.2925001084804535
test_01810,Normal,Depression,Anxiety,False,False,False,False,both_wrong,valid_to_valid,train_03938,aug_train_00571_1,0.49471378326416016,0.5315039753913879
test_01811,Depression,Anxiety,Anxiety,False,False,False,False,both_wrong,valid_to_valid,train_03908,train_03908,0.7829265594482422,0.782926619052887
test_01812,Normal,Depression,Normal,False,True,False,False,aug_only_correct,valid_to_valid,train_02714,aug_train_04445_1,0.23111388087272644,0.24227765202522278
test_01813,Anxiety,Anxiety,Anxiety,True,True,False,False,both_correct,valid_to_valid,train_01577,train_01577,0.6596896648406982,0.6596896648406982
test_01814,Depression,Depression,Depression,True,True,False,False,both_correct,valid_to_valid,train_04665,train_04665,0.7604318857192993,0.7604320049285889
test_01815,Normal,Normal,Normal,True,True,False,False,both_correct,valid_to_valid,train_05576,train_05576,0.31095999479293823,0.3109598755836487
test_01816,Normal,INVALID,INVALID,False,False,True,True,both_wrong,invalid_to_invalid,train_04787,train_04787,0.7179914712905884,0.7179913520812988
test_01817,Anxiety,Anxiety,Anxiety,True,True,False,False,both_correct,valid_to_valid,train_04661,aug_train_04046_0,0.5079119205474854,0.5181477069854736
test_01818,Bipolar,Bipolar,Bipolar,True,True,False,False,both_correct,valid_to_valid,train_02177,train_02177,0.6666170954704285,0.6666170954704285
test_01819,Anxiety,Anxiety,Anxiety,True,True,False,False,both_correct,valid_to_valid,train_02409,aug_train_03167_0,0.752739429473877,0.7687509655952454
test_01820,Bipolar,Bipolar,Bipolar,True,True,False,False,both_correct,valid_to_valid,train_03519,train_03519,0.7904064059257507,0.7904064655303955
test_01821,Normal,Normal,Normal,True,True,False,False,both_correct,valid_to_valid,train_02281,train_02281,0.3641298711299896,0.364129900932312
test_01822,Anxiety,Anxiety,Anxiety,True,True,False,False,both_correct,valid_to_valid,train_04235,train_04235,0.6911534070968628,0.6911535263061523
test_01823,Normal,INVALID,INVALID,False,False,True,True,both_wrong,invalid_to_invalid,train_04537,train_04537,0.36684587597846985,0.3668460249900818
test_01824,Anxiety,Anxiety,Anxiety,True,True,False,False,both_correct,valid_to_valid,train_03080,train_03080,0.720152735710144,0.7201528549194336
test_01825,Normal,Normal,Normal,True,True,False,False,both_correct,valid_to_valid,train_05567,train_05567,0.32430970668792725,0.3243098556995392
test_01826,Bipolar,Bipolar,Bipolar,True,True,False,False,both_correct,valid_to_valid,train_04920,aug_train_04920_1,0.7518004179000854,0.7769663333892822
test_01827,Normal,Anxiety,Anxiety,False,False,False,False,both_wrong,valid_to_valid,train_01026,train_01026,0.532042384147644,0.5320422649383545
test_01828,Depression,Anxiety,Anxiety,False,False,False,False,both_wrong,valid_to_valid,train_01131,aug_train_03282_1,0.5597889423370361,0.6285485625267029
test_01829,Depression,Anxiety,Depression,False,True,False,False,aug_only_correct,valid_to_valid,train_01475,aug_train_05949_1,0.7136110067367554,0.7711392045021057
test_01830,Normal,Anxiety,Normal,False,True,False,False,aug_only_correct,valid_to_valid,train_01737,aug_train_01836_1,0.3742563724517822,0.47113239765167236
test_01831,Depression,INVALID,Depression,False,True,True,False,aug_only_correct,invalid_to_valid,train_01045,aug_train_04927_1,0.5903187394142151,0.6233257055282593
test_01832,Anxiety,Anxiety,Anxiety,True,True,False,False,both_correct,valid_to_valid,train_02858,aug_train_02858_0,0.5123345851898193,0.537173867225647
test_01833,Depression,Bipolar,Bipolar,False,False,False,False,both_wrong,valid_to_valid,train_02460,train_02460,0.6098823547363281,0.6098823547363281
test_01834,Depression,INVALID,Depression,False,True,True,False,aug_only_correct,invalid_to_valid,train_02473,aug_train_02473_1,0.7090238928794861,0.7635733485221863
test_01835,Depression,Depression,Depression,True,True,False,False,both_correct,valid_to_valid,train_00430,aug_train_05743_0,0.5306574702262878,0.5480451583862305
test_01836,Depression,Depression,Depression,True,True,False,False,both_correct,valid_to_valid,train_02160,train_02160,0.6724070310592651,0.6724072098731995
test_01837,Anxiety,Anxiety,Anxiety,True,True,False,False,both_correct,valid_to_valid,train_03718,train_03718,0.8108257055282593,0.8108259439468384
test_01838,Anxiety,Anxiety,Normal,True,False,False,False,noaug_only_correct,valid_to_valid,train_01230,aug_train_02527_0,0.492261677980423,0.5309773683547974
test_01839,Bipolar,Bipolar,Bipolar,True,True,False,False,both_correct,valid_to_valid,train_01988,aug_train_00335_1,0.6815745830535889,0.7107776403427124
test_01840,Bipolar,Depression,Depression,False,False,False,False,both_wrong,valid_to_valid,train_02777,aug_train_01055_0,0.7366597056388855,0.7616726160049438
test_01841,Bipolar,Bipolar,Bipolar,True,True,False,False,both_correct,valid_to_valid,train_01407,aug_train_01350_1,0.5339345932006836,0.5667591094970703
test_01842,Bipolar,Bipolar,Bipolar,True,True,False,False,both_correct,valid_to_valid,train_03711,aug_train_03711_1,0.7538736462593079,0.770703136920929
test_01843,Bipolar,Bipolar,Bipolar,True,True,False,False,both_correct,valid_to_valid,train_02678,aug_train_05429_0,0.5693889856338501,0.5890880823135376
test_01844,Bipolar,Bipolar,Depression,True,False,False,False,noaug_only_correct,valid_to_valid,train_02074,aug_train_04253_1,0.6585025787353516,0.7163683176040649
test_01845,Bipolar,Bipolar,Bipolar,True,True,False,False,both_correct,valid_to_valid,train_04723,aug_train_04440_0,0.8319463729858398,0.8547042608261108
test_01846,Normal,Normal,Normal,True,True,False,False,both_correct,valid_to_valid,train_04968,train_04968,0.33892256021499634,0.3389225900173187
test_01847,Depression,Depression,Depression,True,True,False,False,both_correct,valid_to_valid,train_00767,train_00767,0.7729719877243042,0.7729721069335938
test_01848,Bipolar,Bipolar,Bipolar,True,True,False,False,both_correct,valid_to_valid,train_01111,aug_train_01111_0,0.6490017175674438,0.6877803802490234
test_01849,Normal,Normal,Normal,True,True,False,False,both_correct,valid_to_valid,train_04291,train_04291,0.40841060876846313,0.4084106683731079
test_01850,Depression,Depression,Depression,True,True,False,False,both_correct,valid_to_valid,train_01347,train_01347,0.7985453605651855,0.798545241355896
test_01851,Normal,Normal,Normal,True,True,False,False,both_correct,valid_to_valid,train_05474,aug_train_05474_0,0.3962235450744629,0.4121164083480835
test_01852,Bipolar,Bipolar,Bipolar,True,True,False,False,both_correct,valid_to_valid,train_01053,train_01053,0.7728716135025024,0.7728716135025024
test_01853,Depression,Depression,Depression,True,True,False,False,both_correct,valid_to_valid,train_04252,train_04252,0.8009249567985535,0.8009250164031982
test_01854,Anxiety,Anxiety,Anxiety,True,True,False,False,both_correct,valid_to_valid,train_03014,train_03014,0.623533308506012,0.6235333681106567
test_01855,Depression,INVALID,INVALID,False,False,True,True,both_wrong,invalid_to_invalid,train_02686,train_02686,0.6275489330291748,0.6275488138198853
test_01856,Anxiety,Anxiety,Anxiety,True,True,False,False,both_correct,valid_to_valid,train_04447,aug_train_05658_1,0.6966280937194824,0.6980820894241333
test_01857,Normal,INVALID,Normal,False,True,True,False,aug_only_correct,invalid_to_valid,train_01099,aug_train_03020_1,0.34368693828582764,0.34491094946861267
test_01858,Normal,Normal,Normal,True,True,False,False,both_correct,valid_to_valid,train_02255,aug_train_00774_0,0.2933852970600128,0.42833074927330017
test_01859,Bipolar,Bipolar,Bipolar,True,True,False,False,both_correct,valid_to_valid,train_05034,aug_train_05034_0,0.7301697731018066,0.7328901290893555
test_01860,Anxiety,Anxiety,Anxiety,True,True,False,False,both_correct,valid_to_valid,train_03890,aug_train_05194_1,0.7113775014877319,0.7391619682312012
test_01861,Anxiety,Bipolar,Bipolar,False,False,False,False,both_wrong,valid_to_valid,train_04786,train_04786,0.6549935340881348,0.6549935340881348
test_01862,Bipolar,Bipolar,Bipolar,True,True,False,False,both_correct,valid_to_valid,train_05615,aug_train_05615_0,0.770685076713562,0.7757270336151123
test_01863,Depression,Depression,Depression,True,True,False,False,both_correct,valid_to_valid,train_02855,train_02855,0.7674461603164673,0.7674460411071777
test_01864,Depression,Depression,Depression,True,True,False,False,both_correct,valid_to_valid,train_03395,train_03395,0.6767309904098511,0.6767309904098511
test_01865,Bipolar,Bipolar,Bipolar,True,True,False,False,both_correct,valid_to_valid,train_03338,aug_train_05746_1,0.7202612161636353,0.7425829172134399
test_01866,Bipolar,Bipolar,Bipolar,True,True,False,False,both_correct,valid_to_valid,train_02065,aug_train_01883_1,0.7610107064247131,0.77751624584198
test_01867,Normal,Normal,Normal,True,True,False,False,both_correct,valid_to_valid,train_01364,aug_train_01364_1,0.2949019968509674,0.30851995944976807
test_01868,Anxiety,Anxiety,Anxiety,True,True,False,False,both_correct,valid_to_valid,train_03904,train_03904,0.7503983974456787,0.7503982782363892
test_01869,Depression,Depression,Depression,True,True,False,False,both_correct,valid_to_valid,train_01574,train_01574,0.5658708810806274,0.5658707022666931
test_01870,Depression,Anxiety,Anxiety,False,False,False,False,both_wrong,valid_to_valid,train_03637,train_03637,0.6450539827346802,0.6450541019439697
test_01871,Anxiety,Anxiety,Anxiety,True,True,False,False,both_correct,valid_to_valid,train_04246,train_04246,0.7635138034820557,0.7635138034820557
test_01872,Anxiety,Bipolar,Bipolar,False,False,False,False,both_wrong,valid_to_valid,train_00863,train_00863,0.5741245150566101,0.5741245746612549
test_01873,Normal,Normal,Normal,True,True,False,False,both_correct,valid_to_valid,train_05508,train_05508,0.4584527611732483,0.45845288038253784
test_01874,Normal,Anxiety,Anxiety,False,False,False,False,both_wrong,valid_to_valid,train_01269,train_01269,0.3450404107570648,0.3450404405593872
test_01875,Bipolar,Bipolar,Bipolar,True,True,False,False,both_correct,valid_to_valid,train_05269,aug_train_05981_0,0.6699421405792236,0.7017985582351685
test_01876,Anxiety,Anxiety,Anxiety,True,True,False,False,both_correct,valid_to_valid,train_00948,train_00948,0.6926373243331909,0.6926373243331909
test_01877,Depression,INVALID,INVALID,False,False,True,True,both_wrong,invalid_to_invalid,train_03888,train_03888,0.4593447744846344,0.459344744682312
test_01878,Depression,Depression,Depression,True,True,False,False,both_correct,valid_to_valid,train_04103,aug_train_04819_1,0.47809141874313354,0.5203725695610046
test_01879,Normal,Normal,Normal,True,True,False,False,both_correct,valid_to_valid,train_03467,train_03467,0.45978036522865295,0.4597802758216858
test_01880,Bipolar,Bipolar,Bipolar,True,True,False,False,both_correct,valid_to_valid,train_00864,aug_train_00864_0,0.8676828145980835,0.874615490436554
test_01881,Normal,Normal,Anxiety,True,False,False,False,noaug_only_correct,valid_to_valid,train_02580,aug_train_00079_1,0.36070582270622253,0.4014982581138611
test_01882,Normal,Normal,Normal,True,True,False,False,both_correct,valid_to_valid,train_05149,aug_train_05149_0,0.4412197768688202,0.47733163833618164
test_01883,Normal,Anxiety,Anxiety,False,False,False,False,both_wrong,valid_to_valid,train_01089,aug_train_01089_1,0.37518107891082764,0.41646069288253784
test_01884,Depression,INVALID,INVALID,False,False,True,True,both_wrong,invalid_to_invalid,train_00112,train_00112,0.6558350324630737,0.6558349132537842
test_01885,Anxiety,Anxiety,Anxiety,True,True,False,False,both_correct,valid_to_valid,train_00679,train_00679,0.5621165633201599,0.5621167421340942
test_01886,Normal,Anxiety,Anxiety,False,False,False,False,both_wrong,valid_to_valid,train_01523,train_01523,0.35433101654052734,0.35433101654052734
test_01887,Bipolar,Bipolar,Bipolar,True,True,False,False,both_correct,valid_to_valid,train_03286,aug_train_03286_1,0.7031346559524536,0.7104026079177856
test_01888,Normal,Normal,Normal,True,True,False,False,both_correct,valid_to_valid,train_00669,train_00669,0.36403489112854004,0.36403486132621765
test_01889,Bipolar,Bipolar,Bipolar,True,True,False,False,both_correct,valid_to_valid,train_05372,aug_train_04074_0,0.641840934753418,0.6710145473480225
test_01890,Bipolar,Bipolar,Bipolar,True,True,False,False,both_correct,valid_to_valid,train_03543,aug_train_03820_0,0.7342357635498047,0.7564394474029541
test_01891,Depression,Depression,Depression,True,True,False,False,both_correct,valid_to_valid,train_03856,train_03856,0.7350549101829529,0.7350550293922424
test_01892,Anxiety,Bipolar,Anxiety,False,True,False,False,aug_only_correct,valid_to_valid,train_02711,aug_train_01192_1,0.6224343776702881,0.6454585790634155
test_01893,Normal,Normal,Normal,True,True,False,False,both_correct,valid_to_valid,train_04849,aug_train_04187_1,0.3802436888217926,0.40075284242630005
test_01894,Normal,Normal,Normal,True,True,False,False,both_correct,valid_to_valid,train_04507,train_04507,0.47616440057754517,0.4761645197868347
test_01895,Normal,Normal,Normal,True,True,False,False,both_correct,valid_to_valid,train_03953,train_03953,0.33755606412887573,0.3375561237335205
test_01896,Normal,Normal,Normal,True,True,False,False,both_correct,valid_to_valid,train_00175,aug_train_01687_0,0.5224971771240234,0.5437976717948914
test_01897,Anxiety,Normal,Normal,False,False,False,False,both_wrong,valid_to_valid,train_04514,train_04514,0.5108245015144348,0.5108245015144348
test_01898,Anxiety,Anxiety,Anxiety,True,True,False,False,both_correct,valid_to_valid,train_00059,aug_train_01043_1,0.7504885792732239,0.7713401913642883
test_01899,Anxiety,Normal,Normal,False,False,False,False,both_wrong,valid_to_valid,train_04589,train_04589,0.46159619092941284,0.4615960717201233
test_01900,Bipolar,Bipolar,Bipolar,True,True,False,False,both_correct,valid_to_valid,train_03452,train_03452,0.7331896424293518,0.7331896424293518
test_01901,Depression,Anxiety,Anxiety,False,False,False,False,both_wrong,valid_to_valid,train_01093,aug_train_01093_1,0.7173816561698914,0.7279844284057617
test_01902,Normal,Depression,Depression,False,False,False,False,both_wrong,valid_to_valid,train_03950,aug_train_03950_0,0.5736207962036133,0.5852363705635071
test_01903,Anxiety,Anxiety,Anxiety,True,True,False,False,both_correct,valid_to_valid,train_03694,aug_train_01917_0,0.4398423433303833,0.509676992893219
test_01904,Anxiety,Anxiety,Anxiety,True,True,False,False,both_correct,valid_to_valid,train_02362,train_02362,0.601632833480835,0.601632833480835
test_01905,Bipolar,Anxiety,Anxiety,False,False,False,False,both_wrong,valid_to_valid,train_00601,train_00601,0.627447247505188,0.627447247505188
test_01906,Normal,Normal,Normal,True,True,False,False,both_correct,valid_to_valid,train_04707,aug_train_00246_1,0.3405172824859619,0.3487887978553772
test_01907,Bipolar,Bipolar,Bipolar,True,True,False,False,both_correct,valid_to_valid,train_03273,train_03273,0.6029461622238159,0.6029462218284607
test_01908,Anxiety,Bipolar,Bipolar,False,False,False,False,both_wrong,valid_to_valid,train_01247,train_01247,0.7345647215843201,0.7345645427703857
test_01909,Depression,Depression,Depression,True,True,False,False,both_correct,valid_to_valid,train_02532,train_02532,0.4562312066555023,0.45623117685317993
test_01910,Depression,Depression,Depression,True,True,False,False,both_correct,valid_to_valid,train_03326,aug_train_01608_1,0.6715534925460815,0.6859588027000427
test_01911,Anxiety,Anxiety,Anxiety,True,True,False,False,both_correct,valid_to_valid,train_00161,train_00161,0.6039811372756958,0.6039811968803406
test_01912,Anxiety,Anxiety,Anxiety,True,True,False,False,both_correct,valid_to_valid,train_01819,train_01819,0.8172457218170166,0.8172457218170166
test_01913,Anxiety,Anxiety,Anxiety,True,True,False,False,both_correct,valid_to_valid,train_02794,aug_train_00735_1,0.6370671987533569,0.6658127307891846
test_01914,Bipolar,Bipolar,Bipolar,True,True,False,False,both_correct,valid_to_valid,train_01587,train_01587,0.6596759557723999,0.6596760153770447
test_01915,Anxiety,Anxiety,Anxiety,True,True,False,False,both_correct,valid_to_valid,train_02269,aug_train_02269_1,0.43209725618362427,0.47380781173706055
test_01916,Anxiety,Anxiety,Anxiety,True,True,False,False,both_correct,valid_to_valid,train_01168,train_01168,0.7014428973197937,0.7014429569244385
test_01917,Depression,Depression,Depression,True,True,False,False,both_correct,valid_to_valid,train_04132,train_04132,0.6813744306564331,0.6813746690750122
test_01918,Bipolar,Bipolar,Bipolar,True,True,False,False,both_correct,valid_to_valid,train_01605,train_01605,0.648758053779602,0.6487581133842468
test_01919,Anxiety,Anxiety,Anxiety,True,True,False,False,both_correct,valid_to_valid,train_00399,train_00399,0.7391810417175293,0.7391810417175293
test_01920,Normal,Normal,Anxiety,True,False,False,False,noaug_only_correct,valid_to_valid,train_04959,aug_train_00133_1,0.4338556230068207,0.45491158962249756
test_01921,Normal,Normal,Normal,True,True,False,False,both_correct,valid_to_valid,train_04688,train_04688,0.4398350715637207,0.4398350715637207
test_01922,Depression,INVALID,INVALID,False,False,True,True,both_wrong,invalid_to_invalid,train_01623,train_01623,0.6885733604431152,0.6885733604431152
test_01923,Anxiety,Anxiety,Anxiety,True,True,False,False,both_correct,valid_to_valid,train_00009,aug_train_00420_1,0.5727941989898682,0.6072701215744019
test_01924,Anxiety,Anxiety,Anxiety,True,True,False,False,both_correct,valid_to_valid,train_05774,aug_train_05221_1,0.539324164390564,0.5750232934951782
test_01925,Depression,Depression,Depression,True,True,False,False,both_correct,valid_to_valid,train_03344,train_03344,0.7889385223388672,0.7889384031295776
test_01926,Anxiety,Anxiety,Anxiety,True,True,False,False,both_correct,valid_to_valid,train_04604,aug_train_00059_0,0.6207389831542969,0.6452891826629639
test_01927,Anxiety,Bipolar,Depression,False,False,False,False,both_wrong,valid_to_valid,train_04724,aug_train_02393_0,0.44809287786483765,0.545243501663208
test_01928,Anxiety,Anxiety,Anxiety,True,True,False,False,both_correct,valid_to_valid,train_00933,aug_train_00933_0,0.486211359500885,0.5775070786476135
test_01929,Anxiety,Anxiety,Anxiety,True,True,False,False,both_correct,valid_to_valid,train_01969,train_01969,0.6502028703689575,0.6502028703689575
test_01930,Depression,Anxiety,Anxiety,False,False,False,False,both_wrong,valid_to_valid,train_03154,train_03154,0.486875057220459,0.4868750274181366
test_01931,Normal,Normal,Normal,True,True,False,False,both_correct,valid_to_valid,train_01824,train_01824,0.35535722970962524,0.3553573191165924
test_01932,Anxiety,Anxiety,Anxiety,True,True,False,False,both_correct,valid_to_valid,train_01080,train_01080,0.6729134917259216,0.6729135513305664
test_01933,Bipolar,Bipolar,Bipolar,True,True,False,False,both_correct,valid_to_valid,train_02241,aug_train_02241_1,0.7000128626823425,0.8046320676803589
test_01934,Normal,Normal,Normal,True,True,False,False,both_correct,valid_to_valid,train_05720,train_05720,0.459452748298645,0.45945271849632263
test_01935,Depression,Depression,Depression,True,True,False,False,both_correct,valid_to_valid,train_04348,aug_train_02114_1,0.7806463837623596,0.7864304184913635
test_01936,Anxiety,Bipolar,Bipolar,False,False,False,False,both_wrong,valid_to_valid,train_01417,train_01417,0.5192184448242188,0.5192183256149292
test_01937,Normal,Normal,Normal,True,True,False,False,both_correct,valid_to_valid,train_03841,train_03841,0.5398437976837158,0.5398437976837158
test_01938,Normal,Normal,Normal,True,True,False,False,both_correct,valid_to_valid,train_04204,train_04204,0.5169100761413574,0.5169100165367126
test_01939,Normal,Normal,Normal,True,True,False,False,both_correct,valid_to_valid,train_05730,train_05730,0.3931512236595154,0.3931511342525482
test_01940,Normal,Normal,Normal,True,True,False,False,both_correct,valid_to_valid,train_05883,train_05883,0.291409432888031,0.29140958189964294
test_01941,Bipolar,Bipolar,Bipolar,True,True,False,False,both_correct,valid_to_valid,train_05372,aug_train_05372_1,0.7236948013305664,0.7453011274337769
test_01942,Anxiety,Anxiety,Anxiety,True,True,False,False,both_correct,valid_to_valid,train_05764,aug_train_01891_0,0.5445165634155273,0.5532194375991821
test_01943,Normal,Normal,Normal,True,True,False,False,both_correct,valid_to_valid,train_04790,aug_train_02624_0,0.39955297112464905,0.41950589418411255
test_01944,Normal,Normal,Normal,True,True,False,False,both_correct,valid_to_valid,train_00900,aug_train_00900_1,0.561567485332489,0.5990912914276123
test_01945,Anxiety,Anxiety,Anxiety,True,True,False,False,both_correct,valid_to_valid,train_00267,train_00267,0.7398594617843628,0.7398592829704285
test_01946,Bipolar,Anxiety,Bipolar,False,True,False,False,aug_only_correct,valid_to_valid,train_00715,aug_train_03476_0,0.6777254343032837,0.6983633637428284
test_01947,Depression,INVALID,INVALID,False,False,True,True,both_wrong,invalid_to_invalid,train_03588,train_03588,0.5433077812194824,0.5433077216148376
test_01948,Anxiety,Anxiety,Anxiety,True,True,False,False,both_correct,valid_to_valid,train_00835,train_00835,0.6016303896903992,0.6016303896903992
test_01949,Normal,Normal,Normal,True,True,False,False,both_correct,valid_to_valid,train_02568,train_02568,0.5501334071159363,0.550133466720581
test_01950,Depression,Depression,Depression,True,True,False,False,both_correct,valid_to_valid,train_03314,train_03314,0.6370537877082825,0.6370537281036377
test_01951,Bipolar,Bipolar,Bipolar,True,True,False,False,both_correct,valid_to_valid,train_01502,aug_train_01502_0,0.6488034725189209,0.7086306810379028
test_01952,Depression,Depression,Depression,True,True,False,False,both_correct,valid_to_valid,train_03950,train_03950,0.7820473909378052,0.7820472717285156
test_01953,Anxiety,Anxiety,Anxiety,True,True,False,False,both_correct,valid_to_valid,train_05117,train_05117,0.6270637512207031,0.6270636916160583
test_01954,Bipolar,Bipolar,Bipolar,True,True,False,False,both_correct,valid_to_valid,train_05100,aug_train_03493_0,0.6583462953567505,0.6617465019226074
test_01955,Depression,Depression,Depression,True,True,False,False,both_correct,valid_to_valid,train_04706,train_04706,0.6482213735580444,0.6482214331626892
test_01956,Anxiety,Anxiety,Anxiety,True,True,False,False,both_correct,valid_to_valid,train_01342,train_01342,0.6040041446685791,0.6040042042732239
test_01957,Anxiety,Normal,Normal,False,False,False,False,both_wrong,valid_to_valid,train_00073,aug_train_05447_1,0.4284125566482544,0.47541344165802
test_01958,Depression,Depression,Anxiety,True,False,False,False,noaug_only_correct,valid_to_valid,train_01950,aug_train_01815_0,0.5175909399986267,0.5256893634796143
test_01959,Bipolar,Bipolar,Bipolar,True,True,False,False,both_correct,valid_to_valid,train_01158,aug_train_00384_1,0.6598340272903442,0.6909310221672058
test_01960,Bipolar,Anxiety,Anxiety,False,False,False,False,both_wrong,valid_to_valid,train_04803,train_04803,0.6006647944450378,0.6006647944450378
test_01961,Anxiety,Normal,Anxiety,False,True,False,False,aug_only_correct,valid_to_valid,train_01247,aug_train_03022_0,0.5881876945495605,0.6473211050033569
test_01962,Anxiety,Anxiety,Anxiety,True,True,False,False,both_correct,valid_to_valid,train_00014,aug_train_00267_0,0.6359877586364746,0.6967485547065735
test_01963,Normal,Normal,Normal,True,True,False,False,both_correct,valid_to_valid,train_00740,aug_train_03953_1,0.31005430221557617,0.33851373195648193
test_01964,Normal,INVALID,Bipolar,False,False,True,False,both_wrong,invalid_to_valid,train_01364,aug_train_00383_1,0.25641128420829773,0.2775631546974182
test_01965,Depression,Depression,Depression,True,True,False,False,both_correct,valid_to_valid,train_02270,aug_train_00374_1,0.7528114914894104,0.7528266906738281
test_01966,Anxiety,Anxiety,Anxiety,True,True,False,False,both_correct,valid_to_valid,train_05752,aug_train_05752_0,0.6041648387908936,0.6715617179870605
test_01967,Bipolar,Bipolar,Bipolar,True,True,False,False,both_correct,valid_to_valid,train_00773,aug_train_00773_0,0.6645535230636597,0.6864160299301147
test_01968,Depression,Anxiety,Depression,False,True,False,False,aug_only_correct,valid_to_valid,train_03112,aug_train_02482_1,0.41210657358169556,0.4421941041946411
test_01969,Normal,Depression,Normal,False,True,False,False,aug_only_correct,valid_to_valid,train_04791,aug_train_02255_1,0.30527710914611816,0.3491029143333435
test_01970,Anxiety,Anxiety,Anxiety,True,True,False,False,both_correct,valid_to_valid,train_05632,aug_train_02386_1,0.5954367518424988,0.622081995010376
test_01971,Depression,INVALID,INVALID,False,False,True,True,both_wrong,invalid_to_invalid,train_02510,train_02510,0.6747764945030212,0.6747766137123108
test_01972,Depression,Depression,Depression,True,True,False,False,both_correct,valid_to_valid,train_02396,train_02396,0.6392121315002441,0.6392120718955994
test_01973,Anxiety,Anxiety,Anxiety,True,True,False,False,both_correct,valid_to_valid,train_04189,aug_train_04189_1,0.6776142120361328,0.6829007863998413
test_01974,Depression,Depression,Depression,True,True,False,False,both_correct,valid_to_valid,train_05835,aug_train_04327_0,0.5208728909492493,0.5217653512954712
test_01975,Depression,INVALID,Depression,False,True,True,False,aug_only_correct,invalid_to_valid,train_04264,aug_train_03775_1,0.7208274602890015,0.7456190586090088
test_01976,Anxiety,Normal,Normal,False,False,False,False,both_wrong,valid_to_valid,train_03315,train_03315,0.5722191333770752,0.5722190141677856
test_01977,Bipolar,Bipolar,Bipolar,True,True,False,False,both_correct,valid_to_valid,train_04200,aug_train_00615_0,0.6404168009757996,0.6720666289329529
test_01978,Bipolar,Bipolar,Bipolar,True,True,False,False,both_correct,valid_to_valid,train_03000,aug_train_03000_0,0.6480422019958496,0.6612377166748047
test_01979,Bipolar,Anxiety,Bipolar,False,True,False,False,aug_only_correct,valid_to_valid,train_02693,aug_train_01526_1,0.4520314633846283,0.48030775785446167
test_01980,Depression,Depression,Depression,True,True,False,False,both_correct,valid_to_valid,train_01236,train_01236,0.727267861366272,0.7272677421569824
test_01981,Depression,Depression,Depression,True,True,False,False,both_correct,valid_to_valid,train_02422,train_02422,0.8028604388237,0.8028604388237
test_01982,Normal,Normal,Normal,True,True,False,False,both_correct,valid_to_valid,train_03411,train_03411,0.4712735712528229,0.4712735116481781
test_01983,Normal,Normal,Normal,True,True,False,False,both_correct,valid_to_valid,train_00385,train_00385,0.5778086185455322,0.5778084993362427
test_01984,Normal,Anxiety,Anxiety,False,False,False,False,both_wrong,valid_to_valid,train_04303,train_04303,0.617850661277771,0.617850661277771
test_01985,Bipolar,Bipolar,Bipolar,True,True,False,False,both_correct,valid_to_valid,train_02412,train_02412,0.8554769158363342,0.8554767370223999
test_01986,Bipolar,Bipolar,Bipolar,True,True,False,False,both_correct,valid_to_valid,train_01604,aug_train_01604_1,0.7193870544433594,0.7297194004058838
test_01987,Bipolar,Bipolar,Bipolar,True,True,False,False,both_correct,valid_to_valid,train_04771,train_04771,0.5159597396850586,0.5159598588943481
test_01988,Depression,Depression,Depression,True,True,False,False,both_correct,valid_to_valid,train_00019,train_00019,0.7497683167457581,0.7497682571411133
test_01989,Normal,INVALID,INVALID,False,False,True,True,both_wrong,invalid_to_invalid,train_01600,train_01600,0.4257350564002991,0.4257349669933319
test_01990,Normal,Anxiety,Bipolar,False,False,False,False,both_wrong,valid_to_valid,train_01748,aug_train_04249_0,0.3862735331058502,0.40497347712516785
test_01991,Normal,Normal,Normal,True,True,False,False,both_correct,valid_to_valid,train_03348,train_03348,0.38911354541778564,0.38911354541778564
test_01992,Normal,Normal,Normal,True,True,False,False,both_correct,valid_to_valid,train_05883,aug_train_05883_0,0.5579221844673157,0.5911744832992554
test_01993,Normal,Normal,Depression,True,False,False,False,noaug_only_correct,valid_to_valid,train_00736,aug_train_04357_0,0.2497638463973999,0.296701043844223
test_01994,Bipolar,Bipolar,Bipolar,True,True,False,False,both_correct,valid_to_valid,train_03529,train_03529,0.8320745229721069,0.8320746421813965
test_01995,Bipolar,Bipolar,Depression,True,False,False,False,noaug_only_correct,valid_to_valid,train_02137,aug_train_00456_1,0.7437725067138672,0.7966035604476929
test_01996,Anxiety,Anxiety,Anxiety,True,True,False,False,both_correct,valid_to_valid,train_02021,aug_train_02021_0,0.8234628438949585,0.8384081125259399
test_01997,Anxiety,Anxiety,Anxiety,True,True,False,False,both_correct,valid_to_valid,train_04856,train_04856,0.7045944929122925,0.7045944929122925
test_01998,Depression,Depression,Depression,True,True,False,False,both_correct,valid_to_valid,train_01789,train_01789,0.5961463451385498,0.5961463451385498
test_01999,Anxiety,Anxiety,Anxiety,True,True,False,False,both_correct,valid_to_valid,train_01855,train_01855,0.623180091381073,0.6231801509857178
test_02000,Normal,Normal,Normal,True,True,False,False,both_correct,valid_to_valid,train_04817,aug_train_04612_0,0.2741335928440094,0.3121834993362427
test_02001,Normal,Normal,Normal,True,True,False,False,both_correct,valid_to_valid,train_01011,aug_train_03213_1,0.43600228428840637,0.5214706659317017
test_02002,Depression,Normal,Anxiety,False,False,False,False,both_wrong,valid_to_valid,train_03114,aug_train_03114_1,0.5258650779724121,0.5425293445587158
test_02003,Depression,INVALID,Depression,False,True,True,False,aug_only_correct,invalid_to_valid,train_00759,train_00759,0.5485050678253174,0.5485049486160278
test_02004,Bipolar,Bipolar,Bipolar,True,True,False,False,both_correct,valid_to_valid,train_01718,train_01718,0.7714717388153076,0.7714717388153076
test_02005,Normal,Normal,Normal,True,True,False,False,both_correct,valid_to_valid,train_03666,train_03666,0.2817420959472656,0.2817421853542328
test_02006,Bipolar,Bipolar,Bipolar,True,True,False,False,both_correct,valid_to_valid,train_02237,train_02237,0.6019381284713745,0.601938009262085
test_02007,Bipolar,Bipolar,Bipolar,True,True,False,False,both_correct,valid_to_valid,train_02016,train_02016,0.7713171243667603,0.7713171243667603
test_02008,Bipolar,Bipolar,Bipolar,True,True,False,False,both_correct,valid_to_valid,train_00826,aug_train_00989_1,0.7346603870391846,0.7689363956451416
test_02009,Anxiety,Anxiety,Normal,True,False,False,False,noaug_only_correct,valid_to_valid,train_02488,aug_train_00144_1,0.47896626591682434,0.4951927363872528
test_02010,Anxiety,Anxiety,Anxiety,True,True,False,False,both_correct,valid_to_valid,train_00896,aug_train_00762_0,0.44880425930023193,0.49413299560546875
test_02011,Anxiety,Anxiety,Anxiety,True,True,False,False,both_correct,valid_to_valid,train_01263,train_01263,0.6162626147270203,0.6162626147270203
test_02012,Normal,Anxiety,Anxiety,False,False,False,False,both_wrong,valid_to_valid,train_01528,aug_train_01528_1,0.26395267248153687,0.31495392322540283
test_02013,Normal,Normal,Normal,True,True,False,False,both_correct,valid_to_valid,train_01068,train_01068,0.32503747940063477,0.32503756880760193
test_02014,Normal,Normal,Normal,True,True,False,False,both_correct,valid_to_valid,train_00303,aug_train_00303_1,0.46531200408935547,0.524915337562561
test_02015,Anxiety,Anxiety,Anxiety,True,True,False,False,both_correct,valid_to_valid,train_02945,train_02945,0.751102864742279,0.7511030435562134
test_02016,Anxiety,Anxiety,Anxiety,True,True,False,False,both_correct,valid_to_valid,train_02337,train_02337,0.6875602602958679,0.6875602006912231
test_02017,Bipolar,Bipolar,Normal,True,False,False,False,noaug_only_correct,valid_to_valid,train_05706,aug_train_02891_1,0.5997325778007507,0.6228011846542358
test_02018,Normal,Normal,Normal,True,True,False,False,both_correct,valid_to_valid,train_02728,aug_train_03696_1,0.5189368724822998,0.5581177473068237
test_02019,Anxiety,Anxiety,Anxiety,True,True,False,False,both_correct,valid_to_valid,train_02088,train_02088,0.6845627427101135,0.6845628023147583
test_02020,Depression,INVALID,Depression,False,True,True,False,aug_only_correct,invalid_to_valid,train_00558,aug_train_02254_1,0.7219991683959961,0.7453187704086304
test_02021,Normal,Normal,Normal,True,True,False,False,both_correct,valid_to_valid,train_03173,train_03173,0.35391461849212646,0.3539145588874817
test_02022,Normal,Normal,Normal,True,True,False,False,both_correct,valid_to_valid,train_03315,train_03315,0.578215479850769,0.5782153606414795
test_02023,Depression,Depression,INVALID,True,False,False,True,noaug_only_correct,valid_to_invalid,train_01355,aug_train_03588_1,0.6746768951416016,0.6867690086364746
test_02024,Depression,Normal,Normal,False,False,False,False,both_wrong,valid_to_valid,train_03759,aug_train_03759_1,0.4077586829662323,0.4081771671772003
test_02025,Anxiety,Anxiety,Anxiety,True,True,False,False,both_correct,valid_to_valid,train_01053,train_01053,0.7318843007087708,0.7318841218948364
test_02026,Normal,Normal,Normal,True,True,False,False,both_correct,valid_to_valid,train_01983,train_01983,0.4288569688796997,0.4288570284843445
test_02027,Normal,Normal,Normal,True,True,False,False,both_correct,valid_to_valid,train_02612,aug_train_04926_1,0.3281950354576111,0.33049479126930237
test_02028,Normal,Normal,Normal,True,True,False,False,both_correct,valid_to_valid,train_03339,aug_train_03339_0,0.5093625783920288,0.567842960357666
test_02029,Normal,Anxiety,Anxiety,False,False,False,False,both_wrong,valid_to_valid,train_01874,aug_train_01874_1,0.4639506936073303,0.49685055017471313
test_02030,Normal,Normal,Normal,True,True,False,False,both_correct,valid_to_valid,train_01926,train_01926,0.4338030219078064,0.433802992105484
test_02031,Depression,Depression,Depression,True,True,False,False,both_correct,valid_to_valid,train_00854,aug_train_05456_1,0.5518776178359985,0.5618582963943481
test_02032,Depression,Normal,Normal,False,False,False,False,both_wrong,valid_to_valid,train_05511,train_05511,0.6129351854324341,0.6129351854324341
test_02033,Bipolar,INVALID,Bipolar,False,True,True,False,aug_only_correct,invalid_to_valid,train_03700,aug_train_04325_0,0.7166778445243835,0.7486863136291504
test_02034,Bipolar,Bipolar,Bipolar,True,True,False,False,both_correct,valid_to_valid,train_05925,aug_train_05349_1,0.6855225563049316,0.7258493900299072
test_02035,Depression,Anxiety,Anxiety,False,False,False,False,both_wrong,valid_to_valid,train_02891,aug_train_02891_0,0.7164167165756226,0.7312374114990234
test_02036,Bipolar,Bipolar,Bipolar,True,True,False,False,both_correct,valid_to_valid,train_05782,aug_train_01618_0,0.7141585350036621,0.714850664138794
test_02037,Normal,Normal,Normal,True,True,False,False,both_correct,valid_to_valid,train_04530,aug_train_04530_1,0.36579376459121704,0.37260138988494873
test_02038,Depression,Depression,Depression,True,True,False,False,both_correct,valid_to_valid,train_03558,train_03558,0.792307436466217,0.792307436466217
test_02039,Depression,Depression,Depression,True,True,False,False,both_correct,valid_to_valid,train_03794,train_03794,0.6376703977584839,0.6376703977584839
test_02040,Normal,Normal,Normal,True,True,False,False,both_correct,valid_to_valid,train_02506,train_02506,0.3320133686065674,0.3320133686065674
test_02041,Normal,Normal,Normal,True,True,False,False,both_correct,valid_to_valid,train_00200,train_00200,0.43780192732810974,0.4378020167350769
test_02042,Depression,Normal,Normal,False,False,False,False,both_wrong,valid_to_valid,train_05111,train_05111,0.35572317242622375,0.35572317242622375
test_02043,Depression,Anxiety,Anxiety,False,False,False,False,both_wrong,valid_to_valid,train_03374,train_03374,0.48302605748176575,0.4830261468887329
test_02044,Anxiety,Anxiety,Anxiety,True,True,False,False,both_correct,valid_to_valid,train_00865,train_00865,0.7824736833572388,0.7824736833572388
test_02045,Anxiety,Anxiety,Anxiety,True,True,False,False,both_correct,valid_to_valid,train_00120,train_00120,0.6988619565963745,0.6988621354103088
test_02046,Depression,Depression,Depression,True,True,False,False,both_correct,valid_to_valid,train_02774,train_02774,0.5490955710411072,0.549095630645752
test_02047,Depression,Anxiety,Anxiety,False,False,False,False,both_wrong,valid_to_valid,train_01702,aug_train_04794_1,0.5616995692253113,0.5848227739334106
test_02048,Normal,Anxiety,Normal,False,True,False,False,aug_only_correct,valid_to_valid,train_02693,aug_train_02739_0,0.2905535101890564,0.302054226398468
test_02049,Bipolar,Depression,Depression,False,False,False,False,both_wrong,valid_to_valid,train_02074,train_02074,0.7948043346405029,0.7948040962219238
test_02050,Bipolar,Bipolar,Bipolar,True,True,False,False,both_correct,valid_to_valid,train_01569,train_01569,0.839043140411377,0.839043140411377
test_02051,Depression,Depression,Depression,True,True,False,False,both_correct,valid_to_valid,train_04036,train_04036,0.7458943724632263,0.7458942532539368
test_02052,Bipolar,Bipolar,Bipolar,True,True,False,False,both_correct,valid_to_valid,train_03016,aug_train_00564_1,0.7958939075469971,0.8045423030853271
test_02053,Normal,Normal,Normal,True,True,False,False,both_correct,valid_to_valid,train_01442,aug_train_02823_0,0.5175176858901978,0.5457984209060669
test_02054,Bipolar,Bipolar,Bipolar,True,True,False,False,both_correct,valid_to_valid,train_05863,aug_train_05863_0,0.7379918098449707,0.7595241069793701
test_02055,Depression,INVALID,INVALID,False,False,True,True,both_wrong,invalid_to_invalid,train_01071,train_01071,0.5221454501152039,0.5221453309059143
test_02056,Normal,Normal,Anxiety,True,False,False,False,noaug_only_correct,valid_to_valid,train_05414,aug_train_01705_0,0.5261388421058655,0.5929732322692871
test_02057,Normal,Normal,Normal,True,True,False,False,both_correct,valid_to_valid,train_02506,aug_train_03166_1,0.39188525080680847,0.40188032388687134
test_02058,Normal,Anxiety,Anxiety,False,False,False,False,both_wrong,valid_to_valid,train_01288,train_01288,0.5895452499389648,0.5895453691482544
test_02059,Bipolar,Bipolar,Bipolar,True,True,False,False,both_correct,valid_to_valid,train_05627,train_05627,0.7673393487930298,0.7673393487930298
test_02060,Depression,Bipolar,Anxiety,False,False,False,False,both_wrong,valid_to_valid,train_00805,aug_train_04459_0,0.6946014165878296,0.7079966068267822
test_02061,Bipolar,Bipolar,Bipolar,True,True,False,False,both_correct,valid_to_valid,train_03743,train_03743,0.7166441679000854,0.7166441679000854
test_02062,Bipolar,Depression,Anxiety,False,False,False,False,both_wrong,valid_to_valid,train_05701,aug_train_01936_0,0.5618030428886414,0.5675575137138367
test_02063,Bipolar,Anxiety,Depression,False,False,False,False,both_wrong,valid_to_valid,train_04928,aug_train_05840_0,0.6343785524368286,0.6608637571334839
test_02064,Anxiety,Anxiety,Anxiety,True,True,False,False,both_correct,valid_to_valid,train_00799,aug_train_02668_0,0.3829118013381958,0.39564794301986694
test_02065,Anxiety,Bipolar,Bipolar,False,False,False,False,both_wrong,valid_to_valid,train_00413,train_00413,0.5515848994255066,0.5515848398208618
test_02066,Anxiety,Anxiety,Anxiety,True,True,False,False,both_correct,valid_to_valid,train_00766,train_00766,0.6776293516159058,0.6776294708251953
test_02067,Anxiety,Anxiety,Anxiety,True,True,False,False,both_correct,valid_to_valid,train_00464,train_00464,0.6728681921958923,0.6728682518005371
test_02068,Bipolar,Bipolar,Bipolar,True,True,False,False,both_correct,valid_to_valid,train_05727,aug_train_05727_1,0.8495209217071533,0.8555581569671631
test_02069,Depression,Depression,Bipolar,True,False,False,False,noaug_only_correct,valid_to_valid,train_03469,aug_train_05380_1,0.7443915605545044,0.7614065408706665
test_02070,Anxiety,Anxiety,Anxiety,True,True,False,False,both_correct,valid_to_valid,train_04024,aug_train_04024_0,0.5826661586761475,0.6559213399887085
test_02071,Depression,Bipolar,Bipolar,False,False,False,False,both_wrong,valid_to_valid,train_01163,train_01163,0.655329704284668,0.655329704284668
test_02072,Anxiety,Anxiety,Anxiety,True,True,False,False,both_correct,valid_to_valid,train_02794,train_02794,0.749361515045166,0.749361515045166
test_02073,Bipolar,Bipolar,Bipolar,True,True,False,False,both_correct,valid_to_valid,train_01569,train_01569,0.8528315424919128,0.8528313636779785
test_02074,Bipolar,Bipolar,Bipolar,True,True,False,False,both_correct,valid_to_valid,train_00963,train_00963,0.7207953333854675,0.720795214176178
test_02075,Depression,Anxiety,Anxiety,False,False,False,False,both_wrong,valid_to_valid,train_02576,train_02576,0.48798269033432007,0.48798277974128723
test_02076,Depression,Depression,Depression,True,True,False,False,both_correct,valid_to_valid,train_00277,train_00277,0.7945225238800049,0.7945224046707153
test_02077,Normal,Normal,Normal,True,True,False,False,both_correct,valid_to_valid,train_02379,train_02379,0.3838854134082794,0.38388538360595703
test_02078,Depression,Bipolar,Bipolar,False,False,False,False,both_wrong,valid_to_valid,train_05990,train_05990,0.7052391767501831,0.7052391767501831
test_02079,Anxiety,Anxiety,Anxiety,True,True,False,False,both_correct,valid_to_valid,train_02958,train_02958,0.7024997472763062,0.7024999856948853
test_02080,Bipolar,Depression,Depression,False,False,False,False,both_wrong,valid_to_valid,train_04437,train_04437,0.7758615016937256,0.7758615016937256
test_02081,Anxiety,Anxiety,Anxiety,True,True,False,False,both_correct,valid_to_valid,train_04149,train_04149,0.6547779440879822,0.6547781229019165
test_02082,Depression,Depression,Depression,True,True,False,False,both_correct,valid_to_valid,train_04086,aug_train_04086_0,0.5222213268280029,0.5383516550064087
test_02083,Normal,Normal,Normal,True,True,False,False,both_correct,valid_to_valid,train_02487,aug_train_00303_1,0.20489993691444397,0.30797243118286133
test_02084,Bipolar,Anxiety,Anxiety,False,False,False,False,both_wrong,valid_to_valid,train_02696,train_02696,0.6591277122497559,0.6591277718544006
test_02085,Depression,Bipolar,Bipolar,False,False,False,False,both_wrong,valid_to_valid,train_05216,train_05216,0.611706554889679,0.611706554889679
test_02086,Anxiety,Bipolar,Bipolar,False,False,False,False,both_wrong,valid_to_valid,train_02960,train_02960,0.6210954189300537,0.6210955381393433
test_02087,Anxiety,Anxiety,Anxiety,True,True,False,False,both_correct,valid_to_valid,train_04246,aug_train_04246_1,0.7534140348434448,0.7732702493667603
test_02088,Depression,Bipolar,Bipolar,False,False,False,False,both_wrong,valid_to_valid,train_00628,aug_train_00510_0,0.758345901966095,0.786476731300354
test_02089,Depression,INVALID,INVALID,False,False,True,True,both_wrong,invalid_to_invalid,train_04932,train_04932,0.6606552600860596,0.6606550812721252
test_02090,Depression,INVALID,INVALID,False,False,True,True,both_wrong,invalid_to_invalid,train_05655,train_05655,0.6058393120765686,0.6058391332626343
test_02091,Bipolar,Bipolar,Bipolar,True,True,False,False,both_correct,valid_to_valid,train_03055,aug_train_03055_0,0.8147770166397095,0.8520541191101074
test_02092,Anxiety,Anxiety,Anxiety,True,True,False,False,both_correct,valid_to_valid,train_05165,train_05165,0.7513944506645203,0.7513943314552307
test_02093,Anxiety,Anxiety,Anxiety,True,True,False,False,both_correct,valid_to_valid,train_05266,aug_train_01341_1,0.7451448440551758,0.7642198801040649
test_02094,Depression,INVALID,INVALID,False,False,True,True,both_wrong,invalid_to_invalid,train_01789,train_01789,0.530400276184082,0.530400276184082
test_02095,Normal,Normal,Normal,True,True,False,False,both_correct,valid_to_valid,train_00524,train_00524,0.5308358669281006,0.5308358669281006
test_02096,Anxiety,Anxiety,Anxiety,True,True,False,False,both_correct,valid_to_valid,train_00399,aug_train_04743_0,0.7682968974113464,0.7803530693054199
test_02097,Bipolar,INVALID,INVALID,False,False,True,True,both_wrong,invalid_to_invalid,train_00305,train_00305,0.5668643712997437,0.5668644905090332
test_02098,Bipolar,Bipolar,Bipolar,True,True,False,False,both_correct,valid_to_valid,train_02815,aug_train_03163_1,0.8154846429824829,0.8478515148162842
test_02099,Anxiety,Anxiety,Anxiety,True,True,False,False,both_correct,valid_to_valid,train_01377,aug_train_05420_0,0.646902322769165,0.6895136833190918
test_02100,Depression,Depression,Depression,True,True,False,False,both_correct,valid_to_valid,train_02616,train_02616,0.7374716997146606,0.7374715805053711
test_02101,Depression,Depression,Depression,True,True,False,False,both_correct,valid_to_valid,train_00317,train_00317,0.5197774171829224,0.5197774171829224
test_02102,Normal,Normal,Normal,True,True,False,False,both_correct,valid_to_valid,train_04977,aug_train_04977_1,0.48834580183029175,0.5205634236335754
test_02103,Bipolar,Bipolar,Bipolar,True,True,False,False,both_correct,valid_to_valid,train_01718,aug_train_04383_1,0.7072228193283081,0.7196812629699707
test_02104,Depression,Depression,Depression,True,True,False,False,both_correct,valid_to_valid,train_04901,aug_train_04901_0,0.6406952142715454,0.6814988255500793
test_02105,Normal,Normal,Normal,True,True,False,False,both_correct,valid_to_valid,train_01389,train_01389,0.37553465366363525,0.37553465366363525
test_02106,Normal,Normal,Normal,True,True,False,False,both_correct,valid_to_valid,train_05980,train_05980,0.4866330623626709,0.4866331219673157
test_02107,Normal,Normal,Normal,True,True,False,False,both_correct,valid_to_valid,train_01487,train_01487,0.6310706734657288,0.6310708522796631
test_02108,Anxiety,Anxiety,Normal,True,False,False,False,noaug_only_correct,valid_to_valid,train_01749,aug_train_00279_0,0.5702401399612427,0.6083551049232483
test_02109,Normal,Normal,Normal,True,True,False,False,both_correct,valid_to_valid,train_05696,aug_train_00270_0,0.5133281946182251,0.6020707488059998
test_02110,Depression,Depression,Depression,True,True,False,False,both_correct,valid_to_valid,train_04244,train_04244,0.7870124578475952,0.7870123386383057
test_02111,Anxiety,Anxiety,Anxiety,True,True,False,False,both_correct,valid_to_valid,train_01685,train_01685,0.4853616952896118,0.4853617548942566
test_02112,Anxiety,Anxiety,Anxiety,True,True,False,False,both_correct,valid_to_valid,train_00042,train_00042,0.6818877458572388,0.6818878650665283
test_02113,Anxiety,Anxiety,Anxiety,True,True,False,False,both_correct,valid_to_valid,train_00397,aug_train_04326_0,0.7468977570533752,0.7896919250488281
test_02114,Depression,Bipolar,Bipolar,False,False,False,False,both_wrong,valid_to_valid,train_04630,train_04630,0.6731986999511719,0.6731985807418823
test_02115,Anxiety,Anxiety,Anxiety,True,True,False,False,both_correct,valid_to_valid,train_05018,aug_train_02195_0,0.6695547103881836,0.7263765335083008
test_02116,Normal,Anxiety,Bipolar,False,False,False,False,both_wrong,valid_to_valid,train_01714,aug_train_04670_1,0.3891043961048126,0.40871384739875793
test_02117,Anxiety,Anxiety,Anxiety,True,True,False,False,both_correct,valid_to_valid,train_04024,train_04024,0.5709090232849121,0.5709090232849121
test_02118,Depression,Depression,Depression,True,True,False,False,both_correct,valid_to_valid,train_05081,train_05081,0.6303355097770691,0.6303355097770691
test_02119,Bipolar,Bipolar,Bipolar,True,True,False,False,both_correct,valid_to_valid,train_05740,aug_train_01535_1,0.762451708316803,0.7654979228973389
test_02120,Anxiety,Anxiety,Anxiety,True,True,False,False,both_correct,valid_to_valid,train_05594,train_05594,0.6775954961776733,0.6775956153869629
test_02121,Bipolar,Anxiety,Anxiety,False,False,False,False,both_wrong,valid_to_valid,train_01852,aug_train_01852_0,0.6035104990005493,0.6273642778396606
test_02122,Normal,Normal,Normal,True,True,False,False,both_correct,valid_to_valid,train_03165,aug_train_03165_1,0.41562139987945557,0.42975902557373047
test_02123,Normal,Normal,Normal,True,True,False,False,both_correct,valid_to_valid,train_03664,train_03664,0.4729146957397461,0.47291475534439087
test_02124,Bipolar,Anxiety,Bipolar,False,True,False,False,aug_only_correct,valid_to_valid,train_01735,aug_train_05129_1,0.499766081571579,0.5338867902755737
test_02125,Normal,Normal,Normal,True,True,False,False,both_correct,valid_to_valid,train_05363,train_05363,0.3381080627441406,0.3381080627441406
test_02126,Anxiety,Anxiety,Anxiety,True,True,False,False,both_correct,valid_to_valid,train_01747,train_01747,0.6765549182891846,0.676554799079895
test_02127,Normal,Anxiety,Anxiety,False,False,False,False,both_wrong,valid_to_valid,train_02085,aug_train_02751_0,0.4712846279144287,0.5392497777938843
test_02128,Depression,Bipolar,Anxiety,False,False,False,False,both_wrong,valid_to_valid,train_04701,aug_train_02319_1,0.6302759647369385,0.6984208822250366
test_02129,Bipolar,Bipolar,Bipolar,True,True,False,False,both_correct,valid_to_valid,train_01310,train_01310,0.7234865427017212,0.7234865427017212
test_02130,Depression,Depression,Depression,True,True,False,False,both_correct,valid_to_valid,train_01925,train_01925,0.7095232009887695,0.7095232605934143
test_02131,Anxiety,Anxiety,Anxiety,True,True,False,False,both_correct,valid_to_valid,train_02735,aug_train_02735_0,0.7065182328224182,0.7269495129585266
test_02132,Depression,INVALID,Anxiety,False,False,True,False,both_wrong,invalid_to_valid,train_01153,aug_train_01841_1,0.5917116403579712,0.7046895027160645
test_02133,Bipolar,Bipolar,Bipolar,True,True,False,False,both_correct,valid_to_valid,train_05993,aug_train_00232_1,0.7398143410682678,0.7476550936698914
test_02134,Bipolar,Bipolar,Bipolar,True,True,False,False,both_correct,valid_to_valid,train_01557,train_01557,0.8272808790206909,0.8272809982299805
test_02135,Normal,Normal,Normal,True,True,False,False,both_correct,valid_to_valid,train_02875,aug_train_02875_1,0.32537218928337097,0.3623240888118744
test_02136,Depression,Bipolar,Bipolar,False,False,False,False,both_wrong,valid_to_valid,train_00495,train_00495,0.6238824725151062,0.6238824129104614
test_02137,Anxiety,Anxiety,Anxiety,True,True,False,False,both_correct,valid_to_valid,train_05691,aug_train_00086_1,0.49879908561706543,0.5048505663871765
test_02138,Bipolar,Bipolar,Bipolar,True,True,False,False,both_correct,valid_to_valid,train_05485,aug_train_05485_0,0.5916322469711304,0.6445891857147217
test_02139,Depression,Anxiety,Anxiety,False,False,False,False,both_wrong,valid_to_valid,train_00775,train_00775,0.6110619306564331,0.6110620498657227
test_02140,Bipolar,Bipolar,Bipolar,True,True,False,False,both_correct,valid_to_valid,train_05981,train_05981,0.6499614715576172,0.6499614715576172
test_02141,Bipolar,Bipolar,Bipolar,True,True,False,False,both_correct,valid_to_valid,train_05852,train_05852,0.6777534484863281,0.6777535676956177
test_02142,Bipolar,Depression,Bipolar,False,True,False,False,aug_only_correct,valid_to_valid,train_03912,aug_train_04325_0,0.6828016042709351,0.7214102149009705
test_02143,Depression,Anxiety,Anxiety,False,False,False,False,both_wrong,valid_to_valid,train_00706,aug_train_05420_0,0.6376525163650513,0.6487342119216919
test_02144,Depression,Depression,Depression,True,True,False,False,both_correct,valid_to_valid,train_02308,train_02308,0.7764160633087158,0.7764160633087158
test_02145,Bipolar,Depression,Depression,False,False,False,False,both_wrong,valid_to_valid,train_05377,aug_train_03146_0,0.4973614811897278,0.5183374881744385
test_02146,Anxiety,Anxiety,Anxiety,True,True,False,False,both_correct,valid_to_valid,train_03890,aug_train_03890_1,0.7216379642486572,0.7253410816192627
test_02147,Bipolar,Bipolar,Bipolar,True,True,False,False,both_correct,valid_to_valid,train_04241,aug_train_02450_1,0.7023261785507202,0.7040601968765259
test_02148,Normal,Normal,Normal,True,True,False,False,both_correct,valid_to_valid,train_01546,aug_train_01890_1,0.304501473903656,0.3493850827217102
test_02149,Anxiety,Anxiety,Anxiety,True,True,False,False,both_correct,valid_to_valid,train_05608,train_05608,0.6622869968414307,0.6622869968414307
test_02150,Anxiety,Anxiety,Anxiety,True,True,False,False,both_correct,valid_to_valid,train_02481,aug_train_02481_1,0.6817713975906372,0.6959472894668579
test_02151,Depression,Depression,Depression,True,True,False,False,both_correct,valid_to_valid,train_02444,train_02444,0.6278544664382935,0.6278542280197144
test_02152,Bipolar,Bipolar,Bipolar,True,True,False,False,both_correct,valid_to_valid,train_00391,aug_train_00485_0,0.7989187240600586,0.8292875289916992
test_02153,Depression,Normal,Depression,False,True,False,False,aug_only_correct,valid_to_valid,train_02563,train_02563,0.6888061165809631,0.6888061761856079
test_02154,Anxiety,Anxiety,Anxiety,True,True,False,False,both_correct,valid_to_valid,train_04182,aug_train_02856_0,0.7809710502624512,0.7831954956054688
test_02155,Bipolar,Bipolar,Bipolar,True,True,False,False,both_correct,valid_to_valid,train_04473,aug_train_05825_0,0.8250976800918579,0.8253151178359985
test_02156,Bipolar,Bipolar,Bipolar,True,True,False,False,both_correct,valid_to_valid,train_01128,train_01128,0.6384795904159546,0.6384798288345337
test_02157,Depression,Depression,Depression,True,True,False,False,both_correct,valid_to_valid,train_03218,train_03218,0.6070347428321838,0.6070345640182495
test_02158,Normal,Depression,Depression,False,False,False,False,both_wrong,valid_to_valid,train_01317,train_01317,0.3960181474685669,0.39601820707321167
test_02159,Normal,Normal,Normal,True,True,False,False,both_correct,valid_to_valid,train_03434,train_03434,0.44824379682540894,0.44824379682540894
test_02160,Bipolar,Bipolar,Bipolar,True,True,False,False,both_correct,valid_to_valid,train_04172,aug_train_04172_1,0.7119908928871155,0.7563546895980835
test_02161,Anxiety,Anxiety,Anxiety,True,True,False,False,both_correct,valid_to_valid,train_01323,train_01323,0.5283304452896118,0.5283305048942566
test_02162,Anxiety,Anxiety,Anxiety,True,True,False,False,both_correct,valid_to_valid,train_04720,train_04720,0.8351238369941711,0.8351237773895264
test_02163,Anxiety,Depression,Depression,False,False,False,False,both_wrong,valid_to_valid,train_00952,aug_train_00952_0,0.6274803876876831,0.6856540441513062
test_02164,Bipolar,Bipolar,Bipolar,True,True,False,False,both_correct,valid_to_valid,train_05556,aug_train_05556_1,0.7960187196731567,0.8446650505065918
test_02165,Anxiety,Anxiety,Anxiety,True,True,False,False,both_correct,valid_to_valid,train_04107,aug_train_01684_0,0.736096203327179,0.7396422028541565
test_02166,Anxiety,Anxiety,Anxiety,True,True,False,False,both_correct,valid_to_valid,train_03691,train_03691,0.8226150274276733,0.8226152658462524
test_02167,Normal,Anxiety,Anxiety,False,False,False,False,both_wrong,valid_to_valid,train_02766,train_02766,0.45415425300598145,0.4541541039943695
test_02168,Depression,Normal,Normal,False,False,False,False,both_wrong,valid_to_valid,train_00647,train_00647,0.4250645935535431,0.42506474256515503
test_02169,Depression,Depression,Depression,True,True,False,False,both_correct,valid_to_valid,train_00660,aug_train_02996_0,0.6622806191444397,0.7007286548614502
test_02170,Bipolar,Bipolar,Bipolar,True,True,False,False,both_correct,valid_to_valid,train_01778,train_01778,0.6855729818344116,0.6855729818344116
test_02171,Normal,Normal,Normal,True,True,False,False,both_correct,valid_to_valid,train_01209,train_01209,0.6026514172554016,0.6026514768600464
test_02172,Normal,Normal,Normal,True,True,False,False,both_correct,valid_to_valid,train_04865,aug_train_03917_0,0.3025006949901581,0.3193283975124359
test_02173,Bipolar,Bipolar,Bipolar,True,True,False,False,both_correct,valid_to_valid,train_01558,aug_train_01128_1,0.6490553617477417,0.6866819858551025
test_02174,Normal,Normal,Normal,True,True,False,False,both_correct,valid_to_valid,train_01137,train_01137,0.36070817708969116,0.36070823669433594
test_02175,Anxiety,Anxiety,Anxiety,True,True,False,False,both_correct,valid_to_valid,train_04986,aug_train_04986_0,0.5405437350273132,0.5484120845794678
test_02176,Anxiety,Anxiety,Anxiety,True,True,False,False,both_correct,valid_to_valid,train_00397,aug_train_02876_1,0.7251269817352295,0.7416737079620361
test_02177,Depression,Depression,Depression,True,True,False,False,both_correct,valid_to_valid,train_00069,train_00069,0.45700544118881226,0.45700550079345703
test_02178,Bipolar,Bipolar,Bipolar,True,True,False,False,both_correct,valid_to_valid,train_05494,aug_train_03701_1,0.6557830572128296,0.6921229362487793
test_02179,Depression,INVALID,INVALID,False,False,True,True,both_wrong,invalid_to_invalid,train_01455,train_01455,0.43512749671936035,0.4351275563240051
test_02180,Normal,Anxiety,Anxiety,False,False,False,False,both_wrong,valid_to_valid,train_03673,aug_train_03673_0,0.3822478950023651,0.4246242642402649
test_02181,Depression,INVALID,INVALID,False,False,True,True,both_wrong,invalid_to_invalid,train_04658,train_04658,0.5058988928794861,0.5058989524841309
test_02182,Anxiety,Anxiety,Anxiety,True,True,False,False,both_correct,valid_to_valid,train_00059,aug_train_01992_0,0.4498426914215088,0.5911568999290466
test_02183,Normal,Normal,Normal,True,True,False,False,both_correct,valid_to_valid,train_01233,train_01233,0.409697949886322,0.4096980094909668
test_02184,Depression,INVALID,INVALID,False,False,True,True,both_wrong,invalid_to_invalid,train_05783,train_05783,0.6603533029556274,0.6603534817695618
test_02185,Bipolar,Bipolar,Bipolar,True,True,False,False,both_correct,valid_to_valid,train_00963,train_00963,0.6640884876251221,0.6640884876251221
test_02186,Normal,Normal,Normal,True,True,False,False,both_correct,valid_to_valid,train_04441,train_04441,0.5241053104400635,0.5241052508354187
test_02187,Bipolar,Bipolar,Bipolar,True,True,False,False,both_correct,valid_to_valid,train_04807,aug_train_01310_1,0.700329065322876,0.7259188890457153
test_02188,Depression,INVALID,INVALID,False,False,True,True,both_wrong,invalid_to_invalid,train_03685,train_03685,0.6482898592948914,0.6482899188995361
test_02189,Bipolar,Normal,Normal,False,False,False,False,both_wrong,valid_to_valid,train_03486,aug_train_03486_0,0.5875219106674194,0.6108657121658325
test_02190,Depression,Depression,Depression,True,True,False,False,both_correct,valid_to_valid,train_05179,train_05179,0.7608470916748047,0.7608469724655151
test_02191,Anxiety,Anxiety,Anxiety,True,True,False,False,both_correct,valid_to_valid,train_02542,train_02542,0.621131420135498,0.6211315393447876
test_02192,Anxiety,Anxiety,Anxiety,True,True,False,False,both_correct,valid_to_valid,train_01135,aug_train_02637_0,0.6582018733024597,0.6855751276016235
test_02193,Depression,Depression,Depression,True,True,False,False,both_correct,valid_to_valid,train_04252,train_04252,0.6425302028656006,0.6425302624702454
test_02194,Bipolar,Bipolar,Bipolar,True,True,False,False,both_correct,valid_to_valid,train_01557,train_01557,0.6771765947341919,0.6771764755249023
test_02195,Anxiety,Anxiety,Anxiety,True,True,False,False,both_correct,valid_to_valid,train_05043,train_05043,0.7074786424636841,0.7074785232543945
test_02196,Bipolar,Bipolar,Bipolar,True,True,False,False,both_correct,valid_to_valid,train_02292,aug_train_02292_1,0.7585217356681824,0.7821542620658875
test_02197,Normal,Anxiety,Anxiety,False,False,False,False,both_wrong,valid_to_valid,train_01749,aug_train_04928_1,0.5606129169464111,0.5717647671699524
test_02198,Anxiety,Anxiety,Anxiety,True,True,False,False,both_correct,valid_to_valid,train_05199,aug_train_00830_0,0.6317415833473206,0.673707127571106
test_02199,Bipolar,Bipolar,Bipolar,True,True,False,False,both_correct,valid_to_valid,train_05615,aug_train_01021_1,0.6781519651412964,0.6876182556152344
test_02200,Anxiety,Anxiety,Anxiety,True,True,False,False,both_correct,valid_to_valid,train_01060,train_01060,0.6999642848968506,0.6999642848968506
test_02201,Bipolar,Bipolar,Bipolar,True,True,False,False,both_correct,valid_to_valid,train_02596,aug_train_05302_0,0.663732647895813,0.7507538795471191
test_02202,Anxiety,Anxiety,Anxiety,True,True,False,False,both_correct,valid_to_valid,train_02337,train_02337,0.6548135280609131,0.654813289642334
test_02203,Normal,Anxiety,Anxiety,False,False,False,False,both_wrong,valid_to_valid,train_01967,train_01967,0.2777768075466156,0.2777768075466156
test_02204,Depression,INVALID,INVALID,False,False,True,True,both_wrong,invalid_to_invalid,train_05353,train_05353,0.5543701648712158,0.5543700456619263
test_02205,Normal,Anxiety,Anxiety,False,False,False,False,both_wrong,valid_to_valid,train_04235,train_04235,0.6088774800300598,0.6088773608207703
test_02206,Normal,Normal,Normal,True,True,False,False,both_correct,valid_to_valid,train_05720,train_05720,0.4448143243789673,0.44481420516967773
test_02207,Normal,Normal,Normal,True,True,False,False,both_correct,valid_to_valid,train_05835,train_05835,0.5576009750366211,0.5576009750366211
test_02208,Normal,Normal,Anxiety,True,False,False,False,noaug_only_correct,valid_to_valid,train_02453,aug_train_02766_1,0.5035555362701416,0.5275137424468994
test_02209,Normal,Normal,Normal,True,True,False,False,both_correct,valid_to_valid,train_03140,train_03140,0.6166503429412842,0.6166502833366394
test_02210,Anxiety,Anxiety,Bipolar,True,False,False,False,noaug_only_correct,valid_to_valid,train_00111,aug_train_00111_1,0.6061544418334961,0.6716825366020203
test_02211,Bipolar,Bipolar,Bipolar,True,True,False,False,both_correct,valid_to_valid,train_02260,aug_train_02180_1,0.5673955678939819,0.640590250492096
test_02212,Bipolar,Bipolar,Bipolar,True,True,False,False,both_correct,valid_to_valid,train_04249,train_04249,0.6634851098060608,0.663485050201416
test_02213,Normal,Normal,Normal,True,True,False,False,both_correct,valid_to_valid,train_05741,train_05741,0.37618112564086914,0.37618112564086914
test_02214,Bipolar,Bipolar,Bipolar,True,True,False,False,both_correct,valid_to_valid,train_03082,aug_train_03082_1,0.7583916187286377,0.81120365858078
test_02215,Depression,Depression,Depression,True,True,False,False,both_correct,valid_to_valid,train_05506,train_05506,0.6251198053359985,0.6251199245452881
test_02216,Normal,Depression,Depression,False,False,False,False,both_wrong,valid_to_valid,train_01131,aug_train_01131_1,0.29493942856788635,0.3324284553527832
test_02217,Bipolar,Bipolar,Bipolar,True,True,False,False,both_correct,valid_to_valid,train_00368,aug_train_03366_0,0.7708031535148621,0.7761334180831909
test_02218,Anxiety,Anxiety,Anxiety,True,True,False,False,both_correct,valid_to_valid,train_00655,train_00655,0.5522948503494263,0.552294909954071
test_02219,Anxiety,Anxiety,Anxiety,True,True,False,False,both_correct,valid_to_valid,train_01268,train_01268,0.6257930397987366,0.6257929801940918
test_02220,Depression,Depression,Depression,True,True,False,False,both_correct,valid_to_valid,train_00887,train_00887,0.7152776718139648,0.7152777314186096
test_02221,Anxiety,Anxiety,Anxiety,True,True,False,False,both_correct,valid_to_valid,train_00602,train_00602,0.7367451786994934,0.7367452383041382
test_02222,Depression,Depression,Depression,True,True,False,False,both_correct,valid_to_valid,train_00033,train_00033,0.7021478414535522,0.7021478414535522
test_02223,Normal,Normal,Normal,True,True,False,False,both_correct,valid_to_valid,train_01104,aug_train_00736_1,0.3193556070327759,0.3632621765136719
test_02224,Depression,Depression,Depression,True,True,False,False,both_correct,valid_to_valid,train_03788,train_03788,0.6776806712150574,0.6776806116104126
test_02225,Bipolar,Bipolar,Bipolar,True,True,False,False,both_correct,valid_to_valid,train_02985,aug_train_05864_0,0.6374087333679199,0.6716704368591309
test_02226,Depression,INVALID,INVALID,False,False,True,True,both_wrong,invalid_to_invalid,train_04866,aug_train_00383_0,0.5207227468490601,0.5483274459838867
test_02227,Anxiety,Anxiety,Anxiety,True,True,False,False,both_correct,valid_to_valid,train_04031,train_04031,0.6725224256515503,0.6725225448608398
test_02228,Depression,Depression,Depression,True,True,False,False,both_correct,valid_to_valid,train_05180,train_05180,0.5176818370819092,0.5176818370819092
test_02229,Anxiety,Anxiety,Anxiety,True,True,False,False,both_correct,valid_to_valid,train_04651,aug_train_01822_0,0.5289866328239441,0.5349026918411255
test_02230,Normal,Normal,Normal,True,True,False,False,both_correct,valid_to_valid,train_01560,aug_train_00812_1,0.38490355014801025,0.4035951495170593
test_02231,Bipolar,Bipolar,Bipolar,True,True,False,False,both_correct,valid_to_valid,train_03776,train_03776,0.7972503900527954,0.7972503304481506
test_02232,Normal,Anxiety,Anxiety,False,False,False,False,both_wrong,valid_to_valid,train_05060,aug_train_05060_0,0.3902472257614136,0.4553455710411072
test_02233,Bipolar,Bipolar,Bipolar,True,True,False,False,both_correct,valid_to_valid,train_04836,train_04836,0.8558416962623596,0.8558416366577148
test_02234,Normal,Normal,Normal,True,True,False,False,both_correct,valid_to_valid,train_03322,train_03322,0.5021026730537415,0.502102792263031
test_02235,Normal,Normal,Normal,True,True,False,False,both_correct,valid_to_valid,train_05508,train_05508,0.7481998205184937,0.7481997609138489
test_02236,Anxiety,Anxiety,Anxiety,True,True,False,False,both_correct,valid_to_valid,train_03520,aug_train_01797_1,0.6801407337188721,0.691054105758667
test_02237,Depression,Depression,Bipolar,True,False,False,False,noaug_only_correct,valid_to_valid,train_00609,aug_train_00102_1,0.5518063306808472,0.5843050479888916
test_02238,Anxiety,Anxiety,Depression,True,False,False,False,noaug_only_correct,valid_to_valid,train_05136,aug_train_05179_0,0.5426619052886963,0.6090946197509766
test_02239,Anxiety,Normal,Normal,False,False,False,False,both_wrong,valid_to_valid,train_03522,train_03522,0.4358745515346527,0.4358745813369751
test_02240,Normal,Normal,Normal,True,True,False,False,both_correct,valid_to_valid,train_02487,aug_train_04067_1,0.367073655128479,0.4276459217071533
test_02241,Depression,Depression,Depression,True,True,False,False,both_correct,valid_to_valid,train_03056,train_03056,0.5347672700881958,0.5347673892974854
test_02242,Depression,Depression,Depression,True,True,False,False,both_correct,valid_to_valid,train_02270,train_02270,0.7469824552536011,0.7469825744628906
test_02243,Bipolar,Bipolar,Bipolar,True,True,False,False,both_correct,valid_to_valid,train_05621,aug_train_02082_0,0.698695719242096,0.705553412437439
test_02244,Bipolar,INVALID,INVALID,False,False,True,True,both_wrong,invalid_to_invalid,train_01001,train_01001,0.8212058544158936,0.8212058544158936
test_02245,Normal,Normal,Normal,True,True,False,False,both_correct,valid_to_valid,train_02486,train_02486,0.5182901620864868,0.5182901620864868
test_02246,Normal,Anxiety,Anxiety,False,False,False,False,both_wrong,valid_to_valid,train_00120,train_00120,0.6622409820556641,0.6622412204742432
test_02247,Depression,Anxiety,Anxiety,False,False,False,False,both_wrong,valid_to_valid,train_04483,train_04483,0.7368278503417969,0.7368277311325073
test_02248,Bipolar,Bipolar,Bipolar,True,True,False,False,both_correct,valid_to_valid,train_01169,train_01169,0.8119841814041138,0.8119841814041138
test_02249,Depression,Depression,Depression,True,True,False,False,both_correct,valid_to_valid,train_03194,train_03194,0.6215301752090454,0.621530294418335
test_02250,Normal,Normal,Normal,True,True,False,False,both_correct,valid_to_valid,train_01892,train_01892,0.3164430260658264,0.3164430260658264
test_02251,Normal,Normal,Normal,True,True,False,False,both_correct,valid_to_valid,train_02244,aug_train_02244_0,0.43422240018844604,0.45048338174819946
test_02252,Anxiety,Anxiety,Anxiety,True,True,False,False,both_correct,valid_to_valid,train_01617,train_01617,0.695746660232544,0.695746660232544
test_02253,Normal,INVALID,Depression,False,False,True,False,both_wrong,invalid_to_valid,train_00151,aug_train_04965_1,0.3813783526420593,0.4104461967945099
test_02254,Bipolar,Bipolar,Bipolar,True,True,False,False,both_correct,valid_to_valid,train_05494,aug_train_05494_0,0.6905138492584229,0.7051931619644165
test_02255,Anxiety,Anxiety,Anxiety,True,True,False,False,both_correct,valid_to_valid,train_03194,aug_train_02951_1,0.6069854497909546,0.6332567930221558
test_02256,Depression,Depression,Depression,True,True,False,False,both_correct,valid_to_valid,train_01570,train_01570,0.7755532264709473,0.7755533456802368
test_02257,Anxiety,Anxiety,Anxiety,True,True,False,False,both_correct,valid_to_valid,train_03032,train_03032,0.7133429646492004,0.7133430242538452
test_02258,Normal,Normal,Normal,True,True,False,False,both_correct,valid_to_valid,train_03165,train_03165,0.44534561038017273,0.4453456401824951
test_02259,Depression,Depression,Depression,True,True,False,False,both_correct,valid_to_valid,train_00169,train_00169,0.5356128215789795,0.535612940788269
test_02260,Depression,Depression,Depression,True,True,False,False,both_correct,valid_to_valid,train_02876,train_02876,0.7155414819717407,0.7155417203903198
test_02261,Bipolar,Bipolar,Bipolar,True,True,False,False,both_correct,valid_to_valid,train_04717,aug_train_03125_0,0.719099760055542,0.7788125276565552
test_02262,Bipolar,Bipolar,Anxiety,True,False,False,False,noaug_only_correct,valid_to_valid,train_02802,aug_train_05703_0,0.4240185618400574,0.43269479274749756
test_02263,Bipolar,Bipolar,Bipolar,True,True,False,False,both_correct,valid_to_valid,train_00639,aug_train_03906_1,0.635593593120575,0.6423569917678833
test_02264,Depression,Bipolar,Bipolar,False,False,False,False,both_wrong,valid_to_valid,train_03560,train_03560,0.48474401235580444,0.484744131565094
test_02265,Bipolar,Bipolar,Bipolar,True,True,False,False,both_correct,valid_to_valid,train_03988,aug_train_05627_1,0.6493765711784363,0.7305382490158081
test_02266,Bipolar,Bipolar,Bipolar,True,True,False,False,both_correct,valid_to_valid,train_02957,train_02957,0.8184977769851685,0.8184976577758789
test_02267,Bipolar,Bipolar,Bipolar,True,True,False,False,both_correct,valid_to_valid,train_05656,train_05656,0.6574822664260864,0.6574822664260864
test_02268,Depression,Normal,Anxiety,False,False,False,False,both_wrong,valid_to_valid,train_05305,aug_train_04266_0,0.5749501585960388,0.594750165939331
test_02269,Depression,Depression,Depression,True,True,False,False,both_correct,valid_to_valid,train_05459,aug_train_05459_1,0.640700101852417,0.6601942777633667
test_02270,Anxiety,Anxiety,Anxiety,True,True,False,False,both_correct,valid_to_valid,train_00237,train_00237,0.6935242414474487,0.6935243606567383
test_02271,Bipolar,Bipolar,Bipolar,True,True,False,False,both_correct,valid_to_valid,train_02946,aug_train_00697_1,0.682253897190094,0.7145796418190002
test_02272,Anxiety,Anxiety,Anxiety,True,True,False,False,both_correct,valid_to_valid,train_01405,train_01405,0.5145061016082764,0.5145061016082764
test_02273,Normal,Normal,Normal,True,True,False,False,both_correct,valid_to_valid,train_04707,train_04707,0.40589287877082825,0.4058929681777954
test_02274,Depression,Bipolar,Anxiety,False,False,False,False,both_wrong,valid_to_valid,train_04336,aug_train_03238_0,0.6755577325820923,0.7146567106246948
test_02275,Anxiety,Anxiety,Anxiety,True,True,False,False,both_correct,valid_to_valid,train_01557,train_01557,0.7902374267578125,0.790237307548523
test_02276,Depression,Depression,Depression,True,True,False,False,both_correct,valid_to_valid,train_01843,train_01843,0.6686825752258301,0.6686825752258301
test_02277,Normal,Normal,Bipolar,True,False,False,False,noaug_only_correct,valid_to_valid,train_01788,aug_train_01801_0,0.42549043893814087,0.4920893609523773
test_02278,Depression,INVALID,INVALID,False,False,True,True,both_wrong,invalid_to_invalid,train_01151,train_01151,0.6078648567199707,0.6078647375106812
test_02279,Depression,INVALID,Depression,False,True,True,False,aug_only_correct,invalid_to_valid,train_03229,aug_train_04582_0,0.6680927276611328,0.7341270446777344
test_02280,Depression,Depression,Depression,True,True,False,False,both_correct,valid_to_valid,train_00464,train_00464,0.6875719428062439,0.68757164478302
test_02281,Depression,Depression,Depression,True,True,False,False,both_correct,valid_to_valid,train_01096,aug_train_02184_1,0.6611090898513794,0.7108698487281799
test_02282,Bipolar,Normal,Anxiety,False,False,False,False,both_wrong,valid_to_valid,train_01789,aug_train_01891_0,0.46615391969680786,0.4983271360397339
test_02283,Bipolar,Depression,Depression,False,False,False,False,both_wrong,valid_to_valid,train_00055,train_00055,0.6741805672645569,0.6741807460784912
test_02284,Anxiety,Anxiety,Anxiety,True,True,False,False,both_correct,valid_to_valid,train_00387,aug_train_00387_0,0.7092862725257874,0.754713773727417
test_02285,Normal,Depression,Anxiety,False,False,False,False,both_wrong,valid_to_valid,train_03073,aug_train_04991_0,0.311836838722229,0.3193134665489197
test_02286,Anxiety,Anxiety,Anxiety,True,True,False,False,both_correct,valid_to_valid,train_03455,aug_train_03455_1,0.828134298324585,0.8420870304107666
test_02287,Normal,Anxiety,Anxiety,False,False,False,False,both_wrong,valid_to_valid,train_01449,train_01449,0.5487606525421143,0.5487606525421143
test_02288,Depression,INVALID,Depression,False,True,True,False,aug_only_correct,invalid_to_valid,train_03835,aug_train_02473_1,0.6932065486907959,0.7053200006484985
test_02289,Bipolar,Bipolar,Bipolar,True,True,False,False,both_correct,valid_to_valid,train_04249,train_04249,0.6861252784729004,0.6861252784729004
test_02290,Normal,INVALID,INVALID,False,False,True,True,both_wrong,invalid_to_invalid,train_01821,train_01821,0.327690988779068,0.3276909291744232
test_02291,Bipolar,Bipolar,Bipolar,True,True,False,False,both_correct,valid_to_valid,train_04826,aug_train_03352_0,0.597273051738739,0.6185396909713745
test_02292,Bipolar,Bipolar,Bipolar,True,True,False,False,both_correct,valid_to_valid,train_02241,train_02241,0.6836481094360352,0.6836482286453247
test_02293,Bipolar,Bipolar,Bipolar,True,True,False,False,both_correct,valid_to_valid,train_03857,aug_train_03120_1,0.6596074104309082,0.7117486000061035
test_02294,Anxiety,Anxiety,Anxiety,True,True,False,False,both_correct,valid_to_valid,train_03268,aug_train_03268_1,0.5445984601974487,0.5793368816375732
test_02295,Normal,Normal,Normal,True,True,False,False,both_correct,valid_to_valid,train_01523,train_01523,0.3685784935951233,0.3685785233974457
test_02296,Depression,Depression,Anxiety,True,False,False,False,noaug_only_correct,valid_to_valid,train_01678,aug_train_03628_1,0.48636072874069214,0.5254706144332886
test_02297,Bipolar,Bipolar,Bipolar,True,True,False,False,both_correct,valid_to_valid,train_03425,train_03425,0.8109138607978821,0.8109140992164612
test_02298,Normal,INVALID,INVALID,False,False,True,True,both_wrong,invalid_to_invalid,train_04688,aug_train_00313_1,0.3698348104953766,0.44080930948257446
test_02299,Bipolar,INVALID,INVALID,False,False,True,True,both_wrong,invalid_to_invalid,train_00366,train_00366,0.6057174205780029,0.6057175397872925
test_02300,Depression,Depression,Depression,True,True,False,False,both_correct,valid_to_valid,train_02350,train_02350,0.6553598642349243,0.6553596258163452
test_02301,Anxiety,Anxiety,Anxiety,True,True,False,False,both_correct,valid_to_valid,train_05266,train_05266,0.7217141389846802,0.7217141389846802
test_02302,Depression,Depression,Depression,True,True,False,False,both_correct,valid_to_valid,train_00466,train_00466,0.5571458339691162,0.557145893573761
test_02303,Normal,Anxiety,Normal,False,True,False,False,aug_only_correct,valid_to_valid,train_02230,aug_train_02527_0,0.306951642036438,0.3972710967063904
test_02304,Anxiety,Anxiety,Anxiety,True,True,False,False,both_correct,valid_to_valid,train_00865,train_00865,0.68544602394104,0.68544602394104
test_02305,Bipolar,Bipolar,Bipolar,True,True,False,False,both_correct,valid_to_valid,train_01988,train_01988,0.6841505765914917,0.6841505765914917
test_02306,Depression,Bipolar,Depression,False,True,False,False,aug_only_correct,valid_to_valid,train_00731,aug_train_03471_0,0.7495030164718628,0.7807672023773193
test_02307,Normal,Normal,Normal,True,True,False,False,both_correct,valid_to_valid,train_02769,aug_train_00252_1,0.39478829503059387,0.41818857192993164
test_02308,Anxiety,Anxiety,Anxiety,True,True,False,False,both_correct,valid_to_valid,train_01790,train_01790,0.6528792381286621,0.6528792381286621
test_02309,Bipolar,Bipolar,Bipolar,True,True,False,False,both_correct,valid_to_valid,train_02457,aug_train_01558_0,0.6410269737243652,0.6555929183959961
test_02310,Bipolar,Bipolar,Bipolar,True,True,False,False,both_correct,valid_to_valid,train_01383,train_01383,0.6900370121002197,0.6900370121002197
test_02311,Depression,Depression,Bipolar,True,False,False,False,noaug_only_correct,valid_to_valid,train_04697,aug_train_01394_1,0.660212516784668,0.6782338619232178
test_02312,Bipolar,Depression,Bipolar,False,True,False,False,aug_only_correct,valid_to_valid,train_01433,aug_train_04314_1,0.7752290964126587,0.7769720554351807
test_02313,Normal,Normal,Normal,True,True,False,False,both_correct,valid_to_valid,train_05157,train_05157,0.5232770442962646,0.5232770442962646
test_02314,Normal,Depression,Anxiety,False,False,False,False,both_wrong,valid_to_valid,train_04218,aug_train_02316_0,0.42151832580566406,0.4351654052734375
test_02315,Depression,Depression,Depression,True,True,False,False,both_correct,valid_to_valid,train_01003,aug_train_00486_1,0.5540142059326172,0.5666861534118652
test_02316,Anxiety,Anxiety,Anxiety,True,True,False,False,both_correct,valid_to_valid,train_05646,train_05646,0.7338889837265015,0.7338888049125671
test_02317,Anxiety,Anxiety,Anxiety,True,True,False,False,both_correct,valid_to_valid,train_02330,train_02330,0.7447671294212341,0.7447671890258789
test_02318,Bipolar,Depression,Bipolar,False,True,False,False,aug_only_correct,valid_to_valid,train_01698,aug_train_05864_0,0.5876204371452332,0.6233575344085693
test_02319,Anxiety,Anxiety,Anxiety,True,True,False,False,both_correct,valid_to_valid,train_01168,train_01168,0.5844724178314209,0.58447265625
test_02320,Normal,Normal,Normal,True,True,False,False,both_correct,valid_to_valid,train_03321,train_03321,0.3325316309928894,0.33253154158592224
test_02321,Anxiety,Anxiety,Anxiety,True,True,False,False,both_correct,valid_to_valid,train_00992,aug_train_00992_1,0.4701865315437317,0.49056828022003174
test_02322,Anxiety,Anxiety,Anxiety,True,True,False,False,both_correct,valid_to_valid,train_01247,train_01247,0.8083695769309998,0.8083693385124207
test_02323,Depression,Depression,Depression,True,True,False,False,both_correct,valid_to_valid,train_03036,aug_train_00273_1,0.5073261260986328,0.5592703819274902
test_02324,Bipolar,Bipolar,Bipolar,True,True,False,False,both_correct,valid_to_valid,train_00963,aug_train_00525_0,0.6359808444976807,0.6679377555847168
test_02325,Bipolar,Bipolar,Normal,True,False,False,False,noaug_only_correct,valid_to_valid,train_04028,aug_train_02800_1,0.6356692314147949,0.6987482905387878
test_02326,Bipolar,Anxiety,Anxiety,False,False,False,False,both_wrong,valid_to_valid,train_00341,train_00341,0.6061351299285889,0.6061351895332336
test_02327,Anxiety,Anxiety,Anxiety,True,True,False,False,both_correct,valid_to_valid,train_04487,aug_train_00237_0,0.7946045398712158,0.7984199523925781
test_02328,Depression,Depression,Depression,True,True,False,False,both_correct,valid_to_valid,train_05777,aug_train_04943_1,0.6087734699249268,0.6876703500747681
test_02329,Normal,Normal,Normal,True,True,False,False,both_correct,valid_to_valid,train_05019,train_05019,0.4915841817855835,0.4915841221809387
test_02330,Bipolar,Bipolar,Bipolar,True,True,False,False,both_correct,valid_to_valid,train_05582,train_05582,0.8290170431137085,0.8290170431137085
test_02331,Depression,Bipolar,Bipolar,False,False,False,False,both_wrong,valid_to_valid,train_05915,aug_train_05915_0,0.5098000764846802,0.5422359108924866
test_02332,Bipolar,Bipolar,Bipolar,True,True,False,False,both_correct,valid_to_valid,train_03179,aug_train_03179_0,0.7678500413894653,0.7837375402450562
test_02333,Depression,Depression,Depression,True,True,False,False,both_correct,valid_to_valid,train_02814,aug_train_02814_1,0.6797927618026733,0.6887869834899902
test_02334,Bipolar,Bipolar,Bipolar,True,True,False,False,both_correct,valid_to_valid,train_04259,aug_train_01996_0,0.7410703897476196,0.7638489603996277
test_02335,Depression,Depression,Bipolar,True,False,False,False,noaug_only_correct,valid_to_valid,train_03912,aug_train_00265_1,0.6751998066902161,0.7109370231628418
test_02336,Normal,Normal,Normal,True,True,False,False,both_correct,valid_to_valid,train_01738,aug_train_01738_1,0.3479679226875305,0.4035843014717102
test_02337,Bipolar,Bipolar,Bipolar,True,True,False,False,both_correct,valid_to_valid,train_02292,aug_train_01284_0,0.5773298740386963,0.6232858300209045
test_02338,Anxiety,Anxiety,Anxiety,True,True,False,False,both_correct,valid_to_valid,train_05108,aug_train_03661_1,0.5698334574699402,0.5828660130500793
test_02339,Bipolar,Bipolar,Bipolar,True,True,False,False,both_correct,valid_to_valid,train_05872,aug_train_05872_1,0.7043210864067078,0.736812949180603
test_02340,Anxiety,Anxiety,Anxiety,True,True,False,False,both_correct,valid_to_valid,train_05551,aug_train_04303_0,0.557894229888916,0.561791181564331
test_02341,Normal,Normal,Anxiety,True,False,False,False,noaug_only_correct,valid_to_valid,train_05564,aug_train_01917_1,0.3765345811843872,0.4825785160064697
test_02342,Normal,Normal,Normal,True,True,False,False,both_correct,valid_to_valid,train_02889,aug_train_02694_1,0.3811359405517578,0.406323105096817
test_02343,Anxiety,Anxiety,Anxiety,True,True,False,False,both_correct,valid_to_valid,train_00133,aug_train_00133_1,0.6439741849899292,0.6953242421150208
test_02344,Anxiety,Anxiety,Anxiety,True,True,False,False,both_correct,valid_to_valid,train_03867,train_03867,0.6093082427978516,0.6093081831932068
test_02345,Normal,Normal,Normal,True,True,False,False,both_correct,valid_to_valid,train_04140,aug_train_02668_1,0.3958929777145386,0.49805742502212524
test_02346,Anxiety,Bipolar,Anxiety,False,True,False,False,aug_only_correct,valid_to_valid,train_01169,aug_train_03990_0,0.682548999786377,0.7024778127670288
test_02347,Normal,Normal,Normal,True,True,False,False,both_correct,valid_to_valid,train_03127,aug_train_01890_1,0.5334520936012268,0.5421589612960815
test_02348,Normal,INVALID,INVALID,False,False,True,True,both_wrong,invalid_to_invalid,train_05124,train_05124,0.427812784910202,0.4278128147125244
test_02349,Normal,Normal,Normal,True,True,False,False,both_correct,valid_to_valid,train_00627,aug_train_00900_1,0.3201863765716553,0.35546672344207764
test_02350,Normal,Depression,Depression,False,False,False,False,both_wrong,valid_to_valid,train_04023,train_04023,0.45348966121673584,0.45348966121673584
test_02351,Anxiety,Anxiety,Anxiety,True,True,False,False,both_correct,valid_to_valid,train_05594,aug_train_03178_0,0.5418028831481934,0.5476033687591553
test_02352,Anxiety,Anxiety,Anxiety,True,True,False,False,both_correct,valid_to_valid,train_05437,aug_train_00811_1,0.6610759496688843,0.7507532835006714
test_02353,Bipolar,Bipolar,Bipolar,True,True,False,False,both_correct,valid_to_valid,train_05668,aug_train_04820_1,0.7566954493522644,0.7783769369125366
test_02354,Depression,Depression,Depression,True,True,False,False,both_correct,valid_to_valid,train_03251,train_03251,0.6841857433319092,0.6841856241226196
test_02355,Depression,Depression,Depression,True,True,False,False,both_correct,valid_to_valid,train_05781,train_05781,0.7477830648422241,0.747782826423645
test_02356,Depression,Depression,Depression,True,True,False,False,both_correct,valid_to_valid,train_04034,aug_train_04034_1,0.7475776672363281,0.7547186017036438
test_02357,Anxiety,Anxiety,Anxiety,True,True,False,False,both_correct,valid_to_valid,train_04619,train_04619,0.7622726559638977,0.7622726559638977
test_02358,Normal,Normal,Normal,True,True,False,False,both_correct,valid_to_valid,train_01910,train_01910,0.5157047510147095,0.5157046318054199
test_02359,Depression,Depression,Depression,True,True,False,False,both_correct,valid_to_valid,train_01767,train_01767,0.7360817193984985,0.736081600189209
test_02360,Normal,Normal,Normal,True,True,False,False,both_correct,valid_to_valid,train_05757,aug_train_02548_1,0.32340288162231445,0.3984193503856659
test_02361,Anxiety,Anxiety,Anxiety,True,True,False,False,both_correct,valid_to_valid,train_05645,aug_train_03437_1,0.4954177737236023,0.5272762775421143
test_02362,Anxiety,Anxiety,Anxiety,True,True,False,False,both_correct,valid_to_valid,train_04429,aug_train_05980_0,0.4189930558204651,0.4275960922241211
test_02363,Depression,Depression,Depression,True,True,False,False,both_correct,valid_to_valid,train_03326,train_03326,0.75007164478302,0.7500715255737305
test_02364,Normal,Normal,Normal,True,True,False,False,both_correct,valid_to_valid,train_02067,aug_train_01369_0,0.24428372085094452,0.322171688079834
test_02365,Normal,Bipolar,Bipolar,False,False,False,False,both_wrong,valid_to_valid,train_01481,aug_train_01481_0,0.5398883819580078,0.6045548915863037
test_02366,Bipolar,Bipolar,Bipolar,True,True,False,False,both_correct,valid_to_valid,train_01183,train_01183,0.7280858159065247,0.7280857563018799
test_02367,Depression,Anxiety,Anxiety,False,False,False,False,both_wrong,valid_to_valid,train_05325,train_05325,0.6475126147270203,0.6475127339363098
test_02368,Normal,Normal,Normal,True,True,False,False,both_correct,valid_to_valid,train_04064,aug_train_03434_1,0.45579612255096436,0.4752020835876465
test_02369,Depression,INVALID,INVALID,False,False,True,True,both_wrong,invalid_to_invalid,train_01455,train_01455,0.5109812617301941,0.5109812021255493
test_02370,Bipolar,Bipolar,Bipolar,True,True,False,False,both_correct,valid_to_valid,train_05035,train_05035,0.7592886090278625,0.7592886686325073
test_02371,Depression,Depression,Bipolar,True,False,False,False,noaug_only_correct,valid_to_valid,train_00922,aug_train_03045_0,0.5096291303634644,0.5222491025924683
test_02372,Normal,Normal,Normal,True,True,False,False,both_correct,valid_to_valid,train_03149,aug_train_05881_1,0.25395965576171875,0.2584180533885956
test_02373,Bipolar,Bipolar,Anxiety,True,False,False,False,noaug_only_correct,valid_to_valid,train_02943,aug_train_03384_1,0.6067641973495483,0.6939657926559448
test_02374,Anxiety,Anxiety,Anxiety,True,True,False,False,both_correct,valid_to_valid,train_04720,aug_train_04720_1,0.7857466340065002,0.7890441417694092
test_02375,Bipolar,Bipolar,Bipolar,True,True,False,False,both_correct,valid_to_valid,train_02288,train_02288,0.730981707572937,0.7309818267822266
test_02376,Bipolar,Bipolar,Bipolar,True,True,False,False,both_correct,valid_to_valid,train_03949,aug_train_02304_0,0.721847653388977,0.7470837831497192
test_02377,Depression,Depression,Depression,True,True,False,False,both_correct,valid_to_valid,train_04036,train_04036,0.8146374821662903,0.8146377205848694
test_02378,Depression,Depression,Depression,True,True,False,False,both_correct,valid_to_valid,train_05274,train_05274,0.8085212111473083,0.8085208535194397
test_02379,Depression,Depression,Depression,True,True,False,False,both_correct,valid_to_valid,train_05834,train_05834,0.6085275411605835,0.608527421951294
test_02380,Anxiety,Anxiety,Anxiety,True,True,False,False,both_correct,valid_to_valid,train_03879,aug_train_03879_1,0.7359305620193481,0.7369307279586792
test_02381,Anxiety,Anxiety,Anxiety,True,True,False,False,both_correct,valid_to_valid,train_04483,train_04483,0.6822559833526611,0.6822560429573059
test_02382,Anxiety,INVALID,INVALID,False,False,True,True,both_wrong,invalid_to_invalid,train_02359,aug_train_02715_0,0.43103519082069397,0.525391161441803
test_02383,Bipolar,Bipolar,Normal,True,False,False,False,noaug_only_correct,valid_to_valid,train_03893,aug_train_04078_1,0.4551335573196411,0.49268993735313416
test_02384,Normal,Normal,Normal,True,True,False,False,both_correct,valid_to_valid,train_03676,train_03676,0.4433496296405792,0.44334954023361206
test_02385,Bipolar,Normal,Anxiety,False,False,False,False,both_wrong,valid_to_valid,train_00832,aug_train_05901_0,0.42020222544670105,0.4305161237716675
test_02386,Normal,Anxiety,Anxiety,False,False,False,False,both_wrong,valid_to_valid,train_01891,train_01891,0.3870355486869812,0.3870355486869812
test_02387,Normal,Normal,Normal,True,True,False,False,both_correct,valid_to_valid,train_05937,aug_train_05937_1,0.34804877638816833,0.38351184129714966
test_02388,Anxiety,Anxiety,Anxiety,True,True,False,False,both_correct,valid_to_valid,train_02896,aug_train_01660_1,0.6466577649116516,0.666334331035614
test_02389,Depression,Depression,Depression,True,True,False,False,both_correct,valid_to_valid,train_00456,aug_train_00767_1,0.8358571529388428,0.85364830493927
test_02390,Anxiety,Anxiety,Anxiety,True,True,False,False,both_correct,valid_to_valid,train_05087,train_05087,0.7194777727127075,0.7194777131080627
test_02391,Depression,Depression,Depression,True,True,False,False,both_correct,valid_to_valid,train_00670,train_00670,0.64298415184021,0.6429842710494995
test_02392,Bipolar,Bipolar,Bipolar,True,True,False,False,both_correct,valid_to_valid,train_01144,train_01144,0.7833552360534668,0.7833551168441772
test_02393,Bipolar,Bipolar,Bipolar,True,True,False,False,both_correct,valid_to_valid,train_03017,aug_train_04692_1,0.738276481628418,0.7416049838066101
test_02394,Depression,Depression,Depression,True,True,False,False,both_correct,valid_to_valid,train_05928,aug_train_02703_0,0.7761631011962891,0.788711667060852
test_02395,Normal,Normal,Normal,True,True,False,False,both_correct,valid_to_valid,train_00901,aug_train_02112_1,0.30884653329849243,0.34305569529533386
test_02396,Depression,Anxiety,Anxiety,False,False,False,False,both_wrong,valid_to_valid,train_01621,train_01621,0.34500381350517273,0.34500378370285034
test_02397,Bipolar,Anxiety,Anxiety,False,False,False,False,both_wrong,valid_to_valid,train_02132,aug_train_00547_1,0.6345841884613037,0.6931818723678589
test_02398,Depression,Depression,Depression,True,True,False,False,both_correct,valid_to_valid,train_01741,train_01741,0.5960654020309448,0.5960655212402344
test_02399,Bipolar,Bipolar,Bipolar,True,True,False,False,both_correct,valid_to_valid,train_00411,aug_train_05003_0,0.6891528367996216,0.7335951328277588
test_02400,Depression,Depression,Depression,True,True,False,False,both_correct,valid_to_valid,train_04181,train_04181,0.6011816263198853,0.6011815071105957
test_02401,Anxiety,Depression,Depression,False,False,False,False,both_wrong,valid_to_valid,train_00100,train_00100,0.47631752490997314,0.47631752490997314
test_02402,Normal,Anxiety,Anxiety,False,False,False,False,both_wrong,valid_to_valid,train_01269,train_01269,0.27076488733291626,0.27076488733291626
test_02403,Normal,Normal,Normal,True,True,False,False,both_correct,valid_to_valid,train_04954,train_04954,0.3992640972137451,0.3992641568183899
test_02404,Anxiety,Anxiety,Anxiety,True,True,False,False,both_correct,valid_to_valid,train_01735,aug_train_05756_0,0.6612863540649414,0.6658714413642883
test_02405,Bipolar,Depression,Depression,False,False,False,False,both_wrong,valid_to_valid,train_01055,aug_train_04205_1,0.6013083457946777,0.6158971786499023
test_02406,Normal,Normal,Normal,True,True,False,False,both_correct,valid_to_valid,train_02058,train_02058,0.4593004584312439,0.45930036902427673
test_02407,Normal,Depression,Depression,False,False,False,False,both_wrong,valid_to_valid,train_04181,train_04181,0.38989031314849854,0.3898903727531433
test_02408,Normal,Normal,Normal,True,True,False,False,both_correct,valid_to_valid,train_05959,aug_train_04552_0,0.40006014704704285,0.4317035675048828
test_02409,Normal,Normal,Normal,True,True,False,False,both_correct,valid_to_valid,train_00882,train_00882,0.4079522490501404,0.40795233845710754
test_02410,Normal,Anxiety,Depression,False,False,False,False,both_wrong,valid_to_valid,train_03971,aug_train_03173_1,0.32711052894592285,0.3323706090450287
test_02411,Normal,INVALID,INVALID,False,False,True,True,both_wrong,invalid_to_invalid,train_00850,aug_train_00579_0,0.5057486891746521,0.5812820196151733
test_02412,Anxiety,Anxiety,Anxiety,True,True,False,False,both_correct,valid_to_valid,train_04126,train_04126,0.5885089635848999,0.5885091423988342
test_02413,Normal,Normal,Normal,True,True,False,False,both_correct,valid_to_valid,train_02505,train_02505,0.376522421836853,0.3765224814414978
test_02414,Bipolar,Bipolar,Bipolar,True,True,False,False,both_correct,valid_to_valid,train_02066,train_02066,0.8139361143112183,0.8139359951019287
test_02415,Depression,Anxiety,Anxiety,False,False,False,False,both_wrong,valid_to_valid,train_00769,aug_train_01170_0,0.5443650484085083,0.558809757232666
test_02416,Anxiety,Anxiety,Anxiety,True,True,False,False,both_correct,valid_to_valid,train_03901,aug_train_01370_1,0.7817515134811401,0.7903000116348267
test_02417,Bipolar,Bipolar,Bipolar,True,True,False,False,both_correct,valid_to_valid,train_02066,aug_train_02066_1,0.7124170064926147,0.7280569672584534
test_02418,Bipolar,Bipolar,Bipolar,True,True,False,False,both_correct,valid_to_valid,train_04129,aug_train_04129_1,0.6268637180328369,0.6298086643218994
test_02419,Depression,Anxiety,Bipolar,False,False,False,False,both_wrong,valid_to_valid,train_04734,aug_train_01846_0,0.6071484684944153,0.6272479295730591
test_02420,Anxiety,Anxiety,Anxiety,True,True,False,False,both_correct,valid_to_valid,train_03961,train_03961,0.6829606890678406,0.6829608082771301
test_02421,Normal,Anxiety,Anxiety,False,False,False,False,both_wrong,valid_to_valid,train_04612,train_04612,0.5682111978530884,0.5682111382484436
test_02422,Anxiety,Anxiety,Anxiety,True,True,False,False,both_correct,valid_to_valid,train_05328,train_05328,0.7338407039642334,0.7338405847549438
test_02423,Bipolar,Bipolar,Bipolar,True,True,False,False,both_correct,valid_to_valid,train_01320,train_01320,0.6527182459831238,0.6527183055877686
test_02424,Bipolar,Bipolar,Bipolar,True,True,False,False,both_correct,valid_to_valid,train_02028,train_02028,0.7283881902694702,0.7283881306648254
test_02425,Depression,Anxiety,Anxiety,False,False,False,False,both_wrong,valid_to_valid,train_00709,train_00709,0.6207762956619263,0.6207762956619263
test_02426,Normal,Anxiety,Normal,False,True,False,False,aug_only_correct,valid_to_valid,train_03506,aug_train_00330_0,0.3956986367702484,0.3975869119167328
test_02427,Bipolar,Bipolar,Bipolar,True,True,False,False,both_correct,valid_to_valid,train_00567,train_00567,0.7807884812355042,0.7807884812355042
test_02428,Anxiety,Anxiety,Anxiety,True,True,False,False,both_correct,valid_to_valid,train_05531,train_05531,0.8014365434646606,0.8014364242553711
test_02429,Bipolar,Bipolar,Bipolar,True,True,False,False,both_correct,valid_to_valid,train_05216,aug_train_03717_1,0.46681341528892517,0.572074294090271
test_02430,Normal,Anxiety,Anxiety,False,False,False,False,both_wrong,valid_to_valid,train_01631,aug_train_01631_0,0.4502456784248352,0.49764931201934814
test_02431,Anxiety,Anxiety,Anxiety,True,True,False,False,both_correct,valid_to_valid,train_05449,aug_train_05449_0,0.7378412485122681,0.7543836236000061
test_02432,Anxiety,Anxiety,Anxiety,True,True,False,False,both_correct,valid_to_valid,train_04726,aug_train_04726_0,0.7870509028434753,0.81333327293396
test_02433,Anxiety,Anxiety,Anxiety,True,True,False,False,both_correct,valid_to_valid,train_01093,train_01093,0.7417709827423096,0.74177086353302
test_02434,Bipolar,Bipolar,Bipolar,True,True,False,False,both_correct,valid_to_valid,train_01258,aug_train_03965_1,0.6509801745414734,0.7450783252716064
test_02435,Normal,Anxiety,Anxiety,False,False,False,False,both_wrong,valid_to_valid,train_05471,aug_train_05471_0,0.5514533519744873,0.6281226873397827
test_02436,Normal,Depression,Depression,False,False,False,False,both_wrong,valid_to_valid,train_02272,train_02272,0.35937565565109253,0.3593757450580597
test_02437,Depression,Depression,Depression,True,True,False,False,both_correct,valid_to_valid,train_02786,train_02786,0.778782069683075,0.7787822484970093
test_02438,Depression,Bipolar,Anxiety,False,False,False,False,both_wrong,valid_to_valid,train_04812,aug_train_00323_1,0.42722004652023315,0.46841973066329956
test_02439,Normal,Normal,Normal,True,True,False,False,both_correct,valid_to_valid,train_04957,aug_train_04552_1,0.5406640768051147,0.5562717914581299
test_02440,Bipolar,Bipolar,Bipolar,True,True,False,False,both_correct,valid_to_valid,train_02957,aug_train_03622_0,0.6816471815109253,0.7289458513259888
test_02441,Normal,Normal,Normal,True,True,False,False,both_correct,valid_to_valid,train_03206,aug_train_03206_1,0.33835136890411377,0.3922959566116333
test_02442,Normal,Normal,Normal,True,True,False,False,both_correct,valid_to_valid,train_05844,aug_train_03190_1,0.4126720726490021,0.43298232555389404
test_02443,Bipolar,Anxiety,Bipolar,False,True,False,False,aug_only_correct,valid_to_valid,train_02356,aug_train_03618_0,0.6942275166511536,0.7047512531280518
test_02444,Anxiety,Anxiety,Anxiety,True,True,False,False,both_correct,valid_to_valid,train_00970,aug_train_00530_0,0.6517387628555298,0.7097712159156799
test_02445,Depression,Depression,Depression,True,True,False,False,both_correct,valid_to_valid,train_03031,train_03031,0.5999632477760315,0.5999632477760315
test_02446,Anxiety,Anxiety,Anxiety,True,True,False,False,both_correct,valid_to_valid,train_01163,aug_train_02356_1,0.7167904376983643,0.7393531799316406
test_02447,Anxiety,Anxiety,Anxiety,True,True,False,False,both_correct,valid_to_valid,train_01897,aug_train_00038_1,0.6571162939071655,0.7066429257392883
test_02448,Anxiety,Bipolar,Bipolar,False,False,False,False,both_wrong,valid_to_valid,train_02621,train_02621,0.5581325888633728,0.5581326484680176
test_02449,Normal,INVALID,Depression,False,False,True,False,both_wrong,invalid_to_valid,train_02969,aug_train_00141_0,0.3663710951805115,0.374520480632782
test_02450,Anxiety,Anxiety,Anxiety,True,True,False,False,both_correct,valid_to_valid,train_01119,aug_train_04068_1,0.6885737776756287,0.7450560331344604
test_02451,Depression,Depression,Depression,True,True,False,False,both_correct,valid_to_valid,train_05738,train_05738,0.4456806182861328,0.4456805884838104
test_02452,Bipolar,Bipolar,Bipolar,True,True,False,False,both_correct,valid_to_valid,train_00776,train_00776,0.6236357688903809,0.6236358284950256
test_02453,Bipolar,Bipolar,Bipolar,True,True,False,False,both_correct,valid_to_valid,train_01647,aug_train_05596_1,0.6141890287399292,0.6627951860427856
test_02454,Bipolar,Bipolar,Bipolar,True,True,False,False,both_correct,valid_to_valid,train_03874,aug_train_00469_0,0.580756664276123,0.6202061176300049
test_02455,Anxiety,Anxiety,Anxiety,True,True,False,False,both_correct,valid_to_valid,train_00973,train_00973,0.6719146370887756,0.6719146966934204
test_02456,Depression,Depression,Depression,True,True,False,False,both_correct,valid_to_valid,train_05478,aug_train_00852_1,0.5476692914962769,0.5719254016876221
test_02457,Normal,Bipolar,Bipolar,False,False,False,False,both_wrong,valid_to_valid,train_03262,train_03262,0.4400372803211212,0.4400372803211212
test_02458,Depression,Normal,Bipolar,False,False,False,False,both_wrong,valid_to_valid,train_03544,aug_train_03023_0,0.34488004446029663,0.39996516704559326
test_02459,Normal,Normal,Normal,True,True,False,False,both_correct,valid_to_valid,train_02582,aug_train_01193_0,0.49442005157470703,0.5426596999168396
test_02460,Normal,Normal,Normal,True,True,False,False,both_correct,valid_to_valid,train_02401,aug_train_01851_0,0.2988443374633789,0.30479151010513306
test_02461,Normal,Normal,Normal,True,True,False,False,both_correct,valid_to_valid,train_01097,aug_train_05123_0,0.35708996653556824,0.3885312080383301
test_02462,Normal,Normal,Normal,True,True,False,False,both_correct,valid_to_valid,train_02782,train_02782,0.37297922372817993,0.3729793429374695
test_02463,Normal,Normal,Normal,True,True,False,False,both_correct,valid_to_valid,train_00588,train_00588,0.4208298623561859,0.4208296537399292
test_02464,Anxiety,Anxiety,Anxiety,True,True,False,False,both_correct,valid_to_valid,train_04600,train_04600,0.6982133388519287,0.6982132792472839
test_02465,Bipolar,Bipolar,Bipolar,True,True,False,False,both_correct,valid_to_valid,train_04469,aug_train_01502_1,0.6687033772468567,0.7125928401947021
test_02466,Anxiety,Anxiety,Anxiety,True,True,False,False,both_correct,valid_to_valid,train_01819,aug_train_04189_1,0.7489367127418518,0.7594411373138428
test_02467,Anxiety,Anxiety,Anxiety,True,True,False,False,both_correct,valid_to_valid,train_03530,aug_train_01094_1,0.7299685478210449,0.7601968050003052
test_02468,Anxiety,Anxiety,Anxiety,True,True,False,False,both_correct,valid_to_valid,train_00319,train_00319,0.7434268593788147,0.7434267997741699
test_02469,Depression,Normal,Anxiety,False,False,False,False,both_wrong,valid_to_valid,train_05716,aug_train_05316_1,0.49378928542137146,0.5397258996963501
test_02470,Depression,Anxiety,Anxiety,False,False,False,False,both_wrong,valid_to_valid,train_05788,train_05788,0.6265094876289368,0.6265095472335815
test_02471,Bipolar,Bipolar,Bipolar,True,True,False,False,both_correct,valid_to_valid,train_03150,train_03150,0.5587533116340637,0.558753252029419
test_02472,Bipolar,Bipolar,Bipolar,True,True,False,False,both_correct,valid_to_valid,train_01860,aug_train_03354_0,0.7096735239028931,0.7453783750534058
test_02473,Depression,Depression,Depression,True,True,False,False,both_correct,valid_to_valid,train_04655,train_04655,0.7428581714630127,0.7428582310676575
test_02474,Bipolar,Bipolar,Bipolar,True,True,False,False,both_correct,valid_to_valid,train_00527,train_00527,0.7715816497802734,0.771581768989563
test_02475,Bipolar,Bipolar,Bipolar,True,True,False,False,both_correct,valid_to_valid,train_00223,train_00223,0.721865177154541,0.7218650579452515
test_02476,Normal,Normal,Anxiety,True,False,False,False,noaug_only_correct,valid_to_valid,train_03186,aug_train_03121_0,0.4046207070350647,0.4721047580242157
test_02477,Depression,Bipolar,Depression,False,True,False,False,aug_only_correct,valid_to_valid,train_02777,aug_train_04018_0,0.7326397895812988,0.7692832946777344
test_02478,Bipolar,Bipolar,Bipolar,True,True,False,False,both_correct,valid_to_valid,train_02845,train_02845,0.8471558690071106,0.8471558094024658
test_02479,Depression,Anxiety,Anxiety,False,False,False,False,both_wrong,valid_to_valid,train_00905,train_00905,0.7720651626586914,0.7720651626586914
test_02480,Bipolar,Bipolar,Bipolar,True,True,False,False,both_correct,valid_to_valid,train_03414,train_03414,0.7088665962219238,0.708866536617279
test_02481,Depression,Depression,Depression,True,True,False,False,both_correct,valid_to_valid,train_04406,train_04406,0.47498399019241333,0.47498399019241333
test_02482,Anxiety,Bipolar,Depression,False,False,False,False,both_wrong,valid_to_valid,train_04468,aug_train_03181_0,0.8030965328216553,0.8455567359924316
test_02483,Normal,Normal,Normal,True,True,False,False,both_correct,valid_to_valid,train_02724,train_02724,0.3442443609237671,0.3442443013191223
test_02484,Bipolar,Bipolar,Bipolar,True,True,False,False,both_correct,valid_to_valid,train_02221,aug_train_02221_1,0.6242383718490601,0.6335046291351318
test_02485,Normal,Normal,Normal,True,True,False,False,both_correct,valid_to_valid,train_02364,aug_train_02580_1,0.29038530588150024,0.2938951849937439
test_02486,Anxiety,Anxiety,Anxiety,True,True,False,False,both_correct,valid_to_valid,train_05425,aug_train_02230_0,0.48757418990135193,0.5057579278945923
test_02487,Bipolar,Anxiety,Anxiety,False,False,False,False,both_wrong,valid_to_valid,train_02466,train_02466,0.38324522972106934,0.38324522972106934
test_02488,Depression,Depression,Depression,True,True,False,False,both_correct,valid_to_valid,train_04587,train_04587,0.6563395261764526,0.6563392877578735
test_02489,Bipolar,Bipolar,Bipolar,True,True,False,False,both_correct,valid_to_valid,train_03932,aug_train_03932_0,0.6708772778511047,0.6870289444923401
test_02490,Anxiety,Anxiety,Anxiety,True,True,False,False,both_correct,valid_to_valid,train_00251,aug_train_01412_1,0.6616959571838379,0.684959352016449
test_02491,Depression,Depression,Depression,True,True,False,False,both_correct,valid_to_valid,train_04979,aug_train_04253_1,0.6734131574630737,0.6920459270477295
test_02492,Depression,INVALID,INVALID,False,False,True,True,both_wrong,invalid_to_invalid,train_03888,train_03888,0.5910320281982422,0.5910319089889526
test_02493,Normal,Normal,Normal,True,True,False,False,both_correct,valid_to_valid,train_05267,aug_train_05267_0,0.40933671593666077,0.41300684213638306
test_02494,Anxiety,Anxiety,Depression,True,False,False,False,noaug_only_correct,valid_to_valid,train_00578,aug_train_00742_0,0.6712316274642944,0.6931347846984863
test_02495,Normal,Normal,Normal,True,True,False,False,both_correct,valid_to_valid,train_03502,train_03502,0.4830159544944763,0.4830160140991211
