id,true_label,retrieved_label,retrieved_label_correct,retrieved_id,similarity,retrieved_is_aug
test_00000,Anxiety,Anxiety,True,train_00038,0.5284314155578613,False
test_00001,Bipolar,Depression,False,train_03362,0.6366847157478333,False
test_00002,Normal,Normal,True,train_01561,0.41841787099838257,False
test_00003,Bipolar,Bipolar,True,train_00433,0.7248333096504211,False
test_00004,Depression,Depression,True,train_02115,0.7261755466461182,False
test_00005,Normal,Normal,True,train_04461,0.3562491536140442,False
test_00006,Depression,Bipolar,False,train_05582,0.6920267939567566,False
test_00007,Depression,Depression,True,train_01094,0.6863789558410645,False
test_00008,Anxiety,Anxiety,True,train_03635,0.6000394821166992,False
test_00009,Bipolar,Bipolar,True,train_01569,0.6900047659873962,False
test_00010,Bipolar,Bipolar,True,train_04920,0.676047682762146,False
test_00011,Depression,Depression,True,train_04828,0.6962618827819824,False
test_00012,Bipolar,Bipolar,True,train_04781,0.7094899415969849,False
test_00013,Anxiety,Anxiety,True,train_04745,0.6482511758804321,False
test_00014,Anxiety,Anxiety,True,train_03500,0.7485607266426086,False
test_00015,Depression,Depression,True,train_05823,0.6787790656089783,False
test_00016,Bipolar,Depression,False,train_04936,0.6483395099639893,False
test_00017,Depression,Depression,True,train_00058,0.7581396102905273,False
test_00018,Bipolar,Bipolar,True,train_00659,0.7741943001747131,False
test_00019,Bipolar,Bipolar,True,train_03527,0.7342213988304138,False
test_00020,Normal,Normal,True,train_04441,0.5759344696998596,False
test_00021,Normal,Normal,True,train_00300,0.6712049841880798,False
test_00022,Anxiety,Anxiety,True,train_05266,0.6170207262039185,False
test_00023,Normal,Depression,False,train_05777,0.41329389810562134,False
test_00024,Bipolar,Bipolar,True,train_05940,0.7981334328651428,False
test_00025,Depression,Depression,True,train_01659,0.45252907276153564,False
test_00026,Depression,Depression,True,train_01734,0.5889413356781006,False
test_00027,Depression,Depression,True,train_05459,0.6643259525299072,False
test_00028,Bipolar,Bipolar,True,train_03543,0.7379622459411621,False
test_00029,Normal,Normal,True,train_01344,0.30691975355148315,False
test_00030,Depression,Depression,True,train_04437,0.659224271774292,False
test_00031,Bipolar,Bipolar,True,train_04890,0.700438380241394,False
test_00032,Bipolar,Bipolar,True,train_01931,0.5730838775634766,False
test_00033,Normal,Normal,True,train_01561,0.40554559230804443,False
test_00034,Anxiety,Anxiety,True,train_02915,0.7616650462150574,False
test_00035,Anxiety,Anxiety,True,train_04986,0.5887623429298401,False
test_00036,Depression,Depression,True,train_05274,0.6176753640174866,False
test_00037,Depression,Depression,True,train_02432,0.5451533198356628,False
test_00038,Normal,Bipolar,False,train_05082,0.40608182549476624,False
test_00039,Anxiety,Normal,False,train_01610,0.607866644859314,False
test_00040,Depression,Depression,True,train_03620,0.6909228563308716,False
test_00041,Anxiety,Anxiety,True,train_04814,0.6907630562782288,False
test_00042,Depression,Bipolar,False,train_01304,0.5346896052360535,False
test_00043,Anxiety,Anxiety,True,train_04104,0.7474092245101929,False
test_00044,Normal,Normal,True,train_00555,0.38157808780670166,False
test_00045,Anxiety,Depression,False,train_02314,0.6617599725723267,False
test_00046,Bipolar,Bipolar,True,train_02623,0.8708226680755615,False
test_00047,Bipolar,Bipolar,True,train_03800,0.8187353014945984,False
test_00048,Depression,Depression,True,train_02316,0.6223053932189941,False
test_00049,Bipolar,Bipolar,True,train_02304,0.6645686626434326,False
test_00050,Anxiety,Bipolar,False,train_00147,0.5276158452033997,False
test_00051,Normal,Normal,True,train_03510,0.41018784046173096,False
test_00052,Normal,Depression,False,train_05618,0.5230741500854492,False
test_00053,Normal,Normal,True,train_02889,0.5373256802558899,False
test_00054,Normal,Normal,True,train_01534,0.5453343391418457,False
test_00055,Anxiety,Anxiety,True,train_05731,0.6207519769668579,False
test_00056,Anxiety,Anxiety,True,train_04094,0.4724856913089752,False
test_00057,Depression,Depression,True,train_01283,0.7089579105377197,False
test_00058,Bipolar,Bipolar,True,train_01279,0.5096735954284668,False
test_00059,Bipolar,Bipolar,True,train_05687,0.8110476732254028,False
test_00060,Anxiety,Anxiety,True,train_01124,0.5440750122070312,False
test_00061,Bipolar,Anxiety,False,train_04083,0.5345243215560913,False
test_00062,Depression,Depression,True,train_02471,0.7115675210952759,False
test_00063,Bipolar,Bipolar,True,train_02412,0.8626086711883545,False
test_00064,Depression,Depression,True,train_02006,0.5706526041030884,False
test_00065,Anxiety,Anxiety,True,train_00830,0.6673130393028259,False
test_00066,Anxiety,Anxiety,True,train_05020,0.5894075632095337,False
test_00067,Bipolar,Bipolar,True,train_00916,0.8169362545013428,False
test_00068,Normal,Normal,True,train_00611,0.4586498737335205,False
test_00069,Normal,Normal,True,train_05251,0.27187350392341614,False
test_00070,Depression,Depression,True,train_02323,0.8140369057655334,False
test_00071,Depression,Depression,True,train_00708,0.7817516326904297,False
test_00072,Depression,Depression,True,train_05574,0.6843938827514648,False
test_00073,Depression,Depression,True,train_02683,0.575228214263916,False
test_00074,Depression,Depression,True,train_05802,0.729936957359314,False
test_00075,Normal,Normal,True,train_04638,0.4912770986557007,False
test_00076,Normal,Bipolar,False,train_01040,0.48837006092071533,False
test_00077,Normal,Bipolar,False,train_00230,0.4392971992492676,False
test_00078,Depression,Depression,True,train_01442,0.6277622580528259,False
test_00079,Bipolar,Bipolar,True,train_04207,0.7488430738449097,False
test_00080,Depression,Depression,True,train_01394,0.7768674492835999,False
test_00081,Depression,Depression,True,train_00392,0.5043790340423584,False
test_00082,Normal,Normal,True,train_03467,0.426419198513031,False
test_00083,Bipolar,Bipolar,True,train_04774,0.7714977264404297,False
test_00084,Depression,Depression,True,train_04559,0.6834555864334106,False
test_00085,Normal,Normal,True,train_03322,0.25951772928237915,False
test_00086,Anxiety,Anxiety,True,train_01341,0.7750611305236816,False
test_00087,Normal,Normal,True,train_03165,0.40369921922683716,False
test_00088,Normal,Normal,True,train_03761,0.46711504459381104,False
test_00089,Depression,Normal,False,train_02417,0.5347627401351929,False
test_00090,Anxiety,Anxiety,True,train_04247,0.5360115766525269,False
test_00091,Bipolar,Bipolar,True,train_01883,0.7354617118835449,False
test_00092,Normal,Depression,False,train_04716,0.39187562465667725,False
test_00093,Normal,Normal,True,train_04770,0.5061750411987305,False
test_00094,Depression,Depression,True,train_00342,0.6528564691543579,False
test_00095,Anxiety,Anxiety,True,train_05436,0.7294986844062805,False
test_00096,Depression,Depression,True,train_02098,0.795153796672821,False
test_00097,Bipolar,Bipolar,True,train_03807,0.739377498626709,False
test_00098,Depression,Bipolar,False,train_01091,0.5791341662406921,False
test_00099,Normal,Anxiety,False,train_02227,0.4317106008529663,False
test_00100,Bipolar,Bipolar,True,train_04992,0.7310594320297241,False
test_00101,Depression,Depression,True,train_05316,0.6332790851593018,False
test_00102,Normal,Normal,True,train_02058,0.4163414239883423,False
test_00103,Bipolar,Bipolar,True,train_00110,0.830511748790741,False
test_00104,Normal,Normal,True,train_04075,0.5581346750259399,False
test_00105,Depression,Anxiety,False,train_05427,0.7185918688774109,False
test_00106,Anxiety,Anxiety,True,train_03975,0.630739688873291,False
test_00107,Anxiety,Anxiety,True,train_01810,0.767043948173523,False
test_00108,Normal,Normal,True,train_04707,0.3728782534599304,False
test_00109,Anxiety,Anxiety,True,train_05726,0.4665549099445343,False
test_00110,Depression,Depression,True,train_01723,0.6889312267303467,False
test_00111,Normal,Normal,True,train_00301,0.4138871729373932,False
test_00112,Normal,Normal,True,train_05844,0.45823150873184204,False
test_00113,Anxiety,Anxiety,True,train_04121,0.686509370803833,False
test_00114,Bipolar,Bipolar,True,train_02360,0.6184087991714478,False
test_00115,Depression,Depression,True,train_02285,0.5957202911376953,False
test_00116,Anxiety,Anxiety,True,train_05868,0.804149329662323,False
test_00117,Depression,Bipolar,False,train_01466,0.5683947801589966,False
test_00118,Depression,Depression,True,train_01596,0.6613143086433411,False
test_00119,Bipolar,Bipolar,True,train_03622,0.559205174446106,False
test_00120,Depression,Bipolar,False,train_00162,0.6526219844818115,False
test_00121,Bipolar,Bipolar,True,train_04207,0.7371705770492554,False
test_00122,Anxiety,Anxiety,True,train_02057,0.5199835300445557,False
test_00123,Bipolar,Bipolar,True,train_04771,0.5388626456260681,False
test_00124,Bipolar,Bipolar,True,train_00645,0.788280725479126,False
test_00125,Anxiety,Anxiety,True,train_05919,0.708156406879425,False
test_00126,Bipolar,Bipolar,True,train_02234,0.7272619009017944,False
test_00127,Bipolar,Anxiety,False,train_02978,0.5773597359657288,False
test_00128,Normal,Bipolar,False,train_00070,0.4537256360054016,False
test_00129,Normal,Normal,True,train_00875,0.39642947912216187,False
test_00130,Anxiety,Anxiety,True,train_01043,0.7602983713150024,False
test_00131,Depression,Depression,True,train_00286,0.7870833277702332,False
test_00132,Depression,Bipolar,False,train_04143,0.5394927859306335,False
test_00133,Bipolar,Bipolar,True,train_01216,0.6027778387069702,False
test_00134,Normal,Normal,True,train_02492,0.3723847270011902,False
test_00135,Depression,Depression,True,train_00033,0.6682931780815125,False
test_00136,Anxiety,Anxiety,True,train_04646,0.823866069316864,False
test_00137,Anxiety,Anxiety,True,train_04047,0.5629063248634338,False
test_00138,Anxiety,Anxiety,True,train_05449,0.7657678127288818,False
test_00139,Anxiety,Anxiety,True,train_05573,0.6991666555404663,False
test_00140,Normal,Normal,True,train_02865,0.3620028495788574,False
test_00141,Depression,Depression,True,train_02585,0.581476092338562,False
test_00142,Depression,Normal,False,train_04414,0.4446874260902405,False
test_00143,Normal,Normal,True,train_02492,0.4277913272380829,False
test_00144,Bipolar,Bipolar,True,train_02016,0.7861217260360718,False
test_00145,Depression,Depression,True,train_04714,0.7884700298309326,False
test_00146,Depression,Depression,True,train_00870,0.6835091710090637,False
test_00147,Anxiety,Anxiety,True,train_02421,0.5578926205635071,False
test_00148,Normal,Normal,True,train_03864,0.49878203868865967,False
test_00149,Normal,Normal,True,train_00649,0.30728209018707275,False
test_00150,Bipolar,Bipolar,True,train_03433,0.7120752334594727,False
test_00151,Anxiety,Anxiety,True,train_05658,0.7939521074295044,False
test_00152,Anxiety,Depression,False,train_02692,0.6506370306015015,False
test_00153,Bipolar,Bipolar,True,train_04494,0.6622748970985413,False
test_00154,Bipolar,Bipolar,True,train_05916,0.7258687019348145,False
test_00155,Normal,Depression,False,train_04799,0.4460057318210602,False
test_00156,Normal,Bipolar,False,train_05257,0.5192641019821167,False
test_00157,Normal,Normal,True,train_00218,0.5541968941688538,False
test_00158,Anxiety,Bipolar,False,train_04675,0.5159034729003906,False
test_00159,Depression,Anxiety,False,train_00713,0.6196311116218567,False
test_00160,Depression,Bipolar,False,train_02877,0.32053428888320923,False
test_00161,Bipolar,Anxiety,False,train_01319,0.5666861534118652,False
test_00162,Bipolar,Bipolar,True,train_01451,0.7861540913581848,False
test_00163,Depression,Depression,True,train_05046,0.6967322826385498,False
test_00164,Bipolar,Bipolar,True,train_02266,0.6110184192657471,False
test_00165,Depression,Depression,True,train_04196,0.6373662948608398,False
test_00166,Anxiety,Anxiety,True,train_05266,0.6957554817199707,False
test_00167,Anxiety,Anxiety,True,train_03282,0.4114168882369995,False
test_00168,Anxiety,Anxiety,True,train_01218,0.6766513586044312,False
test_00169,Anxiety,Bipolar,False,train_00729,0.3562436103820801,False
test_00170,Normal,Normal,True,train_05924,0.3473716974258423,False
test_00171,Anxiety,Anxiety,True,train_03838,0.7517768144607544,False
test_00172,Bipolar,Bipolar,True,train_00615,0.6175076961517334,False
test_00173,Anxiety,Anxiety,True,train_05018,0.7467312812805176,False
test_00174,Bipolar,Bipolar,True,train_01949,0.7287336587905884,False
test_00175,Depression,Depression,True,train_01465,0.6286342144012451,False
test_00176,Bipolar,Bipolar,True,train_03833,0.6392319202423096,False
test_00177,Bipolar,Bipolar,True,train_04143,0.6132153272628784,False
test_00178,Normal,Normal,True,train_00295,0.35354673862457275,False
test_00179,Anxiety,Bipolar,False,train_05791,0.6816099286079407,False
test_00180,Depression,Depression,True,train_03794,0.5788348317146301,False
test_00181,Anxiety,Normal,False,train_01133,0.469538152217865,False
test_00182,Normal,Normal,True,train_00389,0.43979591131210327,False
test_00183,Depression,Depression,True,train_04874,0.7682275772094727,False
test_00184,Bipolar,Depression,False,train_05718,0.7074934244155884,False
test_00185,Bipolar,Bipolar,True,train_00007,0.7139358520507812,False
test_00186,Bipolar,Bipolar,True,train_03005,0.5048534274101257,False
test_00187,Depression,Depression,True,train_01590,0.7076045274734497,False
test_00188,Bipolar,Bipolar,True,train_02748,0.48659366369247437,False
test_00189,Normal,Normal,True,train_00250,0.2877092957496643,False
test_00190,Depression,Depression,True,train_00374,0.7559087872505188,False
test_00191,Depression,Depression,True,train_02272,0.5124991536140442,False
test_00192,Normal,Normal,True,train_01785,0.39191490411758423,False
test_00193,Depression,Depression,True,train_00261,0.5643361806869507,False
test_00194,Depression,Depression,True,train_01944,0.7580002546310425,False
test_00195,Bipolar,Anxiety,False,train_05599,0.7281638383865356,False
test_00196,Depression,Depression,True,train_02347,0.35459187626838684,False
test_00197,Normal,Normal,True,train_00268,0.5188896656036377,False
test_00198,Bipolar,Depression,False,train_05578,0.657953679561615,False
test_00199,Depression,Depression,True,train_05723,0.7375124096870422,False
test_00200,Depression,Depression,True,train_00023,0.7693828344345093,False
test_00201,Depression,Depression,True,train_01408,0.6281266808509827,False
test_00202,Anxiety,Anxiety,True,train_03319,0.5343790650367737,False
test_00203,Anxiety,Anxiety,True,train_00499,0.4514690637588501,False
test_00204,Normal,Bipolar,False,train_00801,0.320427805185318,False
test_00205,Normal,Bipolar,False,train_02157,0.423367977142334,False
test_00206,Depression,Depression,True,train_02137,0.6817408800125122,False
test_00207,Depression,Depression,True,train_02467,0.5697117447853088,False
test_00208,Anxiety,Anxiety,True,train_04149,0.47787660360336304,False
test_00209,Bipolar,Bipolar,True,train_04440,0.5463377833366394,False
test_00210,Bipolar,Bipolar,True,train_01827,0.8029549717903137,False
test_00211,Normal,Bipolar,False,train_03567,0.4151836633682251,False
test_00212,Normal,Normal,True,train_01187,0.6170055270195007,False
test_00213,Normal,Normal,True,train_04597,0.38727593421936035,False
test_00214,Depression,Depression,True,train_03343,0.7713406682014465,False
test_00215,Bipolar,Bipolar,True,train_02048,0.7402509450912476,False
test_00216,Bipolar,Bipolar,True,train_01569,0.8637712001800537,False
test_00217,Depression,Depression,True,train_00911,0.5408589839935303,False
test_00218,Normal,Normal,True,train_04351,0.3572620749473572,False
test_00219,Anxiety,Anxiety,True,train_00506,0.5838072299957275,False
test_00220,Anxiety,Anxiety,True,train_04864,0.4269387423992157,False
test_00221,Anxiety,Anxiety,True,train_01908,0.6040898561477661,False
test_00222,Bipolar,Bipolar,True,train_02292,0.6836659908294678,False
test_00223,Bipolar,Anxiety,False,train_00204,0.6743155121803284,False
test_00224,Depression,Depression,True,train_04322,0.8116471171379089,False
test_00225,Normal,Normal,True,train_05228,0.4581626057624817,False
test_00226,Anxiety,Anxiety,True,train_02864,0.6861595511436462,False
test_00227,Anxiety,Anxiety,True,train_05833,0.5496757626533508,False
test_00228,Bipolar,Bipolar,True,train_05653,0.7427313923835754,False
test_00229,Bipolar,Bipolar,True,train_02139,0.8727462291717529,False
test_00230,Bipolar,Bipolar,True,train_03809,0.7965966463088989,False
test_00231,Depression,Depression,True,train_02803,0.7097240090370178,False
test_00232,Bipolar,Bipolar,True,train_03712,0.7358623743057251,False
test_00233,Depression,Depression,True,train_04932,0.7577318549156189,False
test_00234,Anxiety,Anxiety,True,train_01747,0.599500834941864,False
test_00235,Normal,Normal,True,train_01331,0.41311320662498474,False
test_00236,Depression,Depression,True,train_04130,0.558879017829895,False
test_00237,Bipolar,Bipolar,True,train_02626,0.6753666400909424,False
test_00238,Bipolar,Depression,False,train_00055,0.641220211982727,False
test_00239,Normal,Depression,False,train_04051,0.30362123250961304,False
test_00240,Anxiety,Anxiety,True,train_00585,0.8084517121315002,False
test_00241,Anxiety,Anxiety,True,train_04964,0.7506355047225952,False
test_00242,Normal,Normal,True,train_04672,0.45015716552734375,False
test_00243,Depression,Depression,True,train_00887,0.7896147966384888,False
test_00244,Anxiety,Anxiety,True,train_00992,0.647734522819519,False
test_00245,Normal,Normal,True,train_00279,0.5886971950531006,False
test_00246,Bipolar,Bipolar,True,train_02288,0.7532063722610474,False
test_00247,Anxiety,Anxiety,True,train_01319,0.605015754699707,False
test_00248,Bipolar,Bipolar,True,train_05077,0.7030981779098511,False
test_00249,Anxiety,Anxiety,True,train_04609,0.36821943521499634,False
test_00250,Anxiety,Bipolar,False,train_00773,0.5325179696083069,False
test_00251,Bipolar,Bipolar,True,train_02065,0.758430004119873,False
test_00252,Normal,Normal,True,train_02487,0.4066115617752075,False
test_00253,Anxiety,Anxiety,True,train_00204,0.6110819578170776,False
test_00254,Normal,Normal,True,train_04441,0.664016604423523,False
test_00255,Depression,Bipolar,False,train_05100,0.6536354422569275,False
test_00256,Bipolar,Bipolar,True,train_02732,0.6610838174819946,False
test_00257,Normal,Normal,True,train_01411,0.356951504945755,False
test_00258,Bipolar,Bipolar,True,train_02065,0.7673068046569824,False
test_00259,Bipolar,Bipolar,True,train_01569,0.7732318639755249,False
test_00260,Bipolar,Depression,False,train_02771,0.49939340353012085,False
test_00261,Depression,Bipolar,False,train_01077,0.6384059190750122,False
test_00262,Depression,Depression,True,train_01134,0.7660353183746338,False
test_00263,Bipolar,Bipolar,True,train_04890,0.5704895853996277,False
test_00264,Anxiety,Depression,False,train_00092,0.801781177520752,False
test_00265,Bipolar,Bipolar,True,train_00553,0.6084441542625427,False
test_00266,Normal,Normal,True,train_01438,0.395749568939209,False
test_00267,Bipolar,Bipolar,True,train_03052,0.6175151467323303,False
test_00268,Normal,Normal,True,train_02790,0.4149506092071533,False
test_00269,Normal,Normal,True,train_03845,0.30926477909088135,False
test_00270,Depression,Anxiety,False,train_05437,0.6493389010429382,False
test_00271,Depression,Bipolar,False,train_05313,0.6547175645828247,False
test_00272,Normal,Bipolar,False,train_05284,0.39213377237319946,False
test_00273,Anxiety,Anxiety,True,train_05988,0.6343292593955994,False
test_00274,Depression,Depression,True,train_03344,0.7325174808502197,False
test_00275,Depression,Depression,True,train_05796,0.7445122003555298,False
test_00276,Normal,Normal,True,train_03681,0.43812936544418335,False
test_00277,Anxiety,Depression,False,train_01999,0.6893165707588196,False
test_00278,Bipolar,Bipolar,True,train_02985,0.4875522553920746,False
test_00279,Depression,Anxiety,False,train_00722,0.5563689470291138,False
test_00280,Bipolar,Bipolar,True,train_02384,0.6787773370742798,False
test_00281,Anxiety,Anxiety,True,train_04371,0.7321396470069885,False
test_00282,Bipolar,Normal,False,train_03234,0.3648013472557068,False
test_00283,Anxiety,Anxiety,True,train_05888,0.5925348997116089,False
test_00284,Normal,Anxiety,False,train_02175,0.4335556626319885,False
test_00285,Bipolar,Bipolar,True,train_05077,0.7349652051925659,False
test_00286,Anxiety,Anxiety,True,train_00994,0.699822187423706,False
test_00287,Bipolar,Bipolar,True,train_05950,0.6490540504455566,False
test_00288,Bipolar,Depression,False,train_00498,0.5809624195098877,False
test_00289,Depression,Depression,True,train_03976,0.6317492127418518,False
test_00290,Normal,Depression,False,train_01630,0.4088625907897949,False
test_00291,Bipolar,Bipolar,True,train_02139,0.7918307781219482,False
test_00292,Depression,Depression,True,train_04317,0.7491186261177063,False
test_00293,Depression,Depression,True,train_00468,0.3354804515838623,False
test_00294,Depression,Depression,True,train_01356,0.6873990893363953,False
test_00295,Bipolar,Bipolar,True,train_01973,0.7757900953292847,False
test_00296,Bipolar,Bipolar,True,train_03477,0.748927116394043,False
test_00297,Normal,Normal,True,train_03468,0.37379327416419983,False
test_00298,Normal,Normal,True,train_00300,0.4066407084465027,False
test_00299,Normal,Normal,True,train_04168,0.382904589176178,False
test_00300,Anxiety,Anxiety,True,train_01124,0.6063417196273804,False
test_00301,Anxiety,Depression,False,train_04899,0.6173493266105652,False
test_00302,Normal,Bipolar,False,train_04328,0.39700889587402344,False
test_00303,Anxiety,Anxiety,True,train_04911,0.6726229786872864,False
test_00304,Normal,Depression,False,train_01760,0.41435882449150085,False
test_00305,Normal,Normal,True,train_03434,0.36987555027008057,False
test_00306,Depression,Anxiety,False,train_02864,0.7546725869178772,False
test_00307,Depression,Anxiety,False,train_03889,0.5958950519561768,False
test_00308,Anxiety,Anxiety,True,train_03013,0.555564284324646,False
test_00309,Bipolar,Bipolar,True,train_05581,0.6967951059341431,False
test_00310,Depression,Depression,True,train_02084,0.6190913915634155,False
test_00311,Bipolar,Bipolar,True,train_01047,0.5083836317062378,False
test_00312,Normal,Normal,True,train_00611,0.5367653369903564,False
test_00313,Bipolar,Bipolar,True,train_00821,0.5200349688529968,False
test_00314,Depression,Bipolar,False,train_00186,0.7558813095092773,False
test_00315,Anxiety,Anxiety,True,train_05246,0.5708410739898682,False
test_00316,Bipolar,Bipolar,True,train_00001,0.6913726329803467,False
test_00317,Normal,Anxiety,False,train_05078,0.40318700671195984,False
test_00318,Bipolar,Anxiety,False,train_01662,0.5305122137069702,False
test_00319,Anxiety,Depression,False,train_00817,0.5553709864616394,False
test_00320,Normal,Normal,True,train_00988,0.34777557849884033,False
test_00321,Anxiety,Anxiety,True,train_02867,0.6574194431304932,False
test_00322,Anxiety,Anxiety,True,train_03961,0.7928988337516785,False
test_00323,Normal,Depression,False,train_04791,0.35762959718704224,False
test_00324,Anxiety,Anxiety,True,train_01881,0.7183394432067871,False
test_00325,Normal,Normal,True,train_00213,0.31802719831466675,False
test_00326,Anxiety,Anxiety,True,train_05531,0.7028174996376038,False
test_00327,Anxiety,Anxiety,True,train_00090,0.5789004564285278,False
test_00328,Depression,Depression,True,train_00444,0.7413961887359619,False
test_00329,Normal,Normal,True,train_00882,0.36776870489120483,False
test_00330,Normal,Normal,True,train_03334,0.2559015154838562,False
test_00331,Normal,Normal,True,train_04075,0.5118614435195923,False
test_00332,Depression,Bipolar,False,train_05520,0.45199620723724365,False
test_00333,Bipolar,Anxiety,False,train_00204,0.6731417179107666,False
test_00334,Anxiety,Anxiety,True,train_04911,0.6859772205352783,False
test_00335,Normal,Normal,True,train_03681,0.3530275523662567,False
test_00336,Depression,Depression,True,train_01213,0.549797534942627,False
test_00337,Bipolar,Bipolar,True,train_03618,0.6325359344482422,False
test_00338,Depression,Depression,True,train_05516,0.6717500686645508,False
test_00339,Normal,Normal,True,train_00458,0.2392539381980896,False
test_00340,Normal,Normal,True,train_00931,0.5124273896217346,False
test_00341,Depression,Depression,True,train_04036,0.7495282888412476,False
test_00342,Depression,Depression,True,train_02600,0.684473991394043,False
test_00343,Normal,Bipolar,False,train_03352,0.4741519093513489,False
test_00344,Normal,Normal,True,train_02391,0.41102778911590576,False
test_00345,Normal,Normal,True,train_00519,0.3822033405303955,False
test_00346,Bipolar,Anxiety,False,train_00204,0.6574875116348267,False
test_00347,Anxiety,Anxiety,True,train_01617,0.7334831357002258,False
test_00348,Anxiety,Anxiety,True,train_04780,0.7500548958778381,False
test_00349,Depression,Depression,True,train_01623,0.525844156742096,False
test_00350,Depression,Depression,True,train_02436,0.7162944078445435,False
test_00351,Depression,Bipolar,False,train_03158,0.6710824966430664,False
test_00352,Bipolar,Bipolar,True,train_01712,0.6692680716514587,False
test_00353,Normal,Normal,True,train_02339,0.4760834574699402,False
test_00354,Bipolar,Bipolar,True,train_04469,0.6070745587348938,False
test_00355,Bipolar,Bipolar,True,train_00717,0.730069637298584,False
test_00356,Depression,Depression,True,train_03620,0.6633947491645813,False
test_00357,Bipolar,Depression,False,train_03314,0.7962925434112549,False
test_00358,Bipolar,Bipolar,True,train_01834,0.7476165294647217,False
test_00359,Normal,Normal,True,train_05665,0.4119853377342224,False
test_00360,Normal,Normal,True,train_00568,0.23709183931350708,False
test_00361,Bipolar,Bipolar,True,train_01095,0.6439735293388367,False
test_00362,Depression,Depression,True,train_00614,0.6887311935424805,False
test_00363,Bipolar,Bipolar,True,train_05332,0.7602107524871826,False
test_00364,Depression,Depression,True,train_04117,0.5935728549957275,False
test_00365,Bipolar,Bipolar,True,train_03042,0.7456270456314087,False
test_00366,Depression,Depression,True,train_05707,0.6633344888687134,False
test_00367,Anxiety,Anxiety,True,train_02286,0.6918544769287109,False
test_00368,Depression,Depression,True,train_04264,0.6704616546630859,False
test_00369,Bipolar,Bipolar,True,train_01583,0.6722257137298584,False
test_00370,Depression,Depression,True,train_05603,0.6702500581741333,False
test_00371,Anxiety,Anxiety,True,train_03998,0.69492506980896,False
test_00372,Anxiety,Anxiety,True,train_04483,0.7030229568481445,False
test_00373,Depression,Bipolar,False,train_03038,0.703486442565918,False
test_00374,Anxiety,Anxiety,True,train_00853,0.7751829624176025,False
test_00375,Bipolar,Bipolar,True,train_04416,0.7482914328575134,False
test_00376,Depression,Depression,True,train_05468,0.8207278251647949,False
test_00377,Depression,Bipolar,False,train_00411,0.7367945909500122,False
test_00378,Anxiety,Anxiety,True,train_01020,0.7834522724151611,False
test_00379,Depression,Depression,True,train_00370,0.7382945418357849,False
test_00380,Bipolar,Bipolar,True,train_00717,0.7384631633758545,False
test_00381,Bipolar,Bipolar,True,train_02952,0.6747106313705444,False
test_00382,Normal,Normal,True,train_03176,0.3777538537979126,False
test_00383,Anxiety,Anxiety,True,train_02015,0.5738343000411987,False
test_00384,Bipolar,Depression,False,train_04932,0.7437566518783569,False
test_00385,Bipolar,Depression,False,train_01859,0.5634356737136841,False
test_00386,Depression,Depression,True,train_03794,0.62363600730896,False
test_00387,Normal,Normal,True,train_05495,0.43697065114974976,False
test_00388,Normal,Normal,True,train_05579,0.4676474332809448,False
test_00389,Bipolar,Bipolar,True,train_05237,0.8060652613639832,False
test_00390,Depression,Bipolar,False,train_05656,0.6475579142570496,False
test_00391,Depression,Depression,True,train_00922,0.678016185760498,False
test_00392,Anxiety,Normal,False,train_04688,0.40648841857910156,False
test_00393,Depression,Depression,True,train_03344,0.7341342568397522,False
test_00394,Normal,Normal,True,train_04602,0.4956851303577423,False
test_00395,Anxiety,Bipolar,False,train_05376,0.56819748878479,False
test_00396,Normal,Anxiety,False,train_05789,0.31638574600219727,False
test_00397,Normal,Normal,True,train_03247,0.4592815637588501,False
test_00398,Normal,Anxiety,False,train_04048,0.3259839713573456,False
test_00399,Anxiety,Normal,False,train_02109,0.4277039170265198,False
test_00400,Normal,Normal,True,train_05331,0.4460194408893585,False
test_00401,Bipolar,Bipolar,True,train_00002,0.5292478799819946,False
test_00402,Bipolar,Bipolar,True,train_02065,0.7727615833282471,False
test_00403,Anxiety,Anxiety,True,train_00853,0.7611616849899292,False
test_00404,Bipolar,Bipolar,True,train_01082,0.6236414313316345,False
test_00405,Anxiety,Anxiety,True,train_05577,0.6520819664001465,False
test_00406,Normal,Normal,True,train_02817,0.42423558235168457,False
test_00407,Normal,Normal,True,train_04414,0.3958820700645447,False
test_00408,Normal,Normal,True,train_04049,0.2608238458633423,False
test_00409,Depression,Depression,True,train_03119,0.5700793266296387,False
test_00410,Bipolar,Anxiety,False,train_01567,0.47284263372421265,False
test_00411,Bipolar,Bipolar,True,train_02640,0.7587624192237854,False
test_00412,Anxiety,Anxiety,True,train_03490,0.7104307413101196,False
test_00413,Anxiety,Anxiety,True,train_00109,0.7823237776756287,False
test_00414,Bipolar,Bipolar,True,train_03529,0.8466532230377197,False
test_00415,Anxiety,Anxiety,True,train_05483,0.7785875797271729,False
test_00416,Depression,Depression,True,train_01235,0.6510606408119202,False
test_00417,Normal,Normal,True,train_01994,0.3733903765678406,False
test_00418,Anxiety,Anxiety,True,train_05352,0.507643461227417,False
test_00419,Depression,Anxiety,False,train_03612,0.568545937538147,False
test_00420,Normal,Normal,True,train_02220,0.5288739204406738,False
test_00421,Anxiety,Anxiety,True,train_03282,0.7314580678939819,False
test_00422,Normal,Anxiety,False,train_01159,0.40059489011764526,False
test_00423,Normal,Normal,True,train_04612,0.4923234283924103,False
test_00424,Normal,Normal,True,train_01814,0.3510151505470276,False
test_00425,Depression,Depression,True,train_02579,0.7566428184509277,False
test_00426,Normal,Normal,True,train_03761,0.3682857155799866,False
test_00427,Anxiety,Anxiety,True,train_04895,0.5519137382507324,False
test_00428,Anxiety,Anxiety,True,train_01592,0.7564201951026917,False
test_00429,Bipolar,Bipolar,True,train_04995,0.6267879605293274,False
test_00430,Bipolar,Anxiety,False,train_02891,0.5877546668052673,False
test_00431,Normal,Anxiety,False,train_02730,0.5925003886222839,False
test_00432,Bipolar,Bipolar,True,train_00848,0.609128475189209,False
test_00433,Bipolar,Bipolar,True,train_05139,0.5348952412605286,False
test_00434,Bipolar,Depression,False,train_04344,0.5892142653465271,False
test_00435,Anxiety,Anxiety,True,train_02735,0.601966381072998,False
test_00436,Normal,Normal,True,train_05331,0.41524502635002136,False
test_00437,Anxiety,Anxiety,True,train_00715,0.6865875720977783,False
test_00438,Anxiety,Anxiety,True,train_00079,0.7276871204376221,False
test_00439,Depression,Depression,True,train_02003,0.5946328639984131,False
test_00440,Depression,Depression,True,train_03117,0.6972058415412903,False
test_00441,Normal,Normal,True,train_04075,0.5219135284423828,False
test_00442,Anxiety,Anxiety,True,train_01707,0.45920252799987793,False
test_00443,Normal,Depression,False,train_00707,0.6410291194915771,False
test_00444,Depression,Depression,True,train_03799,0.5465359687805176,False
test_00445,Depression,Bipolar,False,train_00783,0.8293842077255249,False
test_00446,Bipolar,Bipolar,True,train_05293,0.5951371192932129,False
test_00447,Anxiety,Anxiety,True,train_02206,0.7686759829521179,False
test_00448,Depression,Depression,True,train_03788,0.6656224727630615,False
test_00449,Anxiety,Anxiety,True,train_00865,0.7112687826156616,False
test_00450,Anxiety,Bipolar,False,train_05319,0.6130290627479553,False
test_00451,Bipolar,Bipolar,True,train_05002,0.7733445167541504,False
test_00452,Depression,Depression,True,train_03469,0.7434254884719849,False
test_00453,Normal,Normal,True,train_01448,0.49918854236602783,False
test_00454,Anxiety,Anxiety,True,train_00207,0.5460070371627808,False
test_00455,Normal,Depression,False,train_02125,0.3310304880142212,False
test_00456,Depression,Anxiety,False,train_00059,0.7126336097717285,False
test_00457,Bipolar,Anxiety,False,train_02151,0.49982380867004395,False
test_00458,Bipolar,Bipolar,True,train_04310,0.7745876312255859,False
test_00459,Depression,Bipolar,False,train_03158,0.6609096527099609,False
test_00460,Normal,Depression,False,train_04652,0.4203537106513977,False
test_00461,Normal,Anxiety,False,train_04721,0.39237314462661743,False
test_00462,Depression,Anxiety,False,train_01011,0.5248826742172241,False
test_00463,Bipolar,Depression,False,train_02467,0.6683023571968079,False
test_00464,Anxiety,Depression,False,train_03441,0.7723697423934937,False
test_00465,Bipolar,Bipolar,True,train_03028,0.7500276565551758,False
test_00466,Anxiety,Bipolar,False,train_05845,0.7032684683799744,False
test_00467,Depression,Depression,True,train_04491,0.6797260642051697,False
test_00468,Depression,Depression,True,train_05165,0.7193965911865234,False
test_00469,Bipolar,Bipolar,True,train_05216,0.5656946897506714,False
test_00470,Depression,Normal,False,train_02720,0.5990407466888428,False
test_00471,Bipolar,Bipolar,True,train_02355,0.6506316661834717,False
test_00472,Depression,Depression,True,train_03288,0.7237656116485596,False
test_00473,Anxiety,Depression,False,train_00832,0.5290940403938293,False
test_00474,Depression,Anxiety,False,train_04595,0.6522843241691589,False
test_00475,Normal,Normal,True,train_04999,0.47303327918052673,False
test_00476,Depression,Anxiety,False,train_05632,0.6509843468666077,False
test_00477,Anxiety,Anxiety,True,train_04990,0.4364093244075775,False
test_00478,Anxiety,Anxiety,True,train_05246,0.6816885471343994,False
test_00479,Bipolar,Bipolar,True,train_03266,0.6347272992134094,False
test_00480,Bipolar,Bipolar,True,train_04074,0.6952875852584839,False
test_00481,Anxiety,Bipolar,False,train_01477,0.6086137294769287,False
test_00482,Bipolar,Bipolar,True,train_00803,0.8214995861053467,False
test_00483,Normal,Normal,True,train_01910,0.6787821054458618,False
test_00484,Anxiety,Bipolar,False,train_01902,0.5099933743476868,False
test_00485,Anxiety,Anxiety,True,train_04619,0.7995498180389404,False
test_00486,Depression,Depression,True,train_03172,0.7038775682449341,False
test_00487,Anxiety,Anxiety,True,train_04747,0.8236361145973206,False
test_00488,Depression,Depression,True,train_00872,0.7762194275856018,False
test_00489,Normal,Normal,True,train_02205,0.47984135150909424,False
test_00490,Normal,Normal,True,train_01561,0.48423516750335693,False
test_00491,Normal,Normal,True,train_04597,0.32754915952682495,False
test_00492,Normal,Normal,True,train_00855,0.33071190118789673,False
test_00493,Bipolar,Bipolar,True,train_01158,0.6572173237800598,False
test_00494,Depression,Depression,True,train_05913,0.6135379076004028,False
test_00495,Anxiety,Anxiety,True,train_00289,0.6090036034584045,False
test_00496,Bipolar,Bipolar,True,train_00411,0.7638896703720093,False
test_00497,Bipolar,Bipolar,True,train_02014,0.6669661998748779,False
test_00498,Depression,Depression,True,train_02008,0.7409122586250305,False
test_00499,Depression,Depression,True,train_01893,0.6651562452316284,False
test_00500,Depression,Depression,True,train_00430,0.7266891002655029,False
test_00501,Depression,Depression,True,train_05130,0.4420240819454193,False
test_00502,Depression,Depression,True,train_00324,0.6713058948516846,False
test_00503,Normal,Bipolar,False,train_03335,0.5134601593017578,False
test_00504,Anxiety,Anxiety,True,train_03998,0.6965748071670532,False
test_00505,Normal,Anxiety,False,train_01782,0.4088478088378906,False
test_00506,Anxiety,Anxiety,True,train_04720,0.7277175188064575,False
test_00507,Anxiety,Anxiety,True,train_03680,0.6705397367477417,False
test_00508,Anxiety,Anxiety,True,train_03873,0.743550181388855,False
test_00509,Bipolar,Bipolar,True,train_05193,0.6828137040138245,False
test_00510,Normal,Bipolar,False,train_01931,0.46284520626068115,False
test_00511,Bipolar,Bipolar,True,train_03227,0.5694262981414795,False
test_00512,Anxiety,Anxiety,True,train_01043,0.7864693403244019,False
test_00513,Depression,Depression,True,train_05930,0.5091723799705505,False
test_00514,Anxiety,Anxiety,True,train_01208,0.7948426008224487,False
test_00515,Normal,Normal,True,train_03102,0.42133787274360657,False
test_00516,Normal,Normal,True,train_01132,0.3062177896499634,False
test_00517,Normal,Normal,True,train_05465,0.44188886880874634,False
test_00518,Anxiety,Anxiety,True,train_04088,0.6993927955627441,False
test_00519,Normal,Normal,True,train_01561,0.4826222062110901,False
test_00520,Anxiety,Anxiety,True,train_00867,0.6786662340164185,False
test_00521,Depression,Depression,True,train_05834,0.77061927318573,False
test_00522,Bipolar,Bipolar,True,train_02927,0.8305957317352295,False
test_00523,Normal,Bipolar,False,train_03783,0.35722705721855164,False
test_00524,Normal,Depression,False,train_04240,0.43772730231285095,False
test_00525,Normal,Normal,True,train_00124,0.7175304889678955,False
test_00526,Anxiety,Anxiety,True,train_02915,0.6585924625396729,False
test_00527,Normal,Normal,True,train_03963,0.46621033549308777,False
test_00528,Normal,Normal,True,train_01366,0.40059390664100647,False
test_00529,Bipolar,Bipolar,True,train_01027,0.4983412027359009,False
test_00530,Bipolar,Depression,False,train_01965,0.6302635669708252,False
test_00531,Normal,Normal,True,train_01231,0.5149739980697632,False
test_00532,Depression,Bipolar,False,train_04473,0.7388348579406738,False
test_00533,Normal,Depression,False,train_01439,0.4073892831802368,False
test_00534,Anxiety,Anxiety,True,train_02915,0.6932432651519775,False
test_00535,Bipolar,Bipolar,True,train_05094,0.6889932751655579,False
test_00536,Bipolar,Bipolar,True,train_00253,0.7240469455718994,False
test_00537,Depression,Depression,True,train_03326,0.696441650390625,False
test_00538,Bipolar,Bipolar,True,train_03241,0.6106642484664917,False
test_00539,Depression,Depression,True,train_03261,0.6134424209594727,False
test_00540,Depression,Depression,True,train_03588,0.6822489500045776,False
test_00541,Normal,Normal,True,train_02851,0.4109973609447479,False
test_00542,Anxiety,Depression,False,train_02340,0.5391113758087158,False
test_00543,Anxiety,Anxiety,True,train_04720,0.8407579064369202,False
test_00544,Anxiety,Anxiety,True,train_01447,0.5251758694648743,False
test_00545,Bipolar,Bipolar,True,train_04028,0.7823159694671631,False
test_00546,Depression,Depression,True,train_04510,0.7703038454055786,False
test_00547,Anxiety,Anxiety,True,train_01539,0.4368581771850586,False
test_00548,Depression,Depression,True,train_03709,0.5328601598739624,False
test_00549,Normal,Normal,True,train_05465,0.39114701747894287,False
test_00550,Normal,Bipolar,False,train_04903,0.31690239906311035,False
test_00551,Depression,Depression,True,train_04665,0.7839889526367188,False
test_00552,Bipolar,Bipolar,True,train_04129,0.6244502067565918,False
test_00553,Depression,Depression,True,train_01523,0.45352229475975037,False
test_00554,Normal,Normal,True,train_04758,0.2965770363807678,False
test_00555,Normal,Normal,True,train_05453,0.34465187788009644,False
test_00556,Normal,Normal,True,train_02955,0.5276246666908264,False
test_00557,Depression,Depression,True,train_02276,0.5640052556991577,False
test_00558,Bipolar,Bipolar,True,train_05687,0.761965811252594,False
test_00559,Bipolar,Bipolar,True,train_04128,0.6637675762176514,False
test_00560,Anxiety,Anxiety,True,train_00105,0.487890362739563,False
test_00561,Bipolar,Bipolar,True,train_00192,0.5651986598968506,False
test_00562,Bipolar,Bipolar,True,train_00232,0.82347571849823,False
test_00563,Bipolar,Bipolar,True,train_03833,0.6895013451576233,False
test_00564,Normal,Normal,True,train_03054,0.38725191354751587,False
test_00565,Bipolar,Bipolar,True,train_05216,0.5892738699913025,False
test_00566,Normal,Normal,True,train_02728,0.4402197301387787,False
test_00567,Anxiety,Anxiety,True,train_01881,0.7012341022491455,False
test_00568,Bipolar,Bipolar,True,train_03874,0.4620252847671509,False
test_00569,Bipolar,Bipolar,True,train_00253,0.8313119411468506,False
test_00570,Normal,Normal,True,train_00435,0.37161386013031006,False
test_00571,Normal,Bipolar,False,train_00431,0.3026387095451355,False
test_00572,Normal,Depression,False,train_02287,0.3537026047706604,False
test_00573,Bipolar,Bipolar,True,train_05344,0.7623337507247925,False
test_00574,Depression,Depression,True,train_03617,0.5891244411468506,False
test_00575,Depression,Depression,True,train_05949,0.6106827259063721,False
test_00576,Depression,Depression,True,train_04658,0.5001859068870544,False
test_00577,Anxiety,Anxiety,True,train_01201,0.6834592819213867,False
test_00578,Bipolar,Bipolar,True,train_05925,0.6540696620941162,False
test_00579,Bipolar,Bipolar,True,train_01215,0.5852087736129761,False
test_00580,Bipolar,Bipolar,True,train_00219,0.6736371517181396,False
test_00581,Bipolar,Bipolar,True,train_05305,0.6872602701187134,False
test_00582,Normal,Normal,True,train_05321,0.3911646604537964,False
test_00583,Anxiety,Bipolar,False,train_05146,0.5989261865615845,False
test_00584,Normal,Normal,True,train_01209,0.46289995312690735,False
test_00585,Normal,Normal,True,train_05069,0.38152647018432617,False
test_00586,Anxiety,Anxiety,True,train_01171,0.5878334045410156,False
test_00587,Depression,Depression,True,train_03750,0.6297557353973389,False
test_00588,Depression,Depression,True,train_03620,0.68682461977005,False
test_00589,Anxiety,Anxiety,True,train_03530,0.6686693429946899,False
test_00590,Anxiety,Anxiety,True,train_01567,0.46230393648147583,False
test_00591,Normal,Normal,True,train_04528,0.41264235973358154,False
test_00592,Normal,Normal,True,train_02552,0.5292495489120483,False
test_00593,Normal,Normal,True,train_03367,0.24836114048957825,False
test_00594,Anxiety,Normal,False,train_02889,0.5611160397529602,False
test_00595,Anxiety,Bipolar,False,train_05688,0.6994152665138245,False
test_00596,Depression,Depression,True,train_00917,0.49350711703300476,False
test_00597,Normal,Normal,True,train_05805,0.4937376379966736,False
test_00598,Normal,Bipolar,False,train_03792,0.42035919427871704,False
test_00599,Normal,Normal,True,train_02366,0.37959399819374084,False
test_00600,Depression,Depression,True,train_05723,0.7987673878669739,False
test_00601,Bipolar,Bipolar,True,train_04387,0.7573257088661194,False
test_00602,Anxiety,Bipolar,False,train_02802,0.6208826899528503,False
test_00603,Depression,Bipolar,False,train_04473,0.7586584687232971,False
test_00604,Bipolar,Bipolar,True,train_00984,0.6418906450271606,False
test_00605,Bipolar,Bipolar,True,train_02636,0.7256643772125244,False
test_00606,Depression,Depression,True,train_02579,0.7698988318443298,False
test_00607,Depression,Depression,True,train_03172,0.7265895009040833,False
test_00608,Anxiety,Anxiety,True,train_03404,0.6827431917190552,False
test_00609,Normal,Normal,True,train_04957,0.3506356179714203,False
test_00610,Bipolar,Bipolar,True,train_02297,0.5787767171859741,False
test_00611,Bipolar,Bipolar,True,train_04172,0.7733950614929199,False
test_00612,Bipolar,Bipolar,True,train_03968,0.6900555491447449,False
test_00613,Depression,Depression,True,train_02034,0.6033347845077515,False
test_00614,Bipolar,Bipolar,True,train_05668,0.788112223148346,False
test_00615,Depression,Depression,True,train_05834,0.7023454904556274,False
test_00616,Anxiety,Anxiety,True,train_02195,0.7498000860214233,False
test_00617,Anxiety,Anxiety,True,train_02542,0.7655457258224487,False
test_00618,Depression,Depression,True,train_01388,0.5046948194503784,False
test_00619,Bipolar,Bipolar,True,train_00963,0.669400155544281,False
test_00620,Anxiety,Anxiety,True,train_02018,0.5448116064071655,False
test_00621,Depression,Bipolar,False,train_03301,0.6149724721908569,False
test_00622,Anxiety,Anxiety,True,train_02754,0.5224131345748901,False
test_00623,Bipolar,Bipolar,True,train_02592,0.6850457787513733,False
test_00624,Normal,Anxiety,False,train_01293,0.48345649242401123,False
test_00625,Anxiety,Anxiety,True,train_04583,0.4558980464935303,False
test_00626,Depression,Depression,True,train_01153,0.645002007484436,False
test_00627,Normal,Anxiety,False,train_00585,0.5127399563789368,False
test_00628,Normal,Bipolar,False,train_01047,0.3756678104400635,False
test_00629,Anxiety,Anxiety,True,train_05303,0.47413766384124756,False
test_00630,Anxiety,Anxiety,True,train_03080,0.642728328704834,False
test_00631,Anxiety,Anxiety,True,train_04651,0.5227454304695129,False
test_00632,Anxiety,Anxiety,True,train_05820,0.5107783079147339,False
test_00633,Anxiety,Anxiety,True,train_04641,0.6297645568847656,False
test_00634,Bipolar,Bipolar,True,train_03338,0.821831464767456,False
test_00635,Normal,Depression,False,train_00473,0.5654128789901733,False
test_00636,Normal,Normal,True,train_01366,0.4218827486038208,False
test_00637,Bipolar,Anxiety,False,train_01289,0.715792179107666,False
test_00638,Bipolar,Bipolar,True,train_02426,0.5475766062736511,False
test_00639,Anxiety,Anxiety,True,train_05774,0.6949328184127808,False
test_00640,Bipolar,Bipolar,True,train_00754,0.6148159503936768,False
test_00641,Normal,Depression,False,train_03119,0.5253703594207764,False
test_00642,Anxiety,Bipolar,False,train_03132,0.599800169467926,False
test_00643,Depression,Depression,True,train_05098,0.7667946815490723,False
test_00644,Depression,Bipolar,False,train_01399,0.4327428340911865,False
test_00645,Anxiety,Anxiety,True,train_05502,0.607596755027771,False
test_00646,Normal,Normal,True,train_05844,0.4522913694381714,False
test_00647,Anxiety,Anxiety,True,train_05789,0.6160014867782593,False
test_00648,Bipolar,Bipolar,True,train_03017,0.6730722188949585,False
test_00649,Anxiety,Anxiety,True,train_05134,0.5693362951278687,False
test_00650,Depression,Bipolar,False,train_05751,0.6436817646026611,False
test_00651,Normal,Normal,True,train_00543,0.3702700436115265,False
test_00652,Anxiety,Bipolar,False,train_03560,0.496021032333374,False
test_00653,Bipolar,Bipolar,True,train_04993,0.6443897485733032,False
test_00654,Anxiety,Anxiety,True,train_04858,0.7110966444015503,False
test_00655,Anxiety,Anxiety,True,train_04047,0.5105891227722168,False
test_00656,Depression,Anxiety,False,train_00155,0.6954397559165955,False
test_00657,Anxiety,Anxiety,True,train_02993,0.7032779455184937,False
test_00658,Bipolar,Bipolar,True,train_03204,0.7761688828468323,False
test_00659,Normal,Depression,False,train_03188,0.2901482582092285,False
test_00660,Anxiety,Depression,False,train_04073,0.5800628066062927,False
test_00661,Anxiety,Anxiety,True,train_02972,0.3944053649902344,False
test_00662,Bipolar,Bipolar,True,train_00414,0.7843130826950073,False
test_00663,Anxiety,Anxiety,True,train_00014,0.6466331481933594,False
test_00664,Bipolar,Bipolar,True,train_00253,0.8104024529457092,False
test_00665,Anxiety,Anxiety,True,train_02425,0.7483986020088196,False
test_00666,Depression,Depression,True,train_01596,0.5590577125549316,False
test_00667,Depression,Depression,True,train_00591,0.7122735977172852,False
test_00668,Anxiety,Anxiety,True,train_01093,0.7828883528709412,False
test_00669,Depression,Anxiety,False,train_02117,0.4643741250038147,False
test_00670,Normal,Normal,True,train_03334,0.42341819405555725,False
test_00671,Bipolar,Bipolar,True,train_01440,0.6465137004852295,False
test_00672,Normal,Normal,True,train_03953,0.363059937953949,False
test_00673,Depression,Depression,True,train_01053,0.8063507080078125,False
test_00674,Depression,Depression,True,train_01003,0.6416341662406921,False
test_00675,Bipolar,Bipolar,True,train_04558,0.7539540529251099,False
test_00676,Anxiety,Anxiety,True,train_01340,0.7401403188705444,False
test_00677,Anxiety,Anxiety,True,train_03879,0.7387354373931885,False
test_00678,Depression,Depression,True,train_05092,0.7174997329711914,False
test_00679,Anxiety,Anxiety,True,train_03791,0.6140488386154175,False
test_00680,Depression,Depression,True,train_04608,0.6459804773330688,False
test_00681,Anxiety,Anxiety,True,train_02442,0.6516693830490112,False
test_00682,Bipolar,Bipolar,True,train_03968,0.6878887414932251,False
test_00683,Bipolar,Bipolar,True,train_00327,0.7400203943252563,False
test_00684,Anxiety,Anxiety,True,train_05166,0.693114161491394,False
test_00685,Depression,Depression,True,train_05574,0.6027229428291321,False
test_00686,Anxiety,Depression,False,train_03526,0.5294142961502075,False
test_00687,Depression,Depression,True,train_00904,0.7469653487205505,False
test_00688,Normal,Anxiety,False,train_05115,0.3744008243083954,False
test_00689,Bipolar,Bipolar,True,train_02812,0.7765457034111023,False
test_00690,Anxiety,Depression,False,train_04151,0.579174816608429,False
test_00691,Normal,Normal,True,train_00855,0.32293426990509033,False
test_00692,Depression,Depression,True,train_01698,0.7081900238990784,False
test_00693,Bipolar,Depression,False,train_01356,0.7194259762763977,False
test_00694,Bipolar,Depression,False,train_03575,0.6557320356369019,False
test_00695,Normal,Normal,True,train_01380,0.432836651802063,False
test_00696,Anxiety,Anxiety,True,train_04509,0.4543587565422058,False
test_00697,Normal,Normal,True,train_00279,0.5280680656433105,False
test_00698,Anxiety,Anxiety,True,train_02380,0.6815778017044067,False
test_00699,Bipolar,Depression,False,train_05763,0.697741687297821,False
test_00700,Normal,Normal,True,train_05541,0.32520243525505066,False
test_00701,Normal,Bipolar,False,train_00827,0.29494932293891907,False
test_00702,Normal,Normal,True,train_05720,0.39465269446372986,False
test_00703,Bipolar,Bipolar,True,train_05086,0.576097309589386,False
test_00704,Depression,Bipolar,False,train_00694,0.6827883124351501,False
test_00705,Anxiety,Anxiety,True,train_03700,0.6776513457298279,False
test_00706,Anxiety,Bipolar,False,train_02678,0.5470125675201416,False
test_00707,Normal,Normal,True,train_05814,0.43711555004119873,False
test_00708,Normal,Normal,True,train_01945,0.43654170632362366,False
test_00709,Depression,Anxiety,False,train_03431,0.6234395503997803,False
test_00710,Bipolar,Bipolar,True,train_02352,0.7326824069023132,False
test_00711,Normal,Normal,True,train_03899,0.5641907453536987,False
test_00712,Anxiety,Anxiety,True,train_01260,0.6789242029190063,False
test_00713,Depression,Anxiety,False,train_05189,0.5796281099319458,False
test_00714,Normal,Normal,True,train_02531,0.3758787512779236,False
test_00715,Bipolar,Depression,False,train_01105,0.607537031173706,False
test_00716,Anxiety,Anxiety,True,train_04689,0.5242962837219238,False
test_00717,Depression,Depression,True,train_04866,0.701093316078186,False
test_00718,Anxiety,Anxiety,True,train_00159,0.5157666206359863,False
test_00719,Depression,Depression,True,train_05928,0.792181134223938,False
test_00720,Bipolar,Bipolar,True,train_02878,0.7964485883712769,False
test_00721,Normal,Normal,True,train_03200,0.4121664762496948,False
test_00722,Depression,Depression,True,train_00493,0.6731985211372375,False
test_00723,Anxiety,Anxiety,True,train_01208,0.705202043056488,False
test_00724,Bipolar,Depression,False,train_03540,0.7667281627655029,False
test_00725,Normal,Normal,True,train_01296,0.392694354057312,False
test_00726,Normal,Normal,True,train_05368,0.36540552973747253,False
test_00727,Bipolar,Bipolar,True,train_05872,0.7409878969192505,False
test_00728,Depression,Depression,True,train_02233,0.7876206040382385,False
test_00729,Bipolar,Bipolar,True,train_00391,0.7863223552703857,False
test_00730,Normal,Depression,False,train_03498,0.49983739852905273,False
test_00731,Anxiety,Anxiety,True,train_04680,0.7262548208236694,False
test_00732,Anxiety,Anxiety,True,train_01195,0.5576518774032593,False
test_00733,Anxiety,Anxiety,True,train_04182,0.7808834314346313,False
test_00734,Bipolar,Bipolar,True,train_01223,0.7764065861701965,False
test_00735,Depression,Depression,True,train_03210,0.7625175714492798,False
test_00736,Depression,Depression,True,train_01629,0.6865585446357727,False
test_00737,Depression,Depression,True,train_05142,0.6696043014526367,False
test_00738,Anxiety,Anxiety,True,train_05537,0.6103092432022095,False
test_00739,Normal,Normal,True,train_04968,0.2572927474975586,False
test_00740,Depression,Bipolar,False,train_00122,0.6540662050247192,False
test_00741,Anxiety,Anxiety,True,train_04350,0.5946112275123596,False
test_00742,Normal,Normal,True,train_04601,0.4947879910469055,False
test_00743,Normal,Normal,True,train_05980,0.5187844038009644,False
test_00744,Bipolar,Bipolar,True,train_02355,0.725669264793396,False
test_00745,Bipolar,Bipolar,True,train_04347,0.5862894058227539,False
test_00746,Anxiety,Anxiety,True,train_02667,0.7172968983650208,False
test_00747,Bipolar,Bipolar,True,train_02405,0.5929437875747681,False
test_00748,Normal,Depression,False,train_03121,0.5427340269088745,False
test_00749,Depression,Depression,True,train_02253,0.5225520133972168,False
test_00750,Normal,Depression,False,train_01355,0.6089427471160889,False
test_00751,Bipolar,Bipolar,True,train_00840,0.70308518409729,False
test_00752,Anxiety,Anxiety,True,train_04024,0.5579025149345398,False
test_00753,Bipolar,Bipolar,True,train_02234,0.6006258726119995,False
test_00754,Bipolar,Bipolar,True,train_04779,0.7974205017089844,False
test_00755,Bipolar,Bipolar,True,train_03711,0.5970903635025024,False
test_00756,Normal,Bipolar,False,train_03266,0.4830016493797302,False
test_00757,Depression,Normal,False,train_01133,0.5806139707565308,False
test_00758,Bipolar,Bipolar,True,train_00514,0.7216188907623291,False
test_00759,Bipolar,Anxiety,False,train_02645,0.6080641746520996,False
test_00760,Bipolar,Bipolar,True,train_02426,0.4531400799751282,False
test_00761,Depression,Anxiety,False,train_00766,0.6174139380455017,False
test_00762,Depression,Depression,True,train_02584,0.5491013526916504,False
test_00763,Normal,Normal,True,train_05671,0.4289282262325287,False
test_00764,Bipolar,Bipolar,True,train_01867,0.6415610313415527,False
test_00765,Depression,Depression,True,train_04468,0.7880244851112366,False
test_00766,Normal,Normal,True,train_00583,0.43824148178100586,False
test_00767,Normal,Normal,True,train_04912,0.4182424545288086,False
test_00768,Depression,Anxiety,False,train_01748,0.6874312162399292,False
test_00769,Bipolar,Bipolar,True,train_01101,0.793561577796936,False
test_00770,Anxiety,Depression,False,train_02422,0.4833759665489197,False
test_00771,Anxiety,Anxiety,True,train_03879,0.6594319343566895,False
test_00772,Anxiety,Normal,False,train_00330,0.4685855507850647,False
test_00773,Anxiety,Anxiety,True,train_02958,0.6858659982681274,False
test_00774,Anxiety,Anxiety,True,train_03178,0.714902400970459,False
test_00775,Anxiety,Anxiety,True,train_00865,0.7040629386901855,False
test_00776,Anxiety,Anxiety,True,train_04289,0.6940388679504395,False
test_00777,Bipolar,Bipolar,True,train_02777,0.8434823155403137,False
test_00778,Anxiety,Anxiety,True,train_04334,0.6149874925613403,False
test_00779,Anxiety,Anxiety,True,train_03591,0.5203454494476318,False
test_00780,Normal,Normal,True,train_05720,0.38885819911956787,False
test_00781,Bipolar,Bipolar,True,train_02191,0.723716139793396,False
test_00782,Depression,Depression,True,train_01105,0.7973372936248779,False
test_00783,Normal,Bipolar,False,train_03088,0.4397152364253998,False
test_00784,Normal,Normal,True,train_04168,0.3538777232170105,False
test_00785,Normal,Normal,True,train_05871,0.37520772218704224,False
test_00786,Normal,Normal,True,train_03728,0.41316545009613037,False
test_00787,Depression,Depression,True,train_01623,0.5789147615432739,False
test_00788,Bipolar,Bipolar,True,train_05002,0.6891411542892456,False
test_00789,Normal,Normal,True,train_05807,0.36576011776924133,False
test_00790,Normal,Normal,True,train_01266,0.3365696966648102,False
test_00791,Depression,Bipolar,False,train_01310,0.6020715236663818,False
test_00792,Anxiety,Anxiety,True,train_00542,0.7803839445114136,False
test_00793,Normal,Depression,False,train_02419,0.3984525203704834,False
test_00794,Normal,Normal,True,train_05720,0.4264442026615143,False
test_00795,Bipolar,Bipolar,True,train_03301,0.742931604385376,False
test_00796,Bipolar,Normal,False,train_01092,0.4371671676635742,False
test_00797,Depression,Depression,True,train_00390,0.6686843633651733,False
test_00798,Normal,Depression,False,train_02023,0.5473219752311707,False
test_00799,Normal,Normal,True,train_04999,0.350760281085968,False
test_00800,Depression,Anxiety,False,train_05346,0.6576634049415588,False
test_00801,Normal,Normal,True,train_01479,0.37239187955856323,False
test_00802,Bipolar,Bipolar,True,train_05315,0.8577027320861816,False
test_00803,Normal,Normal,True,train_03331,0.2823167145252228,False
test_00804,Depression,Depression,True,train_03788,0.6904038786888123,False
test_00805,Normal,Normal,True,train_05356,0.3656783699989319,False
test_00806,Bipolar,Bipolar,True,train_00821,0.696191668510437,False
test_00807,Anxiety,Anxiety,True,train_04941,0.7719356417655945,False
test_00808,Normal,Normal,True,train_00696,0.3637697696685791,False
test_00809,Anxiety,Anxiety,True,train_05209,0.6398492455482483,False
test_00810,Normal,Normal,True,train_04441,0.5305930376052856,False
test_00811,Anxiety,Anxiety,True,train_01192,0.7213358283042908,False
test_00812,Anxiety,Anxiety,True,train_03180,0.6444186568260193,False
test_00813,Normal,Normal,True,train_01890,0.2829819321632385,False
test_00814,Depression,Depression,True,train_05008,0.6195315718650818,False
test_00815,Depression,Bipolar,False,train_02457,0.6803207397460938,False
test_00816,Depression,Depression,True,train_02786,0.7302091121673584,False
test_00817,Normal,Normal,True,train_04793,0.4053703546524048,False
test_00818,Normal,Bipolar,False,train_00070,0.3965485095977783,False
test_00819,Normal,Depression,False,train_03983,0.5183427929878235,False
test_00820,Anxiety,Anxiety,True,train_03428,0.6384885907173157,False
test_00821,Anxiety,Anxiety,True,train_02488,0.6047302484512329,False
test_00822,Normal,Normal,True,train_01975,0.4043102264404297,False
test_00823,Depression,Depression,True,train_03908,0.7205389142036438,False
test_00824,Normal,Normal,True,train_02416,0.25140145421028137,False
test_00825,Normal,Anxiety,False,train_04062,0.3939870595932007,False
test_00826,Anxiety,Anxiety,True,train_03873,0.7410942316055298,False
test_00827,Depression,Depression,True,train_01696,0.6306912899017334,False
test_00828,Bipolar,Anxiety,False,train_03997,0.6615114212036133,False
test_00829,Normal,Normal,True,train_02305,0.3434987962245941,False
test_00830,Depression,Depression,True,train_05823,0.5775704383850098,False
test_00831,Bipolar,Bipolar,True,train_02271,0.7888820171356201,False
test_00832,Normal,Normal,True,train_05495,0.49879056215286255,False
test_00833,Anxiety,Anxiety,True,train_05369,0.6880724430084229,False
test_00834,Bipolar,Bipolar,True,train_00111,0.5672885179519653,False
test_00835,Anxiety,Anxiety,True,train_04182,0.861116886138916,False
test_00836,Bipolar,Bipolar,True,train_01047,0.6979248523712158,False
test_00837,Normal,Normal,True,train_00619,0.42710044980049133,False
test_00838,Anxiety,Anxiety,True,train_03080,0.8147351741790771,False
test_00839,Depression,Depression,True,train_02078,0.7161597013473511,False
test_00840,Normal,Normal,True,train_04957,0.5600482821464539,False
test_00841,Depression,Depression,True,train_03575,0.7408691644668579,False
test_00842,Normal,Normal,True,train_01277,0.3256814181804657,False
test_00843,Normal,Normal,True,train_00073,0.44991734623908997,False
test_00844,Bipolar,Bipolar,True,train_04038,0.7596949338912964,False
test_00845,Anxiety,Anxiety,True,train_03015,0.7214609384536743,False
test_00846,Bipolar,Bipolar,True,train_02777,0.7711867094039917,False
test_00847,Normal,Normal,True,train_02728,0.5541161298751831,False
test_00848,Depression,Anxiety,False,train_01093,0.705150842666626,False
test_00849,Anxiety,Anxiety,True,train_03612,0.5137310028076172,False
test_00850,Bipolar,Bipolar,True,train_03388,0.7189615368843079,False
test_00851,Anxiety,Bipolar,False,train_03440,0.8093705177307129,False
test_00852,Anxiety,Anxiety,True,train_00349,0.6302647590637207,False
test_00853,Bipolar,Bipolar,True,train_00110,0.7318047285079956,False
test_00854,Depression,Depression,True,train_01596,0.6384853720664978,False
test_00855,Anxiety,Anxiety,True,train_04191,0.5755731463432312,False
test_00856,Depression,Depression,True,train_03788,0.6716320514678955,False
test_00857,Normal,Normal,True,train_00285,0.41956889629364014,False
test_00858,Depression,Depression,True,train_02270,0.6478338241577148,False
test_00859,Depression,Depression,True,train_03109,0.6090577840805054,False
test_00860,Bipolar,Bipolar,True,train_01896,0.7551158666610718,False
test_00861,Normal,Normal,True,train_00258,0.37738531827926636,False
test_00862,Depression,Depression,True,train_03305,0.6976743936538696,False
test_00863,Depression,Depression,True,train_05629,0.6112890243530273,False
test_00864,Depression,Depression,True,train_04100,0.5688093304634094,False
test_00865,Bipolar,Depression,False,train_00141,0.6962157487869263,False
test_00866,Normal,Normal,True,train_04423,0.4908037483692169,False
test_00867,Normal,Normal,True,train_01754,0.3351794183254242,False
test_00868,Depression,Depression,True,train_02436,0.7992162704467773,False
test_00869,Depression,Depression,True,train_02334,0.5208923816680908,False
test_00870,Depression,Depression,True,train_02361,0.43024733662605286,False
test_00871,Anxiety,Anxiety,True,train_00860,0.7261367440223694,False
test_00872,Anxiety,Bipolar,False,train_01469,0.7108480334281921,False
test_00873,Bipolar,Bipolar,True,train_02412,0.7532638311386108,False
test_00874,Bipolar,Bipolar,True,train_03425,0.8440547585487366,False
test_00875,Bipolar,Bipolar,True,train_04004,0.7173650860786438,False
test_00876,Bipolar,Bipolar,True,train_03433,0.7763576507568359,False
test_00877,Depression,Depression,True,train_02760,0.5903641581535339,False
test_00878,Depression,Depression,True,train_03976,0.641616940498352,False
test_00879,Bipolar,Bipolar,True,train_05925,0.6891301870346069,False
test_00880,Bipolar,Bipolar,True,train_00731,0.8142768740653992,False
test_00881,Bipolar,Bipolar,True,train_00253,0.8338863253593445,False
test_00882,Normal,Anxiety,False,train_04275,0.46452176570892334,False
test_00883,Normal,Normal,True,train_03130,0.37496018409729004,False
test_00884,Bipolar,Bipolar,True,train_00826,0.7644563913345337,False
test_00885,Bipolar,Bipolar,True,train_05193,0.7233167886734009,False
test_00886,Anxiety,Anxiety,True,train_04481,0.7678804397583008,False
test_00887,Depression,Depression,True,train_00517,0.6187728047370911,False
test_00888,Depression,Depression,True,train_05085,0.5891240835189819,False
test_00889,Depression,Depression,True,train_01044,0.6432540416717529,False
test_00890,Normal,Anxiety,False,train_00349,0.4391225576400757,False
test_00891,Anxiety,Anxiety,True,train_04409,0.6988676190376282,False
test_00892,Anxiety,Anxiety,True,train_05095,0.6281202435493469,False
test_00893,Depression,Depression,True,train_05459,0.7317025661468506,False
test_00894,Bipolar,Bipolar,True,train_01111,0.6794389486312866,False
test_00895,Normal,Depression,False,train_03094,0.40283626317977905,False
test_00896,Depression,Depression,True,train_02381,0.7549624443054199,False
test_00897,Bipolar,Bipolar,True,train_00645,0.7527494430541992,False
test_00898,Depression,Depression,True,train_02218,0.47360557317733765,False
test_00899,Normal,Normal,True,train_01155,0.36042189598083496,False
test_00900,Normal,Anxiety,False,train_02756,0.3471951186656952,False
test_00901,Anxiety,Depression,False,train_02613,0.6979803442955017,False
test_00902,Normal,Normal,True,train_04602,0.5695019960403442,False
test_00903,Depression,Depression,True,train_05106,0.6638878583908081,False
test_00904,Normal,Normal,True,train_02728,0.5719364881515503,False
test_00905,Normal,Normal,True,train_00224,0.48254817724227905,False
test_00906,Anxiety,Depression,False,train_03818,0.7868915796279907,False
test_00907,Anxiety,Anxiety,True,train_02898,0.7345048189163208,False
test_00908,Bipolar,Bipolar,True,train_00803,0.8173952102661133,False
test_00909,Anxiety,Anxiety,True,train_03147,0.6343038082122803,False
test_00910,Normal,Normal,True,train_01193,0.41081568598747253,False
test_00911,Anxiety,Anxiety,True,train_03572,0.6469143629074097,False
test_00912,Anxiety,Anxiety,True,train_01986,0.7341477274894714,False
test_00913,Depression,Anxiety,False,train_02236,0.7616564035415649,False
test_00914,Depression,Depression,True,train_03620,0.565716564655304,False
test_00915,Depression,Depression,True,train_05693,0.5081808567047119,False
test_00916,Depression,Bipolar,False,train_04771,0.6830392479896545,False
test_00917,Bipolar,Bipolar,True,train_00803,0.7321422696113586,False
test_00918,Bipolar,Bipolar,True,train_00414,0.6351566910743713,False
test_00919,Normal,Depression,False,train_03014,0.34838661551475525,False
test_00920,Anxiety,Anxiety,True,train_04155,0.474882572889328,False
test_00921,Anxiety,Anxiety,True,train_05483,0.7824745774269104,False
test_00922,Bipolar,Bipolar,True,train_04249,0.7090718150138855,False
test_00923,Normal,Normal,True,train_00748,0.4640118479728699,False
test_00924,Normal,Normal,True,train_00435,0.4618433117866516,False
test_00925,Bipolar,Bipolar,True,train_04578,0.7092058658599854,False
test_00926,Anxiety,Anxiety,True,train_01080,0.6179802417755127,False
test_00927,Anxiety,Anxiety,True,train_05298,0.5950912237167358,False
test_00928,Depression,Depression,True,train_02274,0.615013837814331,False
test_00929,Depression,Depression,True,train_03169,0.6191104650497437,False
test_00930,Normal,Normal,True,train_05775,0.2882257103919983,False
test_00931,Depression,Depression,True,train_03620,0.6053200960159302,False
test_00932,Normal,Normal,True,train_00129,0.373327374458313,False
test_00933,Depression,Depression,True,train_03471,0.8122470378875732,False
test_00934,Anxiety,Bipolar,False,train_01021,0.7149492502212524,False
test_00935,Anxiety,Anxiety,True,train_01124,0.6856428980827332,False
test_00936,Depression,Depression,True,train_00277,0.7371891736984253,False
test_00937,Bipolar,Depression,False,train_01942,0.6169993281364441,False
test_00938,Anxiety,Anxiety,True,train_02089,0.5882753729820251,False
test_00939,Bipolar,Bipolar,True,train_03809,0.8126213550567627,False
test_00940,Depression,Depression,True,train_03344,0.7630705237388611,False
test_00941,Depression,Depression,True,train_05605,0.4535653591156006,False
test_00942,Bipolar,Bipolar,True,train_02927,0.773742139339447,False
test_00943,Anxiety,Anxiety,True,train_02362,0.5174263715744019,False
test_00944,Bipolar,Bipolar,True,train_00754,0.5653082132339478,False
test_00945,Bipolar,Anxiety,False,train_00753,0.5340017080307007,False
test_00946,Bipolar,Anxiety,False,train_03691,0.7522174119949341,False
test_00947,Anxiety,Depression,False,train_03405,0.6220637559890747,False
test_00948,Normal,Anxiety,False,train_01970,0.3427390456199646,False
test_00949,Bipolar,Depression,False,train_03818,0.7628569602966309,False
test_00950,Normal,Depression,False,train_00307,0.367725670337677,False
test_00951,Anxiety,Anxiety,True,train_00704,0.6538385152816772,False
test_00952,Depression,Normal,False,train_05514,0.4583081007003784,False
test_00953,Depression,Bipolar,False,train_04677,0.49277371168136597,False
test_00954,Bipolar,Bipolar,True,train_01482,0.732376217842102,False
test_00955,Bipolar,Bipolar,True,train_01900,0.7990351915359497,False
test_00956,Bipolar,Bipolar,True,train_01569,0.8217769265174866,False
test_00957,Depression,Depression,True,train_03344,0.7616997957229614,False
test_00958,Normal,Normal,True,train_03595,0.4500701427459717,False
test_00959,Anxiety,Anxiety,True,train_00237,0.7876386642456055,False
test_00960,Bipolar,Anxiety,False,train_05901,0.540992021560669,False
test_00961,Anxiety,Anxiety,True,train_03238,0.6325558423995972,False
test_00962,Anxiety,Anxiety,True,train_02021,0.8262297511100769,False
test_00963,Normal,Normal,True,train_03728,0.41022157669067383,False
test_00964,Bipolar,Bipolar,True,train_05815,0.7418638467788696,False
test_00965,Normal,Normal,True,train_03434,0.5844899415969849,False
test_00966,Anxiety,Anxiety,True,train_02175,0.4789275825023651,False
test_00967,Anxiety,Anxiety,True,train_01232,0.6449922323226929,False
test_00968,Normal,Normal,True,train_05030,0.5169581770896912,False
test_00969,Normal,Normal,True,train_02129,0.3721029758453369,False
test_00970,Bipolar,Bipolar,True,train_03560,0.6543864607810974,False
test_00971,Anxiety,Anxiety,True,train_05246,0.6798466444015503,False
test_00972,Normal,Normal,True,train_05200,0.40983831882476807,False
test_00973,Normal,Normal,True,train_03248,0.5665009021759033,False
test_00974,Bipolar,Anxiety,False,train_03718,0.7122671008110046,False
test_00975,Anxiety,Anxiety,True,train_02269,0.5041700601577759,False
test_00976,Anxiety,Anxiety,True,train_02947,0.7320746183395386,False
test_00977,Depression,Depression,True,train_00153,0.5932119488716125,False
test_00978,Depression,Depression,True,train_05707,0.724694013595581,False
test_00979,Depression,Depression,True,train_03929,0.7390241622924805,False
test_00980,Anxiety,Bipolar,False,train_00966,0.6075335741043091,False
test_00981,Normal,Normal,True,train_05735,0.4049879312515259,False
test_00982,Bipolar,Bipolar,True,train_01188,0.6689704656600952,False
test_00983,Anxiety,Anxiety,True,train_05113,0.49901077151298523,False
test_00984,Bipolar,Bipolar,True,train_00567,0.8221257925033569,False
test_00985,Depression,Anxiety,False,train_04182,0.7120939493179321,False
test_00986,Anxiety,Depression,False,train_04899,0.6915696263313293,False
test_00987,Depression,Depression,True,train_05639,0.7012676000595093,False
test_00988,Depression,Depression,True,train_03976,0.6971947550773621,False
test_00989,Normal,Normal,True,train_02912,0.26465320587158203,False
test_00990,Normal,Depression,False,train_05586,0.4804224967956543,False
test_00991,Normal,Normal,True,train_03722,0.3351641595363617,False
test_00992,Bipolar,Depression,False,train_05783,0.7263506650924683,False
test_00993,Depression,Depression,True,train_01356,0.666949450969696,False
test_00994,Depression,Anxiety,False,train_00204,0.6738860607147217,False
test_00995,Bipolar,Bipolar,True,train_05349,0.8120920658111572,False
test_00996,Anxiety,Anxiety,True,train_05246,0.7110368609428406,False
test_00997,Bipolar,Depression,False,train_01178,0.5346575379371643,False
test_00998,Bipolar,Bipolar,True,train_03414,0.712043046951294,False
test_00999,Bipolar,Bipolar,True,train_00325,0.586533784866333,False
test_01000,Normal,Normal,True,train_03513,0.2785991132259369,False
test_01001,Depression,Depression,True,train_01828,0.739773690700531,False
test_01002,Depression,Depression,True,train_03471,0.6383662223815918,False
test_01003,Depression,Depression,True,train_00355,0.6174965500831604,False
test_01004,Anxiety,Anxiety,True,train_01881,0.8229788541793823,False
test_01005,Anxiety,Anxiety,True,train_05036,0.6204947829246521,False
test_01006,Anxiety,Bipolar,False,train_01021,0.6969667673110962,False
test_01007,Bipolar,Depression,False,train_00523,0.6217518448829651,False
test_01008,Bipolar,Bipolar,True,train_03042,0.694675862789154,False
test_01009,Normal,Depression,False,train_02213,0.606229305267334,False
test_01010,Bipolar,Bipolar,True,train_04310,0.7889153361320496,False
test_01011,Normal,Normal,True,train_03200,0.39903491735458374,False
test_01012,Bipolar,Bipolar,True,train_03378,0.6417165994644165,False
test_01013,Anxiety,Anxiety,True,train_05756,0.7350624799728394,False
test_01014,Depression,Depression,True,train_05928,0.6580372452735901,False
test_01015,Normal,Normal,True,train_00579,0.3944922089576721,False
test_01016,Depression,Bipolar,False,train_00642,0.6530423164367676,False
test_01017,Bipolar,Bipolar,True,train_05473,0.5089049339294434,False
test_01018,Depression,Depression,True,train_03888,0.7151563167572021,False
test_01019,Depression,Depression,True,train_04948,0.7100611925125122,False
test_01020,Anxiety,Anxiety,True,train_03428,0.6986774206161499,False
test_01021,Bipolar,Bipolar,True,train_00731,0.7879364490509033,False
test_01022,Anxiety,Anxiety,True,train_02576,0.713272213935852,False
test_01023,Anxiety,Anxiety,True,train_01195,0.740001916885376,False
test_01024,Anxiety,Anxiety,True,train_01459,0.5501160025596619,False
test_01025,Anxiety,Anxiety,True,train_02404,0.69161057472229,False
test_01026,Depression,Depression,True,train_00053,0.7120850682258606,False
test_01027,Depression,Depression,True,train_02422,0.7032978534698486,False
test_01028,Depression,Anxiety,False,train_02348,0.4526187777519226,False
test_01029,Anxiety,Anxiety,True,train_01972,0.4001634120941162,False
test_01030,Depression,Depression,True,train_05008,0.6403289437294006,False
test_01031,Normal,Depression,False,train_03557,0.3673499524593353,False
test_01032,Depression,Depression,True,train_05084,0.5401327610015869,False
test_01033,Normal,Depression,False,train_04970,0.4810582399368286,False
test_01034,Normal,Normal,True,train_05407,0.3678622841835022,False
test_01035,Bipolar,Bipolar,True,train_01294,0.7134078741073608,False
test_01036,Normal,Normal,True,train_02888,0.45306432247161865,False
test_01037,Anxiety,Anxiety,True,train_05134,0.6207043528556824,False
test_01038,Depression,Depression,True,train_04449,0.711392879486084,False
test_01039,Bipolar,Bipolar,True,train_04387,0.6842642426490784,False
test_01040,Anxiety,Anxiety,True,train_04490,0.7294602394104004,False
test_01041,Normal,Depression,False,train_01939,0.5623905658721924,False
test_01042,Bipolar,Depression,False,train_03095,0.671151340007782,False
test_01043,Bipolar,Bipolar,True,train_03333,0.7175575494766235,False
test_01044,Anxiety,Anxiety,True,train_05646,0.5672154426574707,False
test_01045,Normal,Depression,False,train_02314,0.5519553422927856,False
test_01046,Normal,Normal,True,train_03598,0.42747417092323303,False
test_01047,Anxiety,Anxiety,True,train_05346,0.7056373357772827,False
test_01048,Anxiety,Anxiety,True,train_04752,0.7800819873809814,False
test_01049,Anxiety,Bipolar,False,train_03737,0.5488595962524414,False
test_01050,Bipolar,Bipolar,True,train_01837,0.5966666340827942,False
test_01051,Depression,Depression,True,train_00488,0.7519271969795227,False
test_01052,Bipolar,Bipolar,True,train_02815,0.8064635992050171,False
test_01053,Normal,Normal,True,train_03193,0.35196757316589355,False
test_01054,Depression,Depression,True,train_03004,0.6464827060699463,False
test_01055,Anxiety,Anxiety,True,train_05242,0.7731443643569946,False
test_01056,Normal,Depression,False,train_05327,0.5270243883132935,False
test_01057,Bipolar,Bipolar,True,train_05607,0.774978518486023,False
test_01058,Normal,Anxiety,False,train_04862,0.43142735958099365,False
test_01059,Normal,Normal,True,train_05308,0.5842888951301575,False
test_01060,Anxiety,Anxiety,True,train_02512,0.6011157035827637,False
test_01061,Depression,Depression,True,train_01636,0.4737803339958191,False
test_01062,Normal,Normal,True,train_01104,0.3373771607875824,False
test_01063,Normal,Depression,False,train_01315,0.42634859681129456,False
test_01064,Depression,Depression,True,train_04002,0.6677387952804565,False
test_01065,Bipolar,Depression,False,train_00894,0.6641108989715576,False
test_01066,Anxiety,Anxiety,True,train_00049,0.7675349712371826,False
test_01067,Bipolar,Bipolar,True,train_01798,0.6070520877838135,False
test_01068,Normal,Normal,True,train_03577,0.42974433302879333,False
test_01069,Depression,Depression,True,train_05468,0.7744334936141968,False
test_01070,Anxiety,Anxiety,True,train_04355,0.6726025342941284,False
test_01071,Depression,Depression,True,train_05777,0.6144995093345642,False
test_01072,Depression,Depression,True,train_00053,0.6776684522628784,False
test_01073,Normal,Anxiety,False,train_02594,0.5958684682846069,False
test_01074,Anxiety,Normal,False,train_04460,0.5186488032341003,False
test_01075,Bipolar,Bipolar,True,train_01521,0.7987093925476074,False
test_01076,Normal,Normal,True,train_03761,0.30922573804855347,False
test_01077,Bipolar,Depression,False,train_03056,0.6211605072021484,False
test_01078,Depression,Depression,True,train_03228,0.8224806785583496,False
test_01079,Depression,Depression,True,train_04360,0.372766375541687,False
test_01080,Normal,Normal,True,train_03598,0.5030980110168457,False
test_01081,Anxiety,Anxiety,True,train_05483,0.7450628280639648,False
test_01082,Bipolar,Anxiety,False,train_03238,0.6740850210189819,False
test_01083,Normal,Bipolar,False,train_01691,0.39809414744377136,False
test_01084,Normal,Normal,True,train_05649,0.29154300689697266,False
test_01085,Normal,Bipolar,False,train_00070,0.3362683057785034,False
test_01086,Bipolar,Bipolar,True,train_02908,0.6062368154525757,False
test_01087,Normal,Depression,False,train_04212,0.4891049265861511,False
test_01088,Bipolar,Depression,False,train_03708,0.5573698282241821,False
test_01089,Anxiety,Anxiety,True,train_01426,0.74155193567276,False
test_01090,Anxiety,Anxiety,True,train_03201,0.6854393482208252,False
test_01091,Bipolar,Bipolar,True,train_04485,0.7162100672721863,False
test_01092,Normal,Depression,False,train_04857,0.4349779486656189,False
test_01093,Anxiety,Anxiety,True,train_03695,0.5593054294586182,False
test_01094,Normal,Normal,True,train_03166,0.3787996768951416,False
test_01095,Depression,Depression,True,train_01678,0.760250449180603,False
test_01096,Depression,Anxiety,False,train_02258,0.6507195234298706,False
test_01097,Depression,Depression,True,train_00456,0.6492471694946289,False
test_01098,Bipolar,Bipolar,True,train_02895,0.8267272114753723,False
test_01099,Anxiety,Anxiety,True,train_00735,0.5148738622665405,False
test_01100,Bipolar,Anxiety,False,train_00240,0.6392521858215332,False
test_01101,Depression,Depression,True,train_04093,0.5481398105621338,False
test_01102,Depression,Depression,True,train_05929,0.6605042219161987,False
test_01103,Depression,Depression,True,train_03755,0.5832950472831726,False
test_01104,Normal,Normal,True,train_05814,0.5159260630607605,False
test_01105,Anxiety,Anxiety,True,train_04409,0.6776469945907593,False
test_01106,Bipolar,Bipolar,True,train_05611,0.7843794822692871,False
test_01107,Normal,Normal,True,train_00285,0.4866105318069458,False
test_01108,Anxiety,Anxiety,True,train_05518,0.6028051376342773,False
test_01109,Anxiety,Anxiety,True,train_05036,0.6208921670913696,False
test_01110,Depression,Depression,True,train_04572,0.6866357326507568,False
test_01111,Depression,Depression,True,train_00898,0.5146359801292419,False
test_01112,Anxiety,Normal,False,train_02099,0.639177680015564,False
test_01113,Bipolar,Depression,False,train_00343,0.6970183849334717,False
test_01114,Anxiety,Anxiety,True,train_05557,0.6221482157707214,False
test_01115,Normal,Normal,True,train_05552,0.3751062750816345,False
test_01116,Bipolar,Depression,False,train_04674,0.6972610950469971,False
test_01117,Bipolar,Bipolar,True,train_05717,0.7161816358566284,False
test_01118,Anxiety,Anxiety,True,train_00735,0.6046490669250488,False
test_01119,Bipolar,Anxiety,False,train_01316,0.5691303014755249,False
test_01120,Anxiety,Anxiety,True,train_03990,0.7412645220756531,False
test_01121,Bipolar,Bipolar,True,train_00253,0.7527280449867249,False
test_01122,Bipolar,Bipolar,True,train_05933,0.6651204824447632,False
test_01123,Bipolar,Anxiety,False,train_00800,0.6510154008865356,False
test_01124,Depression,Depression,True,train_02674,0.5672695636749268,False
test_01125,Depression,Anxiety,False,train_01427,0.6119351387023926,False
test_01126,Normal,Normal,True,train_02027,0.3665302097797394,False
test_01127,Anxiety,Anxiety,True,train_02989,0.6257354021072388,False
test_01128,Normal,Normal,True,train_02365,0.3613011837005615,False
test_01129,Depression,Bipolar,False,train_01532,0.7220079302787781,False
test_01130,Depression,Depression,True,train_05046,0.773178219795227,False
test_01131,Anxiety,Anxiety,True,train_00578,0.639162540435791,False
test_01132,Bipolar,Depression,False,train_00343,0.44130048155784607,False
test_01133,Normal,Normal,True,train_03598,0.2928730845451355,False
test_01134,Depression,Depression,True,train_04090,0.549919843673706,False
test_01135,Anxiety,Anxiety,True,train_01034,0.5972578525543213,False
test_01136,Normal,Normal,True,train_03845,0.26579105854034424,False
test_01137,Depression,Bipolar,False,train_01047,0.47159066796302795,False
test_01138,Depression,Depression,True,train_05614,0.5298510789871216,False
test_01139,Depression,Bipolar,False,train_02621,0.7062935829162598,False
test_01140,Bipolar,Bipolar,True,train_03567,0.6093689799308777,False
test_01141,Bipolar,Bipolar,True,train_01569,0.7936585545539856,False
test_01142,Anxiety,Bipolar,False,train_02241,0.4824238121509552,False
test_01143,Normal,Normal,True,train_03323,0.3017318844795227,False
test_01144,Depression,Depression,True,train_02894,0.7199572324752808,False
test_01145,Anxiety,Anxiety,True,train_04292,0.7339825630187988,False
test_01146,Depression,Bipolar,False,train_03613,0.7554523944854736,False
test_01147,Anxiety,Anxiety,True,train_04276,0.6855383515357971,False
test_01148,Bipolar,Bipolar,True,train_00773,0.6047374606132507,False
test_01149,Normal,Normal,True,train_05936,0.32947492599487305,False
test_01150,Bipolar,Bipolar,True,train_05687,0.7571935057640076,False
test_01151,Normal,Normal,True,train_03085,0.3903076648712158,False
test_01152,Bipolar,Bipolar,True,train_00232,0.7180600166320801,False
test_01153,Bipolar,Bipolar,True,train_05617,0.6530572175979614,False
test_01154,Anxiety,Anxiety,True,train_05919,0.7785111665725708,False
test_01155,Depression,Depression,True,train_05666,0.6995431184768677,False
test_01156,Anxiety,Anxiety,True,train_05286,0.6948434114456177,False
test_01157,Bipolar,Bipolar,True,train_04044,0.7302483320236206,False
test_01158,Bipolar,Bipolar,True,train_03777,0.5796153545379639,False
test_01159,Bipolar,Depression,False,train_01433,0.7365682125091553,False
test_01160,Bipolar,Bipolar,True,train_00061,0.7927577495574951,False
test_01161,Anxiety,Anxiety,True,train_04450,0.7094581723213196,False
test_01162,Anxiety,Anxiety,True,train_03030,0.7143251895904541,False
test_01163,Bipolar,Bipolar,True,train_04494,0.6983479261398315,False
test_01164,Normal,Normal,True,train_01983,0.38640427589416504,False
test_01165,Bipolar,Bipolar,True,train_03141,0.6843349933624268,False
test_01166,Normal,Anxiety,False,train_05767,0.46359118819236755,False
test_01167,Depression,Depression,True,train_05511,0.6091647148132324,False
test_01168,Anxiety,Anxiety,True,train_02294,0.7578779458999634,False
test_01169,Depression,Depression,True,train_00370,0.6343238353729248,False
test_01170,Normal,Normal,True,train_01669,0.4791780710220337,False
test_01171,Normal,Normal,True,train_03938,0.35749801993370056,False
test_01172,Depression,Depression,True,train_02340,0.6566563844680786,False
test_01173,Normal,Normal,True,train_03899,0.459164023399353,False
test_01174,Depression,Depression,True,train_03341,0.5877730846405029,False
test_01175,Anxiety,Anxiety,True,train_03691,0.786812961101532,False
test_01176,Bipolar,Bipolar,True,train_03435,0.5073139667510986,False
test_01177,Normal,Depression,False,train_02187,0.5008673667907715,False
test_01178,Anxiety,Depression,False,train_05292,0.6134666204452515,False
test_01179,Anxiety,Anxiety,True,train_01247,0.7771950960159302,False
test_01180,Bipolar,Bipolar,True,train_02946,0.6788357496261597,False
test_01181,Depression,Bipolar,False,train_02777,0.7693288326263428,False
test_01182,Anxiety,Anxiety,True,train_05326,0.532070517539978,False
test_01183,Normal,Depression,False,train_00670,0.37887585163116455,False
test_01184,Bipolar,Bipolar,True,train_03466,0.7446106672286987,False
test_01185,Anxiety,Anxiety,True,train_05134,0.6912736892700195,False
test_01186,Bipolar,Bipolar,True,train_04382,0.5229405760765076,False
test_01187,Bipolar,Bipolar,True,train_03017,0.7044565677642822,False
test_01188,Depression,Depression,True,train_01833,0.5151039361953735,False
test_01189,Bipolar,Bipolar,True,train_05381,0.536963164806366,False
test_01190,Depression,Depression,True,train_03547,0.6957682371139526,False
test_01191,Depression,Bipolar,False,train_01308,0.6042025685310364,False
test_01192,Bipolar,Anxiety,False,train_00775,0.6457850933074951,False
test_01193,Depression,Depression,True,train_03929,0.7010584473609924,False
test_01194,Depression,Depression,True,train_04012,0.7254420518875122,False
test_01195,Depression,Depression,True,train_05459,0.6408715844154358,False
test_01196,Normal,Normal,True,train_03638,0.5412195324897766,False
test_01197,Anxiety,Anxiety,True,train_01168,0.7273621559143066,False
test_01198,Anxiety,Anxiety,True,train_04780,0.7055981755256653,False
test_01199,Depression,Depression,True,train_03878,0.7462486028671265,False
test_01200,Anxiety,Anxiety,True,train_00585,0.513900876045227,False
test_01201,Anxiety,Anxiety,True,train_01384,0.6705674529075623,False
test_01202,Depression,Depression,True,train_04927,0.6646890044212341,False
test_01203,Normal,Normal,True,train_00899,0.3883790373802185,False
test_01204,Bipolar,Bipolar,True,train_05140,0.7859697341918945,False
test_01205,Anxiety,Anxiety,True,train_01089,0.7319419980049133,False
test_01206,Normal,Normal,True,train_05850,0.46634629368782043,False
test_01207,Normal,Normal,True,train_03598,0.3780527412891388,False
test_01208,Anxiety,Anxiety,True,train_01633,0.7016521096229553,False
test_01209,Anxiety,Anxiety,True,train_03066,0.4440228343009949,False
test_01210,Depression,Depression,True,train_03767,0.7185741662979126,False
test_01211,Depression,Depression,True,train_02441,0.6710165739059448,False
test_01212,Anxiety,Bipolar,False,train_01469,0.8340764045715332,False
test_01213,Anxiety,Depression,False,train_05105,0.5035601258277893,False
test_01214,Depression,Depression,True,train_01570,0.7570428848266602,False
test_01215,Bipolar,Bipolar,True,train_05940,0.8225303888320923,False
test_01216,Normal,Depression,False,train_02203,0.3520631194114685,False
test_01217,Normal,Normal,True,train_04867,0.4435654878616333,False
test_01218,Normal,Normal,True,train_02452,0.33772966265678406,False
test_01219,Depression,Depression,True,train_00541,0.7461786866188049,False
test_01220,Depression,Depression,True,train_01884,0.7596546411514282,False
test_01221,Normal,Anxiety,False,train_05832,0.47243788838386536,False
test_01222,Depression,Depression,True,train_01064,0.5666555762290955,False
test_01223,Anxiety,Anxiety,True,train_05043,0.6638534665107727,False
test_01224,Anxiety,Anxiety,True,train_03581,0.6075528264045715,False
test_01225,Bipolar,Bipolar,True,train_02560,0.7214027047157288,False
test_01226,Bipolar,Bipolar,True,train_02666,0.6548385620117188,False
test_01227,Depression,Depression,True,train_04036,0.7591813802719116,False
test_01228,Anxiety,Anxiety,True,train_04516,0.6837502717971802,False
test_01229,Normal,Bipolar,False,train_02877,0.3854975700378418,False
test_01230,Depression,Anxiety,False,train_05483,0.6955268383026123,False
test_01231,Anxiety,Bipolar,False,train_05218,0.645997941493988,False
test_01232,Depression,Depression,True,train_05605,0.6586145162582397,False
test_01233,Depression,Depression,True,train_02876,0.6600311994552612,False
test_01234,Depression,Depression,True,train_01134,0.7850872278213501,False
test_01235,Depression,Depression,True,train_04055,0.7284727692604065,False
test_01236,Bipolar,Depression,False,train_05271,0.6331416368484497,False
test_01237,Depression,Depression,True,train_04054,0.7830698490142822,False
test_01238,Depression,Depression,True,train_02797,0.5126371383666992,False
test_01239,Anxiety,Anxiety,True,train_04950,0.6452594995498657,False
test_01240,Bipolar,Anxiety,False,train_05699,0.4406593441963196,False
test_01241,Depression,Depression,True,train_03117,0.6714532375335693,False
test_01242,Anxiety,Anxiety,True,train_05043,0.6288614273071289,False
test_01243,Depression,Depression,True,train_00473,0.6343486309051514,False
test_01244,Depression,Depression,True,train_01687,0.5080143809318542,False
test_01245,Depression,Depression,True,train_00407,0.6399861574172974,False
test_01246,Normal,Normal,True,train_04049,0.40816646814346313,False
test_01247,Depression,Anxiety,False,train_05198,0.6822564005851746,False
test_01248,Bipolar,Bipolar,True,train_04547,0.7740683555603027,False
test_01249,Anxiety,Anxiety,True,train_00409,0.5230691432952881,False
test_01250,Depression,Depression,True,train_05256,0.706527590751648,False
test_01251,Normal,Normal,True,train_03805,0.4375545382499695,False
test_01252,Bipolar,Bipolar,True,train_04820,0.6875161528587341,False
test_01253,Bipolar,Bipolar,True,train_01825,0.7280428409576416,False
test_01254,Anxiety,Anxiety,True,train_03691,0.7968007326126099,False
test_01255,Bipolar,Depression,False,train_01433,0.7968010902404785,False
test_01256,Anxiety,Anxiety,True,train_00120,0.5830328464508057,False
test_01257,Normal,Normal,True,train_00078,0.38264262676239014,False
test_01258,Normal,Anxiety,False,train_00095,0.5341095328330994,False
test_01259,Depression,Depression,True,train_02471,0.5650618076324463,False
test_01260,Anxiety,Anxiety,True,train_00267,0.6985354423522949,False
test_01261,Normal,Normal,True,train_04536,0.4909404516220093,False
test_01262,Normal,Depression,False,train_02929,0.40031856298446655,False
test_01263,Anxiety,Anxiety,True,train_05967,0.6014307141304016,False
test_01264,Depression,Bipolar,False,train_04657,0.5695697069168091,False
test_01265,Normal,Normal,True,train_04072,0.29217708110809326,False
test_01266,Depression,Depression,True,train_05098,0.8080500364303589,False
test_01267,Normal,Anxiety,False,train_03967,0.35421252250671387,False
test_01268,Anxiety,Anxiety,True,train_05634,0.7839547395706177,False
test_01269,Bipolar,Depression,False,train_04970,0.5262161493301392,False
test_01270,Normal,Normal,True,train_02431,0.5478070974349976,False
test_01271,Anxiety,Bipolar,False,train_02237,0.6278729438781738,False
test_01272,Normal,Anxiety,False,train_00860,0.44898027181625366,False
test_01273,Depression,Depression,True,train_00591,0.538774847984314,False
test_01274,Anxiety,Anxiety,True,train_03437,0.6839175224304199,False
test_01275,Normal,Normal,True,train_00195,0.49059048295021057,False
test_01276,Bipolar,Bipolar,True,train_02985,0.7110185623168945,False
test_01277,Depression,Depression,True,train_04389,0.43344664573669434,False
test_01278,Bipolar,Bipolar,True,train_03893,0.542056143283844,False
test_01279,Anxiety,Anxiety,True,train_02442,0.658755898475647,False
test_01280,Anxiety,Anxiety,True,train_00849,0.5234497785568237,False
test_01281,Normal,Anxiety,False,train_02652,0.4289591312408447,False
test_01282,Bipolar,Anxiety,False,train_01881,0.7671891450881958,False
test_01283,Bipolar,Bipolar,True,train_04363,0.6881767511367798,False
test_01284,Depression,Anxiety,False,train_02404,0.5902843475341797,False
test_01285,Normal,Depression,False,train_02224,0.4553685784339905,False
test_01286,Depression,Depression,True,train_04114,0.8278282284736633,False
test_01287,Anxiety,Anxiety,True,train_00700,0.650648832321167,False
test_01288,Normal,Normal,True,train_00850,0.44639870524406433,False
test_01289,Anxiety,Anxiety,True,train_01701,0.6260711550712585,False
test_01290,Normal,Normal,True,train_05541,0.3095906972885132,False
test_01291,Normal,Normal,True,train_00654,0.6146200895309448,False
test_01292,Anxiety,Bipolar,False,train_05344,0.7309098839759827,False
test_01293,Normal,Normal,True,train_02312,0.4786593019962311,False
test_01294,Bipolar,Bipolar,True,train_05854,0.8066724538803101,False
test_01295,Bipolar,Bipolar,True,train_01129,0.8001677989959717,False
test_01296,Normal,Bipolar,False,train_00857,0.5206923484802246,False
test_01297,Anxiety,Anxiety,True,train_00950,0.713520884513855,False
test_01298,Depression,Depression,True,train_00904,0.7543556690216064,False
test_01299,Depression,Depression,True,train_01071,0.6565631628036499,False
test_01300,Anxiety,Anxiety,True,train_04634,0.6232603788375854,False
test_01301,Bipolar,Depression,False,train_03620,0.582164466381073,False
test_01302,Depression,Depression,True,train_02215,0.7842656373977661,False
test_01303,Bipolar,Bipolar,True,train_00966,0.6940808296203613,False
test_01304,Anxiety,Depression,False,train_04899,0.6591312885284424,False
test_01305,Bipolar,Bipolar,True,train_03359,0.5857877135276794,False
test_01306,Normal,Normal,True,train_04662,0.5511695146560669,False
test_01307,Anxiety,Anxiety,True,train_03491,0.6763242483139038,False
test_01308,Anxiety,Anxiety,True,train_01897,0.6891676187515259,False
test_01309,Bipolar,Bipolar,True,train_04440,0.7522525191307068,False
test_01310,Depression,Depression,True,train_04768,0.772193431854248,False
test_01311,Bipolar,Depression,False,train_03174,0.732464075088501,False
test_01312,Anxiety,Anxiety,True,train_03680,0.4855891466140747,False
test_01313,Depression,Anxiety,False,train_02329,0.44943588972091675,False
test_01314,Depression,Depression,True,train_04151,0.6752877235412598,False
test_01315,Anxiety,Depression,False,train_00388,0.7376405596733093,False
test_01316,Depression,Depression,True,train_05066,0.4198070168495178,False
test_01317,Bipolar,Bipolar,True,train_01718,0.8005028963088989,False
test_01318,Bipolar,Bipolar,True,train_02065,0.7563328742980957,False
test_01319,Bipolar,Bipolar,True,train_04539,0.6460771560668945,False
test_01320,Normal,Depression,False,train_04163,0.4923090934753418,False
test_01321,Bipolar,Bipolar,True,train_05969,0.6854979395866394,False
test_01322,Depression,Depression,True,train_04134,0.49783211946487427,False
test_01323,Anxiety,Anxiety,True,train_05789,0.5682371854782104,False
test_01324,Bipolar,Bipolar,True,train_02762,0.6626092791557312,False
test_01325,Depression,Bipolar,False,train_02716,0.5631054639816284,False
test_01326,Depression,Depression,True,train_02683,0.607841968536377,False
test_01327,Depression,Depression,True,train_05716,0.692878007888794,False
test_01328,Normal,Normal,True,train_05892,0.32405683398246765,False
test_01329,Bipolar,Bipolar,True,train_00553,0.47333824634552,False
test_01330,Normal,Normal,True,train_04846,0.36993932723999023,False
test_01331,Bipolar,Anxiety,False,train_03012,0.48862406611442566,False
test_01332,Anxiety,Bipolar,False,train_04703,0.5572597980499268,False
test_01333,Bipolar,Bipolar,True,train_00884,0.7804892063140869,False
test_01334,Normal,Anxiety,False,train_05298,0.37479886412620544,False
test_01335,Depression,Depression,True,train_03516,0.6146607398986816,False
test_01336,Normal,Normal,True,train_02728,0.5692148804664612,False
test_01337,Anxiety,Anxiety,True,train_00133,0.6019783020019531,False
test_01338,Bipolar,Bipolar,True,train_00949,0.4920136034488678,False
test_01339,Depression,Depression,True,train_01678,0.7026007175445557,False
test_01340,Normal,Normal,True,train_03762,0.33782339096069336,False
test_01341,Depression,Depression,True,train_04205,0.6216750741004944,False
test_01342,Bipolar,Depression,False,train_05274,0.766952633857727,False
test_01343,Normal,Normal,True,train_05769,0.26683875918388367,False
test_01344,Depression,Depression,True,train_02008,0.8221298456192017,False
test_01345,Bipolar,Bipolar,True,train_05139,0.5825322270393372,False
test_01346,Normal,Anxiety,False,train_00860,0.5704020857810974,False
test_01347,Depression,Depression,True,train_01347,0.7806022763252258,False
test_01348,Anxiety,Bipolar,False,train_05684,0.6840494871139526,False
test_01349,Depression,Depression,True,train_00904,0.7091213464736938,False
test_01350,Bipolar,Bipolar,True,train_02733,0.7088830471038818,False
test_01351,Anxiety,Anxiety,True,train_02498,0.5020370483398438,False
test_01352,Normal,Normal,True,train_02769,0.3876355290412903,False
test_01353,Normal,Anxiety,False,train_03251,0.4909709692001343,False
test_01354,Bipolar,Bipolar,True,train_02409,0.7907532453536987,False
test_01355,Depression,Depression,True,train_04924,0.6776509881019592,False
test_01356,Depression,Depression,True,train_05614,0.7438540458679199,False
test_01357,Depression,Depression,True,train_01921,0.7206140160560608,False
test_01358,Bipolar,Depression,False,train_05379,0.6473110914230347,False
test_01359,Normal,Normal,True,train_02345,0.47535035014152527,False
test_01360,Depression,Depression,True,train_00273,0.5261045694351196,False
test_01361,Depression,Depression,True,train_01302,0.6298028230667114,False
test_01362,Normal,Normal,True,train_00467,0.29762715101242065,False
test_01363,Anxiety,Depression,False,train_01286,0.773313045501709,False
test_01364,Bipolar,Bipolar,True,train_00864,0.6772505640983582,False
test_01365,Bipolar,Bipolar,True,train_00447,0.7618086338043213,False
test_01366,Bipolar,Bipolar,True,train_02777,0.7538408041000366,False
test_01367,Bipolar,Bipolar,True,train_01906,0.5696411728858948,False
test_01368,Bipolar,Bipolar,True,train_03782,0.7204704284667969,False
test_01369,Normal,Normal,True,train_04072,0.42859742045402527,False
test_01370,Anxiety,Depression,False,train_02081,0.6332606077194214,False
test_01371,Anxiety,Anxiety,True,train_03281,0.6397804021835327,False
test_01372,Bipolar,Bipolar,True,train_04626,0.7280275821685791,False
test_01373,Bipolar,Bipolar,True,train_01507,0.8042619228363037,False
test_01374,Anxiety,Anxiety,True,train_03256,0.6845628619194031,False
test_01375,Bipolar,Bipolar,True,train_00779,0.6676269769668579,False
test_01376,Anxiety,Anxiety,True,train_05632,0.7076929807662964,False
test_01377,Normal,Normal,True,train_04707,0.2817944884300232,False
test_01378,Anxiety,Anxiety,True,train_00977,0.5412766337394714,False
test_01379,Depression,Depression,True,train_01178,0.6220012903213501,False
test_01380,Normal,Normal,True,train_00295,0.4213443994522095,False
test_01381,Depression,Bipolar,False,train_04574,0.5987634658813477,False
test_01382,Depression,Depression,True,train_00392,0.634746253490448,False
test_01383,Normal,Depression,False,train_01367,0.5251500606536865,False
test_01384,Anxiety,Anxiety,True,train_02388,0.7210096716880798,False
test_01385,Bipolar,Bipolar,True,train_00361,0.588165819644928,False
test_01386,Anxiety,Normal,False,train_01133,0.5799201130867004,False
test_01387,Normal,Normal,True,train_04359,0.5521034002304077,False
test_01388,Depression,Depression,True,train_02658,0.6208006143569946,False
test_01389,Anxiety,Anxiety,True,train_05859,0.5420838594436646,False
test_01390,Bipolar,Bipolar,True,train_03433,0.7694531679153442,False
test_01391,Anxiety,Anxiety,True,train_02046,0.6806056499481201,False
test_01392,Bipolar,Depression,False,train_05949,0.6537075638771057,False
test_01393,Depression,Bipolar,False,train_00411,0.6278979778289795,False
test_01394,Depression,Anxiety,False,train_00869,0.628842294216156,False
test_01395,Anxiety,Anxiety,True,train_01341,0.7169075012207031,False
test_01396,Depression,Depression,True,train_01639,0.6087547540664673,False
test_01397,Depression,Depression,True,train_05141,0.7311816215515137,False
test_01398,Depression,Bipolar,False,train_04578,0.7265962362289429,False
test_01399,Depression,Depression,True,train_04018,0.61931312084198,False
test_01400,Normal,Normal,True,train_02755,0.3606800138950348,False
test_01401,Anxiety,Anxiety,True,train_00710,0.7210887670516968,False
test_01402,Depression,Depression,True,train_02274,0.6826484799385071,False
test_01403,Normal,Normal,True,train_02745,0.34262382984161377,False
test_01404,Bipolar,Bipolar,True,train_04873,0.7135290503501892,False
test_01405,Anxiety,Anxiety,True,train_04739,0.7084450721740723,False
test_01406,Depression,Depression,True,train_01442,0.7020131349563599,False
test_01407,Bipolar,Bipolar,True,train_00657,0.6683379411697388,False
test_01408,Depression,Depression,True,train_04927,0.7343668341636658,False
test_01409,Depression,Bipolar,False,train_05688,0.6982271075248718,False
test_01410,Bipolar,Depression,False,train_03512,0.6133822798728943,False
test_01411,Anxiety,Anxiety,True,train_01982,0.7349778413772583,False
test_01412,Normal,Bipolar,False,train_02937,0.5349421501159668,False
test_01413,Anxiety,Bipolar,False,train_02715,0.4391579031944275,False
test_01414,Depression,Depression,True,train_05008,0.6943359971046448,False
test_01415,Normal,Normal,True,train_03899,0.4911297857761383,False
test_01416,Anxiety,Anxiety,True,train_04882,0.6278382539749146,False
test_01417,Anxiety,Anxiety,True,train_05557,0.6114649772644043,False
test_01418,Anxiety,Anxiety,True,train_00204,0.6697240471839905,False
test_01419,Depression,Anxiety,False,train_03524,0.6936118602752686,False
test_01420,Depression,Depression,True,train_04457,0.7644173502922058,False
test_01421,Bipolar,Bipolar,True,train_02440,0.7945802211761475,False
test_01422,Depression,Depression,True,train_05781,0.7015703320503235,False
test_01423,Bipolar,Bipolar,True,train_01502,0.6910205483436584,False
test_01424,Depression,Normal,False,train_03219,0.4320865869522095,False
test_01425,Normal,Normal,True,train_02740,0.3414836525917053,False
test_01426,Anxiety,Anxiety,True,train_03764,0.5037094950675964,False
test_01427,Anxiety,Anxiety,True,train_05483,0.7360976338386536,False
test_01428,Anxiety,Anxiety,True,train_01971,0.5168554782867432,False
test_01429,Bipolar,Anxiety,False,train_04474,0.609637975692749,False
test_01430,Normal,Normal,True,train_02905,0.27824926376342773,False
test_01431,Anxiety,Anxiety,True,train_05134,0.6271259784698486,False
test_01432,Anxiety,Anxiety,True,train_03385,0.5038704872131348,False
test_01433,Normal,Normal,True,train_05958,0.3670584559440613,False
test_01434,Bipolar,Bipolar,True,train_01469,0.775627851486206,False
test_01435,Depression,Depression,True,train_03866,0.6194921731948853,False
test_01436,Bipolar,Bipolar,True,train_02070,0.7883360385894775,False
test_01437,Anxiety,Anxiety,True,train_05878,0.696560800075531,False
test_01438,Bipolar,Bipolar,True,train_00688,0.6774407625198364,False
test_01439,Bipolar,Bipolar,True,train_04310,0.7552634477615356,False
test_01440,Normal,Normal,True,train_00674,0.42351460456848145,False
test_01441,Depression,Depression,True,train_03374,0.609245777130127,False
test_01442,Anxiety,Bipolar,False,train_05751,0.561713695526123,False
test_01443,Anxiety,Bipolar,False,train_04643,0.7353608012199402,False
test_01444,Bipolar,Bipolar,True,train_01183,0.6993559002876282,False
test_01445,Normal,Normal,True,train_05844,0.4569425582885742,False
test_01446,Normal,Normal,True,train_05886,0.5189950466156006,False
test_01447,Normal,Normal,True,train_03895,0.47456952929496765,False
test_01448,Normal,Normal,True,train_01193,0.3778667449951172,False
test_01449,Anxiety,Anxiety,True,train_02132,0.7153537273406982,False
test_01450,Depression,Depression,True,train_03469,0.713388204574585,False
test_01451,Anxiety,Anxiety,True,train_04941,0.6999298930168152,False
test_01452,Bipolar,Depression,False,train_02844,0.499971866607666,False
test_01453,Anxiety,Anxiety,True,train_00131,0.43426331877708435,False
test_01454,Depression,Anxiety,False,train_02864,0.7628272771835327,False
test_01455,Normal,Normal,True,train_01600,0.32573869824409485,False
test_01456,Depression,Bipolar,False,train_04248,0.6714290976524353,False
test_01457,Bipolar,Bipolar,True,train_00154,0.5532848834991455,False
test_01458,Bipolar,Anxiety,False,train_02891,0.6562062501907349,False
test_01459,Anxiety,Anxiety,True,train_00554,0.5825355052947998,False
test_01460,Normal,Normal,True,train_04849,0.34814590215682983,False
test_01461,Normal,Depression,False,train_04791,0.40114015340805054,False
test_01462,Anxiety,Anxiety,True,train_03739,0.7115978002548218,False
test_01463,Normal,Normal,True,train_02531,0.5654749870300293,False
test_01464,Anxiety,Anxiety,True,train_02994,0.5142529010772705,False
test_01465,Anxiety,Anxiety,True,train_05134,0.5152171850204468,False
test_01466,Normal,Normal,True,train_03864,0.5310841202735901,False
test_01467,Bipolar,Bipolar,True,train_05406,0.784426212310791,False
test_01468,Anxiety,Anxiety,True,train_03400,0.6993715167045593,False
test_01469,Bipolar,Bipolar,True,train_00531,0.7113191485404968,False
test_01470,Depression,Anxiety,False,train_03631,0.6786718964576721,False
test_01471,Anxiety,Depression,False,train_01224,0.6400413513183594,False
test_01472,Bipolar,Bipolar,True,train_02304,0.7254205942153931,False
test_01473,Depression,Depression,True,train_05929,0.6263672709465027,False
test_01474,Normal,Depression,False,train_01491,0.35646411776542664,False
test_01475,Bipolar,Bipolar,True,train_02321,0.7049623727798462,False
test_01476,Normal,Normal,True,train_00279,0.6327502131462097,False
test_01477,Depression,Depression,True,train_03812,0.46239176392555237,False
test_01478,Anxiety,Anxiety,True,train_02833,0.5664060115814209,False
test_01479,Anxiety,Anxiety,True,train_00130,0.7794168591499329,False
test_01480,Normal,Normal,True,train_03963,0.382665753364563,False
test_01481,Depression,Depression,True,train_00128,0.5755091905593872,False
test_01482,Depression,Anxiety,False,train_05145,0.6764745712280273,False
test_01483,Anxiety,Anxiety,True,train_04125,0.4934057295322418,False
test_01484,Normal,Depression,False,train_00854,0.4492456912994385,False
test_01485,Bipolar,Bipolar,True,train_05104,0.7616896629333496,False
test_01486,Anxiety,Anxiety,True,train_04728,0.6844410300254822,False
test_01487,Anxiety,Anxiety,True,train_05882,0.8132327795028687,False
test_01488,Normal,Normal,True,train_05103,0.3291504681110382,False
test_01489,Anxiety,Anxiety,True,train_05483,0.7698005437850952,False
test_01490,Depression,Depression,True,train_02233,0.8109530210494995,False
test_01491,Normal,Normal,True,train_01984,0.3991308808326721,False
test_01492,Bipolar,Bipolar,True,train_04645,0.8095598816871643,False
test_01493,Bipolar,Bipolar,True,train_05687,0.7785226702690125,False
test_01494,Bipolar,Bipolar,True,train_02048,0.7605807781219482,False
test_01495,Anxiety,Bipolar,False,train_01712,0.5386413931846619,False
test_01496,Normal,Normal,True,train_02574,0.3935263752937317,False
test_01497,Bipolar,Bipolar,True,train_02271,0.693327784538269,False
test_01498,Bipolar,Bipolar,True,train_04918,0.7024533748626709,False
test_01499,Normal,Anxiety,False,train_01474,0.4460444450378418,False
test_01500,Normal,Normal,True,train_01669,0.5123413801193237,False
test_01501,Bipolar,Bipolar,True,train_04387,0.6502786874771118,False
test_01502,Bipolar,Depression,False,train_02760,0.49077650904655457,False
test_01503,Bipolar,Bipolar,True,train_03383,0.45193928480148315,False
test_01504,Depression,Depression,True,train_00444,0.6788489818572998,False
test_01505,Normal,Normal,True,train_02401,0.3897269368171692,False
test_01506,Depression,Bipolar,False,train_01477,0.7187187075614929,False
test_01507,Anxiety,Anxiety,True,train_02807,0.6359885334968567,False
test_01508,Anxiety,Anxiety,True,train_00041,0.5471780300140381,False
test_01509,Anxiety,Anxiety,True,train_03954,0.6697919368743896,False
test_01510,Normal,Normal,True,train_04867,0.3243076205253601,False
test_01511,Bipolar,Bipolar,True,train_02191,0.6841009855270386,False
test_01512,Bipolar,Bipolar,True,train_02777,0.8041467070579529,False
test_01513,Anxiety,Anxiety,True,train_02227,0.5762432217597961,False
test_01514,Depression,Depression,True,train_01843,0.7233153581619263,False
test_01515,Normal,Normal,True,train_03182,0.4947832226753235,False
test_01516,Bipolar,Bipolar,True,train_00485,0.7819176912307739,False
test_01517,Normal,Normal,True,train_03549,0.4045826196670532,False
test_01518,Normal,Normal,True,train_03562,0.35245633125305176,False
test_01519,Depression,Depression,True,train_05176,0.46233850717544556,False
test_01520,Bipolar,Bipolar,True,train_01091,0.6812032461166382,False
test_01521,Normal,Normal,True,train_01193,0.28556421399116516,False
test_01522,Anxiety,Anxiety,True,train_04911,0.5990478992462158,False
test_01523,Anxiety,Anxiety,True,train_00994,0.6759704351425171,False
test_01524,Anxiety,Anxiety,True,train_04964,0.7606457471847534,False
test_01525,Anxiety,Anxiety,True,train_04646,0.6165061593055725,False
test_01526,Bipolar,Bipolar,True,train_02260,0.6256895065307617,False
test_01527,Anxiety,Anxiety,True,train_05421,0.672349214553833,False
test_01528,Anxiety,Anxiety,True,train_05306,0.714888870716095,False
test_01529,Bipolar,Bipolar,True,train_05687,0.7511255145072937,False
test_01530,Anxiety,Anxiety,True,train_04712,0.6970230340957642,False
test_01531,Normal,Normal,True,train_01924,0.531080961227417,False
test_01532,Normal,Anxiety,False,train_00489,0.37592339515686035,False
test_01533,Normal,Normal,True,train_02684,0.4229283034801483,False
test_01534,Normal,Normal,True,train_04140,0.38425254821777344,False
test_01535,Depression,Depression,True,train_02876,0.7806403636932373,False
test_01536,Bipolar,Bipolar,True,train_02815,0.7911323308944702,False
test_01537,Depression,Depression,True,train_04146,0.7448593378067017,False
test_01538,Bipolar,Bipolar,True,train_00840,0.7715166807174683,False
test_01539,Normal,Normal,True,train_04546,0.36499685049057007,False
test_01540,Depression,Depression,True,train_00887,0.7264174818992615,False
test_01541,Anxiety,Anxiety,True,train_02825,0.7609399557113647,False
test_01542,Depression,Bipolar,False,train_05412,0.625606894493103,False
test_01543,Bipolar,Bipolar,True,train_02355,0.7690521478652954,False
test_01544,Bipolar,Bipolar,True,train_04973,0.5199034214019775,False
test_01545,Depression,Depression,True,train_03343,0.8024579286575317,False
test_01546,Normal,Normal,True,train_04464,0.4426710605621338,False
test_01547,Bipolar,Bipolar,True,train_01835,0.7216349244117737,False
test_01548,Bipolar,Bipolar,True,train_02541,0.5762704014778137,False
test_01549,Anxiety,Anxiety,True,train_03691,0.7907699346542358,False
test_01550,Normal,Normal,True,train_01518,0.3983900845050812,False
test_01551,Normal,Depression,False,train_01044,0.4326194226741791,False
test_01552,Depression,Bipolar,False,train_00642,0.6127020716667175,False
test_01553,Anxiety,Anxiety,True,train_05060,0.670715868473053,False
test_01554,Depression,Depression,True,train_03041,0.669277548789978,False
test_01555,Anxiety,Anxiety,True,train_03967,0.5973849892616272,False
test_01556,Normal,Normal,True,train_01062,0.30578088760375977,False
test_01557,Normal,Bipolar,False,train_01437,0.4353363811969757,False
test_01558,Anxiety,Anxiety,True,train_04830,0.6061228513717651,False
test_01559,Depression,Depression,True,train_04835,0.5703470706939697,False
test_01560,Normal,Normal,True,train_01051,0.4072900116443634,False
test_01561,Depression,Depression,True,train_00392,0.4833139181137085,False
test_01562,Depression,Depression,True,train_01953,0.778342068195343,False
test_01563,Bipolar,Bipolar,True,train_03743,0.6066450476646423,False
test_01564,Depression,Depression,True,train_00069,0.5659494996070862,False
test_01565,Bipolar,Bipolar,True,train_03748,0.695252537727356,False
test_01566,Depression,Depression,True,train_04658,0.7215721011161804,False
test_01567,Normal,Depression,False,train_03709,0.5466502904891968,False
test_01568,Normal,Normal,True,train_02284,0.4905509352684021,False
test_01569,Normal,Normal,True,train_01899,0.3844737410545349,False
test_01570,Depression,Bipolar,False,train_02219,0.656213641166687,False
test_01571,Bipolar,Bipolar,True,train_00963,0.7168174386024475,False
test_01572,Anxiety,Depression,False,train_02613,0.6217854022979736,False
test_01573,Bipolar,Bipolar,True,train_01163,0.5827538967132568,False
test_01574,Bipolar,Bipolar,True,train_03782,0.8103616833686829,False
test_01575,Bipolar,Bipolar,True,train_00531,0.7020186185836792,False
test_01576,Anxiety,Anxiety,True,train_00819,0.5852680802345276,False
test_01577,Bipolar,Bipolar,True,train_05572,0.7275291681289673,False
test_01578,Anxiety,Anxiety,True,train_04711,0.729472279548645,False
test_01579,Anxiety,Anxiety,True,train_01264,0.5530984997749329,False
test_01580,Bipolar,Bipolar,True,train_05428,0.8159669637680054,False
test_01581,Anxiety,Depression,False,train_05685,0.6296417713165283,False
test_01582,Anxiety,Anxiety,True,train_04483,0.7510718703269958,False
test_01583,Depression,Depression,True,train_05783,0.7452097535133362,False
test_01584,Normal,Normal,True,train_01802,0.378964364528656,False
test_01585,Bipolar,Bipolar,True,train_01183,0.7380582094192505,False
test_01586,Normal,Anxiety,False,train_04155,0.5786041021347046,False
test_01587,Depression,Depression,True,train_03861,0.5225239396095276,False
test_01588,Bipolar,Bipolar,True,train_01569,0.8273253440856934,False
test_01589,Depression,Depression,True,train_02350,0.5055582523345947,False
test_01590,Anxiety,Anxiety,True,train_02356,0.7342655658721924,False
test_01591,Anxiety,Anxiety,True,train_05931,0.6095991134643555,False
test_01592,Bipolar,Bipolar,True,train_01867,0.6129788160324097,False
test_01593,Normal,Normal,True,train_01975,0.41536828875541687,False
test_01594,Anxiety,Anxiety,True,train_04646,0.7694026231765747,False
test_01595,Normal,Normal,True,train_05842,0.45849931240081787,False
test_01596,Bipolar,Bipolar,True,train_00567,0.7847892045974731,False
test_01597,Bipolar,Bipolar,True,train_01794,0.6992508172988892,False
test_01598,Depression,Depression,True,train_01497,0.5745084285736084,False
test_01599,Anxiety,Anxiety,True,train_00865,0.7146399021148682,False
test_01600,Bipolar,Bipolar,True,train_00413,0.5672674179077148,False
test_01601,Bipolar,Bipolar,True,train_02291,0.6379404664039612,False
test_01602,Depression,Depression,True,train_03709,0.5323960781097412,False
test_01603,Bipolar,Depression,False,train_02008,0.8063184022903442,False
test_01604,Normal,Normal,True,train_02129,0.36847829818725586,False
test_01605,Bipolar,Bipolar,True,train_04021,0.6528276205062866,False
test_01606,Anxiety,Anxiety,True,train_01855,0.724859356880188,False
test_01607,Anxiety,Bipolar,False,train_01294,0.5916820168495178,False
test_01608,Normal,Bipolar,False,train_04771,0.3618473410606384,False
test_01609,Anxiety,Anxiety,True,train_02183,0.4018821120262146,False
test_01610,Normal,Bipolar,False,train_00874,0.3567799925804138,False
test_01611,Depression,Depression,True,train_03288,0.8179826736450195,False
test_01612,Normal,Depression,False,train_04454,0.4336699843406677,False
test_01613,Normal,Anxiety,False,train_02368,0.46097323298454285,False
test_01614,Normal,Normal,True,train_04707,0.43271976709365845,False
test_01615,Anxiety,Anxiety,True,train_05115,0.3815838098526001,False
test_01616,Anxiety,Anxiety,True,train_00489,0.6870409250259399,False
test_01617,Normal,Normal,True,train_00315,0.41723692417144775,False
test_01618,Anxiety,Anxiety,True,train_00173,0.5351701974868774,False
test_01619,Depression,Depression,True,train_01740,0.6482617855072021,False
test_01620,Normal,Normal,True,train_03334,0.6107345819473267,False
test_01621,Depression,Depression,True,train_05633,0.6143298745155334,False
test_01622,Normal,Bipolar,False,train_01437,0.5306737422943115,False
test_01623,Depression,Depression,True,train_01767,0.822413444519043,False
test_01624,Anxiety,Anxiety,True,train_01790,0.60088711977005,False
test_01625,Bipolar,Bipolar,True,train_02338,0.832251787185669,False
test_01626,Bipolar,Bipolar,True,train_05863,0.8714554905891418,False
test_01627,Anxiety,Anxiety,True,train_03110,0.5842870473861694,False
test_01628,Depression,Depression,True,train_03668,0.670342206954956,False
test_01629,Anxiety,Anxiety,True,train_04752,0.7674562931060791,False
test_01630,Anxiety,Anxiety,True,train_05882,0.5345718860626221,False
test_01631,Anxiety,Anxiety,True,train_04061,0.6849377155303955,False
test_01632,Bipolar,Bipolar,True,train_04754,0.530189573764801,False
test_01633,Anxiety,Anxiety,True,train_02688,0.6979587078094482,False
test_01634,Depression,Depression,True,train_00898,0.7210330367088318,False
test_01635,Anxiety,Bipolar,False,train_00344,0.7208746671676636,False
test_01636,Normal,Bipolar,False,train_03335,0.34646493196487427,False
test_01637,Anxiety,Anxiety,True,train_03112,0.48778170347213745,False
test_01638,Depression,Depression,True,train_03092,0.663267970085144,False
test_01639,Depression,Depression,True,train_05274,0.6684988141059875,False
test_01640,Depression,Bipolar,False,train_02573,0.3981264531612396,False
test_01641,Anxiety,Anxiety,True,train_05537,0.7796131372451782,False
test_01642,Anxiety,Anxiety,True,train_03391,0.5917332172393799,False
test_01643,Bipolar,Bipolar,True,train_02165,0.7651100158691406,False
test_01644,Depression,Depression,True,train_01687,0.6373024582862854,False
test_01645,Depression,Depression,True,train_01635,0.481473445892334,False
test_01646,Anxiety,Anxiety,True,train_01901,0.6283614635467529,False
test_01647,Bipolar,Bipolar,True,train_05617,0.6498907804489136,False
test_01648,Bipolar,Bipolar,True,train_01258,0.6457000970840454,False
test_01649,Depression,Depression,True,train_02436,0.8178906440734863,False
test_01650,Bipolar,Anxiety,False,train_01093,0.5509774684906006,False
test_01651,Normal,Normal,True,train_05553,0.2866666316986084,False
test_01652,Normal,Bipolar,False,train_01437,0.5550651550292969,False
test_01653,Anxiety,Anxiety,True,train_02370,0.8268736600875854,False
test_01654,Normal,Depression,False,train_05358,0.41875162720680237,False
test_01655,Normal,Depression,False,train_05028,0.4427011013031006,False
test_01656,Depression,Bipolar,False,train_04827,0.5216270685195923,False
test_01657,Bipolar,Bipolar,True,train_00360,0.6540464162826538,False
test_01658,Depression,Depression,True,train_04791,0.47245359420776367,False
test_01659,Depression,Depression,True,train_02003,0.648635745048523,False
test_01660,Normal,Normal,True,train_05818,0.5304047465324402,False
test_01661,Bipolar,Bipolar,True,train_02311,0.7014046907424927,False
test_01662,Bipolar,Bipolar,True,train_01416,0.5978543758392334,False
test_01663,Anxiety,Depression,False,train_05626,0.6140256524085999,False
test_01664,Bipolar,Bipolar,True,train_04415,0.7146964073181152,False
test_01665,Depression,Depression,True,train_05669,0.8254549503326416,False
test_01666,Normal,Normal,True,train_01779,0.3716637194156647,False
test_01667,Normal,Normal,True,train_04505,0.26045170426368713,False
test_01668,Anxiety,Anxiety,True,train_05326,0.5925084352493286,False
test_01669,Bipolar,Bipolar,True,train_02777,0.7669280767440796,False
test_01670,Normal,Bipolar,False,train_04542,0.38161858916282654,False
test_01671,Anxiety,Anxiety,True,train_02958,0.7812187075614929,False
test_01672,Bipolar,Bipolar,True,train_01082,0.6984361410140991,False
test_01673,Anxiety,Anxiety,True,train_03873,0.6765746474266052,False
test_01674,Normal,Normal,True,train_04072,0.33193904161453247,False
test_01675,Anxiety,Anxiety,True,train_00243,0.6595985889434814,False
test_01676,Anxiety,Anxiety,True,train_01124,0.6440512537956238,False
test_01677,Depression,Depression,True,train_04102,0.6411858797073364,False
test_01678,Normal,Depression,False,train_04227,0.36750948429107666,False
test_01679,Depression,Depression,True,train_04206,0.7040646076202393,False
test_01680,Bipolar,Anxiety,False,train_03730,0.7239662408828735,False
test_01681,Normal,Normal,True,train_04285,0.49535614252090454,False
test_01682,Normal,Normal,True,train_04770,0.4032719135284424,False
test_01683,Anxiety,Anxiety,True,train_05437,0.7085042595863342,False
test_01684,Bipolar,Anxiety,False,train_01475,0.6897661685943604,False
test_01685,Bipolar,Normal,False,train_04698,0.44842803478240967,False
test_01686,Bipolar,Bipolar,True,train_02177,0.6089653968811035,False
test_01687,Anxiety,Anxiety,True,train_03216,0.6554031372070312,False
test_01688,Anxiety,Depression,False,train_02055,0.6139841079711914,False
test_01689,Bipolar,Anxiety,False,train_00871,0.33616483211517334,False
test_01690,Depression,Depression,True,train_00370,0.6757351160049438,False
test_01691,Normal,Depression,False,train_04822,0.6448248624801636,False
test_01692,Bipolar,Bipolar,True,train_00136,0.7895709276199341,False
test_01693,Normal,Normal,True,train_03390,0.33781489729881287,False
test_01694,Bipolar,Depression,False,train_04919,0.7962371110916138,False
test_01695,Depression,Depression,True,train_05796,0.6972748041152954,False
test_01696,Bipolar,Bipolar,True,train_03071,0.8060305118560791,False
test_01697,Bipolar,Bipolar,True,train_04035,0.601037859916687,False
test_01698,Depression,Depression,True,train_04078,0.658783495426178,False
test_01699,Anxiety,Anxiety,True,train_01404,0.4536840319633484,False
test_01700,Depression,Depression,True,train_04114,0.7357090711593628,False
test_01701,Normal,Normal,True,train_01266,0.4093545973300934,False
test_01702,Depression,Depression,True,train_03558,0.8160912990570068,False
test_01703,Normal,Bipolar,False,train_02359,0.35305607318878174,False
test_01704,Anxiety,Anxiety,True,train_04803,0.7043265700340271,False
test_01705,Depression,Depression,True,train_00986,0.6948481798171997,False
test_01706,Bipolar,Bipolar,True,train_02630,0.7060657143592834,False
test_01707,Depression,Depression,True,train_05758,0.5808466672897339,False
test_01708,Bipolar,Bipolar,True,train_05825,0.7545299530029297,False
test_01709,Normal,Normal,True,train_01829,0.3023252785205841,False
test_01710,Normal,Anxiety,False,train_01714,0.3144164979457855,False
test_01711,Normal,Anxiety,False,train_01396,0.3373599648475647,False
test_01712,Bipolar,Bipolar,True,train_05751,0.5008766651153564,False
test_01713,Depression,Depression,True,train_01456,0.5602654218673706,False
test_01714,Depression,Depression,True,train_00271,0.730247974395752,False
test_01715,Depression,Depression,True,train_00370,0.6386063098907471,False
test_01716,Anxiety,Anxiety,True,train_04777,0.5745022892951965,False
test_01717,Bipolar,Bipolar,True,train_05740,0.6906234622001648,False
test_01718,Depression,Depression,True,train_02519,0.6398302316665649,False
test_01719,Depression,Depression,True,train_00444,0.8054546117782593,False
test_01720,Depression,Depression,True,train_00707,0.6424878835678101,False
test_01721,Normal,Normal,True,train_02373,0.3523687422275543,False
test_01722,Normal,Normal,True,train_02975,0.4295482039451599,False
test_01723,Depression,Depression,True,train_03314,0.7079927921295166,False
test_01724,Depression,Depression,True,train_04113,0.6372105479240417,False
test_01725,Depression,Anxiety,False,train_03524,0.5540281534194946,False
test_01726,Depression,Depression,True,train_01742,0.7753198146820068,False
test_01727,Bipolar,Bipolar,True,train_03141,0.7146955728530884,False
test_01728,Normal,Normal,True,train_01963,0.35728538036346436,False
test_01729,Normal,Normal,True,train_04186,0.39043116569519043,False
test_01730,Anxiety,Anxiety,True,train_01043,0.7053619623184204,False
test_01731,Normal,Anxiety,False,train_02978,0.42865705490112305,False
test_01732,Depression,Bipolar,False,train_05655,0.5904104113578796,False
test_01733,Bipolar,Bipolar,True,train_00671,0.7729190587997437,False
test_01734,Normal,Normal,True,train_05553,0.3800136148929596,False
test_01735,Depression,Anxiety,False,train_02525,0.4539875388145447,False
test_01736,Normal,Normal,True,train_00850,0.49538037180900574,False
test_01737,Bipolar,Bipolar,True,train_05653,0.8107246160507202,False
test_01738,Anxiety,Anxiety,True,train_03100,0.7243918180465698,False
test_01739,Depression,Depression,True,train_05912,0.6321144104003906,False
test_01740,Depression,Bipolar,False,train_02241,0.644651472568512,False
test_01741,Depression,Depression,True,train_03344,0.7094659805297852,False
test_01742,Anxiety,Depression,False,train_02828,0.4259958565235138,False
test_01743,Bipolar,Bipolar,True,train_03606,0.726167619228363,False
test_01744,Anxiety,Anxiety,True,train_00965,0.5944218635559082,False
test_01745,Bipolar,Depression,False,train_05274,0.753250777721405,False
test_01746,Normal,Normal,True,train_03899,0.45324474573135376,False
test_01747,Anxiety,Anxiety,True,train_01566,0.6157352924346924,False
test_01748,Bipolar,Bipolar,True,train_03567,0.6303582787513733,False
test_01749,Normal,Normal,True,train_00200,0.41650789976119995,False
test_01750,Depression,Normal,False,train_01233,0.3887229561805725,False
test_01751,Anxiety,Anxiety,True,train_02388,0.447387158870697,False
test_01752,Normal,Normal,True,train_04230,0.4105159044265747,False
test_01753,Bipolar,Depression,False,train_03583,0.6235263347625732,False
test_01754,Normal,Normal,True,train_02897,0.3815532624721527,False
test_01755,Normal,Normal,True,train_03139,0.29085439443588257,False
test_01756,Bipolar,Bipolar,True,train_04268,0.6738652586936951,False
test_01757,Anxiety,Anxiety,True,train_00711,0.5364220142364502,False
test_01758,Depression,Bipolar,False,train_04852,0.494534969329834,False
test_01759,Normal,Depression,False,train_01976,0.5277668833732605,False
test_01760,Normal,Normal,True,train_04532,0.4235689342021942,False
test_01761,Anxiety,Anxiety,True,train_02973,0.6075940728187561,False
test_01762,Depression,Anxiety,False,train_00409,0.5359729528427124,False
test_01763,Normal,Normal,True,train_02244,0.5780436992645264,False
test_01764,Depression,Depression,True,train_05961,0.6610894203186035,False
test_01765,Anxiety,Anxiety,True,train_02825,0.7130863666534424,False
test_01766,Anxiety,Anxiety,True,train_04497,0.6989671587944031,False
test_01767,Anxiety,Anxiety,True,train_03646,0.7910182476043701,False
test_01768,Normal,Normal,True,train_02521,0.3525054454803467,False
test_01769,Normal,Normal,True,train_00524,0.5673849582672119,False
test_01770,Depression,Depression,True,train_00023,0.8288261890411377,False
test_01771,Depression,Depression,True,train_04932,0.6750501990318298,False
test_01772,Anxiety,Anxiety,True,train_00650,0.5948917269706726,False
test_01773,Depression,Depression,True,train_00374,0.7956128120422363,False
test_01774,Normal,Normal,True,train_03166,0.338178813457489,False
test_01775,Depression,Depression,True,train_01596,0.72867751121521,False
test_01776,Bipolar,Bipolar,True,train_05231,0.6852697730064392,False
test_01777,Bipolar,Bipolar,True,train_01895,0.7771597504615784,False
test_01778,Normal,Normal,True,train_01738,0.33494895696640015,False
test_01779,Bipolar,Bipolar,True,train_05544,0.7301949262619019,False
test_01780,Bipolar,Bipolar,True,train_00919,0.6621197462081909,False
test_01781,Depression,Depression,True,train_05141,0.7113610506057739,False
test_01782,Normal,Normal,True,train_01945,0.4086912274360657,False
test_01783,Normal,Normal,True,train_02889,0.5069009065628052,False
test_01784,Anxiety,Anxiety,True,train_01247,0.8178081512451172,False
test_01785,Bipolar,Bipolar,True,train_05621,0.6285872459411621,False
test_01786,Anxiety,Anxiety,True,train_03002,0.5681811571121216,False
test_01787,Bipolar,Bipolar,True,train_05058,0.604997992515564,False
test_01788,Bipolar,Depression,False,train_04142,0.45494896173477173,False
test_01789,Bipolar,Bipolar,True,train_03480,0.6158214211463928,False
test_01790,Normal,Normal,True,train_03176,0.3262418508529663,False
test_01791,Bipolar,Depression,False,train_04576,0.6364850997924805,False
test_01792,Bipolar,Bipolar,True,train_05589,0.7849358916282654,False
test_01793,Depression,Depression,True,train_02692,0.7023414969444275,False
test_01794,Anxiety,Anxiety,True,train_00700,0.7175549864768982,False
test_01795,Bipolar,Bipolar,True,train_01532,0.6163712739944458,False
test_01796,Bipolar,Bipolar,True,train_02615,0.7693997621536255,False
test_01797,Normal,Normal,True,train_04612,0.4863669276237488,False
test_01798,Anxiety,Anxiety,True,train_01342,0.7944308519363403,False
test_01799,Anxiety,Bipolar,False,train_01021,0.6285865306854248,False
test_01800,Bipolar,Depression,False,train_05707,0.6550160646438599,False
test_01801,Anxiety,Anxiety,True,train_01229,0.6418119668960571,False
test_01802,Anxiety,Anxiety,True,train_03112,0.6531301736831665,False
test_01803,Anxiety,Anxiety,True,train_05774,0.6405566930770874,False
test_01804,Depression,Normal,False,train_05826,0.3765580952167511,False
test_01805,Anxiety,Anxiety,True,train_01685,0.5751957893371582,False
test_01806,Depression,Depression,True,train_02233,0.7870706915855408,False
test_01807,Bipolar,Bipolar,True,train_00082,0.6441372632980347,False
test_01808,Normal,Normal,True,train_05514,0.46845743060112,False
test_01809,Normal,Normal,True,train_01255,0.2925001084804535,False
test_01810,Normal,Normal,True,train_03938,0.49471378326416016,False
test_01811,Depression,Depression,True,train_03908,0.7829265594482422,False
test_01812,Normal,Depression,False,train_02714,0.23111388087272644,False
test_01813,Anxiety,Anxiety,True,train_01577,0.6596896648406982,False
test_01814,Depression,Depression,True,train_04665,0.7604318857192993,False
test_01815,Normal,Normal,True,train_05576,0.31095999479293823,False
test_01816,Normal,Normal,True,train_04787,0.7179914712905884,False
test_01817,Anxiety,Anxiety,True,train_04661,0.5079119205474854,False
test_01818,Bipolar,Bipolar,True,train_02177,0.6666170954704285,False
test_01819,Anxiety,Bipolar,False,train_02409,0.752739429473877,False
test_01820,Bipolar,Bipolar,True,train_03519,0.7904064059257507,False
test_01821,Normal,Normal,True,train_02281,0.3641298711299896,False
test_01822,Anxiety,Anxiety,True,train_04235,0.6911534070968628,False
test_01823,Normal,Normal,True,train_04537,0.36684587597846985,False
test_01824,Anxiety,Anxiety,True,train_03080,0.720152735710144,False
test_01825,Normal,Depression,False,train_05567,0.32430970668792725,False
test_01826,Bipolar,Bipolar,True,train_04920,0.7518004179000854,False
test_01827,Normal,Anxiety,False,train_01026,0.532042384147644,False
test_01828,Depression,Depression,True,train_01131,0.5597889423370361,False
test_01829,Depression,Anxiety,False,train_01475,0.7136110067367554,False
test_01830,Normal,Anxiety,False,train_01737,0.3742563724517822,False
test_01831,Depression,Depression,True,train_01045,0.5903187394142151,False
test_01832,Anxiety,Anxiety,True,train_02858,0.5123345851898193,False
test_01833,Depression,Bipolar,False,train_02460,0.6098823547363281,False
test_01834,Depression,Depression,True,train_02473,0.7090238928794861,False
test_01835,Depression,Depression,True,train_00430,0.5306574702262878,False
test_01836,Depression,Depression,True,train_02160,0.6724070310592651,False
test_01837,Anxiety,Anxiety,True,train_03718,0.8108257055282593,False
test_01838,Anxiety,Anxiety,True,train_01230,0.492261677980423,False
test_01839,Bipolar,Bipolar,True,train_01988,0.6815745830535889,False
test_01840,Bipolar,Bipolar,True,train_02777,0.7366597056388855,False
test_01841,Bipolar,Bipolar,True,train_01407,0.5339345932006836,False
test_01842,Bipolar,Bipolar,True,train_03711,0.7538736462593079,False
test_01843,Bipolar,Bipolar,True,train_02678,0.5693889856338501,False
test_01844,Bipolar,Bipolar,True,train_02074,0.6585025787353516,False
test_01845,Bipolar,Bipolar,True,train_04723,0.8319463729858398,False
test_01846,Normal,Normal,True,train_04968,0.33892256021499634,False
test_01847,Depression,Depression,True,train_00767,0.7729719877243042,False
test_01848,Bipolar,Bipolar,True,train_01111,0.6490017175674438,False
test_01849,Normal,Normal,True,train_04291,0.40841060876846313,False
test_01850,Depression,Depression,True,train_01347,0.7985453605651855,False
test_01851,Normal,Normal,True,train_05474,0.3962235450744629,False
test_01852,Bipolar,Depression,False,train_01053,0.7728716135025024,False
test_01853,Depression,Depression,True,train_04252,0.8009249567985535,False
test_01854,Anxiety,Depression,False,train_03014,0.623533308506012,False
test_01855,Depression,Depression,True,train_02686,0.6275489330291748,False
test_01856,Anxiety,Anxiety,True,train_04447,0.6966280937194824,False
test_01857,Normal,Depression,False,train_01099,0.34368693828582764,False
test_01858,Normal,Normal,True,train_02255,0.2933852970600128,False
test_01859,Bipolar,Bipolar,True,train_05034,0.7301697731018066,False
test_01860,Anxiety,Anxiety,True,train_03890,0.7113775014877319,False
test_01861,Anxiety,Depression,False,train_04786,0.6549935340881348,False
test_01862,Bipolar,Bipolar,True,train_05615,0.770685076713562,False
test_01863,Depression,Depression,True,train_02855,0.7674461603164673,False
test_01864,Depression,Depression,True,train_03395,0.6767309904098511,False
test_01865,Bipolar,Bipolar,True,train_03338,0.7202612161636353,False
test_01866,Bipolar,Bipolar,True,train_02065,0.7610107064247131,False
test_01867,Normal,Normal,True,train_01364,0.2949019968509674,False
test_01868,Anxiety,Anxiety,True,train_03904,0.7503983974456787,False
test_01869,Depression,Depression,True,train_01574,0.5658708810806274,False
test_01870,Depression,Anxiety,False,train_03637,0.6450539827346802,False
test_01871,Anxiety,Anxiety,True,train_04246,0.7635138034820557,False
test_01872,Anxiety,Bipolar,False,train_00863,0.5741245150566101,False
test_01873,Normal,Normal,True,train_05508,0.4584527611732483,False
test_01874,Normal,Anxiety,False,train_01269,0.3450404107570648,False
test_01875,Bipolar,Bipolar,True,train_05269,0.6699421405792236,False
test_01876,Anxiety,Anxiety,True,train_00948,0.6926373243331909,False
test_01877,Depression,Depression,True,train_03888,0.4593447744846344,False
test_01878,Depression,Depression,True,train_04103,0.47809141874313354,False
test_01879,Normal,Normal,True,train_03467,0.45978036522865295,False
test_01880,Bipolar,Bipolar,True,train_00864,0.8676828145980835,False
test_01881,Normal,Normal,True,train_02580,0.36070582270622253,False
test_01882,Normal,Bipolar,False,train_05149,0.4412197768688202,False
test_01883,Normal,Anxiety,False,train_01089,0.37518107891082764,False
test_01884,Depression,Depression,True,train_00112,0.6558350324630737,False
test_01885,Anxiety,Anxiety,True,train_00679,0.5621165633201599,False
test_01886,Normal,Depression,False,train_01523,0.35433101654052734,False
test_01887,Bipolar,Bipolar,True,train_03286,0.7031346559524536,False
test_01888,Normal,Normal,True,train_00669,0.36403489112854004,False
test_01889,Bipolar,Bipolar,True,train_05372,0.641840934753418,False
test_01890,Bipolar,Bipolar,True,train_03543,0.7342357635498047,False
test_01891,Depression,Depression,True,train_03856,0.7350549101829529,False
test_01892,Anxiety,Bipolar,False,train_02711,0.6224343776702881,False
test_01893,Normal,Normal,True,train_04849,0.3802436888217926,False
test_01894,Normal,Normal,True,train_04507,0.47616440057754517,False
test_01895,Normal,Normal,True,train_03953,0.33755606412887573,False
test_01896,Normal,Depression,False,train_00175,0.5224971771240234,False
test_01897,Anxiety,Normal,False,train_04514,0.5108245015144348,False
test_01898,Anxiety,Anxiety,True,train_00059,0.7504885792732239,False
test_01899,Anxiety,Bipolar,False,train_04589,0.46159619092941284,False
test_01900,Bipolar,Bipolar,True,train_03452,0.7331896424293518,False
test_01901,Depression,Anxiety,False,train_01093,0.7173816561698914,False
test_01902,Normal,Depression,False,train_03950,0.5736207962036133,False
test_01903,Anxiety,Anxiety,True,train_03694,0.4398423433303833,False
test_01904,Anxiety,Anxiety,True,train_02362,0.601632833480835,False
test_01905,Bipolar,Anxiety,False,train_00601,0.627447247505188,False
test_01906,Normal,Normal,True,train_04707,0.3405172824859619,False
test_01907,Bipolar,Bipolar,True,train_03273,0.6029461622238159,False
test_01908,Anxiety,Anxiety,True,train_01247,0.7345647215843201,False
test_01909,Depression,Depression,True,train_02532,0.4562312066555023,False
test_01910,Depression,Depression,True,train_03326,0.6715534925460815,False
test_01911,Anxiety,Anxiety,True,train_00161,0.6039811372756958,False
test_01912,Anxiety,Anxiety,True,train_01819,0.8172457218170166,False
test_01913,Anxiety,Anxiety,True,train_02794,0.6370671987533569,False
test_01914,Bipolar,Bipolar,True,train_01587,0.6596759557723999,False
test_01915,Anxiety,Anxiety,True,train_02269,0.43209725618362427,False
test_01916,Anxiety,Anxiety,True,train_01168,0.7014428973197937,False
test_01917,Depression,Depression,True,train_04132,0.6813744306564331,False
test_01918,Bipolar,Bipolar,True,train_01605,0.648758053779602,False
test_01919,Anxiety,Anxiety,True,train_00399,0.7391810417175293,False
test_01920,Normal,Depression,False,train_04959,0.4338556230068207,False
test_01921,Normal,Normal,True,train_04688,0.4398350715637207,False
test_01922,Depression,Depression,True,train_01623,0.6885733604431152,False
test_01923,Anxiety,Anxiety,True,train_00009,0.5727941989898682,False
test_01924,Anxiety,Anxiety,True,train_05774,0.539324164390564,False
test_01925,Depression,Depression,True,train_03344,0.7889385223388672,False
test_01926,Anxiety,Anxiety,True,train_04604,0.6207389831542969,False
test_01927,Anxiety,Bipolar,False,train_04724,0.44809287786483765,False
test_01928,Anxiety,Anxiety,True,train_00933,0.486211359500885,False
test_01929,Anxiety,Anxiety,True,train_01969,0.6502028703689575,False
test_01930,Depression,Anxiety,False,train_03154,0.486875057220459,False
test_01931,Normal,Normal,True,train_01824,0.35535722970962524,False
test_01932,Anxiety,Anxiety,True,train_01080,0.6729134917259216,False
test_01933,Bipolar,Bipolar,True,train_02241,0.7000128626823425,False
test_01934,Normal,Normal,True,train_05720,0.459452748298645,False
test_01935,Depression,Depression,True,train_04348,0.7806463837623596,False
test_01936,Anxiety,Bipolar,False,train_01417,0.5192184448242188,False
test_01937,Normal,Normal,True,train_03841,0.5398437976837158,False
test_01938,Normal,Bipolar,False,train_04204,0.5169100761413574,False
test_01939,Normal,Normal,True,train_05730,0.3931512236595154,False
test_01940,Normal,Normal,True,train_05883,0.291409432888031,False
test_01941,Bipolar,Bipolar,True,train_05372,0.7236948013305664,False
test_01942,Anxiety,Anxiety,True,train_05764,0.5445165634155273,False
test_01943,Normal,Normal,True,train_04790,0.39955297112464905,False
test_01944,Normal,Normal,True,train_00900,0.561567485332489,False
test_01945,Anxiety,Anxiety,True,train_00267,0.7398594617843628,False
test_01946,Bipolar,Anxiety,False,train_00715,0.6777254343032837,False
test_01947,Depression,Depression,True,train_03588,0.5433077812194824,False
test_01948,Anxiety,Anxiety,True,train_00835,0.6016303896903992,False
test_01949,Normal,Normal,True,train_02568,0.5501334071159363,False
test_01950,Depression,Depression,True,train_03314,0.6370537877082825,False
test_01951,Bipolar,Bipolar,True,train_01502,0.6488034725189209,False
test_01952,Depression,Depression,True,train_03950,0.7820473909378052,False
test_01953,Anxiety,Anxiety,True,train_05117,0.6270637512207031,False
test_01954,Bipolar,Bipolar,True,train_05100,0.6583462953567505,False
test_01955,Depression,Depression,True,train_04706,0.6482213735580444,False
test_01956,Anxiety,Anxiety,True,train_01342,0.6040041446685791,False
test_01957,Anxiety,Normal,False,train_00073,0.4284125566482544,False
test_01958,Depression,Depression,True,train_01950,0.5175909399986267,False
test_01959,Bipolar,Bipolar,True,train_01158,0.6598340272903442,False
test_01960,Bipolar,Anxiety,False,train_04803,0.6006647944450378,False
test_01961,Anxiety,Anxiety,True,train_01247,0.5881876945495605,False
test_01962,Anxiety,Anxiety,True,train_00014,0.6359877586364746,False
test_01963,Normal,Normal,True,train_00740,0.31005430221557617,False
test_01964,Normal,Normal,True,train_01364,0.25641128420829773,False
test_01965,Depression,Depression,True,train_02270,0.7528114914894104,False
test_01966,Anxiety,Anxiety,True,train_05752,0.6041648387908936,False
test_01967,Bipolar,Bipolar,True,train_00773,0.6645535230636597,False
test_01968,Depression,Anxiety,False,train_03112,0.41210657358169556,False
test_01969,Normal,Depression,False,train_04791,0.30527710914611816,False
test_01970,Anxiety,Anxiety,True,train_05632,0.5954367518424988,False
test_01971,Depression,Depression,True,train_02510,0.6747764945030212,False
test_01972,Depression,Depression,True,train_02396,0.6392121315002441,False
test_01973,Anxiety,Anxiety,True,train_04189,0.6776142120361328,False
test_01974,Depression,Depression,True,train_05835,0.5208728909492493,False
test_01975,Depression,Depression,True,train_04264,0.7208274602890015,False
test_01976,Anxiety,Normal,False,train_03315,0.5722191333770752,False
test_01977,Bipolar,Bipolar,True,train_04200,0.6404168009757996,False
test_01978,Bipolar,Bipolar,True,train_03000,0.6480422019958496,False
test_01979,Bipolar,Anxiety,False,train_02693,0.4520314633846283,False
test_01980,Depression,Depression,True,train_01236,0.727267861366272,False
test_01981,Depression,Depression,True,train_02422,0.8028604388237,False
test_01982,Normal,Normal,True,train_03411,0.4712735712528229,False
test_01983,Normal,Normal,True,train_00385,0.5778086185455322,False
test_01984,Normal,Anxiety,False,train_04303,0.617850661277771,False
test_01985,Bipolar,Bipolar,True,train_02412,0.8554769158363342,False
test_01986,Bipolar,Bipolar,True,train_01604,0.7193870544433594,False
test_01987,Bipolar,Bipolar,True,train_04771,0.5159597396850586,False
test_01988,Depression,Depression,True,train_00019,0.7497683167457581,False
test_01989,Normal,Normal,True,train_01600,0.4257350564002991,False
test_01990,Normal,Anxiety,False,train_01748,0.3862735331058502,False
test_01991,Normal,Normal,True,train_03348,0.38911354541778564,False
test_01992,Normal,Normal,True,train_05883,0.5579221844673157,False
test_01993,Normal,Normal,True,train_00736,0.2497638463973999,False
test_01994,Bipolar,Bipolar,True,train_03529,0.8320745229721069,False
test_01995,Bipolar,Depression,False,train_02137,0.7437725067138672,False
test_01996,Anxiety,Anxiety,True,train_02021,0.8234628438949585,False
test_01997,Anxiety,Anxiety,True,train_04856,0.7045944929122925,False
test_01998,Depression,Depression,True,train_01789,0.5961463451385498,False
test_01999,Anxiety,Anxiety,True,train_01855,0.623180091381073,False
test_02000,Normal,Normal,True,train_04817,0.2741335928440094,False
test_02001,Normal,Anxiety,False,train_01011,0.43600228428840637,False
test_02002,Depression,Normal,False,train_03114,0.5258650779724121,False
test_02003,Depression,Depression,True,train_00759,0.5485050678253174,False
test_02004,Bipolar,Bipolar,True,train_01718,0.7714717388153076,False
test_02005,Normal,Normal,True,train_03666,0.2817420959472656,False
test_02006,Bipolar,Bipolar,True,train_02237,0.6019381284713745,False
test_02007,Bipolar,Bipolar,True,train_02016,0.7713171243667603,False
test_02008,Bipolar,Bipolar,True,train_00826,0.7346603870391846,False
test_02009,Anxiety,Anxiety,True,train_02488,0.47896626591682434,False
test_02010,Anxiety,Anxiety,True,train_00896,0.44880425930023193,False
test_02011,Anxiety,Anxiety,True,train_01263,0.6162626147270203,False
test_02012,Normal,Anxiety,False,train_01528,0.26395267248153687,False
test_02013,Normal,Normal,True,train_01068,0.32503747940063477,False
test_02014,Normal,Normal,True,train_00303,0.46531200408935547,False
test_02015,Anxiety,Anxiety,True,train_02945,0.751102864742279,False
test_02016,Anxiety,Anxiety,True,train_02337,0.6875602602958679,False
test_02017,Bipolar,Bipolar,True,train_05706,0.5997325778007507,False
test_02018,Normal,Normal,True,train_02728,0.5189368724822998,False
test_02019,Anxiety,Anxiety,True,train_02088,0.6845627427101135,False
test_02020,Depression,Depression,True,train_00558,0.7219991683959961,False
test_02021,Normal,Normal,True,train_03173,0.35391461849212646,False
test_02022,Normal,Normal,True,train_03315,0.578215479850769,False
test_02023,Depression,Depression,True,train_01355,0.6746768951416016,False
test_02024,Depression,Normal,False,train_03759,0.4077586829662323,False
test_02025,Anxiety,Depression,False,train_01053,0.7318843007087708,False
test_02026,Normal,Normal,True,train_01983,0.4288569688796997,False
test_02027,Normal,Normal,True,train_02612,0.3281950354576111,False
test_02028,Normal,Normal,True,train_03339,0.5093625783920288,False
test_02029,Normal,Anxiety,False,train_01874,0.4639506936073303,False
test_02030,Normal,Normal,True,train_01926,0.4338030219078064,False
test_02031,Depression,Depression,True,train_00854,0.5518776178359985,False
test_02032,Depression,Depression,True,train_05511,0.6129351854324341,False
test_02033,Bipolar,Anxiety,False,train_03700,0.7166778445243835,False
test_02034,Bipolar,Bipolar,True,train_05925,0.6855225563049316,False
test_02035,Depression,Anxiety,False,train_02891,0.7164167165756226,False
test_02036,Bipolar,Bipolar,True,train_05782,0.7141585350036621,False
test_02037,Normal,Normal,True,train_04530,0.36579376459121704,False
test_02038,Depression,Depression,True,train_03558,0.792307436466217,False
test_02039,Depression,Depression,True,train_03794,0.6376703977584839,False
test_02040,Normal,Normal,True,train_02506,0.3320133686065674,False
test_02041,Normal,Normal,True,train_00200,0.43780192732810974,False
test_02042,Depression,Normal,False,train_05111,0.35572317242622375,False
test_02043,Depression,Depression,True,train_03374,0.48302605748176575,False
test_02044,Anxiety,Anxiety,True,train_00865,0.7824736833572388,False
test_02045,Anxiety,Anxiety,True,train_00120,0.6988619565963745,False
test_02046,Depression,Depression,True,train_02774,0.5490955710411072,False
test_02047,Depression,Anxiety,False,train_01702,0.5616995692253113,False
test_02048,Normal,Anxiety,False,train_02693,0.2905535101890564,False
test_02049,Bipolar,Bipolar,True,train_02074,0.7948043346405029,False
test_02050,Bipolar,Bipolar,True,train_01569,0.839043140411377,False
test_02051,Depression,Depression,True,train_04036,0.7458943724632263,False
test_02052,Bipolar,Depression,False,train_03016,0.7958939075469971,False
test_02053,Normal,Depression,False,train_01442,0.5175176858901978,False
test_02054,Bipolar,Bipolar,True,train_05863,0.7379918098449707,False
test_02055,Depression,Depression,True,train_01071,0.5221454501152039,False
test_02056,Normal,Normal,True,train_05414,0.5261388421058655,False
test_02057,Normal,Normal,True,train_02506,0.39188525080680847,False
test_02058,Normal,Anxiety,False,train_01288,0.5895452499389648,False
test_02059,Bipolar,Bipolar,True,train_05627,0.7673393487930298,False
test_02060,Depression,Bipolar,False,train_00805,0.6946014165878296,False
test_02061,Bipolar,Bipolar,True,train_03743,0.7166441679000854,False
test_02062,Bipolar,Depression,False,train_05701,0.5618030428886414,False
test_02063,Bipolar,Anxiety,False,train_04928,0.6343785524368286,False
test_02064,Anxiety,Normal,False,train_00799,0.3829118013381958,False
test_02065,Anxiety,Bipolar,False,train_00413,0.5515848994255066,False
test_02066,Anxiety,Anxiety,True,train_00766,0.6776293516159058,False
test_02067,Anxiety,Depression,False,train_00464,0.6728681921958923,False
test_02068,Bipolar,Bipolar,True,train_05727,0.8495209217071533,False
test_02069,Depression,Depression,True,train_03469,0.7443915605545044,False
test_02070,Anxiety,Anxiety,True,train_04024,0.5826661586761475,False
test_02071,Depression,Bipolar,False,train_01163,0.655329704284668,False
test_02072,Anxiety,Anxiety,True,train_02794,0.749361515045166,False
test_02073,Bipolar,Bipolar,True,train_01569,0.8528315424919128,False
test_02074,Bipolar,Bipolar,True,train_00963,0.7207953333854675,False
test_02075,Depression,Anxiety,False,train_02576,0.48798269033432007,False
test_02076,Depression,Depression,True,train_00277,0.7945225238800049,False
test_02077,Normal,Normal,True,train_02379,0.3838854134082794,False
test_02078,Depression,Bipolar,False,train_05990,0.7052391767501831,False
test_02079,Anxiety,Anxiety,True,train_02958,0.7024997472763062,False
test_02080,Bipolar,Depression,False,train_04437,0.7758615016937256,False
test_02081,Anxiety,Anxiety,True,train_04149,0.6547779440879822,False
test_02082,Depression,Depression,True,train_04086,0.5222213268280029,False
test_02083,Normal,Normal,True,train_02487,0.20489993691444397,False
test_02084,Bipolar,Bipolar,True,train_02696,0.6591277122497559,False
test_02085,Depression,Bipolar,False,train_05216,0.611706554889679,False
test_02086,Anxiety,Bipolar,False,train_02960,0.6210954189300537,False
test_02087,Anxiety,Anxiety,True,train_04246,0.7534140348434448,False
test_02088,Depression,Bipolar,False,train_00628,0.758345901966095,False
test_02089,Depression,Depression,True,train_04932,0.6606552600860596,False
test_02090,Depression,Bipolar,False,train_05655,0.6058393120765686,False
test_02091,Bipolar,Bipolar,True,train_03055,0.8147770166397095,False
test_02092,Anxiety,Depression,False,train_05165,0.7513944506645203,False
test_02093,Anxiety,Anxiety,True,train_05266,0.7451448440551758,False
test_02094,Depression,Depression,True,train_01789,0.530400276184082,False
test_02095,Normal,Normal,True,train_00524,0.5308358669281006,False
test_02096,Anxiety,Anxiety,True,train_00399,0.7682968974113464,False
test_02097,Bipolar,Depression,False,train_00305,0.5668643712997437,False
test_02098,Bipolar,Bipolar,True,train_02815,0.8154846429824829,False
test_02099,Anxiety,Anxiety,True,train_01377,0.646902322769165,False
test_02100,Depression,Depression,True,train_02616,0.7374716997146606,False
test_02101,Depression,Depression,True,train_00317,0.5197774171829224,False
test_02102,Normal,Normal,True,train_04977,0.48834580183029175,False
test_02103,Bipolar,Bipolar,True,train_01718,0.7072228193283081,False
test_02104,Depression,Depression,True,train_04901,0.6406952142715454,False
test_02105,Normal,Normal,True,train_01389,0.37553465366363525,False
test_02106,Normal,Normal,True,train_05980,0.4866330623626709,False
test_02107,Normal,Normal,True,train_01487,0.6310706734657288,False
test_02108,Anxiety,Anxiety,True,train_01749,0.5702401399612427,False
test_02109,Normal,Depression,False,train_05696,0.5133281946182251,False
test_02110,Depression,Depression,True,train_04244,0.7870124578475952,False
test_02111,Anxiety,Anxiety,True,train_01685,0.4853616952896118,False
test_02112,Anxiety,Anxiety,True,train_00042,0.6818877458572388,False
test_02113,Anxiety,Anxiety,True,train_00397,0.7468977570533752,False
test_02114,Depression,Bipolar,False,train_04630,0.6731986999511719,False
test_02115,Anxiety,Anxiety,True,train_05018,0.6695547103881836,False
test_02116,Normal,Anxiety,False,train_01714,0.3891043961048126,False
test_02117,Anxiety,Anxiety,True,train_04024,0.5709090232849121,False
test_02118,Depression,Depression,True,train_05081,0.6303355097770691,False
test_02119,Bipolar,Bipolar,True,train_05740,0.762451708316803,False
test_02120,Anxiety,Anxiety,True,train_05594,0.6775954961776733,False
test_02121,Bipolar,Anxiety,False,train_01852,0.6035104990005493,False
test_02122,Normal,Normal,True,train_03165,0.41562139987945557,False
test_02123,Normal,Normal,True,train_03664,0.4729146957397461,False
test_02124,Bipolar,Anxiety,False,train_01735,0.499766081571579,False
test_02125,Normal,Normal,True,train_05363,0.3381080627441406,False
test_02126,Anxiety,Anxiety,True,train_01747,0.6765549182891846,False
test_02127,Normal,Depression,False,train_02085,0.4712846279144287,False
test_02128,Depression,Bipolar,False,train_04701,0.6302759647369385,False
test_02129,Bipolar,Bipolar,True,train_01310,0.7234865427017212,False
test_02130,Depression,Depression,True,train_01925,0.7095232009887695,False
test_02131,Anxiety,Anxiety,True,train_02735,0.7065182328224182,False
test_02132,Depression,Depression,True,train_01153,0.5917116403579712,False
test_02133,Bipolar,Bipolar,True,train_05993,0.7398143410682678,False
test_02134,Bipolar,Bipolar,True,train_01557,0.8272808790206909,False
test_02135,Normal,Normal,True,train_02875,0.32537218928337097,False
test_02136,Depression,Bipolar,False,train_00495,0.6238824725151062,False
test_02137,Anxiety,Depression,False,train_05691,0.49879908561706543,False
test_02138,Bipolar,Bipolar,True,train_05485,0.5916322469711304,False
test_02139,Depression,Anxiety,False,train_00775,0.6110619306564331,False
test_02140,Bipolar,Bipolar,True,train_05981,0.6499614715576172,False
test_02141,Bipolar,Bipolar,True,train_05852,0.6777534484863281,False
test_02142,Bipolar,Depression,False,train_03912,0.6828016042709351,False
test_02143,Depression,Anxiety,False,train_00706,0.6376525163650513,False
test_02144,Depression,Depression,True,train_02308,0.7764160633087158,False
test_02145,Bipolar,Depression,False,train_05377,0.4973614811897278,False
test_02146,Anxiety,Anxiety,True,train_03890,0.7216379642486572,False
test_02147,Bipolar,Bipolar,True,train_04241,0.7023261785507202,False
test_02148,Normal,Normal,True,train_01546,0.304501473903656,False
test_02149,Anxiety,Depression,False,train_05608,0.6622869968414307,False
test_02150,Anxiety,Anxiety,True,train_02481,0.6817713975906372,False
test_02151,Depression,Anxiety,False,train_02444,0.6278544664382935,False
test_02152,Bipolar,Bipolar,True,train_00391,0.7989187240600586,False
test_02153,Depression,Depression,True,train_02563,0.6888061165809631,False
test_02154,Anxiety,Anxiety,True,train_04182,0.7809710502624512,False
test_02155,Bipolar,Bipolar,True,train_04473,0.8250976800918579,False
test_02156,Bipolar,Bipolar,True,train_01128,0.6384795904159546,False
test_02157,Depression,Depression,True,train_03218,0.6070347428321838,False
test_02158,Normal,Depression,False,train_01317,0.3960181474685669,False
test_02159,Normal,Normal,True,train_03434,0.44824379682540894,False
test_02160,Bipolar,Bipolar,True,train_04172,0.7119908928871155,False
test_02161,Anxiety,Anxiety,True,train_01323,0.5283304452896118,False
test_02162,Anxiety,Anxiety,True,train_04720,0.8351238369941711,False
test_02163,Anxiety,Depression,False,train_00952,0.6274803876876831,False
test_02164,Bipolar,Bipolar,True,train_05556,0.7960187196731567,False
test_02165,Anxiety,Anxiety,True,train_04107,0.736096203327179,False
test_02166,Anxiety,Anxiety,True,train_03691,0.8226150274276733,False
test_02167,Normal,Anxiety,False,train_02766,0.45415425300598145,False
test_02168,Depression,Depression,True,train_00647,0.4250645935535431,False
test_02169,Depression,Depression,True,train_00660,0.6622806191444397,False
test_02170,Bipolar,Bipolar,True,train_01778,0.6855729818344116,False
test_02171,Normal,Normal,True,train_01209,0.6026514172554016,False
test_02172,Normal,Normal,True,train_04865,0.3025006949901581,False
test_02173,Bipolar,Bipolar,True,train_01558,0.6490553617477417,False
test_02174,Normal,Normal,True,train_01137,0.36070817708969116,False
test_02175,Anxiety,Anxiety,True,train_04986,0.5405437350273132,False
test_02176,Anxiety,Anxiety,True,train_00397,0.7251269817352295,False
test_02177,Depression,Depression,True,train_00069,0.45700544118881226,False
test_02178,Bipolar,Bipolar,True,train_05494,0.6557830572128296,False
test_02179,Depression,Depression,True,train_01455,0.43512749671936035,False
test_02180,Normal,Anxiety,False,train_03673,0.3822478950023651,False
test_02181,Depression,Depression,True,train_04658,0.5058988928794861,False
test_02182,Anxiety,Anxiety,True,train_00059,0.4498426914215088,False
test_02183,Normal,Normal,True,train_01233,0.409697949886322,False
test_02184,Depression,Depression,True,train_05783,0.6603533029556274,False
test_02185,Bipolar,Bipolar,True,train_00963,0.6640884876251221,False
test_02186,Normal,Normal,True,train_04441,0.5241053104400635,False
test_02187,Bipolar,Bipolar,True,train_04807,0.700329065322876,False
test_02188,Depression,Depression,True,train_03685,0.6482898592948914,False
test_02189,Bipolar,Normal,False,train_03486,0.5875219106674194,False
test_02190,Depression,Depression,True,train_05179,0.7608470916748047,False
test_02191,Anxiety,Anxiety,True,train_02542,0.621131420135498,False
test_02192,Anxiety,Anxiety,True,train_01135,0.6582018733024597,False
test_02193,Depression,Depression,True,train_04252,0.6425302028656006,False
test_02194,Bipolar,Bipolar,True,train_01557,0.6771765947341919,False
test_02195,Anxiety,Anxiety,True,train_05043,0.7074786424636841,False
test_02196,Bipolar,Bipolar,True,train_02292,0.7585217356681824,False
test_02197,Normal,Anxiety,False,train_01749,0.5606129169464111,False
test_02198,Anxiety,Anxiety,True,train_05199,0.6317415833473206,False
test_02199,Bipolar,Bipolar,True,train_05615,0.6781519651412964,False
test_02200,Anxiety,Anxiety,True,train_01060,0.6999642848968506,False
test_02201,Bipolar,Bipolar,True,train_02596,0.663732647895813,False
test_02202,Anxiety,Anxiety,True,train_02337,0.6548135280609131,False
test_02203,Normal,Anxiety,False,train_01967,0.2777768075466156,False
test_02204,Depression,Depression,True,train_05353,0.5543701648712158,False
test_02205,Normal,Anxiety,False,train_04235,0.6088774800300598,False
test_02206,Normal,Normal,True,train_05720,0.4448143243789673,False
test_02207,Normal,Depression,False,train_05835,0.5576009750366211,False
test_02208,Normal,Normal,True,train_02453,0.5035555362701416,False
test_02209,Normal,Normal,True,train_03140,0.6166503429412842,False
test_02210,Anxiety,Bipolar,False,train_00111,0.6061544418334961,False
test_02211,Bipolar,Bipolar,True,train_02260,0.5673955678939819,False
test_02212,Bipolar,Bipolar,True,train_04249,0.6634851098060608,False
test_02213,Normal,Normal,True,train_05741,0.37618112564086914,False
test_02214,Bipolar,Bipolar,True,train_03082,0.7583916187286377,False
test_02215,Depression,Depression,True,train_05506,0.6251198053359985,False
test_02216,Normal,Depression,False,train_01131,0.29493942856788635,False
test_02217,Bipolar,Bipolar,True,train_00368,0.7708031535148621,False
test_02218,Anxiety,Anxiety,True,train_00655,0.5522948503494263,False
test_02219,Anxiety,Anxiety,True,train_01268,0.6257930397987366,False
test_02220,Depression,Depression,True,train_00887,0.7152776718139648,False
test_02221,Anxiety,Anxiety,True,train_00602,0.7367451786994934,False
test_02222,Depression,Depression,True,train_00033,0.7021478414535522,False
test_02223,Normal,Normal,True,train_01104,0.3193556070327759,False
test_02224,Depression,Depression,True,train_03788,0.6776806712150574,False
test_02225,Bipolar,Bipolar,True,train_02985,0.6374087333679199,False
test_02226,Depression,Depression,True,train_04866,0.5207227468490601,False
test_02227,Anxiety,Anxiety,True,train_04031,0.6725224256515503,False
test_02228,Depression,Depression,True,train_05180,0.5176818370819092,False
test_02229,Anxiety,Anxiety,True,train_04651,0.5289866328239441,False
test_02230,Normal,Normal,True,train_01560,0.38490355014801025,False
test_02231,Bipolar,Bipolar,True,train_03776,0.7972503900527954,False
test_02232,Normal,Anxiety,False,train_05060,0.3902472257614136,False
test_02233,Bipolar,Bipolar,True,train_04836,0.8558416962623596,False
test_02234,Normal,Normal,True,train_03322,0.5021026730537415,False
test_02235,Normal,Normal,True,train_05508,0.7481998205184937,False
test_02236,Anxiety,Anxiety,True,train_03520,0.6801407337188721,False
test_02237,Depression,Depression,True,train_00609,0.5518063306808472,False
test_02238,Anxiety,Depression,False,train_05136,0.5426619052886963,False
test_02239,Anxiety,Normal,False,train_03522,0.4358745515346527,False
test_02240,Normal,Normal,True,train_02487,0.367073655128479,False
test_02241,Depression,Depression,True,train_03056,0.5347672700881958,False
test_02242,Depression,Depression,True,train_02270,0.7469824552536011,False
test_02243,Bipolar,Bipolar,True,train_05621,0.698695719242096,False
test_02244,Bipolar,Depression,False,train_01001,0.8212058544158936,False
test_02245,Normal,Normal,True,train_02486,0.5182901620864868,False
test_02246,Normal,Anxiety,False,train_00120,0.6622409820556641,False
test_02247,Depression,Anxiety,False,train_04483,0.7368278503417969,False
test_02248,Bipolar,Bipolar,True,train_01169,0.8119841814041138,False
test_02249,Depression,Depression,True,train_03194,0.6215301752090454,False
test_02250,Normal,Normal,True,train_01892,0.3164430260658264,False
test_02251,Normal,Normal,True,train_02244,0.43422240018844604,False
test_02252,Anxiety,Anxiety,True,train_01617,0.695746660232544,False
test_02253,Normal,Depression,False,train_00151,0.3813783526420593,False
test_02254,Bipolar,Bipolar,True,train_05494,0.6905138492584229,False
test_02255,Anxiety,Depression,False,train_03194,0.6069854497909546,False
test_02256,Depression,Depression,True,train_01570,0.7755532264709473,False
test_02257,Anxiety,Anxiety,True,train_03032,0.7133429646492004,False
test_02258,Normal,Normal,True,train_03165,0.44534561038017273,False
test_02259,Depression,Depression,True,train_00169,0.5356128215789795,False
test_02260,Depression,Depression,True,train_02876,0.7155414819717407,False
test_02261,Bipolar,Bipolar,True,train_04717,0.719099760055542,False
test_02262,Bipolar,Bipolar,True,train_02802,0.4240185618400574,False
test_02263,Bipolar,Bipolar,True,train_00639,0.635593593120575,False
test_02264,Depression,Bipolar,False,train_03560,0.48474401235580444,False
test_02265,Bipolar,Bipolar,True,train_03988,0.6493765711784363,False
test_02266,Bipolar,Bipolar,True,train_02957,0.8184977769851685,False
test_02267,Bipolar,Bipolar,True,train_05656,0.6574822664260864,False
test_02268,Depression,Bipolar,False,train_05305,0.5749501585960388,False
test_02269,Depression,Depression,True,train_05459,0.640700101852417,False
test_02270,Anxiety,Anxiety,True,train_00237,0.6935242414474487,False
test_02271,Bipolar,Bipolar,True,train_02946,0.682253897190094,False
test_02272,Anxiety,Anxiety,True,train_01405,0.5145061016082764,False
test_02273,Normal,Normal,True,train_04707,0.40589287877082825,False
test_02274,Depression,Bipolar,False,train_04336,0.6755577325820923,False
test_02275,Anxiety,Bipolar,False,train_01557,0.7902374267578125,False
test_02276,Depression,Depression,True,train_01843,0.6686825752258301,False
test_02277,Normal,Normal,True,train_01788,0.42549043893814087,False
test_02278,Depression,Depression,True,train_01151,0.6078648567199707,False
test_02279,Depression,Bipolar,False,train_03229,0.6680927276611328,False
test_02280,Depression,Depression,True,train_00464,0.6875719428062439,False
test_02281,Depression,Depression,True,train_01096,0.6611090898513794,False
test_02282,Bipolar,Depression,False,train_01789,0.46615391969680786,False
test_02283,Bipolar,Depression,False,train_00055,0.6741805672645569,False
test_02284,Anxiety,Anxiety,True,train_00387,0.7092862725257874,False
test_02285,Normal,Depression,False,train_03073,0.311836838722229,False
test_02286,Anxiety,Anxiety,True,train_03455,0.828134298324585,False
test_02287,Normal,Normal,True,train_01449,0.5487606525421143,False
test_02288,Depression,Depression,True,train_03835,0.6932065486907959,False
test_02289,Bipolar,Bipolar,True,train_04249,0.6861252784729004,False
test_02290,Normal,Normal,True,train_01821,0.327690988779068,False
test_02291,Bipolar,Bipolar,True,train_04826,0.597273051738739,False
test_02292,Bipolar,Bipolar,True,train_02241,0.6836481094360352,False
test_02293,Bipolar,Bipolar,True,train_03857,0.6596074104309082,False
test_02294,Anxiety,Anxiety,True,train_03268,0.5445984601974487,False
test_02295,Normal,Depression,False,train_01523,0.3685784935951233,False
test_02296,Depression,Depression,True,train_01678,0.48636072874069214,False
test_02297,Bipolar,Bipolar,True,train_03425,0.8109138607978821,False
test_02298,Normal,Normal,True,train_04688,0.3698348104953766,False
test_02299,Bipolar,Depression,False,train_00366,0.6057174205780029,False
test_02300,Depression,Depression,True,train_02350,0.6553598642349243,False
test_02301,Anxiety,Anxiety,True,train_05266,0.7217141389846802,False
test_02302,Depression,Depression,True,train_00466,0.5571458339691162,False
test_02303,Normal,Anxiety,False,train_02230,0.306951642036438,False
test_02304,Anxiety,Anxiety,True,train_00865,0.68544602394104,False
test_02305,Bipolar,Bipolar,True,train_01988,0.6841505765914917,False
test_02306,Depression,Bipolar,False,train_00731,0.7495030164718628,False
test_02307,Normal,Normal,True,train_02769,0.39478829503059387,False
test_02308,Anxiety,Anxiety,True,train_01790,0.6528792381286621,False
test_02309,Bipolar,Bipolar,True,train_02457,0.6410269737243652,False
test_02310,Bipolar,Bipolar,True,train_01383,0.6900370121002197,False
test_02311,Depression,Depression,True,train_04697,0.660212516784668,False
test_02312,Bipolar,Depression,False,train_01433,0.7752290964126587,False
test_02313,Normal,Normal,True,train_05157,0.5232770442962646,False
test_02314,Normal,Depression,False,train_04218,0.42151832580566406,False
test_02315,Depression,Depression,True,train_01003,0.5540142059326172,False
test_02316,Anxiety,Anxiety,True,train_05646,0.7338889837265015,False
test_02317,Anxiety,Anxiety,True,train_02330,0.7447671294212341,False
test_02318,Bipolar,Depression,False,train_01698,0.5876204371452332,False
test_02319,Anxiety,Anxiety,True,train_01168,0.5844724178314209,False
test_02320,Normal,Normal,True,train_03321,0.3325316309928894,False
test_02321,Anxiety,Anxiety,True,train_00992,0.4701865315437317,False
test_02322,Anxiety,Anxiety,True,train_01247,0.8083695769309998,False
test_02323,Depression,Depression,True,train_03036,0.5073261260986328,False
test_02324,Bipolar,Bipolar,True,train_00963,0.6359808444976807,False
test_02325,Bipolar,Bipolar,True,train_04028,0.6356692314147949,False
test_02326,Bipolar,Anxiety,False,train_00341,0.6061351299285889,False
test_02327,Anxiety,Anxiety,True,train_04487,0.7946045398712158,False
test_02328,Depression,Depression,True,train_05777,0.6087734699249268,False
test_02329,Normal,Normal,True,train_05019,0.4915841817855835,False
test_02330,Bipolar,Bipolar,True,train_05582,0.8290170431137085,False
test_02331,Depression,Bipolar,False,train_05915,0.5098000764846802,False
test_02332,Bipolar,Bipolar,True,train_03179,0.7678500413894653,False
test_02333,Depression,Depression,True,train_02814,0.6797927618026733,False
test_02334,Bipolar,Bipolar,True,train_04259,0.7410703897476196,False
test_02335,Depression,Depression,True,train_03912,0.6751998066902161,False
test_02336,Normal,Normal,True,train_01738,0.3479679226875305,False
test_02337,Bipolar,Bipolar,True,train_02292,0.5773298740386963,False
test_02338,Anxiety,Anxiety,True,train_05108,0.5698334574699402,False
test_02339,Bipolar,Bipolar,True,train_05872,0.7043210864067078,False
test_02340,Anxiety,Anxiety,True,train_05551,0.557894229888916,False
test_02341,Normal,Normal,True,train_05564,0.3765345811843872,False
test_02342,Normal,Normal,True,train_02889,0.3811359405517578,False
test_02343,Anxiety,Anxiety,True,train_00133,0.6439741849899292,False
test_02344,Anxiety,Anxiety,True,train_03867,0.6093082427978516,False
test_02345,Normal,Normal,True,train_04140,0.3958929777145386,False
test_02346,Anxiety,Bipolar,False,train_01169,0.682548999786377,False
test_02347,Normal,Normal,True,train_03127,0.5334520936012268,False
test_02348,Normal,Normal,True,train_05124,0.427812784910202,False
test_02349,Normal,Normal,True,train_00627,0.3201863765716553,False
test_02350,Normal,Depression,False,train_04023,0.45348966121673584,False
test_02351,Anxiety,Anxiety,True,train_05594,0.5418028831481934,False
test_02352,Anxiety,Anxiety,True,train_05437,0.6610759496688843,False
test_02353,Bipolar,Bipolar,True,train_05668,0.7566954493522644,False
test_02354,Depression,Anxiety,False,train_03251,0.6841857433319092,False
test_02355,Depression,Depression,True,train_05781,0.7477830648422241,False
test_02356,Depression,Depression,True,train_04034,0.7475776672363281,False
test_02357,Anxiety,Anxiety,True,train_04619,0.7622726559638977,False
test_02358,Normal,Normal,True,train_01910,0.5157047510147095,False
test_02359,Depression,Depression,True,train_01767,0.7360817193984985,False
test_02360,Normal,Normal,True,train_05757,0.32340288162231445,False
test_02361,Anxiety,Anxiety,True,train_05645,0.4954177737236023,False
test_02362,Anxiety,Depression,False,train_04429,0.4189930558204651,False
test_02363,Depression,Depression,True,train_03326,0.75007164478302,False
test_02364,Normal,Normal,True,train_02067,0.24428372085094452,False
test_02365,Normal,Bipolar,False,train_01481,0.5398883819580078,False
test_02366,Bipolar,Bipolar,True,train_01183,0.7280858159065247,False
test_02367,Depression,Anxiety,False,train_05325,0.6475126147270203,False
test_02368,Normal,Normal,True,train_04064,0.45579612255096436,False
test_02369,Depression,Depression,True,train_01455,0.5109812617301941,False
test_02370,Bipolar,Bipolar,True,train_05035,0.7592886090278625,False
test_02371,Depression,Depression,True,train_00922,0.5096291303634644,False
test_02372,Normal,Normal,True,train_03149,0.25395965576171875,False
test_02373,Bipolar,Bipolar,True,train_02943,0.6067641973495483,False
test_02374,Anxiety,Anxiety,True,train_04720,0.7857466340065002,False
test_02375,Bipolar,Bipolar,True,train_02288,0.730981707572937,False
test_02376,Bipolar,Bipolar,True,train_03949,0.721847653388977,False
test_02377,Depression,Depression,True,train_04036,0.8146374821662903,False
test_02378,Depression,Depression,True,train_05274,0.8085212111473083,False
test_02379,Depression,Depression,True,train_05834,0.6085275411605835,False
test_02380,Anxiety,Anxiety,True,train_03879,0.7359305620193481,False
test_02381,Anxiety,Anxiety,True,train_04483,0.6822559833526611,False
test_02382,Anxiety,Bipolar,False,train_02359,0.43103519082069397,False
test_02383,Bipolar,Bipolar,True,train_03893,0.4551335573196411,False
test_02384,Normal,Depression,False,train_03676,0.4433496296405792,False
test_02385,Bipolar,Depression,False,train_00832,0.42020222544670105,False
test_02386,Normal,Anxiety,False,train_01891,0.3870355486869812,False
test_02387,Normal,Normal,True,train_05937,0.34804877638816833,False
test_02388,Anxiety,Anxiety,True,train_02896,0.6466577649116516,False
test_02389,Depression,Depression,True,train_00456,0.8358571529388428,False
test_02390,Anxiety,Anxiety,True,train_05087,0.7194777727127075,False
test_02391,Depression,Depression,True,train_00670,0.64298415184021,False
test_02392,Bipolar,Bipolar,True,train_01144,0.7833552360534668,False
test_02393,Bipolar,Bipolar,True,train_03017,0.738276481628418,False
test_02394,Depression,Depression,True,train_05928,0.7761631011962891,False
test_02395,Normal,Depression,False,train_00901,0.30884653329849243,False
test_02396,Depression,Normal,False,train_01621,0.34500381350517273,False
test_02397,Bipolar,Anxiety,False,train_02132,0.6345841884613037,False
test_02398,Depression,Depression,True,train_01741,0.5960654020309448,False
test_02399,Bipolar,Bipolar,True,train_00411,0.6891528367996216,False
test_02400,Depression,Depression,True,train_04181,0.6011816263198853,False
test_02401,Anxiety,Depression,False,train_00100,0.47631752490997314,False
test_02402,Normal,Anxiety,False,train_01269,0.27076488733291626,False
test_02403,Normal,Normal,True,train_04954,0.3992640972137451,False
test_02404,Anxiety,Anxiety,True,train_01735,0.6612863540649414,False
test_02405,Bipolar,Depression,False,train_01055,0.6013083457946777,False
test_02406,Normal,Normal,True,train_02058,0.4593004584312439,False
test_02407,Normal,Depression,False,train_04181,0.38989031314849854,False
test_02408,Normal,Depression,False,train_05959,0.40006014704704285,False
test_02409,Normal,Normal,True,train_00882,0.4079522490501404,False
test_02410,Normal,Normal,True,train_03971,0.32711052894592285,False
test_02411,Normal,Normal,True,train_00850,0.5057486891746521,False
test_02412,Anxiety,Anxiety,True,train_04126,0.5885089635848999,False
test_02413,Normal,Normal,True,train_02505,0.376522421836853,False
test_02414,Bipolar,Bipolar,True,train_02066,0.8139361143112183,False
test_02415,Depression,Anxiety,False,train_00769,0.5443650484085083,False
test_02416,Anxiety,Anxiety,True,train_03901,0.7817515134811401,False
test_02417,Bipolar,Bipolar,True,train_02066,0.7124170064926147,False
test_02418,Bipolar,Bipolar,True,train_04129,0.6268637180328369,False
test_02419,Depression,Anxiety,False,train_04734,0.6071484684944153,False
test_02420,Anxiety,Anxiety,True,train_03961,0.6829606890678406,False
test_02421,Normal,Normal,True,train_04612,0.5682111978530884,False
test_02422,Anxiety,Anxiety,True,train_05328,0.7338407039642334,False
test_02423,Bipolar,Bipolar,True,train_01320,0.6527182459831238,False
test_02424,Bipolar,Bipolar,True,train_02028,0.7283881902694702,False
test_02425,Depression,Depression,True,train_00709,0.6207762956619263,False
test_02426,Normal,Anxiety,False,train_03506,0.3956986367702484,False
test_02427,Bipolar,Bipolar,True,train_00567,0.7807884812355042,False
test_02428,Anxiety,Anxiety,True,train_05531,0.8014365434646606,False
test_02429,Bipolar,Bipolar,True,train_05216,0.46681341528892517,False
test_02430,Normal,Anxiety,False,train_01631,0.4502456784248352,False
test_02431,Anxiety,Anxiety,True,train_05449,0.7378412485122681,False
test_02432,Anxiety,Anxiety,True,train_04726,0.7870509028434753,False
test_02433,Anxiety,Anxiety,True,train_01093,0.7417709827423096,False
test_02434,Bipolar,Bipolar,True,train_01258,0.6509801745414734,False
test_02435,Normal,Anxiety,False,train_05471,0.5514533519744873,False
test_02436,Normal,Depression,False,train_02272,0.35937565565109253,False
test_02437,Depression,Depression,True,train_02786,0.778782069683075,False
test_02438,Depression,Bipolar,False,train_04812,0.42722004652023315,False
test_02439,Normal,Normal,True,train_04957,0.5406640768051147,False
test_02440,Bipolar,Bipolar,True,train_02957,0.6816471815109253,False
test_02441,Normal,Normal,True,train_03206,0.33835136890411377,False
test_02442,Normal,Normal,True,train_05844,0.4126720726490021,False
test_02443,Bipolar,Anxiety,False,train_02356,0.6942275166511536,False
test_02444,Anxiety,Anxiety,True,train_00970,0.6517387628555298,False
test_02445,Depression,Depression,True,train_03031,0.5999632477760315,False
test_02446,Anxiety,Bipolar,False,train_01163,0.7167904376983643,False
test_02447,Anxiety,Anxiety,True,train_01897,0.6571162939071655,False
test_02448,Anxiety,Bipolar,False,train_02621,0.5581325888633728,False
test_02449,Normal,Depression,False,train_02969,0.3663710951805115,False
test_02450,Anxiety,Anxiety,True,train_01119,0.6885737776756287,False
test_02451,Depression,Depression,True,train_05738,0.4456806182861328,False
test_02452,Bipolar,Bipolar,True,train_00776,0.6236357688903809,False
test_02453,Bipolar,Bipolar,True,train_01647,0.6141890287399292,False
test_02454,Bipolar,Bipolar,True,train_03874,0.580756664276123,False
test_02455,Anxiety,Anxiety,True,train_00973,0.6719146370887756,False
test_02456,Depression,Depression,True,train_05478,0.5476692914962769,False
test_02457,Normal,Bipolar,False,train_03262,0.4400372803211212,False
test_02458,Depression,Normal,False,train_03544,0.34488004446029663,False
test_02459,Normal,Normal,True,train_02582,0.49442005157470703,False
test_02460,Normal,Normal,True,train_02401,0.2988443374633789,False
test_02461,Normal,Normal,True,train_01097,0.35708996653556824,False
test_02462,Normal,Normal,True,train_02782,0.37297922372817993,False
test_02463,Normal,Normal,True,train_00588,0.4208298623561859,False
test_02464,Anxiety,Anxiety,True,train_04600,0.6982133388519287,False
test_02465,Bipolar,Bipolar,True,train_04469,0.6687033772468567,False
test_02466,Anxiety,Anxiety,True,train_01819,0.7489367127418518,False
test_02467,Anxiety,Anxiety,True,train_03530,0.7299685478210449,False
test_02468,Anxiety,Anxiety,True,train_00319,0.7434268593788147,False
test_02469,Depression,Depression,True,train_05716,0.49378928542137146,False
test_02470,Depression,Anxiety,False,train_05788,0.6265094876289368,False
test_02471,Bipolar,Bipolar,True,train_03150,0.5587533116340637,False
test_02472,Bipolar,Bipolar,True,train_01860,0.7096735239028931,False
test_02473,Depression,Depression,True,train_04655,0.7428581714630127,False
test_02474,Bipolar,Depression,False,train_00527,0.7715816497802734,False
test_02475,Bipolar,Bipolar,True,train_00223,0.721865177154541,False
test_02476,Normal,Normal,True,train_03186,0.4046207070350647,False
test_02477,Depression,Bipolar,False,train_02777,0.7326397895812988,False
test_02478,Bipolar,Bipolar,True,train_02845,0.8471558690071106,False
test_02479,Depression,Anxiety,False,train_00905,0.7720651626586914,False
test_02480,Bipolar,Bipolar,True,train_03414,0.7088665962219238,False
test_02481,Depression,Depression,True,train_04406,0.47498399019241333,False
test_02482,Anxiety,Depression,False,train_04468,0.8030965328216553,False
test_02483,Normal,Normal,True,train_02724,0.3442443609237671,False
test_02484,Bipolar,Bipolar,True,train_02221,0.6242383718490601,False
test_02485,Normal,Normal,True,train_02364,0.29038530588150024,False
test_02486,Anxiety,Anxiety,True,train_05425,0.48757418990135193,False
test_02487,Bipolar,Anxiety,False,train_02466,0.38324522972106934,False
test_02488,Depression,Depression,True,train_04587,0.6563395261764526,False
test_02489,Bipolar,Bipolar,True,train_03932,0.6708772778511047,False
test_02490,Anxiety,Anxiety,True,train_00251,0.6616959571838379,False
test_02491,Depression,Depression,True,train_04979,0.6734131574630737,False
test_02492,Depression,Depression,True,train_03888,0.5910320281982422,False
test_02493,Normal,Bipolar,False,train_05267,0.40933671593666077,False
test_02494,Anxiety,Anxiety,True,train_00578,0.6712316274642944,False
test_02495,Normal,Normal,True,train_03502,0.4830159544944763,False
