id,true_label,retrieved_label,retrieved_label_correct,retrieved_id,similarity,retrieved_is_aug
test_00000,Anxiety,Anxiety,True,train_00038,0.5284315347671509,False
test_00001,Bipolar,Depression,False,aug_train_04506_0,0.6456310749053955,True
test_00002,Normal,Normal,True,aug_train_02635_1,0.42743349075317383,True
test_00003,Bipolar,Bipolar,True,train_00433,0.7248333692550659,False
test_00004,Depression,Depression,True,train_02115,0.7261755466461182,False
test_00005,Normal,Normal,True,train_04461,0.35624903440475464,False
test_00006,Depression,Bipolar,False,train_05582,0.6920267343521118,False
test_00007,Depression,Depression,True,train_01094,0.686379075050354,False
test_00008,Anxiety,Anxiety,True,train_03635,0.6000394225120544,False
test_00009,Bipolar,Bipolar,True,aug_train_03003_1,0.7133225202560425,True
test_00010,Bipolar,Bipolar,True,train_04920,0.6760478019714355,False
test_00011,Depression,Depression,True,train_04828,0.696262001991272,False
test_00012,Bipolar,Bipolar,True,aug_train_04781_0,0.7142987251281738,True
test_00013,Anxiety,Anxiety,True,aug_train_04745_1,0.6739091873168945,True
test_00014,Anxiety,Anxiety,True,aug_train_03500_0,0.7659469842910767,True
test_00015,Depression,Depression,True,train_05823,0.6787787675857544,False
test_00016,Bipolar,Bipolar,True,aug_train_01532_1,0.7429845333099365,True
test_00017,Depression,Depression,True,train_00058,0.7581396102905273,False
test_00018,Bipolar,Bipolar,True,train_00659,0.7741942405700684,False
test_00019,Bipolar,Depression,False,aug_train_01805_0,0.7843773365020752,True
test_00020,Normal,Normal,True,train_04441,0.5759344696998596,False
test_00021,Normal,Normal,True,train_00300,0.6712051033973694,False
test_00022,Anxiety,Anxiety,True,train_05266,0.6170206665992737,False
test_00023,Normal,Depression,False,aug_train_05316_1,0.41353070735931396,True
test_00024,Bipolar,Bipolar,True,train_05940,0.798133373260498,False
test_00025,Depression,Depression,True,train_01659,0.4525291323661804,False
test_00026,Depression,Depression,True,train_01734,0.588941216468811,False
test_00027,Depression,Depression,True,train_05459,0.6643259525299072,False
test_00028,Bipolar,Bipolar,True,aug_train_00564_1,0.7676630020141602,True
test_00029,Normal,Normal,True,aug_train_05187_1,0.3287507891654968,True
test_00030,Depression,Depression,True,aug_train_03223_1,0.6795650124549866,True
test_00031,Bipolar,Bipolar,True,aug_train_04515_0,0.7162816524505615,True
test_00032,Bipolar,Bipolar,True,train_01931,0.573083758354187,False
test_00033,Normal,Normal,True,aug_train_02919_0,0.4631024897098541,True
test_00034,Anxiety,Anxiety,True,train_02915,0.761664867401123,False
test_00035,Anxiety,Anxiety,True,train_04986,0.5887624025344849,False
test_00036,Depression,Depression,True,aug_train_01347_1,0.6254949569702148,True
test_00037,Depression,Depression,True,train_02432,0.5451532602310181,False
test_00038,Normal,Bipolar,False,aug_train_05082_1,0.41748544573783875,True
test_00039,Anxiety,Normal,False,train_01610,0.6078665256500244,False
test_00040,Depression,Depression,True,train_03620,0.6909228563308716,False
test_00041,Anxiety,Anxiety,True,aug_train_01473_0,0.7291350364685059,True
test_00042,Depression,Bipolar,False,train_01304,0.5346896648406982,False
test_00043,Anxiety,Anxiety,True,train_04104,0.7474093437194824,False
test_00044,Normal,Normal,True,train_00555,0.3815782070159912,False
test_00045,Anxiety,Depression,False,train_02314,0.6617599129676819,False
test_00046,Bipolar,Bipolar,True,train_02623,0.870822548866272,False
test_00047,Bipolar,Bipolar,True,train_03800,0.8187351822853088,False
test_00048,Depression,Depression,True,train_02316,0.6223053932189941,False
test_00049,Bipolar,Bipolar,True,aug_train_00824_0,0.6754109859466553,True
test_00050,Anxiety,Depression,False,aug_train_04948_0,0.5562041401863098,True
test_00051,Normal,Normal,True,train_03510,0.4101877808570862,False
test_00052,Normal,Depression,False,train_05618,0.5230743885040283,False
test_00053,Normal,Normal,True,train_02889,0.5373258590698242,False
test_00054,Normal,Bipolar,False,aug_train_00230_1,0.576663613319397,True
test_00055,Anxiety,Anxiety,True,train_05731,0.620752215385437,False
test_00056,Anxiety,Anxiety,True,train_04094,0.4724857211112976,False
test_00057,Depression,Depression,True,train_01283,0.7089579105377197,False
test_00058,Bipolar,Bipolar,True,aug_train_02800_0,0.5463569164276123,True
test_00059,Bipolar,Bipolar,True,train_05687,0.8110473155975342,False
test_00060,Anxiety,Anxiety,True,aug_train_04695_0,0.637362539768219,True
test_00061,Bipolar,Anxiety,False,aug_train_04083_0,0.5639592409133911,True
test_00062,Depression,Depression,True,train_02471,0.7115676999092102,False
test_00063,Bipolar,Bipolar,True,train_02412,0.8626085519790649,False
test_00064,Depression,Depression,True,train_02006,0.5706526637077332,False
test_00065,Anxiety,Anxiety,True,aug_train_00830_0,0.6761847138404846,True
test_00066,Anxiety,Anxiety,True,train_05020,0.5894074440002441,False
test_00067,Bipolar,Bipolar,True,aug_train_03163_1,0.8529265522956848,True
test_00068,Normal,Normal,True,aug_train_00611_0,0.48625218868255615,True
test_00069,Normal,Normal,True,train_05251,0.2718735337257385,False
test_00070,Depression,Depression,True,train_02323,0.8140368461608887,False
test_00071,Depression,Depression,True,aug_train_00606_0,0.7945963144302368,True
test_00072,Depression,Depression,True,train_05574,0.6843940019607544,False
test_00073,Depression,Depression,True,train_02683,0.575228214263916,False
test_00074,Depression,Depression,True,aug_train_00039_1,0.7678579092025757,True
test_00075,Normal,Normal,True,train_04638,0.49127715826034546,False
test_00076,Normal,Bipolar,False,train_01040,0.48837020993232727,False
test_00077,Normal,Depression,False,aug_train_04462_1,0.45323699712753296,True
test_00078,Depression,Depression,True,aug_train_04411_1,0.6732219457626343,True
test_00079,Bipolar,Bipolar,True,aug_train_01580_1,0.7778905034065247,True
test_00080,Depression,Depression,True,train_01394,0.7768675088882446,False
test_00081,Depression,Depression,True,train_00392,0.5043790340423584,False
test_00082,Normal,Normal,True,train_03467,0.4264192581176758,False
test_00083,Bipolar,Bipolar,True,train_04774,0.7714979648590088,False
test_00084,Depression,Depression,True,train_04559,0.6834555864334106,False
test_00085,Normal,Depression,False,aug_train_02441_1,0.2976233959197998,True
test_00086,Anxiety,Anxiety,True,aug_train_02856_0,0.788171648979187,True
test_00087,Normal,Normal,True,train_03165,0.40369921922683716,False
test_00088,Normal,Normal,True,aug_train_03761_0,0.4888160228729248,True
test_00089,Depression,Normal,False,train_02417,0.5347626209259033,False
test_00090,Anxiety,Anxiety,True,aug_train_04235_1,0.5401687622070312,True
test_00091,Bipolar,Bipolar,True,train_01883,0.7354617118835449,False
test_00092,Normal,Depression,False,train_04716,0.39187562465667725,False
test_00093,Normal,Normal,True,train_04770,0.5061751008033752,False
test_00094,Depression,Depression,True,aug_train_02085_0,0.6592429876327515,True
test_00095,Anxiety,Anxiety,True,train_05436,0.7294986844062805,False
test_00096,Depression,Depression,True,train_02098,0.7951538562774658,False
test_00097,Bipolar,Bipolar,True,train_03807,0.7393776178359985,False
test_00098,Depression,Depression,True,aug_train_01353_0,0.629798412322998,True
test_00099,Normal,Normal,True,aug_train_04064_0,0.45173829793930054,True
test_00100,Bipolar,Bipolar,True,train_04992,0.7310594916343689,False
test_00101,Depression,Depression,True,train_05316,0.6332791447639465,False
test_00102,Normal,Normal,True,train_02058,0.4163414239883423,False
test_00103,Bipolar,Bipolar,True,aug_train_00110_0,0.8380751609802246,True
test_00104,Normal,Normal,True,train_04075,0.5581346750259399,False
test_00105,Depression,Anxiety,False,train_05427,0.7185920476913452,False
test_00106,Anxiety,Anxiety,True,aug_train_02433_1,0.6868904829025269,True
test_00107,Anxiety,Anxiety,True,train_01810,0.7670441269874573,False
test_00108,Normal,Normal,True,aug_train_00956_1,0.37632855772972107,True
test_00109,Anxiety,Normal,False,aug_train_02967_1,0.5273867845535278,True
test_00110,Depression,Depression,True,train_01723,0.6889313459396362,False
test_00111,Normal,Normal,True,aug_train_03728_1,0.499242901802063,True
test_00112,Normal,Normal,True,train_05844,0.45823150873184204,False
test_00113,Anxiety,Anxiety,True,train_04121,0.6865094900131226,False
test_00114,Bipolar,Bipolar,True,aug_train_02360_1,0.6885478496551514,True
test_00115,Depression,Depression,True,aug_train_03620_0,0.6290078163146973,True
test_00116,Anxiety,Anxiety,True,train_05868,0.8041493892669678,False
test_00117,Depression,Bipolar,False,train_01466,0.5683947205543518,False
test_00118,Depression,Depression,True,train_01596,0.6613142490386963,False
test_00119,Bipolar,Bipolar,True,aug_train_01709_0,0.5844254493713379,True
test_00120,Depression,Bipolar,False,aug_train_01803_1,0.6782325506210327,True
test_00121,Bipolar,Bipolar,True,train_04207,0.7371705770492554,False
test_00122,Anxiety,Anxiety,True,train_02057,0.5199834108352661,False
test_00123,Bipolar,Bipolar,True,train_04771,0.5388625860214233,False
test_00124,Bipolar,Bipolar,True,train_00645,0.7882808446884155,False
test_00125,Anxiety,Anxiety,True,train_05919,0.7081563472747803,False
test_00126,Bipolar,Bipolar,True,aug_train_01711_0,0.7407674193382263,True
test_00127,Bipolar,Bipolar,True,aug_train_02241_1,0.6323956251144409,True
test_00128,Normal,Bipolar,False,aug_train_00070_0,0.48775172233581543,True
test_00129,Normal,Normal,True,aug_train_00875_0,0.48342612385749817,True
test_00130,Anxiety,Anxiety,True,aug_train_02021_0,0.7688810229301453,True
test_00131,Depression,Depression,True,train_00286,0.7870833873748779,False
test_00132,Depression,Bipolar,False,aug_train_04143_1,0.5616337060928345,True
test_00133,Bipolar,Bipolar,True,aug_train_04549_1,0.6044583320617676,True
test_00134,Normal,Normal,True,aug_train_05625_0,0.39241504669189453,True
test_00135,Depression,Depression,True,train_00033,0.6682931184768677,False
test_00136,Anxiety,Anxiety,True,train_04646,0.8238658905029297,False
test_00137,Anxiety,Anxiety,True,train_04047,0.5629063844680786,False
test_00138,Anxiety,Anxiety,True,aug_train_03607_1,0.7922108769416809,True
test_00139,Anxiety,Anxiety,True,train_05573,0.6991667151451111,False
test_00140,Normal,Normal,True,aug_train_04746_1,0.36889946460723877,True
test_00141,Depression,Depression,True,train_02585,0.581476092338562,False
test_00142,Depression,Normal,False,train_04414,0.44468748569488525,False
test_00143,Normal,Normal,True,aug_train_05123_0,0.45483124256134033,True
test_00144,Bipolar,Bipolar,True,aug_train_02016_1,0.800323486328125,True
test_00145,Depression,Depression,True,train_04714,0.7884698510169983,False
test_00146,Depression,Depression,True,aug_train_05595_1,0.7216150164604187,True
test_00147,Anxiety,Anxiety,True,aug_train_00762_0,0.624987006187439,True
test_00148,Normal,Normal,True,train_03864,0.4987819194793701,False
test_00149,Normal,Normal,True,train_00649,0.30728214979171753,False
test_00150,Bipolar,Bipolar,True,aug_train_03433_1,0.7294101715087891,True
test_00151,Anxiety,Anxiety,True,train_05658,0.7939519882202148,False
test_00152,Anxiety,Depression,False,train_02692,0.6506370306015015,False
test_00153,Bipolar,Bipolar,True,aug_train_00335_1,0.6693140268325806,True
test_00154,Bipolar,Bipolar,True,aug_train_02654_1,0.7378593683242798,True
test_00155,Normal,Depression,False,train_04799,0.4460057020187378,False
test_00156,Normal,Bipolar,False,aug_train_02752_0,0.5675476789474487,True
test_00157,Normal,Normal,True,train_00218,0.554196834564209,False
test_00158,Anxiety,Depression,False,aug_train_04924_1,0.5175126791000366,True
test_00159,Depression,Anxiety,False,train_00713,0.6196310520172119,False
test_00160,Depression,Bipolar,False,aug_train_02877_0,0.34676527976989746,True
test_00161,Bipolar,Anxiety,False,aug_train_00715_0,0.6134234666824341,True
test_00162,Bipolar,Bipolar,True,train_01451,0.7861539125442505,False
test_00163,Depression,Anxiety,False,aug_train_02307_0,0.7357747554779053,True
test_00164,Bipolar,Bipolar,True,aug_train_04074_1,0.6368082761764526,True
test_00165,Depression,Depression,True,train_04196,0.6373662948608398,False
test_00166,Anxiety,Anxiety,True,aug_train_03695_1,0.7040731906890869,True
test_00167,Anxiety,Normal,False,aug_train_00875_0,0.47589635848999023,True
test_00168,Anxiety,Anxiety,True,aug_train_01218_1,0.6776071786880493,True
test_00169,Anxiety,Depression,False,aug_train_05234_0,0.3839355707168579,True
test_00170,Normal,Normal,True,aug_train_00303_0,0.37538692355155945,True
test_00171,Anxiety,Anxiety,True,train_03838,0.7517765760421753,False
test_00172,Bipolar,Bipolar,True,train_00615,0.6175075769424438,False
test_00173,Anxiety,Anxiety,True,train_05018,0.746731162071228,False
test_00174,Bipolar,Bipolar,True,aug_train_01949_0,0.7362909913063049,True
test_00175,Depression,Depression,True,train_01465,0.6286340951919556,False
test_00176,Bipolar,Bipolar,True,aug_train_04719_1,0.6714781522750854,True
test_00177,Bipolar,Bipolar,True,train_04143,0.6132152080535889,False
test_00178,Normal,Normal,True,train_00295,0.353546679019928,False
test_00179,Anxiety,Bipolar,False,aug_train_05791_1,0.6939753293991089,True
test_00180,Depression,Depression,True,train_03794,0.5788347721099854,False
test_00181,Anxiety,Normal,False,aug_train_04561_0,0.4867405295372009,True
test_00182,Normal,Normal,True,train_00389,0.43979597091674805,False
test_00183,Depression,Depression,True,aug_train_01608_0,0.8179398775100708,True
test_00184,Bipolar,Bipolar,True,aug_train_05722_0,0.7235758304595947,True
test_00185,Bipolar,Bipolar,True,train_00007,0.7139358520507812,False
test_00186,Bipolar,Bipolar,True,aug_train_03005_0,0.5150769948959351,True
test_00187,Depression,Depression,True,aug_train_01493_1,0.7250251173973083,True
test_00188,Bipolar,Bipolar,True,aug_train_02748_0,0.5028310418128967,True
test_00189,Normal,Normal,True,train_00250,0.2877092957496643,False
test_00190,Depression,Depression,True,aug_train_00374_1,0.7953007221221924,True
test_00191,Depression,Depression,True,train_02272,0.5124991536140442,False
test_00192,Normal,Normal,True,aug_train_01785_0,0.39772316813468933,True
test_00193,Depression,Depression,True,train_00261,0.5643361806869507,False
test_00194,Depression,Depression,True,train_01944,0.7580002546310425,False
test_00195,Bipolar,Anxiety,False,aug_train_05599_0,0.7590786218643188,True
test_00196,Depression,Normal,False,aug_train_01344_0,0.45528680086135864,True
test_00197,Normal,Normal,True,train_00268,0.5188896059989929,False
test_00198,Bipolar,Depression,False,aug_train_05578_1,0.6945337057113647,True
test_00199,Depression,Depression,True,train_05723,0.737512469291687,False
test_00200,Depression,Depression,True,train_00023,0.7693827152252197,False
test_00201,Depression,Depression,True,aug_train_00092_0,0.6770122647285461,True
test_00202,Anxiety,Anxiety,True,train_03319,0.534379243850708,False
test_00203,Anxiety,Anxiety,True,train_00499,0.4514690339565277,False
test_00204,Normal,Normal,True,aug_train_05107_1,0.32690832018852234,True
test_00205,Normal,Anxiety,False,aug_train_02214_0,0.5209560394287109,True
test_00206,Depression,Depression,True,aug_train_01105_0,0.726728618144989,True
test_00207,Depression,Depression,True,train_02467,0.5697116851806641,False
test_00208,Anxiety,Anxiety,True,train_04149,0.4778766632080078,False
test_00209,Bipolar,Bipolar,True,aug_train_00880_0,0.5551468729972839,True
test_00210,Bipolar,Bipolar,True,aug_train_04888_1,0.8159804344177246,True
test_00211,Normal,Bipolar,False,aug_train_05969_1,0.457943856716156,True
test_00212,Normal,Normal,True,aug_train_01187_1,0.6747912168502808,True
test_00213,Normal,Normal,True,train_04597,0.3872758746147156,False
test_00214,Depression,Depression,True,train_03343,0.7713407278060913,False
test_00215,Bipolar,Bipolar,True,train_02048,0.7402509450912476,False
test_00216,Bipolar,Bipolar,True,train_01569,0.8637713193893433,False
test_00217,Depression,Depression,True,aug_train_03948_0,0.5861213207244873,True
test_00218,Normal,Normal,True,train_04351,0.3572620749473572,False
test_00219,Anxiety,Anxiety,True,train_00506,0.583807110786438,False
test_00220,Anxiety,Depression,False,aug_train_00425_0,0.4772753119468689,True
test_00221,Anxiety,Anxiety,True,aug_train_01908_0,0.6406734585762024,True
test_00222,Bipolar,Bipolar,True,aug_train_03049_0,0.704216718673706,True
test_00223,Bipolar,Anxiety,False,train_00204,0.674315333366394,False
test_00224,Depression,Depression,True,aug_train_04322_1,0.8205592632293701,True
test_00225,Normal,Normal,True,aug_train_01072_1,0.5488311052322388,True
test_00226,Anxiety,Anxiety,True,aug_train_03566_0,0.6946337819099426,True
test_00227,Anxiety,Anxiety,True,aug_train_05833_1,0.6015983819961548,True
test_00228,Bipolar,Bipolar,True,aug_train_05494_1,0.744871973991394,True
test_00229,Bipolar,Bipolar,True,train_02139,0.8727462887763977,False
test_00230,Bipolar,Bipolar,True,train_03809,0.796596884727478,False
test_00231,Depression,Depression,True,train_02803,0.709723949432373,False
test_00232,Bipolar,Bipolar,True,aug_train_03712_1,0.7576397657394409,True
test_00233,Depression,Depression,True,aug_train_02084_1,0.803482711315155,True
test_00234,Anxiety,Anxiety,True,train_01747,0.5995008945465088,False
test_00235,Normal,Normal,True,train_01331,0.4131133556365967,False
test_00236,Depression,Depression,True,train_04130,0.5588790774345398,False
test_00237,Bipolar,Bipolar,True,aug_train_03289_1,0.6866414546966553,True
test_00238,Bipolar,Depression,False,aug_train_00055_0,0.6833798885345459,True
test_00239,Normal,Normal,True,aug_train_04688_0,0.35551613569259644,True
test_00240,Anxiety,Anxiety,True,train_00585,0.8084517121315002,False
test_00241,Anxiety,Anxiety,True,train_04964,0.7506353259086609,False
test_00242,Normal,Normal,True,train_04672,0.4501570463180542,False
test_00243,Depression,Depression,True,train_00887,0.7896149158477783,False
test_00244,Anxiety,Anxiety,True,aug_train_04289_0,0.6601530313491821,True
test_00245,Normal,Normal,True,train_00279,0.5886969566345215,False
test_00246,Bipolar,Bipolar,True,aug_train_02288_0,0.7623035311698914,True
test_00247,Anxiety,Anxiety,True,aug_train_00349_1,0.6582953929901123,True
test_00248,Bipolar,Bipolar,True,train_05077,0.703097939491272,False
test_00249,Anxiety,Anxiety,True,aug_train_04609_1,0.3858896493911743,True
test_00250,Anxiety,Bipolar,False,aug_train_00773_0,0.5742274522781372,True
test_00251,Bipolar,Bipolar,True,train_02065,0.7584302425384521,False
test_00252,Normal,Normal,True,aug_train_02487_0,0.4264383316040039,True
test_00253,Anxiety,Anxiety,True,aug_train_02978_1,0.6331486105918884,True
test_00254,Normal,Normal,True,train_04441,0.6640164256095886,False
test_00255,Depression,Bipolar,False,train_05100,0.6536355018615723,False
test_00256,Bipolar,Bipolar,True,aug_train_02732_0,0.7162206172943115,True
test_00257,Normal,Normal,True,train_01411,0.35695159435272217,False
test_00258,Bipolar,Bipolar,True,train_02065,0.7673068046569824,False
test_00259,Bipolar,Bipolar,True,train_01569,0.7732318639755249,False
test_00260,Bipolar,Depression,False,aug_train_01257_1,0.5509425401687622,True
test_00261,Depression,Bipolar,False,aug_train_01077_1,0.6528890132904053,True
test_00262,Depression,Bipolar,False,aug_train_00368_1,0.7807923555374146,True
test_00263,Bipolar,Depression,False,aug_train_04584_0,0.6387975811958313,True
test_00264,Anxiety,Depression,False,aug_train_05468_1,0.822388231754303,True
test_00265,Bipolar,Bipolar,True,aug_train_00147_1,0.6138923168182373,True
test_00266,Normal,Normal,True,train_01438,0.395749568939209,False
test_00267,Bipolar,Bipolar,True,aug_train_05851_1,0.6226116418838501,True
test_00268,Normal,Normal,True,train_02790,0.4149506092071533,False
test_00269,Normal,Normal,True,train_03845,0.30926477909088135,False
test_00270,Depression,Depression,True,aug_train_00811_1,0.7049983739852905,True
test_00271,Depression,Bipolar,False,aug_train_02738_1,0.6870606541633606,True
test_00272,Normal,Bipolar,False,train_05284,0.39213383197784424,False
test_00273,Anxiety,Anxiety,True,aug_train_05988_0,0.6729545593261719,True
test_00274,Depression,Depression,True,train_03344,0.7325176000595093,False
test_00275,Depression,Depression,True,train_05796,0.7445122003555298,False
test_00276,Normal,Normal,True,aug_train_03870_1,0.4381881356239319,True
test_00277,Anxiety,Depression,False,train_01999,0.6893166303634644,False
test_00278,Bipolar,Depression,False,aug_train_00742_1,0.5482416152954102,True
test_00279,Depression,Depression,True,aug_train_02314_1,0.5934969186782837,True
test_00280,Bipolar,Bipolar,True,train_02384,0.6787772178649902,False
test_00281,Anxiety,Anxiety,True,aug_train_04371_0,0.7592544555664062,True
test_00282,Bipolar,Normal,False,aug_train_03009_1,0.3703969120979309,True
test_00283,Anxiety,Anxiety,True,train_05888,0.5925350189208984,False
test_00284,Normal,Normal,True,aug_train_00429_1,0.5332264304161072,True
test_00285,Bipolar,Bipolar,True,aug_train_02536_1,0.7383508682250977,True
test_00286,Anxiety,Anxiety,True,aug_train_00994_1,0.7027385830879211,True
test_00287,Bipolar,Bipolar,True,aug_train_05372_1,0.6825404763221741,True
test_00288,Bipolar,Depression,False,aug_train_00498_0,0.6182152628898621,True
test_00289,Depression,Depression,True,train_03976,0.631749153137207,False
test_00290,Normal,Depression,False,train_01630,0.4088626205921173,False
test_00291,Bipolar,Bipolar,True,aug_train_05727_0,0.8260689973831177,True
test_00292,Depression,Depression,True,aug_train_03181_0,0.758782148361206,True
test_00293,Depression,Depression,True,train_00468,0.3354804515838623,False
test_00294,Depression,Depression,True,aug_train_01356_1,0.7050930261611938,True
test_00295,Bipolar,Bipolar,True,train_01973,0.7757900953292847,False
test_00296,Bipolar,Bipolar,True,aug_train_05041_1,0.7548353672027588,True
test_00297,Normal,Normal,True,train_03468,0.37379318475723267,False
test_00298,Normal,Normal,True,aug_train_00300_0,0.5003264546394348,True
test_00299,Normal,Normal,True,train_04168,0.3829045295715332,False
test_00300,Anxiety,Anxiety,True,train_01124,0.6063418984413147,False
test_00301,Anxiety,Anxiety,True,aug_train_04955_1,0.6354625225067139,True
test_00302,Normal,Depression,False,aug_train_01939_1,0.5195590853691101,True
test_00303,Anxiety,Anxiety,True,train_04911,0.6726229190826416,False
test_00304,Normal,Depression,False,train_01760,0.414358913898468,False
test_00305,Normal,Normal,True,aug_train_03434_0,0.39951440691947937,True
test_00306,Depression,Anxiety,False,aug_train_02236_1,0.7623125314712524,True
test_00307,Depression,Anxiety,False,aug_train_03889_0,0.6164917945861816,True
test_00308,Anxiety,Anxiety,True,aug_train_05537_1,0.5763705968856812,True
test_00309,Bipolar,Bipolar,True,aug_train_04310_0,0.7391363382339478,True
test_00310,Depression,Depression,True,train_02084,0.6190913915634155,False
test_00311,Bipolar,Bipolar,True,train_01047,0.5083836317062378,False
test_00312,Normal,Normal,True,train_00611,0.5367652773857117,False
test_00313,Bipolar,Bipolar,True,aug_train_04670_1,0.5304377675056458,True
test_00314,Depression,Depression,True,aug_train_05271_0,0.7612003087997437,True
test_00315,Anxiety,Anxiety,True,train_05246,0.5708410739898682,False
test_00316,Bipolar,Bipolar,True,train_00001,0.6913725137710571,False
test_00317,Normal,Anxiety,False,train_05078,0.4031870663166046,False
test_00318,Bipolar,Normal,False,aug_train_04460_0,0.5476881265640259,True
test_00319,Anxiety,Normal,False,aug_train_03864_1,0.6081262826919556,True
test_00320,Normal,Normal,True,aug_train_01890_1,0.4112809896469116,True
test_00321,Anxiety,Anxiety,True,aug_train_02867_1,0.6987236738204956,True
test_00322,Anxiety,Anxiety,True,train_03961,0.7928986549377441,False
test_00323,Normal,Depression,False,train_04791,0.35762956738471985,False
test_00324,Anxiety,Anxiety,True,train_01881,0.7183394432067871,False
test_00325,Normal,Normal,True,aug_train_03482_0,0.3418905735015869,True
test_00326,Anxiety,Anxiety,True,aug_train_05531_1,0.7503960132598877,True
test_00327,Anxiety,Depression,False,aug_train_03710_1,0.5937861204147339,True
test_00328,Depression,Depression,True,aug_train_02473_1,0.7457730770111084,True
test_00329,Normal,Normal,True,train_00882,0.3677687346935272,False
test_00330,Normal,Normal,True,aug_train_02736_1,0.323946475982666,True
test_00331,Normal,Normal,True,train_04075,0.5118614435195923,False
test_00332,Depression,Bipolar,False,aug_train_05520_0,0.4555662274360657,True
test_00333,Bipolar,Depression,False,aug_train_00811_1,0.6865518093109131,True
test_00334,Anxiety,Anxiety,True,train_04911,0.6859772205352783,False
test_00335,Normal,Normal,True,aug_train_00083_0,0.3821149170398712,True
test_00336,Depression,Depression,True,train_01213,0.5497976541519165,False
test_00337,Bipolar,Bipolar,True,aug_train_04692_1,0.6909526586532593,True
test_00338,Depression,Depression,True,train_05516,0.6717498898506165,False
test_00339,Normal,Anxiety,False,aug_train_01796_1,0.25656673312187195,True
test_00340,Normal,Normal,True,aug_train_00931_0,0.5399445295333862,True
test_00341,Depression,Depression,True,train_04036,0.749528169631958,False
test_00342,Depression,Depression,True,train_02600,0.6844738721847534,False
test_00343,Normal,Bipolar,False,train_03352,0.4741520285606384,False
test_00344,Normal,Normal,True,aug_train_02391_0,0.4184313416481018,True
test_00345,Normal,Normal,True,train_00519,0.3822034001350403,False
test_00346,Bipolar,Anxiety,False,train_00204,0.6574873924255371,False
test_00347,Anxiety,Anxiety,True,train_01617,0.7334831953048706,False
test_00348,Anxiety,Anxiety,True,train_04780,0.7500549554824829,False
test_00349,Depression,Depression,True,train_01623,0.525844156742096,False
test_00350,Depression,Depression,True,aug_train_00500_1,0.7188814878463745,True
test_00351,Depression,Bipolar,False,train_03158,0.6710823774337769,False
test_00352,Bipolar,Bipolar,True,aug_train_01712_0,0.6881504058837891,True
test_00353,Normal,Normal,True,train_02339,0.4760834574699402,False
test_00354,Bipolar,Bipolar,True,aug_train_01502_1,0.614082932472229,True
test_00355,Bipolar,Bipolar,True,aug_train_04645_1,0.7448087930679321,True
test_00356,Depression,Depression,True,aug_train_04218_0,0.6701526641845703,True
test_00357,Bipolar,Depression,False,train_03314,0.7962925434112549,False
test_00358,Bipolar,Bipolar,True,aug_train_05740_0,0.7841320037841797,True
test_00359,Normal,Normal,True,aug_train_05665_0,0.5332385301589966,True
test_00360,Normal,Normal,True,aug_train_02717_0,0.2565585970878601,True
test_00361,Bipolar,Bipolar,True,train_01095,0.6439735293388367,False
test_00362,Depression,Depression,True,train_00614,0.6887311339378357,False
test_00363,Bipolar,Bipolar,True,aug_train_04643_0,0.7919063568115234,True
test_00364,Depression,Depression,True,train_04117,0.5935728549957275,False
test_00365,Bipolar,Bipolar,True,aug_train_03042_0,0.7752104997634888,True
test_00366,Depression,Depression,True,train_05707,0.6633346080780029,False
test_00367,Anxiety,Anxiety,True,train_02286,0.6918543577194214,False
test_00368,Depression,Depression,True,train_04264,0.6704615354537964,False
test_00369,Bipolar,Bipolar,True,aug_train_03418_1,0.6864691972732544,True
test_00370,Depression,Depression,True,train_05603,0.6702499389648438,False
test_00371,Anxiety,Anxiety,True,train_03998,0.6949251890182495,False
test_00372,Anxiety,Anxiety,True,aug_train_04592_1,0.7124394178390503,True
test_00373,Depression,Depression,True,aug_train_01221_1,0.7171633243560791,True
test_00374,Anxiety,Anxiety,True,train_00853,0.7751832008361816,False
test_00375,Bipolar,Bipolar,True,aug_train_00659_1,0.791465699672699,True
test_00376,Depression,Depression,True,train_05468,0.8207277655601501,False
test_00377,Depression,Depression,True,aug_train_04012_1,0.756599485874176,True
test_00378,Anxiety,Anxiety,True,train_01020,0.7834522724151611,False
test_00379,Depression,Depression,True,train_00370,0.7382944822311401,False
test_00380,Bipolar,Bipolar,True,train_00717,0.7384631633758545,False
test_00381,Bipolar,Bipolar,True,aug_train_02952_1,0.7052007913589478,True
test_00382,Normal,Normal,True,aug_train_04495_1,0.3794773519039154,True
test_00383,Anxiety,Anxiety,True,aug_train_02488_1,0.6569115519523621,True
test_00384,Bipolar,Depression,False,train_04932,0.7437565326690674,False
test_00385,Bipolar,Bipolar,True,aug_train_00494_1,0.6078298091888428,True
test_00386,Depression,Depression,True,train_03794,0.62363600730896,False
test_00387,Normal,Normal,True,train_05495,0.43697065114974976,False
test_00388,Normal,Normal,True,train_05579,0.4676474332809448,False
test_00389,Bipolar,Bipolar,True,train_05237,0.8060650825500488,False
test_00390,Depression,Bipolar,False,aug_train_05656_1,0.7076717019081116,True
test_00391,Depression,Depression,True,train_00922,0.678016185760498,False
test_00392,Anxiety,Normal,False,train_04688,0.4064885079860687,False
test_00393,Depression,Depression,True,train_03344,0.734134316444397,False
test_00394,Normal,Normal,True,train_04602,0.4956849217414856,False
test_00395,Anxiety,Anxiety,True,aug_train_00830_0,0.5976718664169312,True
test_00396,Normal,Normal,True,aug_train_01116_1,0.3822813630104065,True
test_00397,Normal,Depression,False,aug_train_02126_0,0.5020275115966797,True
test_00398,Normal,Anxiety,False,aug_train_01146_1,0.3818710446357727,True
test_00399,Anxiety,Normal,False,train_02109,0.4277040362358093,False
test_00400,Normal,Normal,True,aug_train_00570_1,0.4729434549808502,True
test_00401,Bipolar,Bipolar,True,aug_train_00002_1,0.6227917671203613,True
test_00402,Bipolar,Bipolar,True,aug_train_00182_0,0.7788686156272888,True
test_00403,Anxiety,Anxiety,True,train_00853,0.7611615657806396,False
test_00404,Bipolar,Normal,False,aug_train_02888_1,0.6258398294448853,True
test_00405,Anxiety,Anxiety,True,train_05577,0.6520818471908569,False
test_00406,Normal,Normal,True,aug_train_05989_1,0.45858511328697205,True
test_00407,Normal,Anxiety,False,aug_train_04718_1,0.40975987911224365,True
test_00408,Normal,Normal,True,train_04049,0.2608238756656647,False
test_00409,Depression,Depression,True,train_03119,0.5700793862342834,False
test_00410,Bipolar,Anxiety,False,aug_train_00726_0,0.5138353705406189,True
test_00411,Bipolar,Bipolar,True,train_02640,0.7587623000144958,False
test_00412,Anxiety,Anxiety,True,aug_train_02442_1,0.7339953780174255,True
test_00413,Anxiety,Anxiety,True,aug_train_00109_0,0.7964142560958862,True
test_00414,Bipolar,Bipolar,True,aug_train_01521_1,0.8532181978225708,True
test_00415,Anxiety,Anxiety,True,train_05483,0.7785874009132385,False
test_00416,Depression,Depression,True,train_01235,0.6510605812072754,False
test_00417,Normal,Normal,True,aug_train_04111_1,0.4184420108795166,True
test_00418,Anxiety,Anxiety,True,train_05352,0.5076435804367065,False
test_00419,Depression,Anxiety,False,train_03612,0.568545937538147,False
test_00420,Normal,Normal,True,train_02220,0.5288738012313843,False
test_00421,Anxiety,Anxiety,True,train_03282,0.7314581274986267,False
test_00422,Normal,Anxiety,False,train_01159,0.40059471130371094,False
test_00423,Normal,Normal,True,train_04612,0.49232348799705505,False
test_00424,Normal,Normal,True,train_01814,0.35101523995399475,False
test_00425,Depression,Depression,True,train_02579,0.7566429376602173,False
test_00426,Normal,Normal,True,aug_train_05450_0,0.3766275942325592,True
test_00427,Anxiety,Bipolar,False,aug_train_05616_0,0.5967806577682495,True
test_00428,Anxiety,Anxiety,True,train_01592,0.7564201951026917,False
test_00429,Bipolar,Bipolar,True,aug_train_04347_1,0.650842547416687,True
test_00430,Bipolar,Anxiety,False,aug_train_02891_1,0.6362185478210449,True
test_00431,Normal,Normal,True,aug_train_00279_0,0.6321339011192322,True
test_00432,Bipolar,Bipolar,True,train_00848,0.6091285347938538,False
test_00433,Bipolar,Depression,False,aug_train_00591_1,0.53899085521698,True
test_00434,Bipolar,Bipolar,True,aug_train_01047_1,0.61102294921875,True
test_00435,Anxiety,Anxiety,True,aug_train_04350_1,0.6481035947799683,True
test_00436,Normal,Normal,True,train_05331,0.4152451455593109,False
test_00437,Anxiety,Anxiety,True,aug_train_00715_0,0.6915773153305054,True
test_00438,Anxiety,Anxiety,True,train_00079,0.7276872396469116,False
test_00439,Depression,Anxiety,False,aug_train_03646_1,0.624771237373352,True
test_00440,Depression,Depression,True,train_03117,0.697205662727356,False
test_00441,Normal,Normal,True,train_04075,0.5219134092330933,False
test_00442,Anxiety,Anxiety,True,aug_train_05856_1,0.49975356459617615,True
test_00443,Normal,Normal,True,aug_train_01703_1,0.7068333625793457,True
test_00444,Depression,Depression,True,train_03799,0.5465359687805176,False
test_00445,Depression,Bipolar,False,train_00783,0.8293843269348145,False
test_00446,Bipolar,Bipolar,True,aug_train_05293_1,0.5994171500205994,True
test_00447,Anxiety,Anxiety,True,train_02206,0.7686761617660522,False
test_00448,Depression,Depression,True,train_03788,0.6656224727630615,False
test_00449,Anxiety,Anxiety,True,train_00865,0.7112689018249512,False
test_00450,Anxiety,Bipolar,False,aug_train_05319_1,0.6444416046142578,True
test_00451,Bipolar,Bipolar,True,aug_train_05002_0,0.7991005182266235,True
test_00452,Depression,Depression,True,train_03469,0.7434255480766296,False
test_00453,Normal,Normal,True,train_01448,0.49918854236602783,False
test_00454,Anxiety,Anxiety,True,train_00207,0.5460069179534912,False
test_00455,Normal,Normal,True,aug_train_02694_1,0.430134654045105,True
test_00456,Depression,Depression,True,aug_train_01002_1,0.7240408658981323,True
test_00457,Bipolar,Anxiety,False,aug_train_02151_0,0.5730588436126709,True
test_00458,Bipolar,Bipolar,True,aug_train_00223_0,0.8058289885520935,True
test_00459,Depression,Bipolar,False,aug_train_01482_1,0.6656402349472046,True
test_00460,Normal,Depression,False,train_04652,0.42035359144210815,False
test_00461,Normal,Anxiety,False,train_04721,0.3923732042312622,False
test_00462,Depression,Anxiety,False,train_01011,0.5248826742172241,False
test_00463,Bipolar,Depression,False,train_02467,0.6683024168014526,False
test_00464,Anxiety,Depression,False,aug_train_03181_0,0.7754470705986023,True
test_00465,Bipolar,Bipolar,True,train_03028,0.7500277757644653,False
test_00466,Anxiety,Bipolar,False,train_05845,0.7032686471939087,False
test_00467,Depression,Depression,True,train_04491,0.6797260046005249,False
test_00468,Depression,Depression,True,train_05165,0.719396710395813,False
test_00469,Bipolar,Bipolar,True,aug_train_05216_1,0.6106041669845581,True
test_00470,Depression,Normal,False,train_02720,0.5990409851074219,False
test_00471,Bipolar,Bipolar,True,aug_train_00563_1,0.6589679718017578,True
test_00472,Depression,Depression,True,aug_train_03288_1,0.7306176424026489,True
test_00473,Anxiety,Anxiety,True,aug_train_05437_0,0.5438364148139954,True
test_00474,Depression,Anxiety,False,train_04595,0.6522841453552246,False
test_00475,Normal,Normal,True,aug_train_04999_0,0.47309616208076477,True
test_00476,Depression,Anxiety,False,train_05632,0.6509842872619629,False
test_00477,Anxiety,Anxiety,True,aug_train_04990_0,0.48732590675354004,True
test_00478,Anxiety,Anxiety,True,train_05246,0.6816885471343994,False
test_00479,Bipolar,Depression,False,aug_train_00559_1,0.6695249676704407,True
test_00480,Bipolar,Bipolar,True,aug_train_05372_1,0.7174177765846252,True
test_00481,Anxiety,Depression,False,aug_train_02180_1,0.6112462282180786,True
test_00482,Bipolar,Bipolar,True,train_00803,0.8214997053146362,False
test_00483,Normal,Normal,True,train_01910,0.6787822246551514,False
test_00484,Anxiety,Anxiety,True,aug_train_01252_0,0.5242661833763123,True
test_00485,Anxiety,Anxiety,True,train_04619,0.7995498180389404,False
test_00486,Depression,Depression,True,train_03172,0.7038778066635132,False
test_00487,Anxiety,Anxiety,True,train_04747,0.8236362934112549,False
test_00488,Depression,Depression,True,train_00872,0.7762194871902466,False
test_00489,Normal,Normal,True,train_02205,0.4798412322998047,False
test_00490,Normal,Normal,True,aug_train_01561_1,0.6367864608764648,True
test_00491,Normal,Normal,True,aug_train_03517_0,0.3802512288093567,True
test_00492,Normal,Normal,True,aug_train_00855_1,0.3661388158798218,True
test_00493,Bipolar,Depression,False,aug_train_00999_1,0.6896587014198303,True
test_00494,Depression,Depression,True,aug_train_00986_1,0.6452019214630127,True
test_00495,Anxiety,Anxiety,True,aug_train_00289_0,0.6380297541618347,True
test_00496,Bipolar,Bipolar,True,aug_train_04314_1,0.7906931638717651,True
test_00497,Bipolar,Bipolar,True,train_02014,0.6669661998748779,False
test_00498,Depression,Depression,True,train_02008,0.7409121990203857,False
test_00499,Depression,Depression,True,aug_train_05133_0,0.6779254674911499,True
test_00500,Depression,Depression,True,train_00430,0.7266891598701477,False
test_00501,Depression,Depression,True,train_05130,0.44202423095703125,False
test_00502,Depression,Depression,True,aug_train_03835_0,0.6917011737823486,True
test_00503,Normal,Depression,False,aug_train_03534_1,0.5586122870445251,True
test_00504,Anxiety,Anxiety,True,train_03998,0.696574866771698,False
test_00505,Normal,Anxiety,False,aug_train_01075_1,0.593996524810791,True
test_00506,Anxiety,Anxiety,True,train_04720,0.7277175188064575,False
test_00507,Anxiety,Anxiety,True,aug_train_01459_0,0.7708362936973572,True
test_00508,Anxiety,Anxiety,True,train_03873,0.7435501217842102,False
test_00509,Bipolar,Bipolar,True,aug_train_00643_1,0.7567113637924194,True
test_00510,Normal,Bipolar,False,aug_train_01931_0,0.4815378785133362,True
test_00511,Bipolar,Bipolar,True,aug_train_01773_0,0.58122718334198,True
test_00512,Anxiety,Anxiety,True,train_01043,0.7864693403244019,False
test_00513,Depression,Depression,True,train_05930,0.5091723799705505,False
test_00514,Anxiety,Anxiety,True,train_01208,0.7948424816131592,False
test_00515,Normal,Normal,True,train_03102,0.42133790254592896,False
test_00516,Normal,Normal,True,train_01132,0.30621790885925293,False
test_00517,Normal,Normal,True,train_05465,0.44188880920410156,False
test_00518,Anxiety,Anxiety,True,train_04088,0.6993927955627441,False
test_00519,Normal,Normal,True,train_01561,0.48262208700180054,False
test_00520,Anxiety,Anxiety,True,train_00867,0.6786662340164185,False
test_00521,Depression,Depression,True,train_05834,0.77061927318573,False
test_00522,Bipolar,Bipolar,True,train_02927,0.8305959105491638,False
test_00523,Normal,Normal,True,aug_train_01689_0,0.4097079932689667,True
test_00524,Normal,Anxiety,False,aug_train_00496_1,0.4463670253753662,True
test_00525,Normal,Normal,True,train_00124,0.7175304889678955,False
test_00526,Anxiety,Anxiety,True,train_02915,0.6585925817489624,False
test_00527,Normal,Normal,True,train_03963,0.4662103056907654,False
test_00528,Normal,Normal,True,aug_train_01366_0,0.43113595247268677,True
test_00529,Bipolar,Bipolar,True,aug_train_01027_0,0.5149327516555786,True
test_00530,Bipolar,Depression,False,aug_train_02418_1,0.6311657428741455,True
test_00531,Normal,Normal,True,aug_train_01231_0,0.5946947336196899,True
test_00532,Depression,Depression,True,aug_train_04228_0,0.7399756908416748,True
test_00533,Normal,Depression,False,train_01439,0.40738922357559204,False
test_00534,Anxiety,Anxiety,True,train_02915,0.6932433843612671,False
test_00535,Bipolar,Bipolar,True,train_05094,0.6889932751655579,False
test_00536,Bipolar,Bipolar,True,aug_train_04888_1,0.7477512359619141,True
test_00537,Depression,Depression,True,train_03326,0.6964414715766907,False
test_00538,Bipolar,Bipolar,True,train_03241,0.6106642484664917,False
test_00539,Depression,Depression,True,aug_train_03261_0,0.6685363054275513,True
test_00540,Depression,Depression,True,train_03588,0.6822490692138672,False
test_00541,Normal,Normal,True,train_02851,0.41099727153778076,False
test_00542,Anxiety,Depression,False,aug_train_02340_1,0.5446597933769226,True
test_00543,Anxiety,Anxiety,True,train_04720,0.8407579660415649,False
test_00544,Anxiety,Anxiety,True,aug_train_01447_1,0.5943359732627869,True
test_00545,Bipolar,Bipolar,True,train_04028,0.7823159694671631,False
test_00546,Depression,Depression,True,train_04510,0.7703039646148682,False
test_00547,Anxiety,Anxiety,True,aug_train_00079_1,0.4716925024986267,True
test_00548,Depression,Depression,True,aug_train_03608_0,0.6107707619667053,True
test_00549,Normal,Normal,True,train_05465,0.39114701747894287,False
test_00550,Normal,Normal,True,aug_train_04638_0,0.3613966107368469,True
test_00551,Depression,Depression,True,train_04665,0.7839888334274292,False
test_00552,Bipolar,Bipolar,True,train_04129,0.6244502067565918,False
test_00553,Depression,Depression,True,aug_train_02272_1,0.49890071153640747,True
test_00554,Normal,Normal,True,aug_train_04064_0,0.30123835802078247,True
test_00555,Normal,Anxiety,False,aug_train_02515_1,0.3526354432106018,True
test_00556,Normal,Anxiety,False,aug_train_05043_0,0.5355631709098816,True
test_00557,Depression,Depression,True,train_02276,0.5640052556991577,False
test_00558,Bipolar,Bipolar,True,train_05687,0.7619658708572388,False
test_00559,Bipolar,Bipolar,True,aug_train_00223_0,0.6676491498947144,True
test_00560,Anxiety,Bipolar,False,aug_train_05773_0,0.5695095658302307,True
test_00561,Bipolar,Bipolar,True,aug_train_02001_0,0.6888632774353027,True
test_00562,Bipolar,Bipolar,True,train_00232,0.8234755396842957,False
test_00563,Bipolar,Bipolar,True,aug_train_03833_1,0.7139879465103149,True
test_00564,Normal,Normal,True,train_03054,0.38725194334983826,False
test_00565,Bipolar,Bipolar,True,train_05216,0.5892736911773682,False
test_00566,Normal,Normal,True,aug_train_02728_1,0.529087483882904,True
test_00567,Anxiety,Anxiety,True,train_01881,0.7012342214584351,False
test_00568,Bipolar,Depression,False,aug_train_01376_1,0.5309193730354309,True
test_00569,Bipolar,Bipolar,True,train_00253,0.8313119411468506,False
test_00570,Normal,Normal,True,aug_train_05258_0,0.4677506685256958,True
test_00571,Normal,Normal,True,aug_train_02865_1,0.5458177328109741,True
test_00572,Normal,Depression,False,train_02287,0.35370251536369324,False
test_00573,Bipolar,Bipolar,True,train_05344,0.762333869934082,False
test_00574,Depression,Depression,True,aug_train_03617_0,0.6162574291229248,True
test_00575,Depression,Depression,True,train_05949,0.6106825470924377,False
test_00576,Depression,Depression,True,aug_train_04658_0,0.5451951026916504,True
test_00577,Anxiety,Anxiety,True,aug_train_02685_1,0.7013763785362244,True
test_00578,Bipolar,Bipolar,True,aug_train_01835_1,0.6855268478393555,True
test_00579,Bipolar,Bipolar,True,aug_train_01997_1,0.5869261026382446,True
test_00580,Bipolar,Depression,False,aug_train_02563_1,0.6784763932228088,True
test_00581,Bipolar,Bipolar,True,train_05305,0.6872602701187134,False
test_00582,Normal,Normal,True,train_05321,0.39116472005844116,False
test_00583,Anxiety,Anxiety,True,aug_train_02503_1,0.6197665333747864,True
test_00584,Normal,Normal,True,aug_train_03864_1,0.48208287358283997,True
test_00585,Normal,Normal,True,aug_train_03639_1,0.3842794895172119,True
test_00586,Anxiety,Anxiety,True,train_01171,0.5878332853317261,False
test_00587,Depression,Bipolar,False,aug_train_03269_0,0.6677727103233337,True
test_00588,Depression,Depression,True,train_03620,0.68682461977005,False
test_00589,Anxiety,Anxiety,True,aug_train_00318_0,0.7012914419174194,True
test_00590,Anxiety,Depression,False,aug_train_04970_1,0.47932887077331543,True
test_00591,Normal,Normal,True,train_04528,0.412642240524292,False
test_00592,Normal,Normal,True,train_02552,0.5292495489120483,False
test_00593,Normal,Normal,True,aug_train_03367_0,0.29937565326690674,True
test_00594,Anxiety,Normal,False,train_02889,0.5611161589622498,False
test_00595,Anxiety,Bipolar,False,train_05688,0.6994150280952454,False
test_00596,Depression,Depression,True,train_00917,0.49350714683532715,False
test_00597,Normal,Normal,True,train_05805,0.4937376379966736,False
test_00598,Normal,Anxiety,False,aug_train_01879_0,0.44190293550491333,True
test_00599,Normal,Normal,True,train_02366,0.37959393858909607,False
test_00600,Depression,Depression,True,train_05723,0.7987673282623291,False
test_00601,Bipolar,Bipolar,True,aug_train_04387_1,0.7671761512756348,True
test_00602,Anxiety,Bipolar,False,train_02802,0.6208827495574951,False
test_00603,Depression,Bipolar,False,train_04473,0.7586585879325867,False
test_00604,Bipolar,Bipolar,True,aug_train_03125_0,0.7186518907546997,True
test_00605,Bipolar,Bipolar,True,train_02636,0.7256643772125244,False
test_00606,Depression,Depression,True,aug_train_00904_1,0.772913932800293,True
test_00607,Depression,Depression,True,train_03172,0.7265895009040833,False
test_00608,Anxiety,Anxiety,True,train_03404,0.6827431917190552,False
test_00609,Normal,Normal,True,aug_train_02926_0,0.42375171184539795,True
test_00610,Bipolar,Bipolar,True,aug_train_05925_1,0.5798429846763611,True
test_00611,Bipolar,Bipolar,True,aug_train_04172_1,0.7740771770477295,True
test_00612,Bipolar,Bipolar,True,train_03968,0.6900556087493896,False
test_00613,Depression,Depression,True,aug_train_01491_1,0.6329373121261597,True
test_00614,Bipolar,Bipolar,True,aug_train_04836_1,0.788118302822113,True
test_00615,Depression,Depression,True,aug_train_03818_0,0.7465109825134277,True
test_00616,Anxiety,Anxiety,True,train_02195,0.7498000860214233,False
test_00617,Anxiety,Anxiety,True,train_02542,0.7655458450317383,False
test_00618,Depression,Depression,True,train_01388,0.5046948194503784,False
test_00619,Bipolar,Bipolar,True,train_00963,0.6694002151489258,False
test_00620,Anxiety,Anxiety,True,train_02018,0.5448115468025208,False
test_00621,Depression,Bipolar,False,train_03301,0.6149724721908569,False
test_00622,Anxiety,Anxiety,True,train_02754,0.5224130749702454,False
test_00623,Bipolar,Bipolar,True,train_02592,0.6850457191467285,False
test_00624,Normal,Anxiety,False,aug_train_01293_0,0.48874133825302124,True
test_00625,Anxiety,Anxiety,True,aug_train_04583_0,0.5246679782867432,True
test_00626,Depression,Depression,True,train_01153,0.645002007484436,False
test_00627,Normal,Anxiety,False,aug_train_00585_1,0.5370007753372192,True
test_00628,Normal,Bipolar,False,aug_train_03893_0,0.3910195231437683,True
test_00629,Anxiety,Normal,False,aug_train_01653_0,0.4827491044998169,True
test_00630,Anxiety,Depression,False,aug_train_00709_1,0.666475772857666,True
test_00631,Anxiety,Anxiety,True,aug_train_01142_1,0.5547565221786499,True
test_00632,Anxiety,Anxiety,True,aug_train_05956_0,0.553946316242218,True
test_00633,Anxiety,Anxiety,True,aug_train_04641_1,0.6577799320220947,True
test_00634,Bipolar,Bipolar,True,aug_train_01521_1,0.825374186038971,True
test_00635,Normal,Depression,False,train_00473,0.5654127597808838,False
test_00636,Normal,Normal,True,aug_train_01366_0,0.4234086275100708,True
test_00637,Bipolar,Depression,False,aug_train_05858_0,0.7517431974411011,True
test_00638,Bipolar,Bipolar,True,train_02426,0.5475767850875854,False
test_00639,Anxiety,Anxiety,True,aug_train_03642_0,0.7130826711654663,True
test_00640,Bipolar,Depression,False,aug_train_04029_1,0.6429228782653809,True
test_00641,Normal,Depression,False,train_03119,0.5253703594207764,False
test_00642,Anxiety,Depression,False,aug_train_00370_0,0.6475216746330261,True
test_00643,Depression,Depression,True,train_05098,0.7667944431304932,False
test_00644,Depression,Bipolar,False,train_01399,0.4327428936958313,False
test_00645,Anxiety,Anxiety,True,train_05502,0.6075966358184814,False
test_00646,Normal,Normal,True,aug_train_04067_0,0.45940735936164856,True
test_00647,Anxiety,Anxiety,True,train_05789,0.6160016059875488,False
test_00648,Bipolar,Bipolar,True,train_03017,0.6730723977088928,False
test_00649,Anxiety,Anxiety,True,train_05134,0.5693361759185791,False
test_00650,Depression,Depression,True,aug_train_04948_1,0.6582951545715332,True
test_00651,Normal,Normal,True,train_00543,0.37027013301849365,False
test_00652,Anxiety,Bipolar,False,aug_train_05337_1,0.50987309217453,True
test_00653,Bipolar,Bipolar,True,train_04993,0.6443896293640137,False
test_00654,Anxiety,Anxiety,True,train_04858,0.7110966444015503,False
test_00655,Anxiety,Anxiety,True,aug_train_01891_0,0.5568534135818481,True
test_00656,Depression,Anxiety,False,train_00155,0.6954399347305298,False
test_00657,Anxiety,Depression,False,aug_train_03395_0,0.7371488809585571,True
test_00658,Bipolar,Bipolar,True,train_03204,0.776168942451477,False
test_00659,Normal,Depression,False,train_03188,0.2901482582092285,False
test_00660,Anxiety,Depression,False,aug_train_04073_0,0.6307359337806702,True
test_00661,Anxiety,Anxiety,True,train_02972,0.39440542459487915,False
test_00662,Bipolar,Bipolar,True,train_00414,0.7843132019042969,False
test_00663,Anxiety,Anxiety,True,train_00014,0.6466329097747803,False
test_00664,Bipolar,Bipolar,True,aug_train_01827_1,0.8147616386413574,True
test_00665,Anxiety,Anxiety,True,train_02425,0.7483984231948853,False
test_00666,Depression,Depression,True,train_01596,0.5590577125549316,False
test_00667,Depression,Depression,True,aug_train_03095_1,0.720059871673584,True
test_00668,Anxiety,Anxiety,True,aug_train_01093_0,0.7938623428344727,True
test_00669,Depression,Anxiety,False,train_02117,0.4643741846084595,False
test_00670,Normal,Normal,True,aug_train_03334_0,0.4296722114086151,True
test_00671,Bipolar,Bipolar,True,aug_train_03008_0,0.6969924569129944,True
test_00672,Normal,Normal,True,aug_train_04213_1,0.42688435316085815,True
test_00673,Depression,Depression,True,train_01053,0.806350827217102,False
test_00674,Depression,Depression,True,aug_train_01740_1,0.6519021987915039,True
test_00675,Bipolar,Bipolar,True,aug_train_04558_1,0.7690868377685547,True
test_00676,Anxiety,Anxiety,True,aug_train_03954_1,0.7580636739730835,True
test_00677,Anxiety,Anxiety,True,aug_train_03879_1,0.7405731081962585,True
test_00678,Depression,Depression,True,aug_train_03794_1,0.7182952761650085,True
test_00679,Anxiety,Anxiety,True,aug_train_04780_1,0.6499675512313843,True
test_00680,Depression,Depression,True,train_04608,0.6459805965423584,False
test_00681,Anxiety,Anxiety,True,train_02442,0.6516695022583008,False
test_00682,Bipolar,Bipolar,True,aug_train_03277_1,0.7266242504119873,True
test_00683,Bipolar,Bipolar,True,train_00327,0.7400203943252563,False
test_00684,Anxiety,Anxiety,True,train_05166,0.6931140422821045,False
test_00685,Depression,Bipolar,False,aug_train_04682_1,0.6194067597389221,True
test_00686,Anxiety,Normal,False,aug_train_00460_1,0.5891408324241638,True
test_00687,Depression,Depression,True,train_00904,0.7469655275344849,False
test_00688,Normal,Anxiety,False,aug_train_01917_1,0.3862968981266022,True
test_00689,Bipolar,Bipolar,True,train_02812,0.776545524597168,False
test_00690,Anxiety,Bipolar,False,aug_train_01532_1,0.6182764768600464,True
test_00691,Normal,Normal,True,aug_train_03865_0,0.3420272767543793,True
test_00692,Depression,Bipolar,False,aug_train_00949_0,0.7339766025543213,True
test_00693,Bipolar,Depression,False,aug_train_04018_0,0.7891412973403931,True
test_00694,Bipolar,Bipolar,True,aug_train_05811_1,0.6754211187362671,True
test_00695,Normal,Normal,True,train_01380,0.43283677101135254,False
test_00696,Anxiety,Anxiety,True,aug_train_01190_0,0.47114643454551697,True
test_00697,Normal,Depression,False,aug_train_04327_0,0.5790489912033081,True
test_00698,Anxiety,Anxiety,True,aug_train_04592_1,0.6842783689498901,True
test_00699,Bipolar,Depression,False,train_05763,0.6977417469024658,False
test_00700,Normal,Normal,True,train_05541,0.3252025246620178,False
test_00701,Normal,Normal,True,aug_train_04926_1,0.31089580059051514,True
test_00702,Normal,Normal,True,train_05720,0.394652783870697,False
test_00703,Bipolar,Bipolar,True,train_05086,0.5760972499847412,False
test_00704,Depression,Bipolar,False,train_00694,0.6827883720397949,False
test_00705,Anxiety,Anxiety,True,aug_train_03421_0,0.7311844825744629,True
test_00706,Anxiety,Anxiety,True,aug_train_03050_0,0.578181266784668,True
test_00707,Normal,Normal,True,train_05814,0.43711555004119873,False
test_00708,Normal,Normal,True,aug_train_01945_1,0.45899084210395813,True
test_00709,Depression,Anxiety,False,aug_train_05076_0,0.6442891359329224,True
test_00710,Bipolar,Bipolar,True,train_02352,0.732682466506958,False
test_00711,Normal,Normal,True,train_03899,0.5641906261444092,False
test_00712,Anxiety,Anxiety,True,aug_train_03944_1,0.6811476945877075,True
test_00713,Depression,Anxiety,False,train_05189,0.5796281099319458,False
test_00714,Normal,Normal,True,train_02531,0.3758787512779236,False
test_00715,Bipolar,Depression,False,aug_train_01105_0,0.6387085914611816,True
test_00716,Anxiety,Anxiety,True,aug_train_02421_0,0.5761792659759521,True
test_00717,Depression,Depression,True,train_04866,0.701093316078186,False
test_00718,Anxiety,Anxiety,True,train_00159,0.5157667398452759,False
test_00719,Depression,Depression,True,train_05928,0.792181134223938,False
test_00720,Bipolar,Bipolar,True,train_02878,0.7964484691619873,False
test_00721,Normal,Normal,True,aug_train_03323_1,0.4285580813884735,True
test_00722,Depression,Depression,True,train_00493,0.6731988191604614,False
test_00723,Anxiety,Anxiety,True,aug_train_04743_0,0.7097973823547363,True
test_00724,Bipolar,Depression,False,train_03540,0.7667283415794373,False
test_00725,Normal,Normal,True,aug_train_05461_0,0.3947679400444031,True
test_00726,Normal,Normal,True,train_05368,0.36540547013282776,False
test_00727,Bipolar,Bipolar,True,aug_train_00335_1,0.7842397689819336,True
test_00728,Depression,Depression,True,train_02233,0.7876207232475281,False
test_00729,Bipolar,Bipolar,True,aug_train_00391_1,0.7915387153625488,True
test_00730,Normal,Depression,False,aug_train_03121_1,0.5473431348800659,True
test_00731,Anxiety,Anxiety,True,aug_train_04497_0,0.7460174560546875,True
test_00732,Anxiety,Anxiety,True,aug_train_01195_1,0.6631581783294678,True
test_00733,Anxiety,Anxiety,True,train_04182,0.7808834910392761,False
test_00734,Bipolar,Bipolar,True,train_01223,0.7764065861701965,False
test_00735,Depression,Depression,True,train_03210,0.7625173926353455,False
test_00736,Depression,Bipolar,False,aug_train_00383_0,0.6908118724822998,True
test_00737,Depression,Depression,True,aug_train_01053_0,0.7030406594276428,True
test_00738,Anxiety,Anxiety,True,aug_train_04097_1,0.6175321936607361,True
test_00739,Normal,Normal,True,aug_train_02179_0,0.2739146947860718,True
test_00740,Depression,Bipolar,False,train_00122,0.6540663242340088,False
test_00741,Anxiety,Anxiety,True,aug_train_05194_1,0.629758358001709,True
test_00742,Normal,Normal,True,train_04601,0.49478796124458313,False
test_00743,Normal,Normal,True,train_05980,0.5187843441963196,False
test_00744,Bipolar,Bipolar,True,train_02355,0.7256694436073303,False
test_00745,Bipolar,Bipolar,True,aug_train_00926_0,0.6141904592514038,True
test_00746,Anxiety,Anxiety,True,train_02667,0.7172967195510864,False
test_00747,Bipolar,Bipolar,True,aug_train_02405_0,0.5984858274459839,True
test_00748,Normal,Depression,False,train_03121,0.5427340269088745,False
test_00749,Depression,Depression,True,aug_train_02253_1,0.5847680568695068,True
test_00750,Normal,Depression,False,train_01355,0.6089427471160889,False
test_00751,Bipolar,Bipolar,True,train_00840,0.7030853033065796,False
test_00752,Anxiety,Anxiety,True,train_04024,0.5579023361206055,False
test_00753,Bipolar,Bipolar,True,aug_train_02352_0,0.6373372077941895,True
test_00754,Bipolar,Bipolar,True,train_04779,0.7974205017089844,False
test_00755,Bipolar,Depression,False,aug_train_03243_0,0.6204637289047241,True
test_00756,Normal,Normal,True,aug_train_05842_1,0.4838940501213074,True
test_00757,Depression,Normal,False,train_01133,0.5806140899658203,False
test_00758,Bipolar,Bipolar,True,aug_train_00257_0,0.731453537940979,True
test_00759,Bipolar,Depression,False,aug_train_01254_1,0.6316875219345093,True
test_00760,Bipolar,Bipolar,True,aug_train_04408_1,0.465922474861145,True
test_00761,Depression,Anxiety,False,train_00766,0.6174139976501465,False
test_00762,Depression,Depression,True,train_02584,0.5491014719009399,False
test_00763,Normal,Normal,True,train_05671,0.42892828583717346,False
test_00764,Bipolar,Bipolar,True,train_01867,0.6415610313415527,False
test_00765,Depression,Depression,True,train_04468,0.7880246639251709,False
test_00766,Normal,Depression,False,aug_train_04078_0,0.4697910249233246,True
test_00767,Normal,Normal,True,train_04912,0.41824233531951904,False
test_00768,Depression,Anxiety,False,train_01748,0.6874314546585083,False
test_00769,Bipolar,Bipolar,True,train_01101,0.7935619354248047,False
test_00770,Anxiety,Anxiety,True,aug_train_04374_1,0.5409296154975891,True
test_00771,Anxiety,Anxiety,True,aug_train_03879_1,0.6874244213104248,True
test_00772,Anxiety,Depression,False,aug_train_02393_0,0.5312045812606812,True
test_00773,Anxiety,Anxiety,True,aug_train_05059_1,0.6916326880455017,True
test_00774,Anxiety,Anxiety,True,train_03178,0.714902400970459,False
test_00775,Anxiety,Depression,False,aug_train_05161_1,0.7107981443405151,True
test_00776,Anxiety,Anxiety,True,train_04289,0.6940388083457947,False
test_00777,Bipolar,Bipolar,True,train_02777,0.8434821963310242,False
test_00778,Anxiety,Anxiety,True,train_04334,0.6149873733520508,False
test_00779,Anxiety,Anxiety,True,aug_train_03591_1,0.6246652603149414,True
test_00780,Normal,Normal,True,train_05720,0.38885822892189026,False
test_00781,Bipolar,Bipolar,True,train_02191,0.723716139793396,False
test_00782,Depression,Depression,True,train_01105,0.7973373532295227,False
test_00783,Normal,Normal,True,aug_train_04304_1,0.4941166043281555,True
test_00784,Normal,Normal,True,aug_train_04119_1,0.3541019558906555,True
test_00785,Normal,Normal,True,aug_train_05871_0,0.39795321226119995,True
test_00786,Normal,Normal,True,aug_train_02769_1,0.4674960970878601,True
test_00787,Depression,Depression,True,train_01623,0.5789147615432739,False
test_00788,Bipolar,Bipolar,True,aug_train_05002_0,0.7166875600814819,True
test_00789,Normal,Normal,True,train_05807,0.3657599687576294,False
test_00790,Normal,Normal,True,aug_train_00301_0,0.3513498306274414,True
test_00791,Depression,Bipolar,False,aug_train_05519_0,0.6137343645095825,True
test_00792,Anxiety,Anxiety,True,aug_train_00542_1,0.7821282148361206,True
test_00793,Normal,Normal,True,aug_train_03101_0,0.39936137199401855,True
test_00794,Normal,Normal,True,train_05720,0.4264441728591919,False
test_00795,Bipolar,Bipolar,True,aug_train_03909_1,0.77808678150177,True
test_00796,Bipolar,Normal,False,aug_train_01092_0,0.6194782257080078,True
test_00797,Depression,Depression,True,train_00390,0.6686842441558838,False
test_00798,Normal,Depression,False,aug_train_02023_1,0.5609861612319946,True
test_00799,Normal,Normal,True,aug_train_05720_1,0.36914777755737305,True
test_00800,Depression,Anxiety,False,aug_train_05346_0,0.6698848009109497,True
test_00801,Normal,Depression,False,aug_train_04799_0,0.4607453942298889,True
test_00802,Bipolar,Bipolar,True,train_05315,0.8577027916908264,False
test_00803,Normal,Normal,True,train_03331,0.28231680393218994,False
test_00804,Depression,Depression,True,aug_train_00085_1,0.7155084609985352,True
test_00805,Normal,Normal,True,train_05356,0.3656783699989319,False
test_00806,Bipolar,Bipolar,True,aug_train_00840_1,0.7095573544502258,True
test_00807,Anxiety,Anxiety,True,aug_train_01247_0,0.7869789600372314,True
test_00808,Normal,Normal,True,train_00696,0.36376965045928955,False
test_00809,Anxiety,Anxiety,True,train_05209,0.6398492455482483,False
test_00810,Normal,Depression,False,aug_train_04327_0,0.5329234004020691,True
test_00811,Anxiety,Anxiety,True,aug_train_02685_0,0.7689841985702515,True
test_00812,Anxiety,Anxiety,True,train_03180,0.6444187164306641,False
test_00813,Normal,Anxiety,False,aug_train_04684_0,0.2975132167339325,True
test_00814,Depression,Bipolar,False,aug_train_02823_1,0.6495321989059448,True
test_00815,Depression,Bipolar,False,aug_train_05173_0,0.7253996729850769,True
test_00816,Depression,Depression,True,train_02786,0.7302091121673584,False
test_00817,Normal,Normal,True,aug_train_02130_1,0.502332329750061,True
test_00818,Normal,Normal,True,aug_train_01214_1,0.42927277088165283,True
test_00819,Normal,Depression,False,aug_train_02727_1,0.5568731427192688,True
test_00820,Anxiety,Anxiety,True,aug_train_03428_0,0.6797724962234497,True
test_00821,Anxiety,Anxiety,True,train_02488,0.6047302484512329,False
test_00822,Normal,Normal,True,aug_train_01428_0,0.4524417519569397,True
test_00823,Depression,Depression,True,aug_train_04854_0,0.7333992719650269,True
test_00824,Normal,Normal,True,aug_train_00825_0,0.323028564453125,True
test_00825,Normal,Anxiety,False,train_04062,0.3939870297908783,False
test_00826,Anxiety,Depression,False,aug_train_00752_0,0.7923433184623718,True
test_00827,Depression,Depression,True,train_01696,0.6306911706924438,False
test_00828,Bipolar,Depression,False,aug_train_03794_1,0.672540545463562,True
test_00829,Normal,Normal,True,aug_train_01366_0,0.3708922564983368,True
test_00830,Depression,Depression,True,train_05823,0.5775702595710754,False
test_00831,Bipolar,Bipolar,True,train_02271,0.7888820767402649,False
test_00832,Normal,Normal,True,aug_train_05495_0,0.5096444487571716,True
test_00833,Anxiety,Anxiety,True,aug_train_04297_1,0.7259987592697144,True
test_00834,Bipolar,Depression,False,aug_train_02959_1,0.6731458902359009,True
test_00835,Anxiety,Anxiety,True,train_04182,0.8611170053482056,False
test_00836,Bipolar,Bipolar,True,train_01047,0.6979247331619263,False
test_00837,Normal,Normal,True,aug_train_05004_0,0.4352729916572571,True
test_00838,Anxiety,Anxiety,True,aug_train_04646_0,0.8175485730171204,True
test_00839,Depression,Depression,True,train_02078,0.7161597013473511,False
test_00840,Normal,Normal,True,aug_train_04552_1,0.5688557028770447,True
test_00841,Depression,Depression,True,train_03575,0.7408692836761475,False
test_00842,Normal,Normal,True,aug_train_01277_1,0.37033405900001526,True
test_00843,Normal,Normal,True,aug_train_02672_1,0.4899556040763855,True
test_00844,Bipolar,Bipolar,True,train_04038,0.7596946954727173,False
test_00845,Anxiety,Anxiety,True,aug_train_02987_1,0.7336260676383972,True
test_00846,Bipolar,Bipolar,True,train_02777,0.7711867690086365,False
test_00847,Normal,Normal,True,train_02728,0.5541161298751831,False
test_00848,Depression,Anxiety,False,train_01093,0.705150842666626,False
test_00849,Anxiety,Anxiety,True,aug_train_02896_0,0.5350198745727539,True
test_00850,Bipolar,Bipolar,True,train_03388,0.7189614772796631,False
test_00851,Anxiety,Bipolar,False,train_03440,0.8093702793121338,False
test_00852,Anxiety,Anxiety,True,train_00349,0.6302649974822998,False
test_00853,Bipolar,Bipolar,True,train_00110,0.7318047881126404,False
test_00854,Depression,Depression,True,aug_train_01596_1,0.6695947647094727,True
test_00855,Anxiety,Anxiety,True,aug_train_04191_0,0.6239672899246216,True
test_00856,Depression,Depression,True,train_03788,0.671631932258606,False
test_00857,Normal,Normal,True,aug_train_03839_1,0.546087384223938,True
test_00858,Depression,Depression,True,aug_train_01491_1,0.6803529262542725,True
test_00859,Depression,Depression,True,aug_train_01958_0,0.6107248067855835,True
test_00860,Bipolar,Bipolar,True,aug_train_03712_1,0.7755633592605591,True
test_00861,Normal,Normal,True,aug_train_00258_1,0.41384240984916687,True
test_00862,Depression,Depression,True,train_03305,0.6976745128631592,False
test_00863,Depression,Depression,True,train_05629,0.6112889051437378,False
test_00864,Depression,Depression,True,aug_train_03014_1,0.592057466506958,True
test_00865,Bipolar,Depression,False,train_00141,0.6962157487869263,False
test_00866,Normal,Normal,True,train_04423,0.4908037781715393,False
test_00867,Normal,Anxiety,False,aug_train_02200_0,0.4008888006210327,True
test_00868,Depression,Depression,True,aug_train_01462_0,0.8014906048774719,True
test_00869,Depression,Depression,True,train_02334,0.5208925604820251,False
test_00870,Depression,Depression,True,train_02361,0.43024730682373047,False
test_00871,Anxiety,Anxiety,True,aug_train_00860_0,0.7288910746574402,True
test_00872,Anxiety,Depression,False,aug_train_03866_0,0.7480281591415405,True
test_00873,Bipolar,Bipolar,True,train_02412,0.7532637119293213,False
test_00874,Bipolar,Bipolar,True,train_03425,0.8440546989440918,False
test_00875,Bipolar,Bipolar,True,aug_train_04004_1,0.7363653779029846,True
test_00876,Bipolar,Bipolar,True,train_03433,0.7763576507568359,False
test_00877,Depression,Depression,True,aug_train_02287_0,0.605014979839325,True
test_00878,Depression,Depression,True,aug_train_03620_1,0.6592261791229248,True
test_00879,Bipolar,Bipolar,True,train_05925,0.6891300678253174,False
test_00880,Bipolar,Bipolar,True,train_00731,0.8142767548561096,False
test_00881,Bipolar,Bipolar,True,aug_train_00987_0,0.8381772041320801,True
test_00882,Normal,Anxiety,False,train_04275,0.46452176570892334,False
test_00883,Normal,Normal,True,train_03130,0.37496018409729004,False
test_00884,Bipolar,Bipolar,True,aug_train_00826_0,0.8049982190132141,True
test_00885,Bipolar,Bipolar,True,aug_train_00643_1,0.7364500164985657,True
test_00886,Anxiety,Anxiety,True,train_04481,0.7678804397583008,False
test_00887,Depression,Depression,True,train_00517,0.6187728047370911,False
test_00888,Depression,Depression,True,train_05085,0.5891241431236267,False
test_00889,Depression,Depression,True,train_01044,0.6432539224624634,False
test_00890,Normal,Anxiety,False,train_00349,0.4391225576400757,False
test_00891,Anxiety,Anxiety,True,aug_train_03507_0,0.7109590768814087,True
test_00892,Anxiety,Anxiety,True,train_05095,0.6281204223632812,False
test_00893,Depression,Depression,True,train_05459,0.7317026853561401,False
test_00894,Bipolar,Bipolar,True,train_01111,0.6794388294219971,False
test_00895,Normal,Depression,False,train_03094,0.40283626317977905,False
test_00896,Depression,Depression,True,train_02381,0.7549623250961304,False
test_00897,Bipolar,Bipolar,True,aug_train_01021_0,0.7808215618133545,True
test_00898,Depression,Depression,True,aug_train_02575_1,0.49996721744537354,True
test_00899,Normal,Normal,True,train_01155,0.36042192578315735,False
test_00900,Normal,Normal,True,aug_train_00458_0,0.3774723708629608,True
test_00901,Anxiety,Depression,False,train_02613,0.6979804039001465,False
test_00902,Normal,Normal,True,train_04602,0.5695022344589233,False
test_00903,Depression,Depression,True,train_05106,0.6638878583908081,False
test_00904,Normal,Normal,True,aug_train_02118_1,0.6255584955215454,True
test_00905,Normal,Normal,True,train_00224,0.48254817724227905,False
test_00906,Anxiety,Depression,False,train_03818,0.7868915796279907,False
test_00907,Anxiety,Anxiety,True,aug_train_02898_0,0.7733200788497925,True
test_00908,Bipolar,Bipolar,True,train_00803,0.8173952102661133,False
test_00909,Anxiety,Anxiety,True,train_03147,0.6343039274215698,False
test_00910,Normal,Normal,True,train_01193,0.41081559658050537,False
test_00911,Anxiety,Anxiety,True,aug_train_04170_0,0.6971309185028076,True
test_00912,Anxiety,Anxiety,True,aug_train_01986_0,0.7693689465522766,True
test_00913,Depression,Anxiety,False,train_02236,0.7616564035415649,False
test_00914,Depression,Depression,True,train_03620,0.565716564655304,False
test_00915,Depression,Depression,True,train_05693,0.5081807374954224,False
test_00916,Depression,Bipolar,False,train_04771,0.683039128780365,False
test_00917,Bipolar,Bipolar,True,train_00803,0.7321423292160034,False
test_00918,Bipolar,Bipolar,True,aug_train_04873_0,0.661993145942688,True
test_00919,Normal,Normal,True,aug_train_01689_0,0.3715819716453552,True
test_00920,Anxiety,Depression,False,aug_train_01167_0,0.4763992428779602,True
test_00921,Anxiety,Anxiety,True,train_05483,0.7824745178222656,False
test_00922,Bipolar,Bipolar,True,train_04249,0.7090718746185303,False
test_00923,Normal,Normal,True,aug_train_00748_1,0.4893324077129364,True
test_00924,Normal,Normal,True,aug_train_00435_0,0.6009930372238159,True
test_00925,Bipolar,Bipolar,True,train_04578,0.7092059254646301,False
test_00926,Anxiety,Anxiety,True,train_01080,0.6179803013801575,False
test_00927,Anxiety,Anxiety,True,train_05298,0.5950911045074463,False
test_00928,Depression,Depression,True,aug_train_00606_0,0.6211477518081665,True
test_00929,Depression,Depression,True,train_03169,0.6191104650497437,False
test_00930,Normal,Normal,True,aug_train_00034_1,0.3291853070259094,True
test_00931,Depression,Depression,True,train_03620,0.6053200960159302,False
test_00932,Normal,Normal,True,aug_train_01428_0,0.476629376411438,True
test_00933,Depression,Depression,True,train_03471,0.8122468590736389,False
test_00934,Anxiety,Anxiety,True,aug_train_03631_0,0.7173991203308105,True
test_00935,Anxiety,Anxiety,True,aug_train_04297_0,0.723945140838623,True
test_00936,Depression,Depression,True,train_00277,0.7371894121170044,False
test_00937,Bipolar,Depression,False,aug_train_01942_0,0.6629682779312134,True
test_00938,Anxiety,Anxiety,True,train_02089,0.5882754921913147,False
test_00939,Bipolar,Bipolar,True,aug_train_04084_1,0.8407738208770752,True
test_00940,Depression,Depression,True,train_03344,0.7630703449249268,False
test_00941,Depression,Normal,False,aug_train_00626_0,0.4798436164855957,True
test_00942,Bipolar,Bipolar,True,aug_train_02927_0,0.7789002656936646,True
test_00943,Anxiety,Anxiety,True,aug_train_04047_0,0.540874183177948,True
test_00944,Bipolar,Depression,False,aug_train_04029_1,0.6662019491195679,True
test_00945,Bipolar,Anxiety,False,aug_train_00706_1,0.5432878136634827,True
test_00946,Bipolar,Anxiety,False,train_03691,0.7522170543670654,False
test_00947,Anxiety,Depression,False,train_03405,0.6220638155937195,False
test_00948,Normal,Anxiety,False,aug_train_03108_0,0.3679811358451843,True
test_00949,Bipolar,Depression,False,train_03818,0.7628571391105652,False
test_00950,Normal,Depression,False,train_00307,0.36772555112838745,False
test_00951,Anxiety,Anxiety,True,train_00704,0.6538386344909668,False
test_00952,Depression,Normal,False,train_05514,0.4583081007003784,False
test_00953,Depression,Bipolar,False,aug_train_04677_0,0.505573034286499,True
test_00954,Bipolar,Bipolar,True,aug_train_02700_1,0.7336022853851318,True
test_00955,Bipolar,Bipolar,True,train_01900,0.7990352511405945,False
test_00956,Bipolar,Bipolar,True,aug_train_01564_0,0.8353592157363892,True
test_00957,Depression,Depression,True,train_03344,0.7616998553276062,False
test_00958,Normal,Normal,True,train_03595,0.4500700831413269,False
test_00959,Anxiety,Anxiety,True,train_00237,0.787638783454895,False
test_00960,Bipolar,Bipolar,True,aug_train_00634_0,0.579086184501648,True
test_00961,Anxiety,Anxiety,True,train_03238,0.6325559020042419,False
test_00962,Anxiety,Anxiety,True,aug_train_04483_1,0.8454082012176514,True
test_00963,Normal,Normal,True,aug_train_03728_0,0.4681118428707123,True
test_00964,Bipolar,Bipolar,True,train_05815,0.7418639659881592,False
test_00965,Normal,Normal,True,train_03434,0.5844895839691162,False
test_00966,Anxiety,Anxiety,True,train_02175,0.4789274334907532,False
test_00967,Anxiety,Anxiety,True,train_01232,0.6449922323226929,False
test_00968,Normal,Normal,True,train_05030,0.5169581174850464,False
test_00969,Normal,Depression,False,aug_train_04799_0,0.42147141695022583,True
test_00970,Bipolar,Bipolar,True,aug_train_05596_1,0.6927245855331421,True
test_00971,Anxiety,Anxiety,True,train_05246,0.6798465251922607,False
test_00972,Normal,Normal,True,train_05200,0.4098381996154785,False
test_00973,Normal,Normal,True,train_03248,0.5665007829666138,False
test_00974,Bipolar,Anxiety,False,train_03718,0.712267279624939,False
test_00975,Anxiety,Anxiety,True,aug_train_01986_0,0.5155690312385559,True
test_00976,Anxiety,Anxiety,True,train_02947,0.7320746779441833,False
test_00977,Depression,Depression,True,train_00153,0.5932119488716125,False
test_00978,Depression,Depression,True,train_05707,0.724694013595581,False
test_00979,Depression,Depression,True,train_03929,0.7390240430831909,False
test_00980,Anxiety,Bipolar,False,train_00966,0.6075334548950195,False
test_00981,Normal,Normal,True,aug_train_05735_0,0.46742841601371765,True
test_00982,Bipolar,Bipolar,True,aug_train_01188_1,0.7281907796859741,True
test_00983,Anxiety,Anxiety,True,aug_train_02867_0,0.5334246158599854,True
test_00984,Bipolar,Bipolar,True,train_00567,0.8221259117126465,False
test_00985,Depression,Anxiety,False,train_04182,0.7120940685272217,False
test_00986,Anxiety,Depression,False,train_04899,0.6915697455406189,False
test_00987,Depression,Depression,True,train_05639,0.7012674808502197,False
test_00988,Depression,Depression,True,train_03976,0.6971946954727173,False
test_00989,Normal,Normal,True,train_02912,0.26465320587158203,False
test_00990,Normal,Depression,False,train_05586,0.4804224967956543,False
test_00991,Normal,Normal,True,train_03722,0.3351641297340393,False
test_00992,Bipolar,Depression,False,aug_train_02713_0,0.7392841577529907,True
test_00993,Depression,Depression,True,aug_train_01356_1,0.6878643035888672,True
test_00994,Depression,Anxiety,False,aug_train_00204_0,0.6917988061904907,True
test_00995,Bipolar,Bipolar,True,aug_train_04261_0,0.8147223591804504,True
test_00996,Anxiety,Anxiety,True,train_05246,0.7110368609428406,False
test_00997,Bipolar,Depression,False,aug_train_04511_1,0.5365179181098938,True
test_00998,Bipolar,Bipolar,True,aug_train_00485_0,0.7171920537948608,True
test_00999,Bipolar,Bipolar,True,aug_train_03964_1,0.597027063369751,True
test_01000,Normal,Normal,True,train_03513,0.2785990238189697,False
test_01001,Depression,Depression,True,train_01828,0.7397737503051758,False
test_01002,Depression,Depression,True,aug_train_03471_0,0.6796208620071411,True
test_01003,Depression,Depression,True,train_00355,0.6174964904785156,False
test_01004,Anxiety,Anxiety,True,train_01881,0.8229787349700928,False
test_01005,Anxiety,Anxiety,True,train_05036,0.620494544506073,False
test_01006,Anxiety,Bipolar,False,train_01021,0.6969667673110962,False
test_01007,Bipolar,Depression,False,train_00523,0.6217517852783203,False
test_01008,Bipolar,Bipolar,True,aug_train_04188_0,0.7196646332740784,True
test_01009,Normal,Depression,False,train_02213,0.6062293648719788,False
test_01010,Bipolar,Bipolar,True,aug_train_04547_0,0.7952220439910889,True
test_01011,Normal,Normal,True,train_03200,0.3990350365638733,False
test_01012,Bipolar,Bipolar,True,aug_train_03289_1,0.6896942853927612,True
test_01013,Anxiety,Anxiety,True,train_05756,0.7350624203681946,False
test_01014,Depression,Depression,True,train_05928,0.6580373644828796,False
test_01015,Normal,Normal,True,train_00579,0.39449214935302734,False
test_01016,Depression,Bipolar,False,train_00642,0.6530424356460571,False
test_01017,Bipolar,Anxiety,False,aug_train_03154_1,0.5317322015762329,True
test_01018,Depression,Depression,True,train_03888,0.715156078338623,False
test_01019,Depression,Anxiety,False,aug_train_02236_0,0.7487980127334595,True
test_01020,Anxiety,Anxiety,True,aug_train_03428_0,0.7116402387619019,True
test_01021,Bipolar,Bipolar,True,train_00731,0.7879364490509033,False
test_01022,Anxiety,Anxiety,True,train_02576,0.7132721543312073,False
test_01023,Anxiety,Anxiety,True,train_01195,0.7400016784667969,False
test_01024,Anxiety,Anxiety,True,train_01459,0.5501159429550171,False
test_01025,Anxiety,Bipolar,False,aug_train_00539_0,0.7332919836044312,True
test_01026,Depression,Depression,True,aug_train_05165_1,0.7402716875076294,True
test_01027,Depression,Depression,True,train_02422,0.7032977342605591,False
test_01028,Depression,Anxiety,False,aug_train_03351_1,0.4686688780784607,True
test_01029,Anxiety,Anxiety,True,train_01972,0.40016335248947144,False
test_01030,Depression,Depression,True,aug_train_00707_1,0.676216185092926,True
test_01031,Normal,Depression,False,train_03557,0.36734992265701294,False
test_01032,Depression,Depression,True,train_05084,0.5401326417922974,False
test_01033,Normal,Depression,False,train_04970,0.48105812072753906,False
test_01034,Normal,Normal,True,train_05407,0.3678622841835022,False
test_01035,Bipolar,Bipolar,True,aug_train_01716_0,0.7481855154037476,True
test_01036,Normal,Normal,True,train_02888,0.4530642628669739,False
test_01037,Anxiety,Anxiety,True,train_05134,0.6207044720649719,False
test_01038,Depression,Depression,True,train_04449,0.711392879486084,False
test_01039,Bipolar,Bipolar,True,aug_train_04387_1,0.7192740440368652,True
test_01040,Anxiety,Anxiety,True,aug_train_04490_0,0.7816208004951477,True
test_01041,Normal,Depression,False,train_01939,0.5623905658721924,False
test_01042,Bipolar,Depression,False,train_03095,0.6711511611938477,False
test_01043,Bipolar,Bipolar,True,aug_train_03333_0,0.7477403879165649,True
test_01044,Anxiety,Anxiety,True,aug_train_04988_1,0.574178159236908,True
test_01045,Normal,Depression,False,train_02314,0.5519554018974304,False
test_01046,Normal,Normal,True,aug_train_05495_0,0.4680126905441284,True
test_01047,Anxiety,Anxiety,True,aug_train_05346_0,0.7840575575828552,True
test_01048,Anxiety,Anxiety,True,aug_train_04752_0,0.799604058265686,True
test_01049,Anxiety,Anxiety,True,aug_train_05623_1,0.6105589866638184,True
test_01050,Bipolar,Bipolar,True,aug_train_02832_1,0.638599157333374,True
test_01051,Depression,Depression,True,train_00488,0.7519271373748779,False
test_01052,Bipolar,Bipolar,True,aug_train_04643_1,0.8134051561355591,True
test_01053,Normal,Normal,True,train_03193,0.3519675135612488,False
test_01054,Depression,Depression,True,aug_train_02081_1,0.6469385623931885,True
test_01055,Anxiety,Anxiety,True,aug_train_05242_1,0.800369143486023,True
test_01056,Normal,Depression,False,train_05327,0.5270243883132935,False
test_01057,Bipolar,Bipolar,True,train_05607,0.774978518486023,False
test_01058,Normal,Anxiety,False,aug_train_02015_0,0.46873459219932556,True
test_01059,Normal,Normal,True,train_05308,0.5842888355255127,False
test_01060,Anxiety,Anxiety,True,train_02512,0.6011158227920532,False
test_01061,Depression,Depression,True,train_01636,0.47378021478652954,False
test_01062,Normal,Normal,True,train_01104,0.3373771905899048,False
test_01063,Normal,Depression,False,aug_train_05207_1,0.42842763662338257,True
test_01064,Depression,Depression,True,train_04002,0.6677390336990356,False
test_01065,Bipolar,Bipolar,True,aug_train_04878_0,0.6875845193862915,True
test_01066,Anxiety,Anxiety,True,train_00049,0.7675349712371826,False
test_01067,Bipolar,Bipolar,True,aug_train_01798_1,0.6282138228416443,True
test_01068,Normal,Normal,True,train_03577,0.4297444820404053,False
test_01069,Depression,Depression,True,train_05468,0.7744334936141968,False
test_01070,Anxiety,Anxiety,True,aug_train_02569_1,0.6895646452903748,True
test_01071,Depression,Depression,True,train_05777,0.6144993305206299,False
test_01072,Depression,Bipolar,False,aug_train_02845_1,0.7079355716705322,True
test_01073,Normal,Depression,False,aug_train_02251_0,0.6495035290718079,True
test_01074,Anxiety,Anxiety,True,aug_train_04997_0,0.5434457063674927,True
test_01075,Bipolar,Bipolar,True,train_01521,0.7987093925476074,False
test_01076,Normal,Normal,True,aug_train_04098_0,0.33072495460510254,True
test_01077,Bipolar,Depression,False,aug_train_05992_1,0.6416754126548767,True
test_01078,Depression,Depression,True,train_03228,0.8224807977676392,False
test_01079,Depression,Depression,True,train_04360,0.37276631593704224,False
test_01080,Normal,Normal,True,train_03598,0.5030979514122009,False
test_01081,Anxiety,Anxiety,True,aug_train_01340_0,0.74566251039505,True
test_01082,Bipolar,Anxiety,False,train_03238,0.6740850806236267,False
test_01083,Normal,Bipolar,False,train_01691,0.398094117641449,False
test_01084,Normal,Normal,True,train_05649,0.29154300689697266,False
test_01085,Normal,Bipolar,False,train_00070,0.33626824617385864,False
test_01086,Bipolar,Bipolar,True,aug_train_04010_1,0.6141766309738159,True
test_01087,Normal,Depression,False,train_04212,0.4891050457954407,False
test_01088,Bipolar,Depression,False,aug_train_03708_1,0.5897829532623291,True
test_01089,Anxiety,Anxiety,True,train_01426,0.7415518760681152,False
test_01090,Anxiety,Anxiety,True,train_03201,0.6854394674301147,False
test_01091,Bipolar,Bipolar,True,aug_train_05778_0,0.7333356142044067,True
test_01092,Normal,Depression,False,aug_train_02078_0,0.49982136487960815,True
test_01093,Anxiety,Anxiety,True,aug_train_04097_0,0.5744782090187073,True
test_01094,Normal,Normal,True,aug_train_04602_1,0.4413512349128723,True
test_01095,Depression,Depression,True,train_01678,0.760250449180603,False
test_01096,Depression,Anxiety,False,train_02258,0.6507196426391602,False
test_01097,Depression,Depression,True,aug_train_02309_1,0.6728525161743164,True
test_01098,Bipolar,Bipolar,True,train_02895,0.8267272710800171,False
test_01099,Anxiety,Anxiety,True,aug_train_05901_1,0.5375532507896423,True
test_01100,Bipolar,Anxiety,False,train_00240,0.6392521858215332,False
test_01101,Depression,Depression,True,train_04093,0.5481399893760681,False
test_01102,Depression,Depression,True,train_05929,0.6605041027069092,False
test_01103,Depression,Depression,True,aug_train_04522_0,0.6351580619812012,True
test_01104,Normal,Normal,True,aug_train_05986_1,0.5443886518478394,True
test_01105,Anxiety,Anxiety,True,aug_train_04409_1,0.6839561462402344,True
test_01106,Bipolar,Bipolar,True,train_05611,0.784379243850708,False
test_01107,Normal,Normal,True,train_00285,0.486610472202301,False
test_01108,Anxiety,Anxiety,True,train_05518,0.6028050184249878,False
test_01109,Anxiety,Anxiety,True,train_05036,0.6208922266960144,False
test_01110,Depression,Depression,True,aug_train_04572_1,0.7135825753211975,True
test_01111,Depression,Depression,True,train_00898,0.5146361589431763,False
test_01112,Anxiety,Normal,False,aug_train_02099_1,0.6631128787994385,True
test_01113,Bipolar,Depression,False,train_00343,0.6970186829566956,False
test_01114,Anxiety,Anxiety,True,train_05557,0.6221482753753662,False
test_01115,Normal,Normal,True,train_05552,0.37510618567466736,False
test_01116,Bipolar,Bipolar,True,aug_train_04255_0,0.7312338352203369,True
test_01117,Bipolar,Bipolar,True,aug_train_00265_1,0.7191370725631714,True
test_01118,Anxiety,Depression,False,aug_train_05610_1,0.6580982208251953,True
test_01119,Bipolar,Anxiety,False,aug_train_01810_0,0.5976253151893616,True
test_01120,Anxiety,Anxiety,True,train_03990,0.7412644624710083,False
test_01121,Bipolar,Bipolar,True,aug_train_02555_0,0.7769799828529358,True
test_01122,Bipolar,Anxiety,False,aug_train_00715_0,0.6720554828643799,True
test_01123,Bipolar,Anxiety,False,aug_train_05126_0,0.6810464262962341,True
test_01124,Depression,Depression,True,train_02674,0.5672692656517029,False
test_01125,Depression,Anxiety,False,train_01427,0.611935019493103,False
test_01126,Normal,Normal,True,train_02027,0.36653029918670654,False
test_01127,Anxiety,Anxiety,True,aug_train_02989_1,0.6579786539077759,True
test_01128,Normal,Normal,True,train_02365,0.3613011837005615,False
test_01129,Depression,Anxiety,False,aug_train_01341_0,0.7409317493438721,True
test_01130,Depression,Depression,True,train_05046,0.7731783390045166,False
test_01131,Anxiety,Anxiety,True,train_00578,0.6391626596450806,False
test_01132,Bipolar,Anxiety,False,aug_train_00933_0,0.4442053735256195,True
test_01133,Normal,Normal,True,train_03598,0.29287320375442505,False
test_01134,Depression,Depression,True,aug_train_04029_1,0.5953038930892944,True
test_01135,Anxiety,Anxiety,True,aug_train_01034_0,0.6221588850021362,True
test_01136,Normal,Normal,True,train_03845,0.26579105854034424,False
test_01137,Depression,Anxiety,False,aug_train_00448_0,0.4847393035888672,True
test_01138,Depression,Depression,True,aug_train_04086_0,0.5388112664222717,True
test_01139,Depression,Bipolar,False,aug_train_02621_1,0.7201017141342163,True
test_01140,Bipolar,Bipolar,True,train_03567,0.6093689799308777,False
test_01141,Bipolar,Bipolar,True,train_01569,0.7936585545539856,False
test_01142,Anxiety,Anxiety,True,aug_train_02978_0,0.4878857731819153,True
test_01143,Normal,Normal,True,aug_train_02458_0,0.3068864047527313,True
test_01144,Depression,Depression,True,train_02894,0.719957172870636,False
test_01145,Anxiety,Anxiety,True,train_04292,0.7339824438095093,False
test_01146,Depression,Depression,True,aug_train_02114_1,0.7700402736663818,True
test_01147,Anxiety,Anxiety,True,train_04276,0.6855383515357971,False
test_01148,Bipolar,Bipolar,True,aug_train_04833_1,0.6779020428657532,True
test_01149,Normal,Normal,True,aug_train_02431_0,0.3578038215637207,True
test_01150,Bipolar,Bipolar,True,aug_train_03599_0,0.7579797506332397,True
test_01151,Normal,Normal,True,train_03085,0.39030778408050537,False
test_01152,Bipolar,Bipolar,True,train_00232,0.7180599570274353,False
test_01153,Bipolar,Bipolar,True,aug_train_05617_1,0.6981148719787598,True
test_01154,Anxiety,Anxiety,True,train_05919,0.7785111665725708,False
test_01155,Depression,Depression,True,aug_train_05271_0,0.7168999910354614,True
test_01156,Anxiety,Anxiety,True,train_05286,0.6948434710502625,False
test_01157,Bipolar,Bipolar,True,train_04044,0.7302484512329102,False
test_01158,Bipolar,Bipolar,True,aug_train_05235_0,0.5813239812850952,True
test_01159,Bipolar,Depression,False,train_01433,0.7365682125091553,False
test_01160,Bipolar,Bipolar,True,train_00061,0.7927576303482056,False
test_01161,Anxiety,Anxiety,True,train_04450,0.7094581723213196,False
test_01162,Anxiety,Anxiety,True,train_03030,0.7143251895904541,False
test_01163,Bipolar,Bipolar,True,aug_train_04420_1,0.7127227783203125,True
test_01164,Normal,Normal,True,aug_train_05755_1,0.42012643814086914,True
test_01165,Bipolar,Bipolar,True,aug_train_00453_1,0.722493052482605,True
test_01166,Normal,Anxiety,False,aug_train_05767_0,0.4743063747882843,True
test_01167,Depression,Depression,True,aug_train_05511_1,0.6181447505950928,True
test_01168,Anxiety,Anxiety,True,train_02294,0.7578780651092529,False
test_01169,Depression,Depression,True,aug_train_01932_1,0.6606799364089966,True
test_01170,Normal,Normal,True,train_01669,0.4791780710220337,False
test_01171,Normal,Normal,True,aug_train_03955_0,0.3599233627319336,True
test_01172,Depression,Depression,True,train_02340,0.6566564440727234,False
test_01173,Normal,Normal,True,aug_train_02926_1,0.47241950035095215,True
test_01174,Depression,Depression,True,aug_train_02900_1,0.6001220345497131,True
test_01175,Anxiety,Anxiety,True,aug_train_04720_1,0.80500328540802,True
test_01176,Bipolar,Bipolar,True,aug_train_03783_0,0.5347830057144165,True
test_01177,Normal,Anxiety,False,aug_train_04062_0,0.5343272686004639,True
test_01178,Anxiety,Anxiety,True,aug_train_03781_1,0.6822638511657715,True
test_01179,Anxiety,Anxiety,True,train_01247,0.7771949768066406,False
test_01180,Bipolar,Bipolar,True,aug_train_02946_1,0.6967170238494873,True
test_01181,Depression,Bipolar,False,train_02777,0.7693288922309875,False
test_01182,Anxiety,Anxiety,True,aug_train_05326_0,0.5611203908920288,True
test_01183,Normal,Depression,False,train_00670,0.3788759112358093,False
test_01184,Bipolar,Bipolar,True,aug_train_02304_1,0.7729009389877319,True
test_01185,Anxiety,Anxiety,True,train_05134,0.6912734508514404,False
test_01186,Bipolar,Bipolar,True,aug_train_03158_0,0.6817405223846436,True
test_01187,Bipolar,Bipolar,True,aug_train_03017_0,0.7049068212509155,True
test_01188,Depression,Depression,True,aug_train_00055_0,0.5227861404418945,True
test_01189,Bipolar,Bipolar,True,aug_train_00652_0,0.6078555583953857,True
test_01190,Depression,Bipolar,False,aug_train_04420_0,0.7065655589103699,True
test_01191,Depression,Depression,True,aug_train_02855_0,0.6449248790740967,True
test_01192,Bipolar,Anxiety,False,train_00775,0.6457852125167847,False
test_01193,Depression,Depression,True,train_03929,0.7010585069656372,False
test_01194,Depression,Depression,True,train_04012,0.7254421710968018,False
test_01195,Depression,Depression,True,aug_train_01335_0,0.6425466537475586,True
test_01196,Normal,Normal,True,aug_train_03638_1,0.6081669926643372,True
test_01197,Anxiety,Anxiety,True,train_01168,0.7273621559143066,False
test_01198,Anxiety,Anxiety,True,aug_train_05158_1,0.7423934936523438,True
test_01199,Depression,Depression,True,train_03878,0.7462484240531921,False
test_01200,Anxiety,Anxiety,True,train_00585,0.513900876045227,False
test_01201,Anxiety,Anxiety,True,aug_train_00038_1,0.6805863976478577,True
test_01202,Depression,Depression,True,aug_train_00770_1,0.7187970876693726,True
test_01203,Normal,Normal,True,train_00899,0.3883790969848633,False
test_01204,Bipolar,Bipolar,True,train_05140,0.7859697341918945,False
test_01205,Anxiety,Anxiety,True,aug_train_01089_1,0.7807931900024414,True
test_01206,Normal,Normal,True,train_05850,0.46634641289711,False
test_01207,Normal,Normal,True,aug_train_03598_0,0.4147636294364929,True
test_01208,Anxiety,Anxiety,True,aug_train_01606_1,0.7398884892463684,True
test_01209,Anxiety,Anxiety,True,train_03066,0.4440228044986725,False
test_01210,Depression,Depression,True,aug_train_01442_0,0.7549660801887512,True
test_01211,Depression,Depression,True,aug_train_02441_0,0.6813676357269287,True
test_01212,Anxiety,Bipolar,False,train_01469,0.8340765237808228,False
test_01213,Anxiety,Depression,False,train_05105,0.5035603046417236,False
test_01214,Depression,Depression,True,train_01570,0.7570429444313049,False
test_01215,Bipolar,Bipolar,True,aug_train_05940_1,0.8348343968391418,True
test_01216,Normal,Normal,True,aug_train_00774_0,0.4000219702720642,True
test_01217,Normal,Normal,True,aug_train_03577_1,0.4719061255455017,True
test_01218,Normal,Normal,True,aug_train_02452_1,0.34222474694252014,True
test_01219,Depression,Depression,True,train_00541,0.7461786270141602,False
test_01220,Depression,Depression,True,train_01884,0.7596546411514282,False
test_01221,Normal,Anxiety,False,aug_train_04229_1,0.47403058409690857,True
test_01222,Depression,Depression,True,train_01064,0.5666555166244507,False
test_01223,Anxiety,Anxiety,True,train_05043,0.6638534069061279,False
test_01224,Anxiety,Anxiety,True,train_03581,0.6075528860092163,False
test_01225,Bipolar,Bipolar,True,train_02560,0.721402645111084,False
test_01226,Bipolar,Bipolar,True,train_02666,0.6548385620117188,False
test_01227,Depression,Depression,True,train_04036,0.7591812610626221,False
test_01228,Anxiety,Anxiety,True,aug_train_01941_1,0.7135014533996582,True
test_01229,Normal,Bipolar,False,train_02877,0.3854976296424866,False
test_01230,Depression,Depression,True,aug_train_05534_0,0.7138268947601318,True
test_01231,Anxiety,Bipolar,False,aug_train_03909_1,0.6600791811943054,True
test_01232,Depression,Depression,True,train_05605,0.6586145162582397,False
test_01233,Depression,Depression,True,train_02876,0.6600311994552612,False
test_01234,Depression,Depression,True,train_01134,0.7850874066352844,False
test_01235,Depression,Depression,True,train_04055,0.7284727096557617,False
test_01236,Bipolar,Depression,False,aug_train_04576_1,0.6771213412284851,True
test_01237,Depression,Depression,True,train_04054,0.7830698490142822,False
test_01238,Depression,Depression,True,train_02797,0.5126370787620544,False
test_01239,Anxiety,Anxiety,True,aug_train_02349_0,0.645577073097229,True
test_01240,Bipolar,Anxiety,False,aug_train_01972_0,0.4488542079925537,True
test_01241,Depression,Bipolar,False,aug_train_05156_1,0.6971310377120972,True
test_01242,Anxiety,Anxiety,True,train_05043,0.6288613080978394,False
test_01243,Depression,Depression,True,train_00473,0.6343483924865723,False
test_01244,Depression,Depression,True,train_01687,0.5080143213272095,False
test_01245,Depression,Anxiety,False,aug_train_04083_1,0.687059760093689,True
test_01246,Normal,Normal,True,train_04049,0.4081664979457855,False
test_01247,Depression,Depression,True,aug_train_04854_0,0.715028703212738,True
test_01248,Bipolar,Bipolar,True,train_04547,0.7740683555603027,False
test_01249,Anxiety,Anxiety,True,train_00409,0.5230692625045776,False
test_01250,Depression,Depression,True,train_05256,0.706527590751648,False
test_01251,Normal,Normal,True,train_03805,0.4375545084476471,False
test_01252,Bipolar,Bipolar,True,aug_train_04533_0,0.704027533531189,True
test_01253,Bipolar,Bipolar,True,aug_train_01825_0,0.742827296257019,True
test_01254,Anxiety,Anxiety,True,aug_train_04720_1,0.8091220259666443,True
test_01255,Bipolar,Depression,False,train_01433,0.7968009114265442,False
test_01256,Anxiety,Anxiety,True,aug_train_04047_0,0.5880861282348633,True
test_01257,Normal,Normal,True,train_00078,0.38264256715774536,False
test_01258,Normal,Anxiety,False,train_00095,0.5341094136238098,False
test_01259,Depression,Depression,True,aug_train_05718_1,0.5702803134918213,True
test_01260,Anxiety,Anxiety,True,train_00267,0.6985355019569397,False
test_01261,Normal,Normal,True,train_04536,0.4909403324127197,False
test_01262,Normal,Depression,False,aug_train_02378_1,0.41726332902908325,True
test_01263,Anxiety,Anxiety,True,aug_train_05967_0,0.6230072975158691,True
test_01264,Depression,Depression,True,aug_train_01799_1,0.5871528387069702,True
test_01265,Normal,Normal,True,aug_train_05107_1,0.3153529167175293,True
test_01266,Depression,Depression,True,train_05098,0.808050274848938,False
test_01267,Normal,Anxiety,False,train_03967,0.35421258211135864,False
test_01268,Anxiety,Anxiety,True,aug_train_05634_0,0.8010624051094055,True
test_01269,Bipolar,Depression,False,aug_train_02170_1,0.5391955971717834,True
test_01270,Normal,Normal,True,aug_train_02431_1,0.6583825349807739,True
test_01271,Anxiety,Bipolar,False,train_02237,0.6278731822967529,False
test_01272,Normal,Anxiety,False,aug_train_02909_1,0.48311153054237366,True
test_01273,Depression,Depression,True,train_00591,0.5387747883796692,False
test_01274,Anxiety,Anxiety,True,aug_train_03437_1,0.7680882215499878,True
test_01275,Normal,Normal,True,train_00195,0.49059033393859863,False
test_01276,Bipolar,Bipolar,True,train_02985,0.7110185027122498,False
test_01277,Depression,Depression,True,train_04389,0.43344658613204956,False
test_01278,Bipolar,Bipolar,True,train_03893,0.5420560836791992,False
test_01279,Anxiety,Anxiety,True,train_02442,0.6587558388710022,False
test_01280,Anxiety,Anxiety,True,aug_train_01450_1,0.5347325801849365,True
test_01281,Normal,Normal,True,aug_train_01597_1,0.5124717950820923,True
test_01282,Bipolar,Anxiety,False,train_01881,0.7671890258789062,False
test_01283,Bipolar,Depression,False,aug_train_02270_1,0.7222920656204224,True
test_01284,Depression,Anxiety,False,train_02404,0.5902843475341797,False
test_01285,Normal,Depression,False,aug_train_02553_1,0.5315200686454773,True
test_01286,Depression,Depression,True,train_04114,0.8278281688690186,False
test_01287,Anxiety,Anxiety,True,aug_train_00700_1,0.6557620167732239,True
test_01288,Normal,Depression,False,aug_train_00647_0,0.4815788269042969,True
test_01289,Anxiety,Anxiety,True,train_01701,0.6260712146759033,False
test_01290,Normal,Normal,True,train_05541,0.3095906674861908,False
test_01291,Normal,Normal,True,aug_train_00654_0,0.6533552408218384,True
test_01292,Anxiety,Depression,False,aug_train_02323_1,0.7638030648231506,True
test_01293,Normal,Normal,True,train_02312,0.4786593019962311,False
test_01294,Bipolar,Bipolar,True,aug_train_02412_0,0.8344915509223938,True
test_01295,Bipolar,Bipolar,True,aug_train_01149_0,0.8128305077552795,True
test_01296,Normal,Anxiety,False,aug_train_03492_0,0.583048939704895,True
test_01297,Anxiety,Anxiety,True,train_00950,0.7135207653045654,False
test_01298,Depression,Depression,True,train_00904,0.7543559074401855,False
test_01299,Depression,Depression,True,train_01071,0.6565631031990051,False
test_01300,Anxiety,Anxiety,True,aug_train_03816_1,0.7491600513458252,True
test_01301,Bipolar,Depression,False,train_03620,0.5821642279624939,False
test_01302,Depression,Depression,True,train_02215,0.7842658162117004,False
test_01303,Bipolar,Bipolar,True,aug_train_00966_1,0.7494339942932129,True
test_01304,Anxiety,Depression,False,aug_train_04899_0,0.6645283699035645,True
test_01305,Bipolar,Depression,False,aug_train_01651_1,0.6233843564987183,True
test_01306,Normal,Normal,True,train_04662,0.5511695146560669,False
test_01307,Anxiety,Anxiety,True,aug_train_03491_1,0.7126619815826416,True
test_01308,Anxiety,Anxiety,True,aug_train_01897_1,0.7263562679290771,True
test_01309,Bipolar,Bipolar,True,train_04440,0.7522523403167725,False
test_01310,Depression,Depression,True,train_04768,0.7721935510635376,False
test_01311,Bipolar,Depression,False,train_03174,0.7324640154838562,False
test_01312,Anxiety,Anxiety,True,train_03680,0.48558908700942993,False
test_01313,Depression,Depression,True,aug_train_04258_1,0.45536187291145325,True
test_01314,Depression,Depression,True,train_04151,0.6752877235412598,False
test_01315,Anxiety,Depression,False,train_00388,0.7376406192779541,False
test_01316,Depression,Depression,True,aug_train_03798_1,0.5131427645683289,True
test_01317,Bipolar,Bipolar,True,aug_train_01718_0,0.807499885559082,True
test_01318,Bipolar,Bipolar,True,aug_train_04692_1,0.7658708095550537,True
test_01319,Bipolar,Bipolar,True,aug_train_04539_0,0.6566576957702637,True
test_01320,Normal,Depression,False,aug_train_04163_1,0.5882240533828735,True
test_01321,Bipolar,Bipolar,True,aug_train_05969_0,0.7005725502967834,True
test_01322,Depression,Depression,True,aug_train_03121_0,0.577478289604187,True
test_01323,Anxiety,Anxiety,True,train_05789,0.5682372450828552,False
test_01324,Bipolar,Bipolar,True,aug_train_02762_0,0.7520940899848938,True
test_01325,Depression,Bipolar,False,train_02716,0.563105583190918,False
test_01326,Depression,Depression,True,train_02683,0.607841968536377,False
test_01327,Depression,Depression,True,train_05716,0.6928778886795044,False
test_01328,Normal,Normal,True,aug_train_00774_0,0.33265769481658936,True
test_01329,Bipolar,Depression,False,aug_train_00811_1,0.5342392325401306,True
test_01330,Normal,Normal,True,aug_train_02486_0,0.3787597715854645,True
test_01331,Bipolar,Anxiety,False,train_03012,0.48862403631210327,False
test_01332,Anxiety,Bipolar,False,train_04703,0.5572597980499268,False
test_01333,Bipolar,Bipolar,True,train_00884,0.7804893255233765,False
test_01334,Normal,Anxiety,False,aug_train_02488_1,0.41004154086112976,True
test_01335,Depression,Depression,True,aug_train_03197_1,0.637805700302124,True
test_01336,Normal,Normal,True,aug_train_03696_1,0.5962597131729126,True
test_01337,Anxiety,Anxiety,True,aug_train_01684_1,0.6580005884170532,True
test_01338,Bipolar,Bipolar,True,aug_train_00494_1,0.5580812692642212,True
test_01339,Depression,Depression,True,aug_train_00856_1,0.7576884031295776,True
test_01340,Normal,Normal,True,train_03762,0.33782345056533813,False
test_01341,Depression,Depression,True,train_04205,0.6216747760772705,False
test_01342,Bipolar,Bipolar,True,aug_train_02696_1,0.8020702600479126,True
test_01343,Normal,Normal,True,aug_train_02067_1,0.31166940927505493,True
test_01344,Depression,Depression,True,train_02008,0.8221298456192017,False
test_01345,Bipolar,Bipolar,True,aug_train_05139_1,0.6110807657241821,True
test_01346,Normal,Anxiety,False,aug_train_00860_1,0.5795495510101318,True
test_01347,Depression,Bipolar,False,aug_train_02689_0,0.8060934543609619,True
test_01348,Anxiety,Bipolar,False,train_05684,0.6840494871139526,False
test_01349,Depression,Depression,True,aug_train_01414_1,0.7133998870849609,True
test_01350,Bipolar,Bipolar,True,train_02733,0.7088829278945923,False
test_01351,Anxiety,Anxiety,True,train_02498,0.5020370483398438,False
test_01352,Normal,Normal,True,aug_train_01706_1,0.4264701306819916,True
test_01353,Normal,Normal,True,aug_train_05030_1,0.5083224773406982,True
test_01354,Bipolar,Bipolar,True,train_02409,0.7907530069351196,False
test_01355,Depression,Depression,True,train_04924,0.677651047706604,False
test_01356,Depression,Depression,True,train_05614,0.7438540458679199,False
test_01357,Depression,Depression,True,train_01921,0.7206137776374817,False
test_01358,Bipolar,Depression,False,aug_train_05379_1,0.7176166772842407,True
test_01359,Normal,Normal,True,train_02345,0.4753502905368805,False
test_01360,Depression,Depression,True,train_00273,0.5261045694351196,False
test_01361,Depression,Depression,True,aug_train_04454_1,0.6642329692840576,True
test_01362,Normal,Normal,True,train_00467,0.29762721061706543,False
test_01363,Anxiety,Depression,False,aug_train_01094_1,0.7799016833305359,True
test_01364,Bipolar,Bipolar,True,aug_train_00864_0,0.7378708124160767,True
test_01365,Bipolar,Bipolar,True,aug_train_02979_0,0.7623637914657593,True
test_01366,Bipolar,Bipolar,True,aug_train_02696_0,0.7897369861602783,True
test_01367,Bipolar,Bipolar,True,aug_train_00946_0,0.6116230487823486,True
test_01368,Bipolar,Bipolar,True,train_03782,0.7204703092575073,False
test_01369,Normal,Normal,True,aug_train_04072_1,0.44755271077156067,True
test_01370,Anxiety,Depression,False,train_02081,0.6332606077194214,False
test_01371,Anxiety,Anxiety,True,aug_train_05121_1,0.6779603958129883,True
test_01372,Bipolar,Bipolar,True,aug_train_04626_1,0.7440468072891235,True
test_01373,Bipolar,Bipolar,True,train_01507,0.8042619824409485,False
test_01374,Anxiety,Anxiety,True,aug_train_02945_0,0.6893233060836792,True
test_01375,Bipolar,Bipolar,True,train_00779,0.6676269173622131,False
test_01376,Anxiety,Anxiety,True,train_05632,0.7076929807662964,False
test_01377,Normal,Normal,True,aug_train_05960_0,0.29028934240341187,True
test_01378,Anxiety,Anxiety,True,aug_train_00977_0,0.6089928150177002,True
test_01379,Depression,Depression,True,train_01178,0.6220011711120605,False
test_01380,Normal,Normal,True,train_00295,0.42134445905685425,False
test_01381,Depression,Bipolar,False,train_04574,0.5987633466720581,False
test_01382,Depression,Depression,True,train_00392,0.6347463130950928,False
test_01383,Normal,Depression,False,train_01367,0.525149941444397,False
test_01384,Anxiety,Anxiety,True,train_02388,0.7210094928741455,False
test_01385,Bipolar,Depression,False,aug_train_03713_1,0.6344268321990967,True
test_01386,Anxiety,Normal,False,train_01133,0.5799201726913452,False
test_01387,Normal,Normal,True,train_04359,0.5521036386489868,False
test_01388,Depression,Depression,True,train_02658,0.6208007335662842,False
test_01389,Anxiety,Bipolar,False,aug_train_00634_0,0.5579633712768555,True
test_01390,Bipolar,Bipolar,True,train_03433,0.7694531679153442,False
test_01391,Anxiety,Anxiety,True,aug_train_05878_0,0.6949825286865234,True
test_01392,Bipolar,Depression,False,aug_train_05949_1,0.6875147223472595,True
test_01393,Depression,Bipolar,False,aug_train_04314_0,0.6513137817382812,True
test_01394,Depression,Anxiety,False,train_00869,0.6288422346115112,False
test_01395,Anxiety,Anxiety,True,train_01341,0.7169075012207031,False
test_01396,Depression,Depression,True,train_01639,0.6087547540664673,False
test_01397,Depression,Depression,True,train_05141,0.731181263923645,False
test_01398,Depression,Bipolar,False,train_04578,0.7265963554382324,False
test_01399,Depression,Depression,True,train_04018,0.6193132400512695,False
test_01400,Normal,Normal,True,aug_train_05183_0,0.3953540623188019,True
test_01401,Anxiety,Anxiety,True,aug_train_03118_1,0.72188401222229,True
test_01402,Depression,Depression,True,train_02274,0.6826485395431519,False
test_01403,Normal,Normal,True,aug_train_02745_1,0.3657482862472534,True
test_01404,Bipolar,Bipolar,True,aug_train_05938_0,0.737881600856781,True
test_01405,Anxiety,Anxiety,True,aug_train_05771_0,0.7415850162506104,True
test_01406,Depression,Depression,True,train_01442,0.7020131349563599,False
test_01407,Bipolar,Bipolar,True,aug_train_05617_0,0.7331534624099731,True
test_01408,Depression,Depression,True,aug_train_05110_0,0.7636584043502808,True
test_01409,Depression,Depression,True,aug_train_03181_0,0.7023186683654785,True
test_01410,Bipolar,Depression,False,aug_train_03084_0,0.6512831449508667,True
test_01411,Anxiety,Anxiety,True,aug_train_03500_1,0.7355353236198425,True
test_01412,Normal,Bipolar,False,train_02937,0.5349419713020325,False
test_01413,Anxiety,Bipolar,False,train_02715,0.4391579031944275,False
test_01414,Depression,Depression,True,aug_train_03861_1,0.7052560448646545,True
test_01415,Normal,Normal,True,train_03899,0.49112966656684875,False
test_01416,Anxiety,Anxiety,True,aug_train_02151_0,0.6565510630607605,True
test_01417,Anxiety,Anxiety,True,aug_train_05557_0,0.6527168154716492,True
test_01418,Anxiety,Depression,False,aug_train_02876_1,0.7011717557907104,True
test_01419,Depression,Bipolar,False,aug_train_02010_0,0.7050397992134094,True
test_01420,Depression,Depression,True,train_04457,0.7644175291061401,False
test_01421,Bipolar,Bipolar,True,train_02440,0.7945800423622131,False
test_01422,Depression,Depression,True,train_05781,0.7015699744224548,False
test_01423,Bipolar,Bipolar,True,aug_train_01502_0,0.7315771579742432,True
test_01424,Depression,Normal,False,train_03219,0.43208664655685425,False
test_01425,Normal,Normal,True,aug_train_05769_1,0.3485715091228485,True
test_01426,Anxiety,Anxiety,True,aug_train_02675_1,0.5121365189552307,True
test_01427,Anxiety,Anxiety,True,train_05483,0.7360978126525879,False
test_01428,Anxiety,Depression,False,aug_train_00742_0,0.5550749897956848,True
test_01429,Bipolar,Anxiety,False,aug_train_04474_1,0.6361449956893921,True
test_01430,Normal,Normal,True,aug_train_02663_1,0.27908575534820557,True
test_01431,Anxiety,Anxiety,True,train_05134,0.6271259188652039,False
test_01432,Anxiety,Anxiety,True,aug_train_03385_1,0.5718701481819153,True
test_01433,Normal,Normal,True,aug_train_05958_0,0.3949323892593384,True
test_01434,Bipolar,Bipolar,True,train_01469,0.7756280899047852,False
test_01435,Depression,Depression,True,aug_train_03866_0,0.637347936630249,True
test_01436,Bipolar,Bipolar,True,train_02070,0.7883360385894775,False
test_01437,Anxiety,Anxiety,True,train_05878,0.6965608596801758,False
test_01438,Bipolar,Bipolar,True,aug_train_04956_0,0.7064045667648315,True
test_01439,Bipolar,Bipolar,True,aug_train_05590_1,0.7762501239776611,True
test_01440,Normal,Normal,True,train_00674,0.4235145151615143,False
test_01441,Depression,Depression,True,aug_train_03903_1,0.6152430772781372,True
test_01442,Anxiety,Bipolar,False,aug_train_05852_0,0.5992864370346069,True
test_01443,Anxiety,Depression,False,aug_train_01094_1,0.7899995446205139,True
test_01444,Bipolar,Bipolar,True,aug_train_04211_0,0.7301456928253174,True
test_01445,Normal,Normal,True,train_05844,0.4569425582885742,False
test_01446,Normal,Normal,True,train_05886,0.518994927406311,False
test_01447,Normal,Normal,True,aug_train_05720_0,0.4866752028465271,True
test_01448,Normal,Normal,True,aug_train_01193_0,0.43549656867980957,True
test_01449,Anxiety,Anxiety,True,train_02132,0.7153537273406982,False
test_01450,Depression,Depression,True,aug_train_01873_1,0.7326750755310059,True
test_01451,Anxiety,Anxiety,True,train_04941,0.69992995262146,False
test_01452,Bipolar,Depression,False,train_02844,0.499971866607666,False
test_01453,Anxiety,Anxiety,True,train_00131,0.4342632293701172,False
test_01454,Depression,Anxiety,False,train_02864,0.7628271579742432,False
test_01455,Normal,Normal,True,aug_train_03706_1,0.3397892117500305,True
test_01456,Depression,Anxiety,False,aug_train_00180_0,0.7270041704177856,True
test_01457,Bipolar,Bipolar,True,aug_train_00154_1,0.6060479283332825,True
test_01458,Bipolar,Anxiety,False,aug_train_02891_0,0.7132246494293213,True
test_01459,Anxiety,Anxiety,True,aug_train_05530_0,0.6307203769683838,True
test_01460,Normal,Normal,True,train_04849,0.34814590215682983,False
test_01461,Normal,Depression,False,train_04791,0.401140034198761,False
test_01462,Anxiety,Anxiety,True,train_03739,0.711597740650177,False
test_01463,Normal,Normal,True,train_02531,0.5654748678207397,False
test_01464,Anxiety,Anxiety,True,aug_train_02994_1,0.5420407056808472,True
test_01465,Anxiety,Anxiety,True,train_05134,0.5152171850204468,False
test_01466,Normal,Normal,True,aug_train_03864_1,0.6569555997848511,True
test_01467,Bipolar,Bipolar,True,train_05406,0.7844261527061462,False
test_01468,Anxiety,Anxiety,True,aug_train_03400_0,0.7302366495132446,True
test_01469,Bipolar,Bipolar,True,aug_train_02869_1,0.7264629602432251,True
test_01470,Depression,Anxiety,False,train_03631,0.6786720752716064,False
test_01471,Anxiety,Anxiety,True,aug_train_02356_0,0.6556862592697144,True
test_01472,Bipolar,Bipolar,True,aug_train_02304_1,0.7302614450454712,True
test_01473,Depression,Depression,True,train_05929,0.626367449760437,False
test_01474,Normal,Depression,False,train_01491,0.356464147567749,False
test_01475,Bipolar,Bipolar,True,train_02321,0.7049624919891357,False
test_01476,Normal,Normal,True,train_00279,0.6327501535415649,False
test_01477,Depression,Depression,True,aug_train_03608_0,0.4940185844898224,True
test_01478,Anxiety,Anxiety,True,train_02833,0.5664060115814209,False
test_01479,Anxiety,Anxiety,True,train_00130,0.7794169187545776,False
test_01480,Normal,Depression,False,aug_train_01939_0,0.4627528190612793,True
test_01481,Depression,Depression,True,train_00128,0.5755091905593872,False
test_01482,Depression,Anxiety,False,train_05145,0.6764746308326721,False
test_01483,Anxiety,Anxiety,True,train_04125,0.4934057593345642,False
test_01484,Normal,Normal,True,aug_train_05187_1,0.47223299741744995,True
test_01485,Bipolar,Bipolar,True,train_05104,0.7616899013519287,False
test_01486,Anxiety,Anxiety,True,aug_train_04728_0,0.6906827092170715,True
test_01487,Anxiety,Anxiety,True,train_05882,0.8132328987121582,False
test_01488,Normal,Normal,True,aug_train_05734_0,0.38095206022262573,True
test_01489,Anxiety,Anxiety,True,train_05483,0.76980060338974,False
test_01490,Depression,Depression,True,train_02233,0.8109529614448547,False
test_01491,Normal,Normal,True,aug_train_01984_0,0.4135359227657318,True
test_01492,Bipolar,Bipolar,True,aug_train_00110_0,0.8193981647491455,True
test_01493,Bipolar,Bipolar,True,aug_train_05687_1,0.7991603016853333,True
test_01494,Bipolar,Bipolar,True,train_02048,0.7605805397033691,False
test_01495,Anxiety,Anxiety,True,aug_train_02330_1,0.5459364652633667,True
test_01496,Normal,Anxiety,False,aug_train_00981_1,0.39415010809898376,True
test_01497,Bipolar,Bipolar,True,aug_train_02271_1,0.7173683047294617,True
test_01498,Bipolar,Bipolar,True,aug_train_00793_1,0.7082958221435547,True
test_01499,Normal,Anxiety,False,train_01474,0.4460445046424866,False
test_01500,Normal,Normal,True,train_01669,0.5123416185379028,False
test_01501,Bipolar,Bipolar,True,aug_train_04387_1,0.6603119969367981,True
test_01502,Bipolar,Depression,False,train_02760,0.49077659845352173,False
test_01503,Bipolar,Bipolar,True,aug_train_03383_1,0.4617995619773865,True
test_01504,Depression,Depression,True,aug_train_01105_0,0.701606035232544,True
test_01505,Normal,Normal,True,aug_train_01445_1,0.4290009140968323,True
test_01506,Depression,Bipolar,False,train_01477,0.7187186479568481,False
test_01507,Anxiety,Anxiety,True,aug_train_05233_0,0.6616736054420471,True
test_01508,Anxiety,Anxiety,True,aug_train_00041_1,0.6289055347442627,True
test_01509,Anxiety,Anxiety,True,aug_train_00045_0,0.6996221542358398,True
test_01510,Normal,Normal,True,aug_train_04740_1,0.35596978664398193,True
test_01511,Bipolar,Bipolar,True,aug_train_04325_1,0.7081650495529175,True
test_01512,Bipolar,Bipolar,True,aug_train_05825_0,0.8242437839508057,True
test_01513,Anxiety,Anxiety,True,aug_train_01484_0,0.6024153232574463,True
test_01514,Depression,Depression,True,aug_train_01682_0,0.7346429824829102,True
test_01515,Normal,Normal,True,train_03182,0.4947832524776459,False
test_01516,Bipolar,Bipolar,True,aug_train_00485_0,0.7983279228210449,True
test_01517,Normal,Depression,False,aug_train_01099_1,0.46096333861351013,True
test_01518,Normal,Normal,True,train_03562,0.35245633125305176,False
test_01519,Depression,Depression,True,train_05176,0.46233850717544556,False
test_01520,Bipolar,Bipolar,True,train_01091,0.6812032461166382,False
test_01521,Normal,Normal,True,aug_train_02745_1,0.2933269143104553,True
test_01522,Anxiety,Anxiety,True,train_04911,0.5990477800369263,False
test_01523,Anxiety,Anxiety,True,aug_train_05780_0,0.686634361743927,True
test_01524,Anxiety,Anxiety,True,aug_train_03455_1,0.7899335622787476,True
test_01525,Anxiety,Anxiety,True,aug_train_05531_1,0.6377037763595581,True
test_01526,Bipolar,Bipolar,True,train_02260,0.6256896257400513,False
test_01527,Anxiety,Anxiety,True,train_05421,0.672349214553833,False
test_01528,Anxiety,Anxiety,True,aug_train_04339_0,0.7183663845062256,True
test_01529,Bipolar,Bipolar,True,aug_train_02742_1,0.7632862329483032,True
test_01530,Anxiety,Anxiety,True,aug_train_05043_1,0.7238595485687256,True
test_01531,Normal,Normal,True,train_01924,0.5310808420181274,False
test_01532,Normal,Anxiety,False,train_00489,0.37592339515686035,False
test_01533,Normal,Normal,True,aug_train_02684_1,0.4379188120365143,True
test_01534,Normal,Normal,True,aug_train_02865_1,0.40399783849716187,True
test_01535,Depression,Depression,True,train_02876,0.7806403636932373,False
test_01536,Bipolar,Bipolar,True,aug_train_01839_0,0.7940210103988647,True
test_01537,Depression,Depression,True,train_04146,0.7448592185974121,False
test_01538,Bipolar,Bipolar,True,train_00840,0.7715167999267578,False
test_01539,Normal,Normal,True,aug_train_01438_0,0.365024209022522,True
test_01540,Depression,Depression,True,aug_train_00767_1,0.7623401880264282,True
test_01541,Anxiety,Anxiety,True,train_02825,0.7609400749206543,False
test_01542,Depression,Depression,True,aug_train_05610_0,0.6629166603088379,True
test_01543,Bipolar,Bipolar,True,aug_train_02879_1,0.7856284379959106,True
test_01544,Bipolar,Bipolar,True,aug_train_04973_1,0.544988751411438,True
test_01545,Depression,Depression,True,train_03343,0.802457869052887,False
test_01546,Normal,Normal,True,aug_train_04464_1,0.4430214464664459,True
test_01547,Bipolar,Bipolar,True,aug_train_01835_0,0.7714213132858276,True
test_01548,Bipolar,Bipolar,True,train_02541,0.5762704610824585,False
test_01549,Anxiety,Anxiety,True,aug_train_04646_0,0.7990186810493469,True
test_01550,Normal,Normal,True,aug_train_00956_0,0.42891961336135864,True
test_01551,Normal,Normal,True,aug_train_05244_0,0.4562491178512573,True
test_01552,Depression,Depression,True,aug_train_03314_0,0.6131148338317871,True
test_01553,Anxiety,Anxiety,True,aug_train_05060_0,0.672907829284668,True
test_01554,Depression,Depression,True,train_03041,0.6692773699760437,False
test_01555,Anxiety,Anxiety,True,train_03967,0.5973849892616272,False
test_01556,Normal,Normal,True,train_01062,0.305780827999115,False
test_01557,Normal,Bipolar,False,aug_train_01437_0,0.46043145656585693,True
test_01558,Anxiety,Anxiety,True,aug_train_05760_1,0.6205267310142517,True
test_01559,Depression,Depression,True,train_04835,0.5703471899032593,False
test_01560,Normal,Normal,True,train_01051,0.407289981842041,False
test_01561,Depression,Depression,True,train_00392,0.48331403732299805,False
test_01562,Depression,Depression,True,train_01953,0.7783420085906982,False
test_01563,Bipolar,Anxiety,False,aug_train_02891_1,0.6541004180908203,True
test_01564,Depression,Depression,True,train_00069,0.5659494400024414,False
test_01565,Bipolar,Bipolar,True,train_03748,0.695252537727356,False
test_01566,Depression,Depression,True,aug_train_04658_1,0.7430936694145203,True
test_01567,Normal,Depression,False,aug_train_03709_0,0.6287845373153687,True
test_01568,Normal,Bipolar,False,aug_train_04183_0,0.49249061942100525,True
test_01569,Normal,Normal,True,train_01899,0.38447391986846924,False
test_01570,Depression,Bipolar,False,train_02219,0.6562137603759766,False
test_01571,Bipolar,Bipolar,True,train_00963,0.7168172597885132,False
test_01572,Anxiety,Depression,False,train_02613,0.6217855215072632,False
test_01573,Bipolar,Bipolar,True,aug_train_00358_1,0.6001338362693787,True
test_01574,Bipolar,Bipolar,True,aug_train_02395_1,0.8318924903869629,True
test_01575,Bipolar,Bipolar,True,aug_train_03552_1,0.7318025827407837,True
test_01576,Anxiety,Anxiety,True,train_00819,0.5852680206298828,False
test_01577,Bipolar,Bipolar,True,aug_train_02252_0,0.7278681397438049,True
test_01578,Anxiety,Depression,False,aug_train_02876_1,0.7589609622955322,True
test_01579,Anxiety,Normal,False,aug_train_01364_0,0.5585418939590454,True
test_01580,Bipolar,Bipolar,True,train_05428,0.8159667253494263,False
test_01581,Anxiety,Depression,False,aug_train_05685_1,0.6397414207458496,True
test_01582,Anxiety,Anxiety,True,train_04483,0.7510717511177063,False
test_01583,Depression,Depression,True,aug_train_00904_1,0.752205491065979,True
test_01584,Normal,Normal,True,train_01802,0.3789643347263336,False
test_01585,Bipolar,Bipolar,True,aug_train_04074_1,0.7969261407852173,True
test_01586,Normal,Anxiety,False,train_04155,0.5786042213439941,False
test_01587,Depression,Depression,True,aug_train_03861_1,0.5900676250457764,True
test_01588,Bipolar,Bipolar,True,aug_train_00561_0,0.8410496115684509,True
test_01589,Depression,Depression,True,aug_train_05093_1,0.5275163650512695,True
test_01590,Anxiety,Anxiety,True,train_02356,0.7342655658721924,False
test_01591,Anxiety,Depression,False,aug_train_01936_0,0.6928660869598389,True
test_01592,Bipolar,Bipolar,True,train_01867,0.6129786968231201,False
test_01593,Normal,Normal,True,aug_train_01428_0,0.5128360390663147,True
test_01594,Anxiety,Anxiety,True,aug_train_05531_1,0.7911638021469116,True
test_01595,Normal,Normal,True,aug_train_05670_0,0.46892499923706055,True
test_01596,Bipolar,Bipolar,True,train_00567,0.784788966178894,False
test_01597,Bipolar,Bipolar,True,train_01794,0.6992508769035339,False
test_01598,Depression,Depression,True,train_01497,0.5745084285736084,False
test_01599,Anxiety,Anxiety,True,train_00865,0.7146397829055786,False
test_01600,Bipolar,Bipolar,True,aug_train_03965_1,0.5693584680557251,True
test_01601,Bipolar,Bipolar,True,aug_train_02291_0,0.6537032723426819,True
test_01602,Depression,Depression,True,train_03709,0.5323963761329651,False
test_01603,Bipolar,Depression,False,train_02008,0.806318461894989,False
test_01604,Normal,Normal,True,train_02129,0.368478387594223,False
test_01605,Bipolar,Bipolar,True,train_04021,0.6528276205062866,False
test_01606,Anxiety,Anxiety,True,aug_train_03945_1,0.7440285682678223,True
test_01607,Anxiety,Bipolar,False,train_01294,0.5916820764541626,False
test_01608,Normal,Normal,True,aug_train_05937_1,0.3659261167049408,True
test_01609,Anxiety,Anxiety,True,train_02183,0.4018821716308594,False
test_01610,Normal,Bipolar,False,aug_train_00874_1,0.38758665323257446,True
test_01611,Depression,Depression,True,train_03288,0.81798255443573,False
test_01612,Normal,Depression,False,aug_train_04454_0,0.4698704481124878,True
test_01613,Normal,Anxiety,False,train_02368,0.46097326278686523,False
test_01614,Normal,Normal,True,train_04707,0.4327196478843689,False
test_01615,Anxiety,Anxiety,True,aug_train_01753_0,0.42070186138153076,True
test_01616,Anxiety,Anxiety,True,aug_train_04955_1,0.6993120908737183,True
test_01617,Normal,Normal,True,train_00315,0.4172368049621582,False
test_01618,Anxiety,Normal,False,aug_train_03483_1,0.5430164337158203,True
test_01619,Depression,Depression,True,aug_train_01740_0,0.6871856451034546,True
test_01620,Normal,Normal,True,aug_train_03334_0,0.6219537258148193,True
test_01621,Depression,Depression,True,aug_train_01455_0,0.6340881586074829,True
test_01622,Normal,Bipolar,False,aug_train_01437_1,0.5602831840515137,True
test_01623,Depression,Depression,True,train_01767,0.822413444519043,False
test_01624,Anxiety,Anxiety,True,train_01790,0.6008871793746948,False
test_01625,Bipolar,Bipolar,True,aug_train_03151_1,0.8336653709411621,True
test_01626,Bipolar,Bipolar,True,train_05863,0.8714554309844971,False
test_01627,Anxiety,Anxiety,True,train_03110,0.584287166595459,False
test_01628,Depression,Depression,True,aug_train_03393_0,0.7004616856575012,True
test_01629,Anxiety,Anxiety,True,train_04752,0.7674562931060791,False
test_01630,Anxiety,Anxiety,True,aug_train_05882_0,0.5693483352661133,True
test_01631,Anxiety,Anxiety,True,train_04061,0.6849379539489746,False
test_01632,Bipolar,Bipolar,True,aug_train_04754_1,0.5692930221557617,True
test_01633,Anxiety,Anxiety,True,train_02688,0.697958767414093,False
test_01634,Depression,Bipolar,False,aug_train_04426_0,0.721616268157959,True
test_01635,Anxiety,Bipolar,False,train_00344,0.7208748459815979,False
test_01636,Normal,Depression,False,aug_train_00425_0,0.4822717308998108,True
test_01637,Anxiety,Anxiety,True,aug_train_01268_0,0.5258956551551819,True
test_01638,Depression,Depression,True,aug_train_05106_0,0.6667774319648743,True
test_01639,Depression,Depression,True,train_05274,0.6684989929199219,False
test_01640,Depression,Normal,False,aug_train_04304_1,0.4174647927284241,True
test_01641,Anxiety,Anxiety,True,train_05537,0.779613196849823,False
test_01642,Anxiety,Anxiety,True,aug_train_03391_0,0.6319208145141602,True
test_01643,Bipolar,Bipolar,True,train_02165,0.7651098966598511,False
test_01644,Depression,Depression,True,train_01687,0.6373023986816406,False
test_01645,Depression,Depression,True,aug_train_01635_0,0.5797675848007202,True
test_01646,Anxiety,Normal,False,aug_train_02109_0,0.6833326816558838,True
test_01647,Bipolar,Bipolar,True,aug_train_05617_1,0.6951180696487427,True
test_01648,Bipolar,Bipolar,True,train_01258,0.6457000970840454,False
test_01649,Depression,Bipolar,False,aug_train_00442_1,0.8301149606704712,True
test_01650,Bipolar,Anxiety,False,aug_train_01093_0,0.5512993335723877,True
test_01651,Normal,Normal,True,aug_train_05622_0,0.30675897002220154,True
test_01652,Normal,Bipolar,False,train_01437,0.5550652742385864,False
test_01653,Anxiety,Anxiety,True,train_02370,0.8268735408782959,False
test_01654,Normal,Anxiety,False,aug_train_01447_1,0.45595860481262207,True
test_01655,Normal,Depression,False,train_05028,0.4427010416984558,False
test_01656,Depression,Depression,True,aug_train_04225_0,0.6381993889808655,True
test_01657,Bipolar,Bipolar,True,aug_train_05210_0,0.6706655621528625,True
test_01658,Depression,Depression,True,train_04791,0.4724535346031189,False
test_01659,Depression,Depression,True,train_02003,0.648635745048523,False
test_01660,Normal,Normal,True,aug_train_05818_0,0.5580719709396362,True
test_01661,Bipolar,Bipolar,True,train_02311,0.7014046907424927,False
test_01662,Bipolar,Bipolar,True,aug_train_03643_1,0.6129626631736755,True
test_01663,Anxiety,Depression,False,aug_train_01628_0,0.6477597951889038,True
test_01664,Bipolar,Bipolar,True,aug_train_04415_1,0.774880051612854,True
test_01665,Depression,Depression,True,train_05669,0.8254547119140625,False
test_01666,Normal,Normal,True,aug_train_01779_1,0.3764021098613739,True
test_01667,Normal,Normal,True,aug_train_05385_0,0.31546035408973694,True
test_01668,Anxiety,Anxiety,True,aug_train_05272_1,0.5963343381881714,True
test_01669,Bipolar,Bipolar,True,aug_train_05825_0,0.7844353914260864,True
test_01670,Normal,Bipolar,False,train_04542,0.38161855936050415,False
test_01671,Anxiety,Anxiety,True,aug_train_04368_0,0.7900984287261963,True
test_01672,Bipolar,Bipolar,True,train_01082,0.6984362602233887,False
test_01673,Anxiety,Anxiety,True,train_03873,0.6765748262405396,False
test_01674,Normal,Normal,True,aug_train_04072_1,0.36103469133377075,True
test_01675,Anxiety,Anxiety,True,train_00243,0.6595985293388367,False
test_01676,Anxiety,Anxiety,True,train_01124,0.6440512537956238,False
test_01677,Depression,Depression,True,train_04102,0.6411857604980469,False
test_01678,Normal,Anxiety,False,aug_train_03665_0,0.39979878067970276,True
test_01679,Depression,Depression,True,train_04206,0.7040646076202393,False
test_01680,Bipolar,Anxiety,False,train_03730,0.723966121673584,False
test_01681,Normal,Normal,True,train_04285,0.4953559935092926,False
test_01682,Normal,Depression,False,aug_train_05057_1,0.4206845760345459,True
test_01683,Anxiety,Anxiety,True,train_05437,0.7085040807723999,False
test_01684,Bipolar,Anxiety,False,train_01475,0.6897661089897156,False
test_01685,Bipolar,Normal,False,aug_train_00972_1,0.4780784249305725,True
test_01686,Bipolar,Bipolar,True,aug_train_02177_1,0.6609822511672974,True
test_01687,Anxiety,Anxiety,True,aug_train_01735_0,0.6773337125778198,True
test_01688,Anxiety,Depression,False,train_02055,0.613984227180481,False
test_01689,Bipolar,Anxiety,False,aug_train_01726_0,0.34862440824508667,True
test_01690,Depression,Depression,True,train_00370,0.6757351160049438,False
test_01691,Normal,Depression,False,train_04822,0.6448248624801636,False
test_01692,Bipolar,Bipolar,True,train_00136,0.7895709276199341,False
test_01693,Normal,Normal,True,train_03390,0.3378148078918457,False
test_01694,Bipolar,Depression,False,aug_train_05165_1,0.8252897262573242,True
test_01695,Depression,Depression,True,train_05796,0.6972746849060059,False
test_01696,Bipolar,Bipolar,True,train_03071,0.8060305118560791,False
test_01697,Bipolar,Bipolar,True,train_04035,0.6010376214981079,False
test_01698,Depression,Depression,True,aug_train_01628_1,0.6609798669815063,True
test_01699,Anxiety,Anxiety,True,aug_train_00028_1,0.5023254156112671,True
test_01700,Depression,Depression,True,train_04114,0.7357090711593628,False
test_01701,Normal,Normal,True,aug_train_01266_0,0.4345993101596832,True
test_01702,Depression,Depression,True,train_03558,0.8160911798477173,False
test_01703,Normal,Bipolar,False,aug_train_02359_0,0.3749561309814453,True
test_01704,Anxiety,Anxiety,True,aug_train_04803_0,0.7077239155769348,True
test_01705,Depression,Depression,True,train_00986,0.6948482990264893,False
test_01706,Bipolar,Bipolar,True,train_02630,0.7060657739639282,False
test_01707,Depression,Depression,True,aug_train_05758_0,0.6126370429992676,True
test_01708,Bipolar,Bipolar,True,aug_train_05041_1,0.7962464094161987,True
test_01709,Normal,Normal,True,train_01829,0.3023252487182617,False
test_01710,Normal,Bipolar,False,aug_train_02291_0,0.36039724946022034,True
test_01711,Normal,Anxiety,False,train_01396,0.3373599648475647,False
test_01712,Bipolar,Depression,False,aug_train_04582_0,0.5335007905960083,True
test_01713,Depression,Depression,True,train_01456,0.5602655410766602,False
test_01714,Depression,Depression,True,aug_train_03794_1,0.795768678188324,True
test_01715,Depression,Depression,True,train_00370,0.6386063098907471,False
test_01716,Anxiety,Anxiety,True,train_04777,0.5745021104812622,False
test_01717,Bipolar,Bipolar,True,aug_train_05740_1,0.7717742919921875,True
test_01718,Depression,Depression,True,aug_train_05236_1,0.6415300965309143,True
test_01719,Depression,Depression,True,aug_train_02918_1,0.8091673851013184,True
test_01720,Depression,Depression,True,aug_train_05160_1,0.6460716724395752,True
test_01721,Normal,Normal,True,aug_train_00899_1,0.4005144536495209,True
test_01722,Normal,Normal,True,train_02975,0.4295482039451599,False
test_01723,Depression,Depression,True,train_03314,0.7079925537109375,False
test_01724,Depression,Depression,True,train_04113,0.6372106671333313,False
test_01725,Depression,Anxiety,False,train_03524,0.5540280938148499,False
test_01726,Depression,Depression,True,train_01742,0.7753199934959412,False
test_01727,Bipolar,Bipolar,True,aug_train_00453_0,0.770905613899231,True
test_01728,Normal,Depression,False,aug_train_02037_0,0.3957633376121521,True
test_01729,Normal,Normal,True,train_04186,0.39043116569519043,False
test_01730,Anxiety,Anxiety,True,train_01043,0.70536208152771,False
test_01731,Normal,Anxiety,False,aug_train_02368_0,0.4727126359939575,True
test_01732,Depression,Depression,True,aug_train_03550_1,0.6336419582366943,True
test_01733,Bipolar,Bipolar,True,aug_train_03458_1,0.7954180240631104,True
test_01734,Normal,Normal,True,train_05553,0.380013644695282,False
test_01735,Depression,Depression,True,aug_train_01049_1,0.4633309841156006,True
test_01736,Normal,Normal,True,train_00850,0.4953804016113281,False
test_01737,Bipolar,Bipolar,True,aug_train_04731_1,0.8149874806404114,True
test_01738,Anxiety,Anxiety,True,train_03100,0.7243919372558594,False
test_01739,Depression,Depression,True,aug_train_03583_1,0.6364759802818298,True
test_01740,Depression,Bipolar,False,train_02241,0.6446515321731567,False
test_01741,Depression,Depression,True,aug_train_05047_1,0.7147282361984253,True
test_01742,Anxiety,Depression,False,aug_train_01859_1,0.49298131465911865,True
test_01743,Bipolar,Bipolar,True,aug_train_03911_1,0.7682604789733887,True
test_01744,Anxiety,Anxiety,True,aug_train_01992_0,0.6499900817871094,True
test_01745,Bipolar,Depression,False,train_05274,0.7532508373260498,False
test_01746,Normal,Normal,True,train_03899,0.4532446563243866,False
test_01747,Anxiety,Anxiety,True,train_01566,0.6157354116439819,False
test_01748,Bipolar,Bipolar,True,train_03567,0.6303582191467285,False
test_01749,Normal,Normal,True,train_00200,0.41650819778442383,False
test_01750,Depression,Normal,False,train_01233,0.3887230157852173,False
test_01751,Anxiety,Anxiety,True,aug_train_00280_1,0.553022027015686,True
test_01752,Normal,Normal,True,train_04230,0.41051578521728516,False
test_01753,Bipolar,Depression,False,aug_train_00055_0,0.6951202154159546,True
test_01754,Normal,Normal,True,train_02897,0.3815532922744751,False
test_01755,Normal,Normal,True,train_03139,0.29085439443588257,False
test_01756,Bipolar,Bipolar,True,aug_train_04268_0,0.7304723858833313,True
test_01757,Anxiety,Anxiety,True,train_00711,0.5364221930503845,False
test_01758,Depression,Bipolar,False,train_04852,0.49453502893447876,False
test_01759,Normal,Depression,False,train_01976,0.5277668237686157,False
test_01760,Normal,Normal,True,train_04532,0.423568993806839,False
test_01761,Anxiety,Anxiety,True,train_02973,0.6075938940048218,False
test_01762,Depression,Anxiety,False,train_00409,0.535973072052002,False
test_01763,Normal,Normal,True,aug_train_02244_1,0.6500036716461182,True
test_01764,Depression,Depression,True,aug_train_05207_1,0.6929038166999817,True
test_01765,Anxiety,Depression,False,aug_train_02876_1,0.7827073335647583,True
test_01766,Anxiety,Anxiety,True,aug_train_04592_1,0.7277590036392212,True
test_01767,Anxiety,Anxiety,True,aug_train_02370_0,0.82502681016922,True
test_01768,Normal,Normal,True,train_02521,0.3525053858757019,False
test_01769,Normal,Normal,True,aug_train_00524_1,0.6021307706832886,True
test_01770,Depression,Depression,True,aug_train_03181_0,0.8345947265625,True
test_01771,Depression,Depression,True,train_04932,0.6750499606132507,False
test_01772,Anxiety,Anxiety,True,aug_train_04794_1,0.6478822827339172,True
test_01773,Depression,Depression,True,train_00374,0.7956127524375916,False
test_01774,Normal,Normal,True,train_03166,0.3381788730621338,False
test_01775,Depression,Depression,True,train_01596,0.7286775708198547,False
test_01776,Bipolar,Bipolar,True,train_05231,0.685269832611084,False
test_01777,Bipolar,Bipolar,True,aug_train_01895_0,0.8059064149856567,True
test_01778,Normal,Bipolar,False,aug_train_00788_0,0.3531501293182373,True
test_01779,Bipolar,Bipolar,True,aug_train_05544_0,0.762093186378479,True
test_01780,Bipolar,Bipolar,True,aug_train_00919_1,0.6978604793548584,True
test_01781,Depression,Depression,True,train_05141,0.7113608121871948,False
test_01782,Normal,Normal,True,aug_train_01945_1,0.4091796875,True
test_01783,Normal,Normal,True,aug_train_04215_0,0.5192471742630005,True
test_01784,Anxiety,Anxiety,True,train_01247,0.8178084492683411,False
test_01785,Bipolar,Bipolar,True,train_05621,0.6285872459411621,False
test_01786,Anxiety,Anxiety,True,train_03002,0.5681812167167664,False
test_01787,Bipolar,Bipolar,True,train_05058,0.6049978733062744,False
test_01788,Bipolar,Depression,False,aug_train_04142_0,0.49704092741012573,True
test_01789,Bipolar,Bipolar,True,aug_train_01627_1,0.6700618863105774,True
test_01790,Normal,Normal,True,train_03176,0.3262418508529663,False
test_01791,Bipolar,Depression,False,train_04576,0.6364850997924805,False
test_01792,Bipolar,Bipolar,True,train_05589,0.7849358320236206,False
test_01793,Depression,Depression,True,train_02692,0.7023414373397827,False
test_01794,Anxiety,Anxiety,True,aug_train_00700_1,0.7184398174285889,True
test_01795,Bipolar,Bipolar,True,aug_train_01532_0,0.6415814161300659,True
test_01796,Bipolar,Depression,False,aug_train_02323_1,0.7940172553062439,True
test_01797,Normal,Normal,True,aug_train_04612_0,0.5448309183120728,True
test_01798,Anxiety,Anxiety,True,train_01342,0.7944307327270508,False
test_01799,Anxiety,Bipolar,False,train_01021,0.6285866498947144,False
test_01800,Bipolar,Depression,False,train_05707,0.6550158858299255,False
test_01801,Anxiety,Anxiety,True,aug_train_05249_0,0.6791775226593018,True
test_01802,Anxiety,Anxiety,True,train_03112,0.6531301736831665,False
test_01803,Anxiety,Anxiety,True,train_05774,0.6405566930770874,False
test_01804,Depression,Normal,False,aug_train_05673_0,0.4151960015296936,True
test_01805,Anxiety,Anxiety,True,train_01685,0.5751956105232239,False
test_01806,Depression,Depression,True,train_02233,0.7870705127716064,False
test_01807,Bipolar,Bipolar,True,aug_train_04325_0,0.6595518589019775,True
test_01808,Normal,Normal,True,train_05514,0.4684574007987976,False
test_01809,Normal,Normal,True,train_01255,0.2925001084804535,False
test_01810,Normal,Anxiety,False,aug_train_00571_1,0.5315039753913879,True
test_01811,Depression,Depression,True,train_03908,0.782926619052887,False
test_01812,Normal,Normal,True,aug_train_04445_1,0.24227765202522278,True
test_01813,Anxiety,Anxiety,True,train_01577,0.6596896648406982,False
test_01814,Depression,Depression,True,train_04665,0.7604320049285889,False
test_01815,Normal,Normal,True,train_05576,0.3109598755836487,False
test_01816,Normal,Normal,True,train_04787,0.7179913520812988,False
test_01817,Anxiety,Anxiety,True,aug_train_04046_0,0.5181477069854736,True
test_01818,Bipolar,Bipolar,True,train_02177,0.6666170954704285,False
test_01819,Anxiety,Depression,False,aug_train_03167_0,0.7687509655952454,True
test_01820,Bipolar,Bipolar,True,train_03519,0.7904064655303955,False
test_01821,Normal,Normal,True,train_02281,0.364129900932312,False
test_01822,Anxiety,Anxiety,True,train_04235,0.6911535263061523,False
test_01823,Normal,Normal,True,train_04537,0.3668460249900818,False
test_01824,Anxiety,Anxiety,True,train_03080,0.7201528549194336,False
test_01825,Normal,Depression,False,train_05567,0.3243098556995392,False
test_01826,Bipolar,Bipolar,True,aug_train_04920_1,0.7769663333892822,True
test_01827,Normal,Anxiety,False,train_01026,0.5320422649383545,False
test_01828,Depression,Anxiety,False,aug_train_03282_1,0.6285485625267029,True
test_01829,Depression,Depression,True,aug_train_05949_1,0.7711392045021057,True
test_01830,Normal,Normal,True,aug_train_01836_1,0.47113239765167236,True
test_01831,Depression,Depression,True,aug_train_04927_1,0.6233257055282593,True
test_01832,Anxiety,Anxiety,True,aug_train_02858_0,0.537173867225647,True
test_01833,Depression,Bipolar,False,train_02460,0.6098823547363281,False
test_01834,Depression,Depression,True,aug_train_02473_1,0.7635733485221863,True
test_01835,Depression,Depression,True,aug_train_05743_0,0.5480451583862305,True
test_01836,Depression,Depression,True,train_02160,0.6724072098731995,False
test_01837,Anxiety,Anxiety,True,train_03718,0.8108259439468384,False
test_01838,Anxiety,Normal,False,aug_train_02527_0,0.5309773683547974,True
test_01839,Bipolar,Bipolar,True,aug_train_00335_1,0.7107776403427124,True
test_01840,Bipolar,Depression,False,aug_train_01055_0,0.7616726160049438,True
test_01841,Bipolar,Bipolar,True,aug_train_01350_1,0.5667591094970703,True
test_01842,Bipolar,Bipolar,True,aug_train_03711_1,0.770703136920929,True
test_01843,Bipolar,Bipolar,True,aug_train_05429_0,0.5890880823135376,True
test_01844,Bipolar,Depression,False,aug_train_04253_1,0.7163683176040649,True
test_01845,Bipolar,Bipolar,True,aug_train_04440_0,0.8547042608261108,True
test_01846,Normal,Normal,True,train_04968,0.3389225900173187,False
test_01847,Depression,Depression,True,train_00767,0.7729721069335938,False
test_01848,Bipolar,Bipolar,True,aug_train_01111_0,0.6877803802490234,True
test_01849,Normal,Normal,True,train_04291,0.4084106683731079,False
test_01850,Depression,Depression,True,train_01347,0.798545241355896,False
test_01851,Normal,Normal,True,aug_train_05474_0,0.4121164083480835,True
test_01852,Bipolar,Depression,False,train_01053,0.7728716135025024,False
test_01853,Depression,Depression,True,train_04252,0.8009250164031982,False
test_01854,Anxiety,Depression,False,train_03014,0.6235333681106567,False
test_01855,Depression,Depression,True,train_02686,0.6275488138198853,False
test_01856,Anxiety,Anxiety,True,aug_train_05658_1,0.6980820894241333,True
test_01857,Normal,Normal,True,aug_train_03020_1,0.34491094946861267,True
test_01858,Normal,Normal,True,aug_train_00774_0,0.42833074927330017,True
test_01859,Bipolar,Bipolar,True,aug_train_05034_0,0.7328901290893555,True
test_01860,Anxiety,Anxiety,True,aug_train_05194_1,0.7391619682312012,True
test_01861,Anxiety,Depression,False,train_04786,0.6549935340881348,False
test_01862,Bipolar,Bipolar,True,aug_train_05615_0,0.7757270336151123,True
test_01863,Depression,Depression,True,train_02855,0.7674460411071777,False
test_01864,Depression,Depression,True,train_03395,0.6767309904098511,False
test_01865,Bipolar,Bipolar,True,aug_train_05746_1,0.7425829172134399,True
test_01866,Bipolar,Bipolar,True,aug_train_01883_1,0.77751624584198,True
test_01867,Normal,Normal,True,aug_train_01364_1,0.30851995944976807,True
test_01868,Anxiety,Anxiety,True,train_03904,0.7503982782363892,False
test_01869,Depression,Depression,True,train_01574,0.5658707022666931,False
test_01870,Depression,Anxiety,False,train_03637,0.6450541019439697,False
test_01871,Anxiety,Anxiety,True,train_04246,0.7635138034820557,False
test_01872,Anxiety,Bipolar,False,train_00863,0.5741245746612549,False
test_01873,Normal,Normal,True,train_05508,0.45845288038253784,False
test_01874,Normal,Anxiety,False,train_01269,0.3450404405593872,False
test_01875,Bipolar,Bipolar,True,aug_train_05981_0,0.7017985582351685,True
test_01876,Anxiety,Anxiety,True,train_00948,0.6926373243331909,False
test_01877,Depression,Depression,True,train_03888,0.459344744682312,False
test_01878,Depression,Depression,True,aug_train_04819_1,0.5203725695610046,True
test_01879,Normal,Normal,True,train_03467,0.4597802758216858,False
test_01880,Bipolar,Bipolar,True,aug_train_00864_0,0.874615490436554,True
test_01881,Normal,Anxiety,False,aug_train_00079_1,0.4014982581138611,True
test_01882,Normal,Bipolar,False,aug_train_05149_0,0.47733163833618164,True
test_01883,Normal,Anxiety,False,aug_train_01089_1,0.41646069288253784,True
test_01884,Depression,Depression,True,train_00112,0.6558349132537842,False
test_01885,Anxiety,Anxiety,True,train_00679,0.5621167421340942,False
test_01886,Normal,Depression,False,train_01523,0.35433101654052734,False
test_01887,Bipolar,Bipolar,True,aug_train_03286_1,0.7104026079177856,True
test_01888,Normal,Normal,True,train_00669,0.36403486132621765,False
test_01889,Bipolar,Bipolar,True,aug_train_04074_0,0.6710145473480225,True
test_01890,Bipolar,Bipolar,True,aug_train_03820_0,0.7564394474029541,True
test_01891,Depression,Depression,True,train_03856,0.7350550293922424,False
test_01892,Anxiety,Anxiety,True,aug_train_01192_1,0.6454585790634155,True
test_01893,Normal,Normal,True,aug_train_04187_1,0.40075284242630005,True
test_01894,Normal,Normal,True,train_04507,0.4761645197868347,False
test_01895,Normal,Normal,True,train_03953,0.3375561237335205,False
test_01896,Normal,Depression,False,aug_train_01687_0,0.5437976717948914,True
test_01897,Anxiety,Normal,False,train_04514,0.5108245015144348,False
test_01898,Anxiety,Anxiety,True,aug_train_01043_1,0.7713401913642883,True
test_01899,Anxiety,Bipolar,False,train_04589,0.4615960717201233,False
test_01900,Bipolar,Bipolar,True,train_03452,0.7331896424293518,False
test_01901,Depression,Anxiety,False,aug_train_01093_1,0.7279844284057617,True
test_01902,Normal,Depression,False,aug_train_03950_0,0.5852363705635071,True
test_01903,Anxiety,Anxiety,True,aug_train_01917_0,0.509676992893219,True
test_01904,Anxiety,Anxiety,True,train_02362,0.601632833480835,False
test_01905,Bipolar,Anxiety,False,train_00601,0.627447247505188,False
test_01906,Normal,Normal,True,aug_train_00246_1,0.3487887978553772,True
test_01907,Bipolar,Bipolar,True,train_03273,0.6029462218284607,False
test_01908,Anxiety,Anxiety,True,train_01247,0.7345645427703857,False
test_01909,Depression,Depression,True,train_02532,0.45623117685317993,False
test_01910,Depression,Depression,True,aug_train_01608_1,0.6859588027000427,True
test_01911,Anxiety,Anxiety,True,train_00161,0.6039811968803406,False
test_01912,Anxiety,Anxiety,True,train_01819,0.8172457218170166,False
test_01913,Anxiety,Anxiety,True,aug_train_00735_1,0.6658127307891846,True
test_01914,Bipolar,Bipolar,True,train_01587,0.6596760153770447,False
test_01915,Anxiety,Anxiety,True,aug_train_02269_1,0.47380781173706055,True
test_01916,Anxiety,Anxiety,True,train_01168,0.7014429569244385,False
test_01917,Depression,Depression,True,train_04132,0.6813746690750122,False
test_01918,Bipolar,Bipolar,True,train_01605,0.6487581133842468,False
test_01919,Anxiety,Anxiety,True,train_00399,0.7391810417175293,False
test_01920,Normal,Anxiety,False,aug_train_00133_1,0.45491158962249756,True
test_01921,Normal,Normal,True,train_04688,0.4398350715637207,False
test_01922,Depression,Depression,True,train_01623,0.6885733604431152,False
test_01923,Anxiety,Anxiety,True,aug_train_00420_1,0.6072701215744019,True
test_01924,Anxiety,Anxiety,True,aug_train_05221_1,0.5750232934951782,True
test_01925,Depression,Depression,True,train_03344,0.7889384031295776,False
test_01926,Anxiety,Anxiety,True,aug_train_00059_0,0.6452891826629639,True
test_01927,Anxiety,Depression,False,aug_train_02393_0,0.545243501663208,True
test_01928,Anxiety,Anxiety,True,aug_train_00933_0,0.5775070786476135,True
test_01929,Anxiety,Anxiety,True,train_01969,0.6502028703689575,False
test_01930,Depression,Anxiety,False,train_03154,0.4868750274181366,False
test_01931,Normal,Normal,True,train_01824,0.3553573191165924,False
test_01932,Anxiety,Anxiety,True,train_01080,0.6729135513305664,False
test_01933,Bipolar,Bipolar,True,aug_train_02241_1,0.8046320676803589,True
test_01934,Normal,Normal,True,train_05720,0.45945271849632263,False
test_01935,Depression,Depression,True,aug_train_02114_1,0.7864304184913635,True
test_01936,Anxiety,Bipolar,False,train_01417,0.5192183256149292,False
test_01937,Normal,Normal,True,train_03841,0.5398437976837158,False
test_01938,Normal,Bipolar,False,train_04204,0.5169100165367126,False
test_01939,Normal,Normal,True,train_05730,0.3931511342525482,False
test_01940,Normal,Normal,True,train_05883,0.29140958189964294,False
test_01941,Bipolar,Bipolar,True,aug_train_05372_1,0.7453011274337769,True
test_01942,Anxiety,Anxiety,True,aug_train_01891_0,0.5532194375991821,True
test_01943,Normal,Normal,True,aug_train_02624_0,0.41950589418411255,True
test_01944,Normal,Normal,True,aug_train_00900_1,0.5990912914276123,True
test_01945,Anxiety,Anxiety,True,train_00267,0.7398592829704285,False
test_01946,Bipolar,Bipolar,True,aug_train_03476_0,0.6983633637428284,True
test_01947,Depression,Depression,True,train_03588,0.5433077216148376,False
test_01948,Anxiety,Anxiety,True,train_00835,0.6016303896903992,False
test_01949,Normal,Normal,True,train_02568,0.550133466720581,False
test_01950,Depression,Depression,True,train_03314,0.6370537281036377,False
test_01951,Bipolar,Bipolar,True,aug_train_01502_0,0.7086306810379028,True
test_01952,Depression,Depression,True,train_03950,0.7820472717285156,False
test_01953,Anxiety,Anxiety,True,train_05117,0.6270636916160583,False
test_01954,Bipolar,Bipolar,True,aug_train_03493_0,0.6617465019226074,True
test_01955,Depression,Depression,True,train_04706,0.6482214331626892,False
test_01956,Anxiety,Anxiety,True,train_01342,0.6040042042732239,False
test_01957,Anxiety,Normal,False,aug_train_05447_1,0.47541344165802,True
test_01958,Depression,Anxiety,False,aug_train_01815_0,0.5256893634796143,True
test_01959,Bipolar,Bipolar,True,aug_train_00384_1,0.6909310221672058,True
test_01960,Bipolar,Anxiety,False,train_04803,0.6006647944450378,False
test_01961,Anxiety,Anxiety,True,aug_train_03022_0,0.6473211050033569,True
test_01962,Anxiety,Anxiety,True,aug_train_00267_0,0.6967485547065735,True
test_01963,Normal,Normal,True,aug_train_03953_1,0.33851373195648193,True
test_01964,Normal,Bipolar,False,aug_train_00383_1,0.2775631546974182,True
test_01965,Depression,Depression,True,aug_train_00374_1,0.7528266906738281,True
test_01966,Anxiety,Anxiety,True,aug_train_05752_0,0.6715617179870605,True
test_01967,Bipolar,Bipolar,True,aug_train_00773_0,0.6864160299301147,True
test_01968,Depression,Depression,True,aug_train_02482_1,0.4421941041946411,True
test_01969,Normal,Normal,True,aug_train_02255_1,0.3491029143333435,True
test_01970,Anxiety,Anxiety,True,aug_train_02386_1,0.622081995010376,True
test_01971,Depression,Depression,True,train_02510,0.6747766137123108,False
test_01972,Depression,Depression,True,train_02396,0.6392120718955994,False
test_01973,Anxiety,Anxiety,True,aug_train_04189_1,0.6829007863998413,True
test_01974,Depression,Depression,True,aug_train_04327_0,0.5217653512954712,True
test_01975,Depression,Depression,True,aug_train_03775_1,0.7456190586090088,True
test_01976,Anxiety,Normal,False,train_03315,0.5722190141677856,False
test_01977,Bipolar,Bipolar,True,aug_train_00615_0,0.6720666289329529,True
test_01978,Bipolar,Bipolar,True,aug_train_03000_0,0.6612377166748047,True
test_01979,Bipolar,Bipolar,True,aug_train_01526_1,0.48030775785446167,True
test_01980,Depression,Depression,True,train_01236,0.7272677421569824,False
test_01981,Depression,Depression,True,train_02422,0.8028604388237,False
test_01982,Normal,Normal,True,train_03411,0.4712735116481781,False
test_01983,Normal,Normal,True,train_00385,0.5778084993362427,False
test_01984,Normal,Anxiety,False,train_04303,0.617850661277771,False
test_01985,Bipolar,Bipolar,True,train_02412,0.8554767370223999,False
test_01986,Bipolar,Bipolar,True,aug_train_01604_1,0.7297194004058838,True
test_01987,Bipolar,Bipolar,True,train_04771,0.5159598588943481,False
test_01988,Depression,Depression,True,train_00019,0.7497682571411133,False
test_01989,Normal,Normal,True,train_01600,0.4257349669933319,False
test_01990,Normal,Bipolar,False,aug_train_04249_0,0.40497347712516785,True
test_01991,Normal,Normal,True,train_03348,0.38911354541778564,False
test_01992,Normal,Normal,True,aug_train_05883_0,0.5911744832992554,True
test_01993,Normal,Depression,False,aug_train_04357_0,0.296701043844223,True
test_01994,Bipolar,Bipolar,True,train_03529,0.8320746421813965,False
test_01995,Bipolar,Depression,False,aug_train_00456_1,0.7966035604476929,True
test_01996,Anxiety,Anxiety,True,aug_train_02021_0,0.8384081125259399,True
test_01997,Anxiety,Anxiety,True,train_04856,0.7045944929122925,False
test_01998,Depression,Depression,True,train_01789,0.5961463451385498,False
test_01999,Anxiety,Anxiety,True,train_01855,0.6231801509857178,False
test_02000,Normal,Normal,True,aug_train_04612_0,0.3121834993362427,True
test_02001,Normal,Normal,True,aug_train_03213_1,0.5214706659317017,True
test_02002,Depression,Normal,False,aug_train_03114_1,0.5425293445587158,True
test_02003,Depression,Depression,True,train_00759,0.5485049486160278,False
test_02004,Bipolar,Bipolar,True,train_01718,0.7714717388153076,False
test_02005,Normal,Normal,True,train_03666,0.2817421853542328,False
test_02006,Bipolar,Bipolar,True,train_02237,0.601938009262085,False
test_02007,Bipolar,Bipolar,True,train_02016,0.7713171243667603,False
test_02008,Bipolar,Bipolar,True,aug_train_00989_1,0.7689363956451416,True
test_02009,Anxiety,Normal,False,aug_train_00144_1,0.4951927363872528,True
test_02010,Anxiety,Anxiety,True,aug_train_00762_0,0.49413299560546875,True
test_02011,Anxiety,Anxiety,True,train_01263,0.6162626147270203,False
test_02012,Normal,Anxiety,False,aug_train_01528_1,0.31495392322540283,True
test_02013,Normal,Normal,True,train_01068,0.32503756880760193,False
test_02014,Normal,Normal,True,aug_train_00303_1,0.524915337562561,True
test_02015,Anxiety,Anxiety,True,train_02945,0.7511030435562134,False
test_02016,Anxiety,Anxiety,True,train_02337,0.6875602006912231,False
test_02017,Bipolar,Anxiety,False,aug_train_02891_1,0.6228011846542358,True
test_02018,Normal,Normal,True,aug_train_03696_1,0.5581177473068237,True
test_02019,Anxiety,Anxiety,True,train_02088,0.6845628023147583,False
test_02020,Depression,Depression,True,aug_train_02254_1,0.7453187704086304,True
test_02021,Normal,Normal,True,train_03173,0.3539145588874817,False
test_02022,Normal,Normal,True,train_03315,0.5782153606414795,False
test_02023,Depression,Depression,True,aug_train_03588_1,0.6867690086364746,True
test_02024,Depression,Normal,False,aug_train_03759_1,0.4081771671772003,True
test_02025,Anxiety,Depression,False,train_01053,0.7318841218948364,False
test_02026,Normal,Normal,True,train_01983,0.4288570284843445,False
test_02027,Normal,Normal,True,aug_train_04926_1,0.33049479126930237,True
test_02028,Normal,Normal,True,aug_train_03339_0,0.567842960357666,True
test_02029,Normal,Anxiety,False,aug_train_01874_1,0.49685055017471313,True
test_02030,Normal,Normal,True,train_01926,0.433802992105484,False
test_02031,Depression,Depression,True,aug_train_05456_1,0.5618582963943481,True
test_02032,Depression,Depression,True,train_05511,0.6129351854324341,False
test_02033,Bipolar,Bipolar,True,aug_train_04325_0,0.7486863136291504,True
test_02034,Bipolar,Bipolar,True,aug_train_05349_1,0.7258493900299072,True
test_02035,Depression,Anxiety,False,aug_train_02891_0,0.7312374114990234,True
test_02036,Bipolar,Bipolar,True,aug_train_01618_0,0.714850664138794,True
test_02037,Normal,Normal,True,aug_train_04530_1,0.37260138988494873,True
test_02038,Depression,Depression,True,train_03558,0.792307436466217,False
test_02039,Depression,Depression,True,train_03794,0.6376703977584839,False
test_02040,Normal,Normal,True,train_02506,0.3320133686065674,False
test_02041,Normal,Normal,True,train_00200,0.4378020167350769,False
test_02042,Depression,Normal,False,train_05111,0.35572317242622375,False
test_02043,Depression,Depression,True,train_03374,0.4830261468887329,False
test_02044,Anxiety,Anxiety,True,train_00865,0.7824736833572388,False
test_02045,Anxiety,Anxiety,True,train_00120,0.6988621354103088,False
test_02046,Depression,Depression,True,train_02774,0.549095630645752,False
test_02047,Depression,Anxiety,False,aug_train_04794_1,0.5848227739334106,True
test_02048,Normal,Normal,True,aug_train_02739_0,0.302054226398468,True
test_02049,Bipolar,Bipolar,True,train_02074,0.7948040962219238,False
test_02050,Bipolar,Bipolar,True,train_01569,0.839043140411377,False
test_02051,Depression,Depression,True,train_04036,0.7458942532539368,False
test_02052,Bipolar,Bipolar,True,aug_train_00564_1,0.8045423030853271,True
test_02053,Normal,Bipolar,False,aug_train_02823_0,0.5457984209060669,True
test_02054,Bipolar,Bipolar,True,aug_train_05863_0,0.7595241069793701,True
test_02055,Depression,Depression,True,train_01071,0.5221453309059143,False
test_02056,Normal,Depression,False,aug_train_01705_0,0.5929732322692871,True
test_02057,Normal,Normal,True,aug_train_03166_1,0.40188032388687134,True
test_02058,Normal,Anxiety,False,train_01288,0.5895453691482544,False
test_02059,Bipolar,Bipolar,True,train_05627,0.7673393487930298,False
test_02060,Depression,Depression,True,aug_train_04459_0,0.7079966068267822,True
test_02061,Bipolar,Bipolar,True,train_03743,0.7166441679000854,False
test_02062,Bipolar,Depression,False,aug_train_01936_0,0.5675575137138367,True
test_02063,Bipolar,Depression,False,aug_train_05840_0,0.6608637571334839,True
test_02064,Anxiety,Normal,False,aug_train_02668_0,0.39564794301986694,True
test_02065,Anxiety,Bipolar,False,train_00413,0.5515848398208618,False
test_02066,Anxiety,Anxiety,True,train_00766,0.6776294708251953,False
test_02067,Anxiety,Depression,False,train_00464,0.6728682518005371,False
test_02068,Bipolar,Bipolar,True,aug_train_05727_1,0.8555581569671631,True
test_02069,Depression,Bipolar,False,aug_train_05380_1,0.7614065408706665,True
test_02070,Anxiety,Anxiety,True,aug_train_04024_0,0.6559213399887085,True
test_02071,Depression,Bipolar,False,train_01163,0.655329704284668,False
test_02072,Anxiety,Anxiety,True,train_02794,0.749361515045166,False
test_02073,Bipolar,Bipolar,True,train_01569,0.8528313636779785,False
test_02074,Bipolar,Bipolar,True,train_00963,0.720795214176178,False
test_02075,Depression,Anxiety,False,train_02576,0.48798277974128723,False
test_02076,Depression,Depression,True,train_00277,0.7945224046707153,False
test_02077,Normal,Normal,True,train_02379,0.38388538360595703,False
test_02078,Depression,Bipolar,False,train_05990,0.7052391767501831,False
test_02079,Anxiety,Anxiety,True,train_02958,0.7024999856948853,False
test_02080,Bipolar,Depression,False,train_04437,0.7758615016937256,False
test_02081,Anxiety,Anxiety,True,train_04149,0.6547781229019165,False
test_02082,Depression,Depression,True,aug_train_04086_0,0.5383516550064087,True
test_02083,Normal,Normal,True,aug_train_00303_1,0.30797243118286133,True
test_02084,Bipolar,Bipolar,True,train_02696,0.6591277718544006,False
test_02085,Depression,Bipolar,False,train_05216,0.611706554889679,False
test_02086,Anxiety,Bipolar,False,train_02960,0.6210955381393433,False
test_02087,Anxiety,Anxiety,True,aug_train_04246_1,0.7732702493667603,True
test_02088,Depression,Bipolar,False,aug_train_00510_0,0.786476731300354,True
test_02089,Depression,Depression,True,train_04932,0.6606550812721252,False
test_02090,Depression,Bipolar,False,train_05655,0.6058391332626343,False
test_02091,Bipolar,Bipolar,True,aug_train_03055_0,0.8520541191101074,True
test_02092,Anxiety,Depression,False,train_05165,0.7513943314552307,False
test_02093,Anxiety,Anxiety,True,aug_train_01341_1,0.7642198801040649,True
test_02094,Depression,Depression,True,train_01789,0.530400276184082,False
test_02095,Normal,Normal,True,train_00524,0.5308358669281006,False
test_02096,Anxiety,Anxiety,True,aug_train_04743_0,0.7803530693054199,True
test_02097,Bipolar,Depression,False,train_00305,0.5668644905090332,False
test_02098,Bipolar,Bipolar,True,aug_train_03163_1,0.8478515148162842,True
test_02099,Anxiety,Anxiety,True,aug_train_05420_0,0.6895136833190918,True
test_02100,Depression,Depression,True,train_02616,0.7374715805053711,False
test_02101,Depression,Depression,True,train_00317,0.5197774171829224,False
test_02102,Normal,Normal,True,aug_train_04977_1,0.5205634236335754,True
test_02103,Bipolar,Bipolar,True,aug_train_04383_1,0.7196812629699707,True
test_02104,Depression,Depression,True,aug_train_04901_0,0.6814988255500793,True
test_02105,Normal,Normal,True,train_01389,0.37553465366363525,False
test_02106,Normal,Normal,True,train_05980,0.4866331219673157,False
test_02107,Normal,Normal,True,train_01487,0.6310708522796631,False
test_02108,Anxiety,Normal,False,aug_train_00279_0,0.6083551049232483,True
test_02109,Normal,Depression,False,aug_train_00270_0,0.6020707488059998,True
test_02110,Depression,Depression,True,train_04244,0.7870123386383057,False
test_02111,Anxiety,Anxiety,True,train_01685,0.4853617548942566,False
test_02112,Anxiety,Anxiety,True,train_00042,0.6818878650665283,False
test_02113,Anxiety,Depression,False,aug_train_04326_0,0.7896919250488281,True
test_02114,Depression,Bipolar,False,train_04630,0.6731985807418823,False
test_02115,Anxiety,Anxiety,True,aug_train_02195_0,0.7263765335083008,True
test_02116,Normal,Bipolar,False,aug_train_04670_1,0.40871384739875793,True
test_02117,Anxiety,Anxiety,True,train_04024,0.5709090232849121,False
test_02118,Depression,Depression,True,train_05081,0.6303355097770691,False
test_02119,Bipolar,Bipolar,True,aug_train_01535_1,0.7654979228973389,True
test_02120,Anxiety,Anxiety,True,train_05594,0.6775956153869629,False
test_02121,Bipolar,Anxiety,False,aug_train_01852_0,0.6273642778396606,True
test_02122,Normal,Normal,True,aug_train_03165_1,0.42975902557373047,True
test_02123,Normal,Normal,True,train_03664,0.47291475534439087,False
test_02124,Bipolar,Bipolar,True,aug_train_05129_1,0.5338867902755737,True
test_02125,Normal,Normal,True,train_05363,0.3381080627441406,False
test_02126,Anxiety,Anxiety,True,train_01747,0.676554799079895,False
test_02127,Normal,Anxiety,False,aug_train_02751_0,0.5392497777938843,True
test_02128,Depression,Anxiety,False,aug_train_02319_1,0.6984208822250366,True
test_02129,Bipolar,Bipolar,True,train_01310,0.7234865427017212,False
test_02130,Depression,Depression,True,train_01925,0.7095232605934143,False
test_02131,Anxiety,Anxiety,True,aug_train_02735_0,0.7269495129585266,True
test_02132,Depression,Anxiety,False,aug_train_01841_1,0.7046895027160645,True
test_02133,Bipolar,Bipolar,True,aug_train_00232_1,0.7476550936698914,True
test_02134,Bipolar,Bipolar,True,train_01557,0.8272809982299805,False
test_02135,Normal,Normal,True,aug_train_02875_1,0.3623240888118744,True
test_02136,Depression,Bipolar,False,train_00495,0.6238824129104614,False
test_02137,Anxiety,Depression,False,aug_train_00086_1,0.5048505663871765,True
test_02138,Bipolar,Bipolar,True,aug_train_05485_0,0.6445891857147217,True
test_02139,Depression,Anxiety,False,train_00775,0.6110620498657227,False
test_02140,Bipolar,Bipolar,True,train_05981,0.6499614715576172,False
test_02141,Bipolar,Bipolar,True,train_05852,0.6777535676956177,False
test_02142,Bipolar,Bipolar,True,aug_train_04325_0,0.7214102149009705,True
test_02143,Depression,Anxiety,False,aug_train_05420_0,0.6487342119216919,True
test_02144,Depression,Depression,True,train_02308,0.7764160633087158,False
test_02145,Bipolar,Depression,False,aug_train_03146_0,0.5183374881744385,True
test_02146,Anxiety,Anxiety,True,aug_train_03890_1,0.7253410816192627,True
test_02147,Bipolar,Bipolar,True,aug_train_02450_1,0.7040601968765259,True
test_02148,Normal,Normal,True,aug_train_01890_1,0.3493850827217102,True
test_02149,Anxiety,Depression,False,train_05608,0.6622869968414307,False
test_02150,Anxiety,Anxiety,True,aug_train_02481_1,0.6959472894668579,True
test_02151,Depression,Anxiety,False,train_02444,0.6278542280197144,False
test_02152,Bipolar,Bipolar,True,aug_train_00485_0,0.8292875289916992,True
test_02153,Depression,Depression,True,train_02563,0.6888061761856079,False
test_02154,Anxiety,Anxiety,True,aug_train_02856_0,0.7831954956054688,True
test_02155,Bipolar,Bipolar,True,aug_train_05825_0,0.8253151178359985,True
test_02156,Bipolar,Bipolar,True,train_01128,0.6384798288345337,False
test_02157,Depression,Depression,True,train_03218,0.6070345640182495,False
test_02158,Normal,Depression,False,train_01317,0.39601820707321167,False
test_02159,Normal,Normal,True,train_03434,0.44824379682540894,False
test_02160,Bipolar,Bipolar,True,aug_train_04172_1,0.7563546895980835,True
test_02161,Anxiety,Anxiety,True,train_01323,0.5283305048942566,False
test_02162,Anxiety,Anxiety,True,train_04720,0.8351237773895264,False
test_02163,Anxiety,Depression,False,aug_train_00952_0,0.6856540441513062,True
test_02164,Bipolar,Bipolar,True,aug_train_05556_1,0.8446650505065918,True
test_02165,Anxiety,Anxiety,True,aug_train_01684_0,0.7396422028541565,True
test_02166,Anxiety,Anxiety,True,train_03691,0.8226152658462524,False
test_02167,Normal,Anxiety,False,train_02766,0.4541541039943695,False
test_02168,Depression,Depression,True,train_00647,0.42506474256515503,False
test_02169,Depression,Depression,True,aug_train_02996_0,0.7007286548614502,True
test_02170,Bipolar,Bipolar,True,train_01778,0.6855729818344116,False
test_02171,Normal,Normal,True,train_01209,0.6026514768600464,False
test_02172,Normal,Normal,True,aug_train_03917_0,0.3193283975124359,True
test_02173,Bipolar,Bipolar,True,aug_train_01128_1,0.6866819858551025,True
test_02174,Normal,Normal,True,train_01137,0.36070823669433594,False
test_02175,Anxiety,Anxiety,True,aug_train_04986_0,0.5484120845794678,True
test_02176,Anxiety,Depression,False,aug_train_02876_1,0.7416737079620361,True
test_02177,Depression,Depression,True,train_00069,0.45700550079345703,False
test_02178,Bipolar,Bipolar,True,aug_train_03701_1,0.6921229362487793,True
test_02179,Depression,Depression,True,train_01455,0.4351275563240051,False
test_02180,Normal,Anxiety,False,aug_train_03673_0,0.4246242642402649,True
test_02181,Depression,Depression,True,train_04658,0.5058989524841309,False
test_02182,Anxiety,Anxiety,True,aug_train_01992_0,0.5911568999290466,True
test_02183,Normal,Normal,True,train_01233,0.4096980094909668,False
test_02184,Depression,Depression,True,train_05783,0.6603534817695618,False
test_02185,Bipolar,Bipolar,True,train_00963,0.6640884876251221,False
test_02186,Normal,Normal,True,train_04441,0.5241052508354187,False
test_02187,Bipolar,Bipolar,True,aug_train_01310_1,0.7259188890457153,True
test_02188,Depression,Depression,True,train_03685,0.6482899188995361,False
test_02189,Bipolar,Normal,False,aug_train_03486_0,0.6108657121658325,True
test_02190,Depression,Depression,True,train_05179,0.7608469724655151,False
test_02191,Anxiety,Anxiety,True,train_02542,0.6211315393447876,False
test_02192,Anxiety,Anxiety,True,aug_train_02637_0,0.6855751276016235,True
test_02193,Depression,Depression,True,train_04252,0.6425302624702454,False
test_02194,Bipolar,Bipolar,True,train_01557,0.6771764755249023,False
test_02195,Anxiety,Anxiety,True,train_05043,0.7074785232543945,False
test_02196,Bipolar,Bipolar,True,aug_train_02292_1,0.7821542620658875,True
test_02197,Normal,Anxiety,False,aug_train_04928_1,0.5717647671699524,True
test_02198,Anxiety,Anxiety,True,aug_train_00830_0,0.673707127571106,True
test_02199,Bipolar,Bipolar,True,aug_train_01021_1,0.6876182556152344,True
test_02200,Anxiety,Anxiety,True,train_01060,0.6999642848968506,False
test_02201,Bipolar,Bipolar,True,aug_train_05302_0,0.7507538795471191,True
test_02202,Anxiety,Anxiety,True,train_02337,0.654813289642334,False
test_02203,Normal,Anxiety,False,train_01967,0.2777768075466156,False
test_02204,Depression,Depression,True,train_05353,0.5543700456619263,False
test_02205,Normal,Anxiety,False,train_04235,0.6088773608207703,False
test_02206,Normal,Normal,True,train_05720,0.44481420516967773,False
test_02207,Normal,Depression,False,train_05835,0.5576009750366211,False
test_02208,Normal,Anxiety,False,aug_train_02766_1,0.5275137424468994,True
test_02209,Normal,Normal,True,train_03140,0.6166502833366394,False
test_02210,Anxiety,Bipolar,False,aug_train_00111_1,0.6716825366020203,True
test_02211,Bipolar,Depression,False,aug_train_02180_1,0.640590250492096,True
test_02212,Bipolar,Bipolar,True,train_04249,0.663485050201416,False
test_02213,Normal,Normal,True,train_05741,0.37618112564086914,False
test_02214,Bipolar,Bipolar,True,aug_train_03082_1,0.81120365858078,True
test_02215,Depression,Depression,True,train_05506,0.6251199245452881,False
test_02216,Normal,Depression,False,aug_train_01131_1,0.3324284553527832,True
test_02217,Bipolar,Bipolar,True,aug_train_03366_0,0.7761334180831909,True
test_02218,Anxiety,Anxiety,True,train_00655,0.552294909954071,False
test_02219,Anxiety,Anxiety,True,train_01268,0.6257929801940918,False
test_02220,Depression,Depression,True,train_00887,0.7152777314186096,False
test_02221,Anxiety,Anxiety,True,train_00602,0.7367452383041382,False
test_02222,Depression,Depression,True,train_00033,0.7021478414535522,False
test_02223,Normal,Normal,True,aug_train_00736_1,0.3632621765136719,True
test_02224,Depression,Depression,True,train_03788,0.6776806116104126,False
test_02225,Bipolar,Bipolar,True,aug_train_05864_0,0.6716704368591309,True
test_02226,Depression,Bipolar,False,aug_train_00383_0,0.5483274459838867,True
test_02227,Anxiety,Anxiety,True,train_04031,0.6725225448608398,False
test_02228,Depression,Depression,True,train_05180,0.5176818370819092,False
test_02229,Anxiety,Anxiety,True,aug_train_01822_0,0.5349026918411255,True
test_02230,Normal,Normal,True,aug_train_00812_1,0.4035951495170593,True
test_02231,Bipolar,Bipolar,True,train_03776,0.7972503304481506,False
test_02232,Normal,Anxiety,False,aug_train_05060_0,0.4553455710411072,True
test_02233,Bipolar,Bipolar,True,train_04836,0.8558416366577148,False
test_02234,Normal,Normal,True,train_03322,0.502102792263031,False
test_02235,Normal,Normal,True,train_05508,0.7481997609138489,False
test_02236,Anxiety,Depression,False,aug_train_01797_1,0.691054105758667,True
test_02237,Depression,Depression,True,aug_train_00102_1,0.5843050479888916,True
test_02238,Anxiety,Depression,False,aug_train_05179_0,0.6090946197509766,True
test_02239,Anxiety,Normal,False,train_03522,0.4358745813369751,False
test_02240,Normal,Normal,True,aug_train_04067_1,0.4276459217071533,True
test_02241,Depression,Depression,True,train_03056,0.5347673892974854,False
test_02242,Depression,Depression,True,train_02270,0.7469825744628906,False
test_02243,Bipolar,Bipolar,True,aug_train_02082_0,0.705553412437439,True
test_02244,Bipolar,Depression,False,train_01001,0.8212058544158936,False
test_02245,Normal,Normal,True,train_02486,0.5182901620864868,False
test_02246,Normal,Anxiety,False,train_00120,0.6622412204742432,False
test_02247,Depression,Anxiety,False,train_04483,0.7368277311325073,False
test_02248,Bipolar,Bipolar,True,train_01169,0.8119841814041138,False
test_02249,Depression,Depression,True,train_03194,0.621530294418335,False
test_02250,Normal,Normal,True,train_01892,0.3164430260658264,False
test_02251,Normal,Normal,True,aug_train_02244_0,0.45048338174819946,True
test_02252,Anxiety,Anxiety,True,train_01617,0.695746660232544,False
test_02253,Normal,Depression,False,aug_train_04965_1,0.4104461967945099,True
test_02254,Bipolar,Bipolar,True,aug_train_05494_0,0.7051931619644165,True
test_02255,Anxiety,Anxiety,True,aug_train_02951_1,0.6332567930221558,True
test_02256,Depression,Depression,True,train_01570,0.7755533456802368,False
test_02257,Anxiety,Anxiety,True,train_03032,0.7133430242538452,False
test_02258,Normal,Normal,True,train_03165,0.4453456401824951,False
test_02259,Depression,Depression,True,train_00169,0.535612940788269,False
test_02260,Depression,Depression,True,train_02876,0.7155417203903198,False
test_02261,Bipolar,Bipolar,True,aug_train_03125_0,0.7788125276565552,True
test_02262,Bipolar,Depression,False,aug_train_05703_0,0.43269479274749756,True
test_02263,Bipolar,Bipolar,True,aug_train_03906_1,0.6423569917678833,True
test_02264,Depression,Bipolar,False,train_03560,0.484744131565094,False
test_02265,Bipolar,Bipolar,True,aug_train_05627_1,0.7305382490158081,True
test_02266,Bipolar,Bipolar,True,train_02957,0.8184976577758789,False
test_02267,Bipolar,Bipolar,True,train_05656,0.6574822664260864,False
test_02268,Depression,Anxiety,False,aug_train_04266_0,0.594750165939331,True
test_02269,Depression,Depression,True,aug_train_05459_1,0.6601942777633667,True
test_02270,Anxiety,Anxiety,True,train_00237,0.6935243606567383,False
test_02271,Bipolar,Bipolar,True,aug_train_00697_1,0.7145796418190002,True
test_02272,Anxiety,Anxiety,True,train_01405,0.5145061016082764,False
test_02273,Normal,Normal,True,train_04707,0.4058929681777954,False
test_02274,Depression,Anxiety,False,aug_train_03238_0,0.7146567106246948,True
test_02275,Anxiety,Bipolar,False,train_01557,0.790237307548523,False
test_02276,Depression,Depression,True,train_01843,0.6686825752258301,False
test_02277,Normal,Bipolar,False,aug_train_01801_0,0.4920893609523773,True
test_02278,Depression,Depression,True,train_01151,0.6078647375106812,False
test_02279,Depression,Depression,True,aug_train_04582_0,0.7341270446777344,True
test_02280,Depression,Depression,True,train_00464,0.68757164478302,False
test_02281,Depression,Depression,True,aug_train_02184_1,0.7108698487281799,True
test_02282,Bipolar,Anxiety,False,aug_train_01891_0,0.4983271360397339,True
test_02283,Bipolar,Depression,False,train_00055,0.6741807460784912,False
test_02284,Anxiety,Anxiety,True,aug_train_00387_0,0.754713773727417,True
test_02285,Normal,Depression,False,aug_train_04991_0,0.3193134665489197,True
test_02286,Anxiety,Anxiety,True,aug_train_03455_1,0.8420870304107666,True
test_02287,Normal,Normal,True,train_01449,0.5487606525421143,False
test_02288,Depression,Depression,True,aug_train_02473_1,0.7053200006484985,True
test_02289,Bipolar,Bipolar,True,train_04249,0.6861252784729004,False
test_02290,Normal,Normal,True,train_01821,0.3276909291744232,False
test_02291,Bipolar,Bipolar,True,aug_train_03352_0,0.6185396909713745,True
test_02292,Bipolar,Bipolar,True,train_02241,0.6836482286453247,False
test_02293,Bipolar,Bipolar,True,aug_train_03120_1,0.7117486000061035,True
test_02294,Anxiety,Anxiety,True,aug_train_03268_1,0.5793368816375732,True
test_02295,Normal,Depression,False,train_01523,0.3685785233974457,False
test_02296,Depression,Anxiety,False,aug_train_03628_1,0.5254706144332886,True
test_02297,Bipolar,Bipolar,True,train_03425,0.8109140992164612,False
test_02298,Normal,Depression,False,aug_train_00313_1,0.44080930948257446,True
test_02299,Bipolar,Depression,False,train_00366,0.6057175397872925,False
test_02300,Depression,Depression,True,train_02350,0.6553596258163452,False
test_02301,Anxiety,Anxiety,True,train_05266,0.7217141389846802,False
test_02302,Depression,Depression,True,train_00466,0.557145893573761,False
test_02303,Normal,Normal,True,aug_train_02527_0,0.3972710967063904,True
test_02304,Anxiety,Anxiety,True,train_00865,0.68544602394104,False
test_02305,Bipolar,Bipolar,True,train_01988,0.6841505765914917,False
test_02306,Depression,Depression,True,aug_train_03471_0,0.7807672023773193,True
test_02307,Normal,Normal,True,aug_train_00252_1,0.41818857192993164,True
test_02308,Anxiety,Anxiety,True,train_01790,0.6528792381286621,False
test_02309,Bipolar,Bipolar,True,aug_train_01558_0,0.6555929183959961,True
test_02310,Bipolar,Bipolar,True,train_01383,0.6900370121002197,False
test_02311,Depression,Depression,True,aug_train_01394_1,0.6782338619232178,True
test_02312,Bipolar,Bipolar,True,aug_train_04314_1,0.7769720554351807,True
test_02313,Normal,Normal,True,train_05157,0.5232770442962646,False
test_02314,Normal,Depression,False,aug_train_02316_0,0.4351654052734375,True
test_02315,Depression,Depression,True,aug_train_00486_1,0.5666861534118652,True
test_02316,Anxiety,Anxiety,True,train_05646,0.7338888049125671,False
test_02317,Anxiety,Anxiety,True,train_02330,0.7447671890258789,False
test_02318,Bipolar,Bipolar,True,aug_train_05864_0,0.6233575344085693,True
test_02319,Anxiety,Anxiety,True,train_01168,0.58447265625,False
test_02320,Normal,Normal,True,train_03321,0.33253154158592224,False
test_02321,Anxiety,Anxiety,True,aug_train_00992_1,0.49056828022003174,True
test_02322,Anxiety,Anxiety,True,train_01247,0.8083693385124207,False
test_02323,Depression,Depression,True,aug_train_00273_1,0.5592703819274902,True
test_02324,Bipolar,Bipolar,True,aug_train_00525_0,0.6679377555847168,True
test_02325,Bipolar,Bipolar,True,aug_train_02800_1,0.6987482905387878,True
test_02326,Bipolar,Anxiety,False,train_00341,0.6061351895332336,False
test_02327,Anxiety,Anxiety,True,aug_train_00237_0,0.7984199523925781,True
test_02328,Depression,Depression,True,aug_train_04943_1,0.6876703500747681,True
test_02329,Normal,Normal,True,train_05019,0.4915841221809387,False
test_02330,Bipolar,Bipolar,True,train_05582,0.8290170431137085,False
test_02331,Depression,Bipolar,False,aug_train_05915_0,0.5422359108924866,True
test_02332,Bipolar,Bipolar,True,aug_train_03179_0,0.7837375402450562,True
test_02333,Depression,Depression,True,aug_train_02814_1,0.6887869834899902,True
test_02334,Bipolar,Depression,False,aug_train_01996_0,0.7638489603996277,True
test_02335,Depression,Bipolar,False,aug_train_00265_1,0.7109370231628418,True
test_02336,Normal,Normal,True,aug_train_01738_1,0.4035843014717102,True
test_02337,Bipolar,Bipolar,True,aug_train_01284_0,0.6232858300209045,True
test_02338,Anxiety,Depression,False,aug_train_03661_1,0.5828660130500793,True
test_02339,Bipolar,Bipolar,True,aug_train_05872_1,0.736812949180603,True
test_02340,Anxiety,Anxiety,True,aug_train_04303_0,0.561791181564331,True
test_02341,Normal,Anxiety,False,aug_train_01917_1,0.4825785160064697,True
test_02342,Normal,Normal,True,aug_train_02694_1,0.406323105096817,True
test_02343,Anxiety,Anxiety,True,aug_train_00133_1,0.6953242421150208,True
test_02344,Anxiety,Anxiety,True,train_03867,0.6093081831932068,False
test_02345,Normal,Normal,True,aug_train_02668_1,0.49805742502212524,True
test_02346,Anxiety,Anxiety,True,aug_train_03990_0,0.7024778127670288,True
test_02347,Normal,Normal,True,aug_train_01890_1,0.5421589612960815,True
test_02348,Normal,Normal,True,train_05124,0.4278128147125244,False
test_02349,Normal,Normal,True,aug_train_00900_1,0.35546672344207764,True
test_02350,Normal,Depression,False,train_04023,0.45348966121673584,False
test_02351,Anxiety,Anxiety,True,aug_train_03178_0,0.5476033687591553,True
test_02352,Anxiety,Depression,False,aug_train_00811_1,0.7507532835006714,True
test_02353,Bipolar,Bipolar,True,aug_train_04820_1,0.7783769369125366,True
test_02354,Depression,Anxiety,False,train_03251,0.6841856241226196,False
test_02355,Depression,Depression,True,train_05781,0.747782826423645,False
test_02356,Depression,Depression,True,aug_train_04034_1,0.7547186017036438,True
test_02357,Anxiety,Anxiety,True,train_04619,0.7622726559638977,False
test_02358,Normal,Normal,True,train_01910,0.5157046318054199,False
test_02359,Depression,Depression,True,train_01767,0.736081600189209,False
test_02360,Normal,Normal,True,aug_train_02548_1,0.3984193503856659,True
test_02361,Anxiety,Anxiety,True,aug_train_03437_1,0.5272762775421143,True
test_02362,Anxiety,Normal,False,aug_train_05980_0,0.4275960922241211,True
test_02363,Depression,Depression,True,train_03326,0.7500715255737305,False
test_02364,Normal,Normal,True,aug_train_01369_0,0.322171688079834,True
test_02365,Normal,Bipolar,False,aug_train_01481_0,0.6045548915863037,True
test_02366,Bipolar,Bipolar,True,train_01183,0.7280857563018799,False
test_02367,Depression,Anxiety,False,train_05325,0.6475127339363098,False
test_02368,Normal,Normal,True,aug_train_03434_1,0.4752020835876465,True
test_02369,Depression,Depression,True,train_01455,0.5109812021255493,False
test_02370,Bipolar,Bipolar,True,train_05035,0.7592886686325073,False
test_02371,Depression,Bipolar,False,aug_train_03045_0,0.5222491025924683,True
test_02372,Normal,Normal,True,aug_train_05881_1,0.2584180533885956,True
test_02373,Bipolar,Anxiety,False,aug_train_03384_1,0.6939657926559448,True
test_02374,Anxiety,Anxiety,True,aug_train_04720_1,0.7890441417694092,True
test_02375,Bipolar,Bipolar,True,train_02288,0.7309818267822266,False
test_02376,Bipolar,Bipolar,True,aug_train_02304_0,0.7470837831497192,True
test_02377,Depression,Depression,True,train_04036,0.8146377205848694,False
test_02378,Depression,Depression,True,train_05274,0.8085208535194397,False
test_02379,Depression,Depression,True,train_05834,0.608527421951294,False
test_02380,Anxiety,Anxiety,True,aug_train_03879_1,0.7369307279586792,True
test_02381,Anxiety,Anxiety,True,train_04483,0.6822560429573059,False
test_02382,Anxiety,Bipolar,False,aug_train_02715_0,0.525391161441803,True
test_02383,Bipolar,Depression,False,aug_train_04078_1,0.49268993735313416,True
test_02384,Normal,Depression,False,train_03676,0.44334954023361206,False
test_02385,Bipolar,Anxiety,False,aug_train_05901_0,0.4305161237716675,True
test_02386,Normal,Anxiety,False,train_01891,0.3870355486869812,False
test_02387,Normal,Normal,True,aug_train_05937_1,0.38351184129714966,True
test_02388,Anxiety,Anxiety,True,aug_train_01660_1,0.666334331035614,True
test_02389,Depression,Depression,True,aug_train_00767_1,0.85364830493927,True
test_02390,Anxiety,Anxiety,True,train_05087,0.7194777131080627,False
test_02391,Depression,Depression,True,train_00670,0.6429842710494995,False
test_02392,Bipolar,Bipolar,True,train_01144,0.7833551168441772,False
test_02393,Bipolar,Bipolar,True,aug_train_04692_1,0.7416049838066101,True
test_02394,Depression,Depression,True,aug_train_02703_0,0.788711667060852,True
test_02395,Normal,Normal,True,aug_train_02112_1,0.34305569529533386,True
test_02396,Depression,Normal,False,train_01621,0.34500378370285034,False
test_02397,Bipolar,Anxiety,False,aug_train_00547_1,0.6931818723678589,True
test_02398,Depression,Depression,True,train_01741,0.5960655212402344,False
test_02399,Bipolar,Bipolar,True,aug_train_05003_0,0.7335951328277588,True
test_02400,Depression,Depression,True,train_04181,0.6011815071105957,False
test_02401,Anxiety,Depression,False,train_00100,0.47631752490997314,False
test_02402,Normal,Anxiety,False,train_01269,0.27076488733291626,False
test_02403,Normal,Normal,True,train_04954,0.3992641568183899,False
test_02404,Anxiety,Anxiety,True,aug_train_05756_0,0.6658714413642883,True
test_02405,Bipolar,Depression,False,aug_train_04205_1,0.6158971786499023,True
test_02406,Normal,Normal,True,train_02058,0.45930036902427673,False
test_02407,Normal,Depression,False,train_04181,0.3898903727531433,False
test_02408,Normal,Normal,True,aug_train_04552_0,0.4317035675048828,True
test_02409,Normal,Normal,True,train_00882,0.40795233845710754,False
test_02410,Normal,Normal,True,aug_train_03173_1,0.3323706090450287,True
test_02411,Normal,Normal,True,aug_train_00579_0,0.5812820196151733,True
test_02412,Anxiety,Anxiety,True,train_04126,0.5885091423988342,False
test_02413,Normal,Normal,True,train_02505,0.3765224814414978,False
test_02414,Bipolar,Bipolar,True,train_02066,0.8139359951019287,False
test_02415,Depression,Anxiety,False,aug_train_01170_0,0.558809757232666,True
test_02416,Anxiety,Anxiety,True,aug_train_01370_1,0.7903000116348267,True
test_02417,Bipolar,Bipolar,True,aug_train_02066_1,0.7280569672584534,True
test_02418,Bipolar,Bipolar,True,aug_train_04129_1,0.6298086643218994,True
test_02419,Depression,Bipolar,False,aug_train_01846_0,0.6272479295730591,True
test_02420,Anxiety,Anxiety,True,train_03961,0.6829608082771301,False
test_02421,Normal,Normal,True,train_04612,0.5682111382484436,False
test_02422,Anxiety,Anxiety,True,train_05328,0.7338405847549438,False
test_02423,Bipolar,Bipolar,True,train_01320,0.6527183055877686,False
test_02424,Bipolar,Bipolar,True,train_02028,0.7283881306648254,False
test_02425,Depression,Depression,True,train_00709,0.6207762956619263,False
test_02426,Normal,Normal,True,aug_train_00330_0,0.3975869119167328,True
test_02427,Bipolar,Bipolar,True,train_00567,0.7807884812355042,False
test_02428,Anxiety,Anxiety,True,train_05531,0.8014364242553711,False
test_02429,Bipolar,Bipolar,True,aug_train_03717_1,0.572074294090271,True
test_02430,Normal,Anxiety,False,aug_train_01631_0,0.49764931201934814,True
test_02431,Anxiety,Anxiety,True,aug_train_05449_0,0.7543836236000061,True
test_02432,Anxiety,Anxiety,True,aug_train_04726_0,0.81333327293396,True
test_02433,Anxiety,Anxiety,True,train_01093,0.74177086353302,False
test_02434,Bipolar,Bipolar,True,aug_train_03965_1,0.7450783252716064,True
test_02435,Normal,Anxiety,False,aug_train_05471_0,0.6281226873397827,True
test_02436,Normal,Depression,False,train_02272,0.3593757450580597,False
test_02437,Depression,Depression,True,train_02786,0.7787822484970093,False
test_02438,Depression,Anxiety,False,aug_train_00323_1,0.46841973066329956,True
test_02439,Normal,Normal,True,aug_train_04552_1,0.5562717914581299,True
test_02440,Bipolar,Bipolar,True,aug_train_03622_0,0.7289458513259888,True
test_02441,Normal,Normal,True,aug_train_03206_1,0.3922959566116333,True
test_02442,Normal,Normal,True,aug_train_03190_1,0.43298232555389404,True
test_02443,Bipolar,Bipolar,True,aug_train_03618_0,0.7047512531280518,True
test_02444,Anxiety,Anxiety,True,aug_train_00530_0,0.7097712159156799,True
test_02445,Depression,Depression,True,train_03031,0.5999632477760315,False
test_02446,Anxiety,Anxiety,True,aug_train_02356_1,0.7393531799316406,True
test_02447,Anxiety,Anxiety,True,aug_train_00038_1,0.7066429257392883,True
test_02448,Anxiety,Bipolar,False,train_02621,0.5581326484680176,False
test_02449,Normal,Depression,False,aug_train_00141_0,0.374520480632782,True
test_02450,Anxiety,Anxiety,True,aug_train_04068_1,0.7450560331344604,True
test_02451,Depression,Depression,True,train_05738,0.4456805884838104,False
test_02452,Bipolar,Bipolar,True,train_00776,0.6236358284950256,False
test_02453,Bipolar,Bipolar,True,aug_train_05596_1,0.6627951860427856,True
test_02454,Bipolar,Bipolar,True,aug_train_00469_0,0.6202061176300049,True
test_02455,Anxiety,Anxiety,True,train_00973,0.6719146966934204,False
test_02456,Depression,Depression,True,aug_train_00852_1,0.5719254016876221,True
test_02457,Normal,Bipolar,False,train_03262,0.4400372803211212,False
test_02458,Depression,Normal,False,aug_train_03023_0,0.39996516704559326,True
test_02459,Normal,Normal,True,aug_train_01193_0,0.5426596999168396,True
test_02460,Normal,Normal,True,aug_train_01851_0,0.30479151010513306,True
test_02461,Normal,Normal,True,aug_train_05123_0,0.3885312080383301,True
test_02462,Normal,Normal,True,train_02782,0.3729793429374695,False
test_02463,Normal,Normal,True,train_00588,0.4208296537399292,False
test_02464,Anxiety,Anxiety,True,train_04600,0.6982132792472839,False
test_02465,Bipolar,Bipolar,True,aug_train_01502_1,0.7125928401947021,True
test_02466,Anxiety,Anxiety,True,aug_train_04189_1,0.7594411373138428,True
test_02467,Anxiety,Depression,False,aug_train_01094_1,0.7601968050003052,True
test_02468,Anxiety,Anxiety,True,train_00319,0.7434267997741699,False
test_02469,Depression,Depression,True,aug_train_05316_1,0.5397258996963501,True
test_02470,Depression,Anxiety,False,train_05788,0.6265095472335815,False
test_02471,Bipolar,Bipolar,True,train_03150,0.558753252029419,False
test_02472,Bipolar,Bipolar,True,aug_train_03354_0,0.7453783750534058,True
test_02473,Depression,Depression,True,train_04655,0.7428582310676575,False
test_02474,Bipolar,Depression,False,train_00527,0.771581768989563,False
test_02475,Bipolar,Bipolar,True,train_00223,0.7218650579452515,False
test_02476,Normal,Depression,False,aug_train_03121_0,0.4721047580242157,True
test_02477,Depression,Depression,True,aug_train_04018_0,0.7692832946777344,True
test_02478,Bipolar,Bipolar,True,train_02845,0.8471558094024658,False
test_02479,Depression,Anxiety,False,train_00905,0.7720651626586914,False
test_02480,Bipolar,Bipolar,True,train_03414,0.708866536617279,False
test_02481,Depression,Depression,True,train_04406,0.47498399019241333,False
test_02482,Anxiety,Depression,False,aug_train_03181_0,0.8455567359924316,True
test_02483,Normal,Normal,True,train_02724,0.3442443013191223,False
test_02484,Bipolar,Bipolar,True,aug_train_02221_1,0.6335046291351318,True
test_02485,Normal,Normal,True,aug_train_02580_1,0.2938951849937439,True
test_02486,Anxiety,Anxiety,True,aug_train_02230_0,0.5057579278945923,True
test_02487,Bipolar,Anxiety,False,train_02466,0.38324522972106934,False
test_02488,Depression,Depression,True,train_04587,0.6563392877578735,False
test_02489,Bipolar,Bipolar,True,aug_train_03932_0,0.6870289444923401,True
test_02490,Anxiety,Anxiety,True,aug_train_01412_1,0.684959352016449,True
test_02491,Depression,Depression,True,aug_train_04253_1,0.6920459270477295,True
test_02492,Depression,Depression,True,train_03888,0.5910319089889526,False
test_02493,Normal,Bipolar,False,aug_train_05267_0,0.41300684213638306,True
test_02494,Anxiety,Depression,False,aug_train_00742_0,0.6931347846984863,True
test_02495,Normal,Normal,True,train_03502,0.4830160140991211,False
