source_id,source_uid,status,label_id,exp15_split,exp15_role,len_source,n_reused,n_new_generated,n_accepted,filled,shortfall,fail_counts
train_04794,src_0018d12d9330f4327ea8,Anxiety,2,train,train_legacy,988,2,0,2,True,0,{}
train_03531,src_001f708687655c2a5f9b,Normal,0,train,train_legacy,130,2,4,2,True,0,"{""sbert"": 4}"
train_00352,src_0024068bafe344d0632f,Bipolar,3,train,train_legacy,681,2,0,2,True,0,{}
test_00138,src_00418ff32ee78d66ce13,Anxiety,2,test,test_nested,1651,0,3,2,True,0,"{""meta_commentary"": 1}"
test_01903,src_0044ab2a1c90bc160661,Anxiety,2,test,test_nested,177,0,2,2,True,0,{}
train_03503,src_00563704ad0e3eab47f8,Anxiety,2,train,train_legacy,3304,2,5,2,True,0,"{""meta_commentary"": 5}"
train_00300,src_00567f057cba3d54c918,Normal,0,train,train_legacy,51,2,0,2,True,0,{}
train_01972,src_005837a226e9e05b09d5,Anxiety,2,train,train_legacy,238,2,0,2,True,0,{}
val_confirm_00487,src_005d670f73e7170f3c73,Anxiety,2,train,train_added,225,2,0,2,True,0,{}
train_04139,src_005eab989c8f0ddedd7a,Anxiety,2,train,train_legacy,492,2,1,2,True,0,"{""meta_commentary"": 1}"
train_04625,src_005ee97c493e198b120f,Depression,1,train,train_legacy,552,2,0,2,True,0,{}
train_04285,src_0061fb7bdac82ea7d27b,Normal,0,train,train_legacy,38,2,5,1,False,1,"{""length_ratio"": 2, ""refusal"": 1, ""sbert"": 3}"
test_00865,src_0068fe12c47039e19388,Bipolar,3,test,test_nested,243,0,2,2,True,0,{}
test_00922,src_00775b61479a15791660,Bipolar,3,test,test_nested,934,0,2,2,True,0,{}
train_05118,src_00851ce23ecc39bac165,Depression,1,train,train_legacy,909,2,0,2,True,0,{}
val_confirm_00141,src_009032a11973dcc7b52a,Anxiety,2,train,train_added,533,2,0,2,True,0,{}
train_01510,src_0095a4d80d20695a42ce,Normal,0,train,train_legacy,55,2,5,0,False,2,"{""length_ratio"": 7}"
test_00957,src_009738f58d804d096516,Depression,1,test,test_nested,1038,0,5,0,False,2,"{""refusal"": 5}"
test_00940,src_00977277cdfdd2037a54,Depression,1,test,test_nested,1057,0,2,2,True,0,{}
val_confirm_00783,src_009856be50d2f495a599,Bipolar,3,train,train_added,716,2,0,2,True,0,{}
test_01503,src_00b0072828669c1c979d,Bipolar,3,test,test_nested,1867,0,2,2,True,0,{}
train_02811,src_00b009bdfb5dbb987dd5,Depression,1,train,train_legacy,292,2,0,2,True,0,{}
train_01151,src_00b62a51dc29995bf6f4,Depression,1,train,train_legacy,1236,2,0,2,True,0,{}
train_01056,src_00cfa1b11d4e951314df,Anxiety,2,train,train_legacy,341,2,0,2,True,0,{}
train_05114,src_00e9601f125fcd9a35d6,Anxiety,2,train,train_legacy,322,2,0,2,True,0,{}
test_00738,src_00e9c458579fd7028072,Anxiety,2,test,test_nested,1309,0,2,2,True,0,{}
test_02493,src_00e9c795c3934b9d80ff,Normal,0,test,test_nested,275,0,2,2,True,0,{}
train_05827,src_00f5c8ff400f1ff69e71,Depression,1,train,train_legacy,136,2,1,2,True,0,"{""length_ratio"": 1}"
train_05190,src_0103520035320be2ef83,Bipolar,3,train,train_legacy,8634,2,5,0,False,2,"{""length_ratio"": 7}"
test_02371,src_0119897676a4329281aa,Depression,1,test,test_nested,611,0,2,2,True,0,{}
test_00599,src_011d239fd64776e63a4f,Normal,0,test,test_nested,128,0,2,2,True,0,{}
train_01322,src_011fe3bc5accb33b039a,Normal,0,train,train_legacy,107,2,5,0,False,2,"{""refusal"": 7}"
train_05647,src_01234cc5ea0073e451b4,Normal,0,train,train_legacy,519,2,0,2,True,0,{}
train_04473,src_0123f9a913f5363f0983,Bipolar,3,train,train_legacy,2274,2,0,2,True,0,{}
train_03766,src_012865909b30bb8a0e91,Normal,0,train,train_legacy,41,2,5,1,False,1,"{""length_ratio"": 5, ""sbert"": 1}"
train_01211,src_01299072d913e5b9d944,Depression,1,train,train_legacy,152,2,5,0,False,2,"{""length_ratio"": 1, ""refusal"": 6}"
train_00644,src_014773af13f0f0867576,Depression,1,train,train_legacy,153,2,5,0,False,2,"{""refusal"": 7}"
test_02242,src_014b1fccf6b98f3c5551,Depression,1,test,test_nested,1699,0,2,2,True,0,{}
train_04375,src_014bcc033282901c7c77,Depression,1,train,train_legacy,1493,2,0,2,True,0,{}
train_01951,src_014d3b0df0414ea4e6b7,Bipolar,3,train,train_legacy,653,2,0,2,True,0,{}
val_confirm_00460,src_014f19dcea49de888658,Depression,1,train,train_added,270,2,0,2,True,0,{}
train_03616,src_015151c107cea33e1a2d,Normal,0,train,train_legacy,123,2,0,2,True,0,{}
test_02378,src_0153776607a2becdc85e,Depression,1,train,train_added,1953,2,0,2,True,0,{}
test_02166,src_0155e4d540e6f6dd62a9,Anxiety,2,train,train_added,2300,2,5,1,False,1,"{""meta_commentary"": 6}"
train_02819,src_0163a9acea99452ddcea,Depression,1,train,train_legacy,899,2,1,2,True,0,"{""meta_commentary"": 1}"
train_05854,src_0163b7872b2daa235221,Bipolar,3,train,train_legacy,948,2,0,2,True,0,{}
train_01573,src_01643007bd2f8d7e1448,Normal,0,train,train_legacy,35,2,5,1,False,1,"{""sbert"": 6}"
train_05382,src_016ab110de54815bc278,Anxiety,2,train,train_legacy,541,2,0,2,True,0,{}
train_00694,src_016f19645eb312dcc9fe,Bipolar,3,train,train_legacy,1642,2,0,2,True,0,{}
test_01789,src_0174b35d3139e8d7bc0b,Bipolar,3,test,test_nested,303,0,2,2,True,0,{}
train_02551,src_017ae7c61f9e02847402,Anxiety,2,train,train_legacy,43,2,5,0,False,2,"{""length_ratio"": 1, ""sbert"": 6}"
train_02206,src_017e3c9821f0f51f41d0,Anxiety,2,train,train_legacy,874,2,0,2,True,0,{}
test_00669,src_01816961c1bc594759cd,Depression,1,test,test_nested,202,0,2,2,True,0,{}
test_01219,src_0188cc11f78b5aceac94,Depression,1,test,test_nested,2531,0,2,2,True,0,{}
test_01120,src_019692c444d28aab11f3,Anxiety,2,test,test_nested,1040,0,2,2,True,0,{}
test_01815,src_019e8d7cac95eb6d8d35,Normal,0,test,test_nested,66,0,2,2,True,0,{}
train_04683,src_01a1de30425e82866c44,Normal,0,train,train_legacy,52,2,2,2,True,0,"{""sbert"": 2}"
test_02351,src_01a1ef80cb7a32c37be9,Anxiety,2,test,test_nested,123,0,5,1,False,1,"{""length_ratio"": 3, ""sbert"": 1}"
train_01131,src_01a6034578fcedb2b69d,Depression,1,train,train_legacy,1518,2,0,2,True,0,{}
train_05077,src_01b9edc93e560bdd1252,Bipolar,3,train,train_legacy,918,2,0,2,True,0,{}
test_02361,src_01bc7a00d5e870368ddf,Anxiety,2,test,test_nested,162,0,3,2,True,0,"{""sbert"": 1}"
test_02436,src_01bea06319df1f00a066,Normal,0,test,test_nested,54,0,5,0,False,2,"{""length_ratio"": 1, ""sbert"": 4}"
train_02990,src_01ccfde95c87415e2aa2,Bipolar,3,train,train_legacy,1083,2,0,2,True,0,{}
train_03108,src_01ce8ed5493eebdb778c,Anxiety,2,train,train_legacy,501,2,1,2,True,0,"{""meta_commentary"": 1}"
train_00823,src_01e3cc51c1a38a591f50,Depression,1,train,train_legacy,501,2,0,2,True,0,{}
train_03941,src_01e9004a74905c2a12c8,Bipolar,3,train,train_legacy,509,2,0,2,True,0,{}
val_confirm_00537,src_01f439e6ca15240f8f6b,Depression,1,train,train_added,994,2,0,2,True,0,{}
train_02823,src_01f6a2d8a75b927244cc,Bipolar,3,train,train_legacy,864,2,0,2,True,0,{}
train_01739,src_0212695894dfc7f50aad,Depression,1,train,train_legacy,71,2,5,0,False,2,"{""length_ratio"": 3, ""refusal"": 4}"
train_00201,src_021a80cf055365d775a0,Bipolar,3,train,train_legacy,653,2,5,0,False,2,"{""refusal"": 7}"
test_00012,src_021ab94230d4ef59ad92,Bipolar,3,test,test_nested,1592,0,2,2,True,0,{}
train_03953,src_021e31d04b8987cb86ca,Normal,0,train,train_legacy,114,2,0,2,True,0,{}
train_00421,src_0228676800e0a877b940,Anxiety,2,train,train_legacy,364,2,0,2,True,0,{}
train_00588,src_0231224503ff54d75531,Normal,0,train,train_legacy,84,2,1,2,True,0,"{""length_ratio"": 1}"
test_01388,src_02340c25915505d2697e,Depression,1,train,train_added,901,2,0,2,True,0,{}
train_01703,src_0240de26493730bca83f,Normal,0,train,train_legacy,355,2,0,2,True,0,{}
test_00300,src_02495495894784545f61,Anxiety,2,test,test_nested,137,0,2,2,True,0,{}
train_01112,src_024c0c1b732ece4b3e89,Bipolar,3,train,train_legacy,2709,2,5,0,False,2,"{""meta_commentary"": 7}"
test_00551,src_024e44ea945418c57aab,Depression,1,test,test_nested,1588,0,2,2,True,0,{}
test_00965,src_02527aa2964a9ceb7abf,Normal,0,test,test_nested,28,0,5,1,False,1,"{""length_ratio"": 4}"
test_00977,src_025858682c072c0d5147,Depression,1,test,test_nested,1055,0,5,0,False,2,"{""refusal"": 5}"
train_02346,src_0258c8ad04aa8901cee7,Anxiety,2,train,train_legacy,2527,2,5,0,False,2,"{""meta_commentary"": 7}"
train_00034,src_025d97da14a5bb2d52ba,Normal,0,train,train_legacy,25,2,5,0,False,2,"{""length_ratio"": 6, ""sbert"": 1}"
test_02122,src_025eaae0077e2130d20e,Normal,0,test,test_nested,48,0,2,2,True,0,{}
train_02091,src_026d3a1d48e784978dfe,Anxiety,2,train,train_legacy,3871,2,5,2,True,0,"{""length_ratio"": 1, ""meta_commentary"": 4}"
train_05006,src_0272234f16e6ae021cd3,Normal,0,train,train_legacy,62,2,0,2,True,0,{}
train_00473,src_0272f56dd8257a0025d7,Depression,1,train,train_legacy,164,2,5,1,False,1,"{""length_ratio"": 6}"
train_02524,src_027462f1d17304563afd,Normal,0,train,train_legacy,77,2,2,2,True,0,"{""sbert"": 2}"
train_04785,src_027495f754b3e263e2d8,Bipolar,3,train,train_legacy,853,2,0,2,True,0,{}
test_01155,src_0275829f1cbc5bda5b36,Depression,1,test,test_nested,3138,0,2,2,True,0,{}
test_01791,src_027f3f7e5cb569b9bb01,Bipolar,3,train,train_added,747,2,0,2,True,0,{}
test_00085,src_0281642d25cb55e261d3,Normal,0,train,train_added,39,2,3,2,True,0,"{""length_ratio"": 2, ""meta_commentary"": 1}"
train_04588,src_02848ae7781dcb2ab414,Depression,1,train,train_legacy,114,2,5,0,False,2,"{""sbert"": 7}"
train_05142,src_02923fd477458e5abdf9,Depression,1,train,train_legacy,5100,2,3,2,True,0,"{""length_ratio"": 3}"
train_03046,src_0295d51e89210f9c7c70,Bipolar,3,train,train_legacy,1116,2,0,2,True,0,{}
test_01017,src_02a31b8459b4c029fdfb,Bipolar,3,test,test_nested,292,0,2,2,True,0,{}
train_01314,src_02a4b87059a67c798163,Anxiety,2,train,train_legacy,1028,2,4,2,True,0,"{""meta_commentary"": 4}"
test_01032,src_02b913181b34a2dd87c1,Depression,1,test,test_nested,478,0,2,2,True,0,{}
train_01091,src_02b93098c97185abd6ba,Bipolar,3,train,train_legacy,522,2,0,2,True,0,{}
train_00587,src_02c055ffc695d6685b56,Anxiety,2,train,train_legacy,1285,2,1,2,True,0,"{""meta_commentary"": 1}"
test_02215,src_02c217e22bfd1aac35bd,Depression,1,train,train_added,83,2,4,2,True,0,"{""length_ratio"": 4}"
test_00407,src_02cf5f11fe55dbbf7200,Normal,0,train,train_added,75,2,0,2,True,0,{}
test_02123,src_02d03852f86cd081bb10,Normal,0,test,test_nested,34,0,3,2,True,0,"{""length_ratio"": 1}"
train_00255,src_02d2255176e6d4e200a1,Depression,1,train,train_legacy,310,2,0,2,True,0,{}
train_00696,src_02ee8bc5747eeff046d9,Normal,0,train,train_legacy,121,2,5,0,False,2,"{""length_ratio"": 2, ""sbert"": 5}"
train_03347,src_0308bb4e1815847f4648,Anxiety,2,train,train_legacy,356,2,0,2,True,0,{}
train_04466,src_030e16330837f44098e2,Depression,1,train,train_legacy,1393,2,0,2,True,0,{}
train_03209,src_030f55ad6a426449f6c3,Bipolar,3,train,train_legacy,653,2,1,2,True,0,"{""meta_commentary"": 1}"
val_search_00133,src_03132a74b782cf909a56,Depression,1,train,train_added,603,2,0,2,True,0,{}
test_01271,src_0323430b84929cda29a5,Anxiety,2,test,test_nested,512,0,2,2,True,0,{}
train_02849,src_032788a607faa07eee27,Normal,0,train,train_legacy,100,2,0,2,True,0,{}
test_01228,src_0338560c8787efcab097,Anxiety,2,test,test_nested,1098,0,2,2,True,0,{}
train_03042,src_0340d362c9601b44dabb,Bipolar,3,train,train_legacy,1085,2,0,2,True,0,{}
test_00998,src_03433aa22ca32c70df57,Bipolar,3,train,train_added,900,2,0,2,True,0,{}
train_01574,src_0352ea1d436bb4b1ea62,Depression,1,train,train_legacy,140,2,0,2,True,0,{}
val_confirm_00029,src_03650103333a4baefcfe,Anxiety,2,train,train_added,456,2,0,2,True,0,{}
train_03859,src_03778e67e43817dedf8d,Depression,1,train,train_legacy,107,2,3,2,True,0,"{""length_ratio"": 3}"
train_00374,src_037e411ee0348d813cf6,Depression,1,train,train_legacy,3220,2,1,2,True,0,"{""meta_commentary"": 1}"
train_00584,src_037fa307fb15aa0683e0,Depression,1,train,train_legacy,662,2,0,2,True,0,{}
train_03441,src_038f23430c35d8dfb398,Depression,1,train,train_legacy,1438,2,0,2,True,0,{}
test_00466,src_0398014dac7742db73cb,Anxiety,2,test,test_nested,1059,0,2,2,True,0,{}
test_00919,src_03994abcff255c98af80,Normal,0,test,test_nested,26,0,2,2,True,0,{}
train_04467,src_039c4970f1f999bbe430,Depression,1,train,train_legacy,1298,2,0,2,True,0,{}
test_00028,src_039cec900ec7d9be1026,Bipolar,3,test,test_nested,978,0,2,2,True,0,{}
test_00784,src_039d61e5cedacfaeaa9f,Normal,0,test,test_nested,18,0,5,0,False,2,"{""length_ratio"": 5}"
test_00179,src_03a5f85914d0b999fa4f,Anxiety,2,test,test_nested,746,0,5,2,True,0,"{""meta_commentary"": 3}"
train_04221,src_03ad0f7713f44be9decb,Depression,1,train,train_legacy,1158,2,0,2,True,0,{}
train_02581,src_03ada6c459e1c2fa4645,Bipolar,3,train,train_legacy,429,2,5,0,False,2,"{""refusal"": 7}"
train_00806,src_03b9439ac463b8381e9f,Depression,1,train,train_legacy,1174,2,0,2,True,0,{}
train_01295,src_03bd5bdbe2caa88a0f60,Depression,1,train,train_legacy,262,2,4,2,True,0,"{""length_ratio"": 2, ""sbert"": 2}"
train_05342,src_03bed5f9d8182f6f0f05,Bipolar,3,train,train_legacy,446,2,0,2,True,0,{}
train_02163,src_03c052fa690715761d1e,Normal,0,train,train_legacy,32,2,0,2,True,0,{}
train_03041,src_03cb29f077aa91457330,Depression,1,train,train_legacy,600,2,0,2,True,0,{}
val_confirm_00698,src_03cf865b0669ef5addc2,Anxiety,2,train,train_added,1123,2,0,2,True,0,{}
train_01006,src_03d8376f7c35cbeaf12c,Normal,0,train,train_legacy,34,2,0,2,True,0,{}
train_05505,src_03e76bc8d7781cc5e8f5,Normal,0,train,train_legacy,43,2,3,2,True,0,"{""length_ratio"": 3}"
test_02185,src_03ef08b5da8006ed64e0,Bipolar,3,test,test_nested,564,0,2,2,True,0,{}
test_00641,src_03f75395ffd37cf881c3,Normal,0,test,test_nested,23,0,4,2,True,0,"{""length_ratio"": 2}"
train_01005,src_0405c7ec11cd4e39469f,Depression,1,train,train_legacy,162,2,5,0,False,2,"{""refusal"": 7}"
test_01841,src_040eb8eccc7169bd4ff6,Bipolar,3,test,test_nested,420,0,2,2,True,0,{}
test_00207,src_040fbfa54cbf9f84eb12,Depression,1,test,test_nested,148,0,2,2,True,0,{}
train_05169,src_041d499173273249a21b,Anxiety,2,train,train_legacy,370,2,0,2,True,0,{}
train_02734,src_04253c37ab47160c1d97,Anxiety,2,train,train_legacy,194,2,0,2,True,0,{}
train_01757,src_04259f0b175e9cadf210,Bipolar,3,train,train_legacy,793,2,0,2,True,0,{}
train_00771,src_042869a701efbf705125,Depression,1,train,train_legacy,129,2,2,2,True,0,"{""length_ratio"": 2}"
test_00345,src_042ed709d8be9e66be96,Normal,0,train,train_added,12,2,5,1,False,1,"{""length_ratio"": 6}"
train_04111,src_04399b8c5249c5674ce3,Normal,0,train,train_legacy,158,2,0,2,True,0,{}
train_05556,src_044016abec0053b9ba13,Bipolar,3,train,train_legacy,197,2,0,2,True,0,{}
test_00823,src_04478c148e4bd2851a48,Depression,1,test,test_nested,1038,0,2,2,True,0,{}
val_search_00299,src_0454a78dc47980fda84b,Depression,1,train,train_added,442,2,0,2,True,0,{}
train_02998,src_045be56b63493ff179e6,Anxiety,2,train,train_legacy,1687,2,0,2,True,0,{}
train_03477,src_045ccbbe7146d4431661,Bipolar,3,train,train_legacy,1604,2,0,2,True,0,{}
train_05841,src_04621a4b3e3ea1d58b47,Depression,1,train,train_legacy,693,2,0,2,True,0,{}
train_00169,src_04622fd5980d2bf35c2e,Depression,1,train,train_legacy,460,2,5,0,False,2,"{""refusal"": 7}"
train_00182,src_047f69a6fa80d44e21e1,Bipolar,3,train,train_legacy,1431,2,0,2,True,0,{}
test_00964,src_048154608a8b82a4c4b3,Bipolar,3,test,test_nested,1704,0,2,2,True,0,{}
test_01571,src_0487d622532c25f0f809,Bipolar,3,train,train_added,813,2,1,2,True,0,"{""meta_commentary"": 1}"
val_confirm_00188,src_0489d3945ab99115fa82,Depression,1,train,train_added,223,2,4,2,True,0,"{""length_ratio"": 4}"
test_00309,src_04920c03bad68048d78f,Bipolar,3,test,test_nested,689,0,2,2,True,0,{}
val_confirm_00265,src_049e017f097b40b9144b,Normal,0,train,train_added,59,2,1,2,True,0,"{""sbert"": 1}"
train_04853,src_04a9cece71af74803757,Bipolar,3,train,train_legacy,431,2,0,2,True,0,{}
test_01103,src_04af5d9a58040ad2186e,Depression,1,test,test_nested,155,0,2,2,True,0,{}
test_02400,src_04b650810f77cf3ca734,Depression,1,test,test_nested,80,0,5,0,False,2,"{""sbert"": 5}"
test_02388,src_04beb01fb2aa10d0d81f,Anxiety,2,test,test_nested,1452,0,2,2,True,0,{}
test_01736,src_04c3d4ec5b20f2859c56,Normal,0,train,train_added,372,2,0,2,True,0,{}
train_04280,src_04ca6aed7c8dba3d8e10,Depression,1,train,train_legacy,692,2,0,2,True,0,{}
train_04158,src_04d6de416fae69682a28,Depression,1,train,train_legacy,281,2,5,1,False,1,"{""length_ratio"": 1, ""refusal"": 2, ""sbert"": 3}"
train_02224,src_04da75da5562fbabfbef,Depression,1,train,train_legacy,650,2,5,2,True,0,"{""refusal"": 5}"
train_05287,src_04e0023e179e40e2d5af,Normal,0,train,train_legacy,54,2,5,0,False,2,"{""length_ratio"": 4, ""sbert"": 3}"
train_03609,src_04e3f809a74325f1d026,Bipolar,3,train,train_legacy,470,2,0,2,True,0,{}
train_03226,src_04e708a15fe1aaeb2d5e,Normal,0,train,train_legacy,212,2,0,2,True,0,{}
train_03959,src_04ffca1eb6a0f1136c37,Bipolar,3,train,train_legacy,446,2,1,2,True,0,"{""meta_commentary"": 1}"
test_01898,src_0502425ca1278dedba12,Anxiety,2,test,test_nested,642,0,2,2,True,0,{}
train_01187,src_0507268ba8359e106132,Normal,0,train,train_legacy,57,2,0,2,True,0,{}
train_04109,src_0509a06e8d8fa1e44637,Normal,0,train,train_legacy,54,2,5,0,False,2,"{""refusal"": 7}"
test_01270,src_0510d28a0666d72b1207,Normal,0,test,test_nested,19,0,5,2,True,0,"{""duplicate"": 1, ""length_ratio"": 2}"
train_03026,src_05160984f20c39967123,Depression,1,train,train_legacy,516,2,5,0,False,2,"{""refusal"": 7}"
test_01273,src_0528c773a8b097cdfe7b,Depression,1,test,test_nested,745,0,2,2,True,0,{}
train_01060,src_053ce91b54c100ef6a07,Anxiety,2,train,train_legacy,617,2,0,2,True,0,{}
train_01649,src_054ab9a3818cbf447843,Depression,1,train,train_legacy,462,2,0,2,True,0,{}
test_00111,src_054ef9d72edbcb076f6e,Normal,0,test,test_nested,22,0,5,1,False,1,"{""length_ratio"": 2, ""sbert"": 2}"
train_01664,src_05501a51d6dee7b5ccca,Normal,0,train,train_legacy,106,2,5,0,False,2,"{""length_ratio"": 1, ""sbert"": 6}"
train_01290,src_05503395c3fe1cc7d132,Normal,0,train,train_legacy,83,2,5,0,False,2,"{""length_ratio"": 2, ""sbert"": 5}"
test_00488,src_055b5da8a9c9aaa170ac,Depression,1,train,train_added,1103,2,0,2,True,0,{}
train_04886,src_05645823602e54a39315,Bipolar,3,train,train_legacy,307,2,0,2,True,0,{}
train_02909,src_0576636ec04fba96006b,Anxiety,2,train,train_legacy,476,2,0,2,True,0,{}
train_02106,src_0582a62cecfac2dda562,Bipolar,3,train,train_legacy,549,2,0,2,True,0,{}
test_02036,src_0585edddbfb33fc9c361,Bipolar,3,test,test_nested,574,0,2,2,True,0,{}
train_01597,src_0586b5c7c3ffb2bbd8c3,Normal,0,train,train_legacy,14,2,5,0,False,2,"{""length_ratio"": 7}"
test_00903,src_059045838d6189f64c2a,Depression,1,test,test_nested,855,0,2,2,True,0,{}
train_00102,src_05976e19b0b6013e463f,Depression,1,train,train_legacy,904,2,1,2,True,0,"{""meta_commentary"": 1}"
train_01943,src_059cc773126814f49dc0,Depression,1,train,train_legacy,515,2,0,2,True,0,{}
train_00045,src_05ad70259754305731d0,Anxiety,2,train,train_legacy,613,2,0,2,True,0,{}
train_02113,src_05af6c27383e8141ba6e,Normal,0,train,train_legacy,40,2,4,2,True,0,"{""length_ratio"": 4}"
train_02244,src_05b037d750089d308ab2,Normal,0,train,train_legacy,119,2,3,2,True,0,"{""length_ratio"": 3}"
train_04373,src_05b319ef4f5153879f11,Anxiety,2,train,train_legacy,357,2,0,2,True,0,{}
test_02369,src_05cb8a9387d094df9b81,Depression,1,test,test_nested,290,0,2,2,True,0,{}
test_01641,src_05e6885b71da5a0ff8f4,Anxiety,2,test,test_nested,606,0,2,2,True,0,{}
test_00389,src_05e7cec53282dc8095a5,Bipolar,3,test,test_nested,229,0,2,2,True,0,{}
train_03351,src_05e96e5caed13d52a56b,Anxiety,2,train,train_legacy,166,2,0,2,True,0,{}
train_03063,src_05efd051c894111b9abb,Normal,0,train,train_legacy,49,2,3,2,True,0,"{""length_ratio"": 3}"
train_03205,src_05f60b3e63242b22e6c4,Normal,0,train,train_legacy,20,2,5,0,False,2,"{""length_ratio"": 5, ""sbert"": 2}"
test_00328,src_05fb5a90df8b3e52aaa1,Depression,1,test,test_nested,475,0,5,0,False,2,"{""refusal"": 5}"
train_04281,src_06060506b4d91d590553,Bipolar,3,train,train_legacy,204,2,0,2,True,0,{}
test_01329,src_0607459e429c1f454607,Bipolar,3,test,test_nested,172,0,2,2,True,0,{}
test_00371,src_060ae9614ff4711c81ff,Anxiety,2,test,test_nested,45,0,2,2,True,0,{}
test_02384,src_061367e7ad60eabb6453,Normal,0,train,train_added,20,2,5,1,False,1,"{""length_ratio"": 5, ""sbert"": 1}"
test_00090,src_0614d46da97571278500,Anxiety,2,test,test_nested,265,0,2,2,True,0,{}
test_00929,src_0618410a7d85d7ae6a98,Depression,1,test,test_nested,824,0,2,2,True,0,{}
test_00987,src_061b993ae6bdb249ac9a,Depression,1,test,test_nested,363,0,2,2,True,0,{}
train_03334,src_06369dfbce17e42ca5e8,Normal,0,train,train_legacy,43,2,1,2,True,0,"{""length_ratio"": 1}"
test_02000,src_063ef54440b61e535021,Normal,0,test,test_nested,11,0,5,0,False,2,"{""length_ratio"": 3, ""meta_commentary"": 2}"
train_00347,src_0640f346a1fc46c4c806,Normal,0,train,train_legacy,88,2,2,2,True,0,"{""length_ratio"": 2}"
train_05272,src_0640fc4019748b0acafe,Anxiety,2,train,train_legacy,484,2,0,2,True,0,{}
train_03731,src_064211eca5c8d741a790,Anxiety,2,train,train_legacy,480,2,1,2,True,0,"{""meta_commentary"": 1}"
val_search_00183,src_0644df0ffd820ee62630,Bipolar,3,train,train_added,1918,2,0,2,True,0,{}
train_02723,src_064fe70785253f053856,Depression,1,train,train_legacy,919,2,5,0,False,2,"{""meta_commentary"": 7}"
train_01227,src_0664cbeae04485ed1e23,Normal,0,train,train_legacy,19,2,1,2,True,0,"{""length_ratio"": 1}"
train_03437,src_06688ec167c387d6bec7,Anxiety,2,train,train_legacy,661,2,0,2,True,0,{}
train_04596,src_0674ee35daa26d7026bb,Normal,0,train,train_legacy,55,2,2,2,True,0,"{""length_ratio"": 1, ""sbert"": 1}"
test_01562,src_067530f0b5c134f09c27,Depression,1,test,test_nested,3849,0,5,0,False,2,"{""refusal"": 5}"
test_01380,src_0676bd0edfa02d69d3be,Normal,0,train,train_added,78,2,0,2,True,0,{}
train_04505,src_068904c802c47520d8d7,Normal,0,train,train_legacy,110,2,0,2,True,0,{}
test_02303,src_068af1f4c73087cb73ee,Normal,0,test,test_nested,34,0,5,0,False,2,"{""sbert"": 5}"
train_03158,src_068c753f65a8ebf8cf79,Bipolar,3,train,train_legacy,287,2,0,2,True,0,{}
train_01619,src_0692fafb7bd702e61bfe,Anxiety,2,train,train_legacy,123,2,5,0,False,2,"{""sbert"": 7}"
train_03900,src_06a41b937aa92b1df7df,Normal,0,train,train_legacy,16,2,5,1,False,1,"{""length_ratio"": 3, ""sbert"": 3}"
train_03028,src_06a4f952d24a093fcde2,Bipolar,3,train,train_legacy,598,2,0,2,True,0,{}
test_01588,src_06ab4e43e8280dfa1d09,Bipolar,3,test,test_nested,1759,0,2,2,True,0,{}
train_03168,src_06b06f26121aa0bf3955,Anxiety,2,train,train_legacy,2413,2,0,2,True,0,{}
test_00222,src_06c0a0ac84a283ce7539,Bipolar,3,test,test_nested,851,0,2,2,True,0,{}
test_01056,src_06c3ba41f88cb75f77ce,Normal,0,test,test_nested,29,0,3,2,True,0,"{""length_ratio"": 1}"
train_04539,src_06c4a3245387eff7fa5f,Bipolar,3,train,train_legacy,642,2,1,2,True,0,"{""meta_commentary"": 1}"
train_02078,src_06cc5d4af5acbec7a3c7,Depression,1,train,train_legacy,523,2,0,2,True,0,{}
train_00039,src_06d3e3c1dea9b4a482a0,Depression,1,train,train_legacy,1241,2,0,2,True,0,{}
test_01163,src_06def6ed88aaf3005c4f,Bipolar,3,test,test_nested,1165,0,2,2,True,0,{}
test_02236,src_06e5a31a76acb271d0cf,Anxiety,2,train,train_added,679,2,1,2,True,0,"{""meta_commentary"": 1}"
test_00452,src_06e9f3a2abd37c58241e,Depression,1,test,test_nested,1403,0,2,2,True,0,{}
test_01246,src_06fa447b26f118ed6156,Normal,0,test,test_nested,34,0,5,1,False,1,"{""length_ratio"": 2, ""sbert"": 2}"
val_confirm_00600,src_06fba6ef94a1f82cbfd2,Bipolar,3,train,train_added,877,2,0,2,True,0,{}
train_04995,src_07034ac9fb02783b7586,Bipolar,3,train,train_legacy,645,2,0,2,True,0,{}
test_00310,src_07094611e0cbdf00abc0,Depression,1,test,test_nested,875,0,5,0,False,2,"{""refusal"": 5}"
train_01146,src_0727b6bb920d5e87cf21,Anxiety,2,train,train_legacy,320,2,0,2,True,0,{}
train_05143,src_07335ae80e93ffb39c81,Bipolar,3,train,train_legacy,898,2,0,2,True,0,{}
train_05444,src_073387bf40330d104a12,Normal,0,train,train_legacy,47,2,0,2,True,0,{}
test_01648,src_07341990cba1f31f5add,Bipolar,3,test,test_nested,371,0,2,2,True,0,{}
train_04228,src_07369997723f5379e017,Depression,1,train,train_legacy,4445,2,0,2,True,0,{}
train_03608,src_073da0e6d23fa9ba4005,Depression,1,train,train_legacy,21,2,5,2,True,0,"{""length_ratio"": 4, ""sbert"": 1}"
train_00424,src_0740558301486968ad58,Bipolar,3,train,train_legacy,1622,2,0,2,True,0,{}
test_00233,src_074057c21510c98f9074,Depression,1,test,test_nested,1539,0,2,2,True,0,{}
train_04071,src_0752efd2dbfe0c58879c,Normal,0,train,train_legacy,42,2,5,1,False,1,"{""length_ratio"": 6}"
val_confirm_00243,src_075410a6103c3db7416d,Bipolar,3,train,train_added,725,2,0,2,True,0,{}
train_02433,src_076437b446d41d433eb9,Anxiety,2,train,train_legacy,1072,2,1,2,True,0,"{""meta_commentary"": 1}"
train_02378,src_0764e38a70ba359da17c,Depression,1,train,train_legacy,467,2,2,2,True,0,{}
train_01421,src_0765d196490f02af554b,Anxiety,2,train,train_legacy,266,2,0,2,True,0,{}
test_02154,src_07696b3eecdb7212ecec,Anxiety,2,test,test_nested,1918,0,2,2,True,0,{}
train_03830,src_076a0d839986e44f9966,Bipolar,3,train,train_legacy,1353,2,1,2,True,0,"{""meta_commentary"": 1}"
train_01468,src_076fbc7131e38a019137,Anxiety,2,train,train_legacy,276,2,0,2,True,0,{}
train_05769,src_077191cadb4cf4386fcb,Normal,0,train,train_legacy,147,2,0,2,True,0,{}
train_01868,src_077486bd19b11a37253e,Anxiety,2,train,train_legacy,874,2,0,2,True,0,{}
train_00535,src_07756b76ab18e959c934,Normal,0,train,train_legacy,32,2,2,2,True,0,"{""length_ratio"": 2}"
train_04936,src_077a812ab36218f121a9,Depression,1,train,train_legacy,1218,2,2,2,True,0,"{""meta_commentary"": 1, ""refusal"": 1}"
train_01180,src_078c986fabc8c8c57a31,Depression,1,train,train_legacy,940,2,5,1,False,1,"{""meta_commentary"": 6}"
train_05645,src_0791101e0370ba468de8,Anxiety,2,train,train_legacy,274,2,0,2,True,0,{}
train_00551,src_07acb2474616cc69faec,Anxiety,2,train,train_legacy,1920,2,0,2,True,0,{}
test_01244,src_07c0a40e401a975cc8d6,Depression,1,test,test_nested,675,0,2,2,True,0,{}
train_05616,src_07c5089ccf5e4cc0f635,Bipolar,3,train,train_legacy,1002,2,0,2,True,0,{}
train_00461,src_07ce4510aad198f294d6,Depression,1,train,train_legacy,180,2,0,2,True,0,{}
test_02226,src_07d0c0faf6bfa51d3286,Depression,1,train,train_added,341,2,5,0,False,2,"{""refusal"": 7}"
train_05374,src_07da455660addd493b03,Anxiety,2,train,train_legacy,1085,2,0,2,True,0,{}
train_04115,src_07dd59190a1cd2516d2d,Bipolar,3,train,train_legacy,1314,2,1,2,True,0,"{""meta_commentary"": 1}"
train_02806,src_07df095bf929fdee52f4,Depression,1,train,train_legacy,788,2,5,0,False,2,"{""refusal"": 7}"
train_05303,src_07e166adffb3bf98001f,Anxiety,2,train,train_legacy,146,2,0,2,True,0,{}
test_02208,src_07eb152726d9d0596e70,Normal,0,test,test_nested,35,0,5,0,False,2,"{""length_ratio"": 1, ""refusal"": 4}"
test_01498,src_07f1b38caa696355c306,Bipolar,3,test,test_nested,638,0,2,2,True,0,{}
train_05727,src_07fa89f5ef43b583b932,Bipolar,3,train,train_legacy,4376,2,1,2,True,0,"{""length_ratio"": 1}"
train_00678,src_080513d8ee59b4ac538b,Anxiety,2,train,train_legacy,61,2,5,1,False,1,"{""length_ratio"": 1, ""sbert"": 5}"
test_02237,src_08076e79a172f9b3f134,Depression,1,test,test_nested,244,0,2,2,True,0,{}
train_04148,src_08091c6c60fe28c24951,Anxiety,2,train,train_legacy,678,2,0,2,True,0,{}
train_01916,src_080dac7ca9b9336399eb,Normal,0,train,train_legacy,62,2,0,2,True,0,{}
test_01597,src_081b6c84279e1427d8cf,Bipolar,3,test,test_nested,839,0,2,2,True,0,{}
test_00264,src_082b0242901ab003540c,Anxiety,2,test,test_nested,1473,0,2,2,True,0,{}
train_03401,src_085858a9bc59dfc7401d,Anxiety,2,train,train_legacy,11,2,5,0,False,2,"{""length_ratio"": 1, ""sbert"": 6}"
test_00510,src_085900316e517bb73d4f,Normal,0,test,test_nested,378,0,2,2,True,0,{}
test_00422,src_08610612c2fcaf97cbce,Normal,0,train,train_added,40,2,4,2,True,0,"{""length_ratio"": 2, ""sbert"": 2}"
test_01132,src_0865beb7409d53bc6bee,Bipolar,3,test,test_nested,33,0,5,0,False,2,"{""sbert"": 5}"
train_05525,src_0868329159937c53d78e,Anxiety,2,train,train_legacy,1093,2,0,2,True,0,{}
train_02242,src_086b34bf161da877f9c7,Normal,0,train,train_legacy,39,2,1,2,True,0,"{""sbert"": 1}"
train_05239,src_087a7f82a0dbdb4bec95,Depression,1,train,train_legacy,346,2,0,2,True,0,{}
test_00182,src_087c330d79f14b8b2d67,Normal,0,test,test_nested,67,0,3,2,True,0,"{""sbert"": 1}"
val_confirm_00048,src_08802c0c95101940e987,Normal,0,train,train_added,24,2,5,1,False,1,"{""length_ratio"": 6}"
val_confirm_00963,src_0884951afb50fa69efaa,Normal,0,train,train_added,18,2,5,1,False,1,"{""length_ratio"": 2, ""sbert"": 4}"
train_03913,src_08863a82c5c2e9e89c72,Bipolar,3,train,train_legacy,441,2,0,2,True,0,{}
train_00752,src_088e9cee15d83736e1e0,Depression,1,train,train_legacy,257,2,0,2,True,0,{}
train_02802,src_089b571d3e4c4682dacf,Bipolar,3,train,train_legacy,320,2,0,2,True,0,{}
train_02820,src_089e94fd71b0d9a8e985,Depression,1,train,train_legacy,1510,2,0,2,True,0,{}
test_01186,src_089fd53bc060e553cd01,Bipolar,3,test,test_nested,408,0,2,2,True,0,{}
train_05421,src_08a880ac7106ace26a5e,Anxiety,2,train,train_legacy,731,2,1,2,True,0,"{""meta_commentary"": 1}"
train_03314,src_08ab823b12f098c39167,Depression,1,train,train_legacy,966,2,0,2,True,0,{}
train_05228,src_08b3b0ae3ce6ebb38a41,Normal,0,train,train_legacy,44,2,5,1,False,1,"{""length_ratio"": 6}"
test_00249,src_08c7e1697e0a0facca52,Anxiety,2,test,test_nested,269,0,2,2,True,0,{}
train_01110,src_08d0f3f1c004f9ed7d21,Normal,0,train,train_legacy,137,2,0,2,True,0,{}
train_04715,src_08d7ca56081a32f77d0c,Anxiety,2,train,train_legacy,10,2,5,0,False,2,"{""length_ratio"": 7}"
train_03388,src_08da3b9135272937e976,Bipolar,3,train,train_legacy,321,2,0,2,True,0,{}
train_00373,src_08e96e3be588b13a9d28,Anxiety,2,train,train_legacy,529,2,1,2,True,0,"{""meta_commentary"": 1}"
test_02308,src_08ef4ddfce8a604ef7ea,Anxiety,2,test,test_nested,364,0,2,2,True,0,{}
train_04941,src_08efde09d6e992fe724a,Anxiety,2,train,train_legacy,1649,2,1,2,True,0,"{""meta_commentary"": 1}"
train_02585,src_08f24aff72be3200a831,Depression,1,train,train_legacy,180,2,5,0,False,2,"{""length_ratio"": 3, ""refusal"": 3, ""sbert"": 1}"
train_02284,src_08f69edc7de091fb4ea4,Normal,0,train,train_legacy,54,2,5,0,False,2,"{""sbert"": 7}"
train_01466,src_08f7f06df9f6a338c239,Bipolar,3,train,train_legacy,531,2,0,2,True,0,{}
train_04274,src_08f90a22be1ed9891f4c,Depression,1,train,train_legacy,561,2,0,2,True,0,{}
train_00681,src_08fe940c033c1bd14f64,Bipolar,3,train,train_legacy,946,2,0,2,True,0,{}
train_04762,src_090083bf900b7107200c,Bipolar,3,train,train_legacy,1507,2,0,2,True,0,{}
train_05270,src_090710e15a67701d7750,Bipolar,3,train,train_legacy,177,2,0,2,True,0,{}
train_03188,src_090acbe1ffae604287da,Depression,1,train,train_legacy,272,2,0,2,True,0,{}
test_02264,src_090bcf96e33e7e28019d,Depression,1,train,train_added,274,2,0,2,True,0,{}
test_01159,src_091935c2afc44264412a,Bipolar,3,train,train_added,1370,2,0,2,True,0,{}
test_01016,src_091b3618f9c7634070b1,Depression,1,train,train_added,238,2,2,2,True,0,"{""length_ratio"": 1, ""refusal"": 1}"
test_00271,src_091c8a44327de472e842,Depression,1,test,test_nested,1050,0,2,2,True,0,{}
test_01116,src_0923fcc9ba63140be948,Bipolar,3,test,test_nested,805,0,2,2,True,0,{}
train_03679,src_0928e7b75083d7721597,Normal,0,train,train_legacy,26,2,5,0,False,2,"{""length_ratio"": 7}"
train_00683,src_093075150cfb33dcec81,Bipolar,3,train,train_legacy,453,2,0,2,True,0,{}
train_05972,src_09309febca16d5fb15a6,Depression,1,train,train_legacy,807,2,0,2,True,0,{}
train_04246,src_0931407a401d2ab21956,Anxiety,2,train,train_legacy,377,2,0,2,True,0,{}
train_03093,src_093b009c1d037653f1de,Bipolar,3,train,train_legacy,2837,2,1,2,True,0,"{""length_ratio"": 1}"
test_02457,src_094c4f1baae39bc44bd2,Normal,0,train,train_added,10,2,5,0,False,2,"{""length_ratio"": 7}"
train_01915,src_0960302a28b9d46d67f8,Anxiety,2,train,train_legacy,262,2,0,2,True,0,{}
train_00881,src_0965985c0ed840d7c54d,Normal,0,train,train_legacy,35,2,2,2,True,0,"{""length_ratio"": 1, ""sbert"": 1}"
train_05315,src_096aaba21dbaf84378d3,Bipolar,3,train,train_legacy,524,2,0,2,True,0,{}
test_01351,src_096cc4be53f911c0c76a,Anxiety,2,test,test_nested,467,0,2,2,True,0,{}
val_confirm_00546,src_097302cf519b832d80f1,Anxiety,2,train,train_added,63,2,5,2,True,0,"{""length_ratio"": 4, ""sbert"": 1}"
test_02205,src_098a07a7098bc8193023,Normal,0,test,test_nested,26,0,5,0,False,2,"{""length_ratio"": 5}"
train_01268,src_098f33b6203549e07009,Anxiety,2,train,train_legacy,1351,2,1,2,True,0,"{""meta_commentary"": 1}"
test_00016,src_09904e57949252693552,Bipolar,3,test,test_nested,1393,0,2,2,True,0,{}
train_00523,src_0995b308c7b4308a1145,Depression,1,train,train_legacy,282,2,1,2,True,0,"{""sbert"": 1}"
train_04849,src_099977abc4521774504f,Normal,0,train,train_legacy,162,2,2,2,True,0,"{""meta_commentary"": 2}"
train_02787,src_09a198bb6db1a0399c78,Bipolar,3,train,train_legacy,3037,2,2,2,True,0,"{""meta_commentary"": 2}"
train_05420,src_09a318fe6a0ca707cf8d,Anxiety,2,train,train_legacy,358,2,1,2,True,0,"{""meta_commentary"": 1}"
test_02261,src_09a6061a7393e4dd060e,Bipolar,3,test,test_nested,489,0,2,2,True,0,{}
train_02582,src_09ab95c635aa1bac044b,Normal,0,train,train_legacy,76,2,4,2,True,0,"{""length_ratio"": 4}"
test_00225,src_09af10a8a27a55786732,Normal,0,test,test_nested,18,0,5,2,True,0,"{""length_ratio"": 3}"
train_02716,src_09b6a4d95aaac84df581,Bipolar,3,train,train_legacy,951,2,0,2,True,0,{}
test_01669,src_09ba1e96cbbef9ef91b1,Bipolar,3,test,test_nested,1582,0,2,2,True,0,{}
test_01740,src_09c39202f2fc226dce18,Depression,1,test,test_nested,183,0,2,2,True,0,{}
test_02062,src_09c39b1c281c09cdbfd2,Bipolar,3,test,test_nested,415,0,2,2,True,0,{}
test_00248,src_09cb8cab786b97bc64ea,Bipolar,3,test,test_nested,876,0,2,2,True,0,{}
test_02233,src_09ccefd70d77dc6bca9c,Bipolar,3,train,train_added,2659,2,0,2,True,0,{}
train_04963,src_09d2506be5f3608e3a1c,Depression,1,train,train_legacy,462,2,0,2,True,0,{}
train_04901,src_09def41f3e752e3e05cb,Depression,1,train,train_legacy,620,2,0,2,True,0,{}
train_03704,src_09eef5fedec53639d3b2,Anxiety,2,train,train_legacy,6092,2,5,1,False,1,"{""length_ratio"": 6}"
train_03675,src_09f3cfe6b5ffd6f83fb3,Normal,0,train,train_legacy,72,2,5,0,False,2,"{""length_ratio"": 4, ""sbert"": 3}"
train_03555,src_09ffa4f6a1b040cbb5dd,Normal,0,train,train_legacy,56,2,0,2,True,0,{}
test_02323,src_0a00d930c1de1b94b322,Depression,1,test,test_nested,424,0,2,2,True,0,{}
train_03691,src_0a04642eb5e321aed604,Anxiety,2,train,train_legacy,2132,2,0,2,True,0,{}
val_confirm_00567,src_0a20a70fa1f7e83ff892,Anxiety,2,train,train_added,1133,2,0,2,True,0,{}
train_03268,src_0a2462779694aaef31ea,Anxiety,2,train,train_legacy,528,2,0,2,True,0,{}
train_04159,src_0a2b1c93fad1c440d56b,Anxiety,2,train,train_legacy,243,2,0,2,True,0,{}
test_01068,src_0a39ca077e0337fba864,Normal,0,test,test_nested,12,0,5,0,False,2,"{""length_ratio"": 1, ""meta_commentary"": 3, ""sbert"": 1}"
test_01623,src_0a3c534d9e6990983cd7,Depression,1,train,train_added,822,2,5,0,False,2,"{""refusal"": 7}"
train_03399,src_0a47690a88378d9a4bb5,Normal,0,train,train_legacy,8,2,5,0,False,2,"{""length_ratio"": 2, ""sbert"": 5}"
test_01786,src_0a59bd31fb1268fcb8d2,Anxiety,2,test,test_nested,336,0,2,2,True,0,{}
test_01301,src_0a87c289378b56b1c3fe,Bipolar,3,test,test_nested,1016,0,2,2,True,0,{}
train_05325,src_0a8ff1b4f29682df8420,Anxiety,2,train,train_legacy,1055,2,0,2,True,0,{}
train_01579,src_0a9254094c3de707977e,Anxiety,2,train,train_legacy,94,2,1,2,True,0,"{""sbert"": 1}"
train_01461,src_0a9afab3dc78354c3c30,Normal,0,train,train_legacy,23,2,5,0,False,2,"{""length_ratio"": 7}"
train_03150,src_0a9f234db5a5898de504,Bipolar,3,train,train_legacy,773,2,1,2,True,0,"{""meta_commentary"": 1}"
test_00072,src_0aa033556ff77ffe5cc6,Depression,1,test,test_nested,1779,0,2,2,True,0,{}
train_05470,src_0aae064f3cb9c543e072,Anxiety,2,train,train_legacy,1100,2,0,2,True,0,{}
train_02948,src_0abc8349bff800ffce2a,Depression,1,train,train_legacy,1541,2,0,2,True,0,{}
train_02956,src_0abd04847fb6827f90dd,Bipolar,3,train,train_legacy,1065,2,0,2,True,0,{}
test_01585,src_0ac3a7fd227d4e829be4,Bipolar,3,test,test_nested,602,0,2,2,True,0,{}
train_04880,src_0acc8be1c3ea66f46fd7,Normal,0,train,train_legacy,78,2,0,2,True,0,{}
test_01483,src_0ad8516f99a3ab9fe336,Anxiety,2,test,test_nested,296,0,2,2,True,0,{}
train_03483,src_0adfc9485cf9079ce925,Normal,0,train,train_legacy,53,2,1,2,True,0,"{""length_ratio"": 1}"
test_01913,src_0aede1fbfe19a2c48ef8,Anxiety,2,test,test_nested,51,0,5,0,False,2,"{""length_ratio"": 2, ""sbert"": 3}"
train_03391,src_0af27bdd5efca801a510,Anxiety,2,train,train_legacy,1199,2,0,2,True,0,{}
train_02177,src_0af362b896f9d88b6960,Bipolar,3,train,train_legacy,488,2,0,2,True,0,{}
train_00724,src_0af7e6b1098d6e8d6c0c,Anxiety,2,train,train_legacy,144,2,0,2,True,0,{}
train_04557,src_0afb3ff380fb0c564fe6,Normal,0,train,train_legacy,109,2,0,2,True,0,{}
train_05585,src_0b05f6dd763fbb15d3f2,Bipolar,3,train,train_legacy,785,2,0,2,True,0,{}
test_01467,src_0b08208f8166f355a8f4,Bipolar,3,test,test_nested,2242,0,2,2,True,0,{}
train_02357,src_0b08e4cbcb400445725f,Depression,1,train,train_legacy,1105,2,0,2,True,0,{}
train_00664,src_0b09be5e708f8dc4168c,Anxiety,2,train,train_legacy,139,2,0,2,True,0,{}
train_00610,src_0b124b78e2def57b3eee,Anxiety,2,train,train_legacy,1272,2,3,2,True,0,"{""meta_commentary"": 3}"
train_00867,src_0b129e31544440f7f7b9,Anxiety,2,train,train_legacy,486,2,0,2,True,0,{}
train_01100,src_0b13539309518b53471d,Anxiety,2,train,train_legacy,1203,2,2,2,True,0,"{""meta_commentary"": 2}"
val_search_00375,src_0b143d091d398fc1f825,Bipolar,3,train,train_added,1080,2,0,2,True,0,{}
train_03056,src_0b2e7f27bbbcc72629a3,Depression,1,train,train_legacy,838,2,0,2,True,0,{}
train_01696,src_0b3ae1860b9f67a35072,Depression,1,train,train_legacy,809,2,0,2,True,0,{}
train_04489,src_0b3b3cedca4dfdf7bd11,Bipolar,3,train,train_legacy,507,2,0,2,True,0,{}
test_02274,src_0b3dbfafaf26570afb14,Depression,1,test,test_nested,851,0,2,2,True,0,{}
train_04448,src_0b454895cbfdaa38bec2,Normal,0,train,train_legacy,48,2,2,2,True,0,"{""length_ratio"": 2}"
train_02572,src_0b460b0ed69318d17faa,Normal,0,train,train_legacy,93,2,2,2,True,0,"{""length_ratio"": 2}"
train_02500,src_0b46e0e8c2a00786ed84,Normal,0,train,train_legacy,37,2,2,2,True,0,"{""length_ratio"": 1, ""sbert"": 1}"
test_00270,src_0b4c31784d5202fbfb66,Depression,1,test,test_nested,830,0,2,2,True,0,{}
train_01037,src_0b4c661b762b64f1f320,Anxiety,2,train,train_legacy,1234,2,0,2,True,0,{}
test_00430,src_0b55259c2e0cbb5fd66e,Bipolar,3,test,test_nested,147,0,2,2,True,0,{}
train_02174,src_0b59cd4e69342262de2f,Depression,1,train,train_legacy,95,2,0,2,True,0,{}
val_confirm_00509,src_0b5c0d51d0d8e212fe95,Bipolar,3,train,train_added,1042,2,0,2,True,0,{}
train_01785,src_0b62b979c3c425473f74,Normal,0,train,train_legacy,74,2,2,2,True,0,"{""length_ratio"": 1, ""meta_commentary"": 1}"
train_00476,src_0b6f2269415c54024b2d,Anxiety,2,train,train_legacy,377,2,0,2,True,0,{}
test_00667,src_0b70c6c1fa37f1a107c8,Depression,1,train,train_added,1043,2,0,2,True,0,{}
train_04059,src_0b7c3fe4f64ed3806979,Bipolar,3,train,train_legacy,903,2,0,2,True,0,{}
train_04616,src_0b92d6f6ddcd96a1d1dc,Bipolar,3,train,train_legacy,1177,2,0,2,True,0,{}
train_02600,src_0b954f06031bf902a19a,Depression,1,train,train_legacy,440,2,0,2,True,0,{}
train_03397,src_0ba6db5b926b0df1ba49,Bipolar,3,train,train_legacy,1245,2,0,2,True,0,{}
test_01885,src_0bac09ad400b413d5385,Anxiety,2,test,test_nested,1102,0,2,2,True,0,{}
val_confirm_00286,src_0bb698fb49ee28684f5a,Depression,1,train,train_added,267,2,0,2,True,0,{}
train_02300,src_0bca9eb59eb944bb3d2d,Anxiety,2,train,train_legacy,263,2,0,2,True,0,{}
test_00432,src_0bcaf2dfe965bffdcfef,Bipolar,3,train,train_added,302,2,0,2,True,0,{}
train_05830,src_0bccf0c275582ab4e543,Anxiety,2,train,train_legacy,2863,2,5,0,False,2,"{""meta_commentary"": 7}"
train_01128,src_0bd074355980c003c89e,Bipolar,3,train,train_legacy,1295,2,1,2,True,0,"{""meta_commentary"": 1}"
train_03966,src_0bd5fe113ca51416e41b,Anxiety,2,train,train_legacy,1266,2,0,2,True,0,{}
train_02477,src_0bda741c0f3368805aae,Depression,1,train,train_legacy,390,2,0,2,True,0,{}
train_00642,src_0c029256959283c669e7,Bipolar,3,train,train_legacy,425,2,5,0,False,2,"{""refusal"": 7}"
test_02471,src_0c074057676598a444ae,Bipolar,3,test,test_nested,399,0,2,2,True,0,{}
test_01000,src_0c0763fc13ba19fcdb19,Normal,0,test,test_nested,13,0,5,0,False,2,"{""length_ratio"": 1, ""sbert"": 4}"
train_05610,src_0c0f613e1f82f4854143,Depression,1,train,train_legacy,544,2,0,2,True,0,{}
train_03718,src_0c17b95f679bd0707d75,Anxiety,2,train,train_legacy,710,2,0,2,True,0,{}
train_01397,src_0c1a54a201966b12fc72,Depression,1,train,train_legacy,1290,2,0,2,True,0,{}
val_confirm_00797,src_0c1daacb2b156442b973,Anxiety,2,train,train_added,29,2,5,0,False,2,"{""length_ratio"": 5, ""sbert"": 2}"
test_00986,src_0c1e9af8f731c20c5ff0,Anxiety,2,test,test_nested,782,0,2,2,True,0,{}
train_05892,src_0c2118573905079ff695,Normal,0,train,train_legacy,52,2,0,2,True,0,{}
test_00446,src_0c21c181a015ce3ac430,Bipolar,3,test,test_nested,159,0,2,2,True,0,{}
test_00105,src_0c2671c5913a8d737855,Depression,1,test,test_nested,347,0,2,2,True,0,{}
train_04196,src_0c3076274db0af117114,Depression,1,train,train_legacy,1338,2,0,2,True,0,{}
train_01569,src_0c372f84166eb0336e7b,Bipolar,3,train,train_legacy,2363,2,0,2,True,0,{}
train_02171,src_0c387258304e2a4c812c,Depression,1,train,train_legacy,455,2,1,2,True,0,"{""sbert"": 1}"
train_00505,src_0c4abba50533c63bbef3,Normal,0,train,train_legacy,136,2,0,2,True,0,{}
train_02903,src_0c50b5a74aa043f31fb9,Normal,0,train,train_legacy,81,2,1,2,True,0,"{""sbert"": 1}"
train_03311,src_0c5a6881e1433231e056,Normal,0,train,train_legacy,28,2,0,2,True,0,{}
train_03366,src_0c740f980ee92b657ffd,Bipolar,3,train,train_legacy,1287,2,0,2,True,0,{}
val_confirm_00502,src_0c7ba395af946fd69946,Anxiety,2,train,train_added,512,2,0,2,True,0,{}
test_02332,src_0c7c484877699101fd61,Bipolar,3,test,test_nested,320,0,2,2,True,0,{}
train_04586,src_0c80c40c2f8d14d4953a,Bipolar,3,train,train_legacy,754,2,0,2,True,0,{}
test_00913,src_0c80cba0d06ec4597abc,Depression,1,test,test_nested,1539,0,2,2,True,0,{}
train_02749,src_0c94cc29493301431027,Anxiety,2,train,train_legacy,955,2,5,1,False,1,"{""meta_commentary"": 6}"
test_00631,src_0c958cf64c91b9377b75,Anxiety,2,train,train_added,156,2,0,2,True,0,{}
test_01976,src_0c9d52da50172e6dcd8c,Anxiety,2,train,train_added,27,2,0,2,True,0,{}
train_03278,src_0ca2808016e1d90dbce8,Depression,1,train,train_legacy,306,2,0,2,True,0,{}
test_01494,src_0ca60b74b08b3861a9dd,Bipolar,3,test,test_nested,1070,0,2,2,True,0,{}
val_confirm_01008,src_0cb82a180df1b8817f83,Bipolar,3,train,train_added,386,2,0,2,True,0,{}
train_04005,src_0cb9e584a5b84a0a5aeb,Depression,1,train,train_legacy,757,2,0,2,True,0,{}
test_01800,src_0cbae57e973460a35c28,Bipolar,3,test,test_nested,2383,0,2,2,True,0,{}
test_01625,src_0cc083c30ca0ebd4875e,Bipolar,3,test,test_nested,2871,0,2,2,True,0,{}
train_01544,src_0cc5793fbfbf458b1f1d,Bipolar,3,train,train_legacy,89,2,5,1,False,1,"{""length_ratio"": 6}"
train_01547,src_0cc5d5f8c373c4c8d46c,Normal,0,train,train_legacy,120,2,0,2,True,0,{}
val_confirm_00631,src_0ccd8c2652a9c247a0c3,Normal,0,train,train_added,29,2,5,0,False,2,"{""length_ratio"": 1, ""meta_commentary"": 2, ""sbert"": 4}"
train_02679,src_0cce39826cfb34a974a8,Anxiety,2,train,train_legacy,185,2,1,2,True,0,"{""length_ratio"": 1}"
train_02662,src_0cddd47cc1ad66d19515,Anxiety,2,train,train_legacy,272,2,0,2,True,0,{}
train_03607,src_0ce943be4b2949e1c1b7,Anxiety,2,train,train_legacy,1080,2,5,0,False,2,"{""meta_commentary"": 7}"
train_04981,src_0cf08695fce3f088b404,Depression,1,train,train_legacy,588,2,0,2,True,0,{}
test_00785,src_0cf6e6890f9b128d47f5,Normal,0,train,train_added,25,2,1,2,True,0,"{""refusal"": 1}"
train_05496,src_0cfbd290df1b875e122d,Depression,1,train,train_legacy,152,2,0,2,True,0,{}
train_00948,src_0d06b3c11ea8a3a7def8,Anxiety,2,train,train_legacy,2482,2,4,2,True,0,"{""meta_commentary"": 4}"
test_02280,src_0d15410bc5526875303b,Depression,1,test,test_nested,954,0,2,2,True,0,{}
train_02964,src_0d19e93b498d2fc1c994,Depression,1,train,train_legacy,1454,2,1,2,True,0,"{""meta_commentary"": 1}"
train_01500,src_0d1b6d8070b4590a588d,Anxiety,2,train,train_legacy,1509,2,0,2,True,0,{}
train_01432,src_0d1c24c6f80affc4115e,Depression,1,train,train_legacy,242,2,1,2,True,0,"{""length_ratio"": 1}"
train_03190,src_0d1f844e8461f9904fcc,Normal,0,train,train_legacy,209,2,0,2,True,0,{}
train_05163,src_0d34fd0f23e13b6f1521,Normal,0,train,train_legacy,163,2,5,0,False,2,"{""refusal"": 7}"
train_02368,src_0d39d42b8983804dc303,Anxiety,2,train,train_legacy,680,2,0,2,True,0,{}
train_01678,src_0d41e003af059903feab,Depression,1,train,train_legacy,1463,2,0,2,True,0,{}
test_01146,src_0d77b0001f87fc1215c8,Depression,1,test,test_nested,3302,0,3,2,True,0,"{""meta_commentary"": 1}"
train_01737,src_0d78bbdc36977d4dc70b,Anxiety,2,train,train_legacy,156,2,1,2,True,0,"{""sbert"": 1}"
train_04626,src_0d7931d2097063d29c5f,Bipolar,3,train,train_legacy,438,2,0,2,True,0,{}
test_00068,src_0d7cb966d5c07e5ea87c,Normal,0,test,test_nested,203,0,3,2,True,0,"{""sbert"": 1}"
train_05305,src_0d84795bb1b7f2da8bca,Bipolar,3,train,train_legacy,374,2,0,2,True,0,{}
train_02719,src_0d8831358d221ca31eb3,Bipolar,3,train,train_legacy,1141,2,4,2,True,0,"{""meta_commentary"": 4}"
train_03811,src_0d8ed180fcdb3a762d18,Depression,1,train,train_legacy,38,2,5,0,False,2,"{""refusal"": 7}"
test_00932,src_0d9a1845d86473e5b08a,Normal,0,test,test_nested,134,0,2,2,True,0,{}
train_05490,src_0d9b0ef32b7abcb173a6,Bipolar,3,train,train_legacy,1389,2,0,2,True,0,{}
test_01460,src_0da38039dd1b3881a0e5,Normal,0,test,test_nested,17,0,5,0,False,2,"{""length_ratio"": 5}"
train_05621,src_0da541bcc188eefa9443,Bipolar,3,train,train_legacy,355,2,0,2,True,0,{}
train_02816,src_0da5b45acf09cf812f61,Bipolar,3,train,train_legacy,1359,2,0,2,True,0,{}
train_05478,src_0dadbb6f257ea910d247,Depression,1,train,train_legacy,234,2,0,2,True,0,{}
train_01282,src_0dadd1c4a29b039c95ab,Anxiety,2,train,train_legacy,543,2,1,2,True,0,"{""meta_commentary"": 1}"
train_03284,src_0db0dff6d6007954c3c4,Normal,0,train,train_legacy,21,2,3,2,True,0,"{""length_ratio"": 3}"
test_00125,src_0db69c9eceeedf7f380e,Anxiety,2,test,test_nested,293,0,2,2,True,0,{}
train_05482,src_0dc119858b5c88dbc61b,Depression,1,train,train_legacy,77,2,5,1,False,1,"{""length_ratio"": 2, ""refusal"": 3, ""sbert"": 1}"
test_01746,src_0dcacf5e1a71851ab8a2,Normal,0,train,train_added,25,2,5,0,False,2,"{""length_ratio"": 6, ""meta_commentary"": 1}"
train_02593,src_0dcedb5a8e50dced59a7,Normal,0,train,train_legacy,105,2,5,0,False,2,"{""length_ratio"": 1, ""sbert"": 6}"
train_04167,src_0dd10f8f06f90c1ce4ff,Normal,0,train,train_legacy,77,2,0,2,True,0,{}
train_03497,src_0e07ef5281c9163f6dee,Bipolar,3,train,train_legacy,376,2,0,2,True,0,{}
test_00597,src_0e09fd31a9629ebaf1b2,Normal,0,test,test_nested,90,0,4,2,True,0,"{""length_ratio"": 2}"
train_02490,src_0e0baf8fec30dd5fc5a8,Normal,0,train,train_legacy,25,2,5,0,False,2,"{""sbert"": 7}"
test_01305,src_0e0c3a3e8ce824a7dad6,Bipolar,3,test,test_nested,331,0,2,2,True,0,{}
test_01052,src_0e29380389876ce258c4,Bipolar,3,test,test_nested,1708,0,2,2,True,0,{}
train_02323,src_0e2965d9d4442ad7ba99,Depression,1,train,train_legacy,2528,2,0,2,True,0,{}
train_04773,src_0e2f289f2623ad6c7e69,Depression,1,train,train_legacy,120,2,0,2,True,0,{}
train_03146,src_0e31d86d38d10fd20a7c,Depression,1,train,train_legacy,795,2,0,2,True,0,{}
train_01299,src_0e3244c7eaa5f6ea7c55,Depression,1,train,train_legacy,2031,2,0,2,True,0,{}
test_01400,src_0e396eb1c73d65b8236d,Normal,0,test,test_nested,70,0,5,1,False,1,"{""length_ratio"": 1, ""meta_commentary"": 3}"
val_confirm_00898,src_0e3b03adc71167bba0d2,Depression,1,train,train_added,440,2,1,2,True,0,"{""sbert"": 1}"
train_04251,src_0e46e7595d0d8c1e6588,Depression,1,train,train_legacy,123,2,5,1,False,1,"{""length_ratio"": 3, ""sbert"": 3}"
val_confirm_01032,src_0e49270002974c3aac59,Bipolar,3,train,train_added,692,2,0,2,True,0,{}
train_00214,src_0e5901b9a4da56d770e0,Normal,0,train,train_legacy,8,2,5,0,False,2,"{""length_ratio"": 7}"
train_03139,src_0e6059265fcc0548a4a1,Normal,0,train,train_legacy,17,2,5,0,False,2,"{""length_ratio"": 1, ""sbert"": 6}"
train_00882,src_0e60fc72955595b33487,Normal,0,train,train_legacy,138,2,0,2,True,0,{}
train_01797,src_0e6df733061ec3620ee4,Depression,1,train,train_legacy,416,2,1,2,True,0,"{""length_ratio"": 1}"
train_03084,src_0e7f6880192e2c97bd50,Depression,1,train,train_legacy,1001,2,0,2,True,0,{}
train_00903,src_0e7fee50cc1dd8257f38,Depression,1,train,train_legacy,380,2,0,2,True,0,{}
test_00205,src_0e8872dbdac72dc3c3c8,Normal,0,test,test_nested,234,0,2,2,True,0,{}
train_03467,src_0e8e0b194677026ebc61,Normal,0,train,train_legacy,55,2,5,0,False,2,"{""length_ratio"": 1, ""sbert"": 6}"
train_05327,src_0e925c9a77f2fc424c9a,Depression,1,train,train_legacy,161,2,5,1,False,1,"{""length_ratio"": 6}"
train_05214,src_0e9be22a6092af7b23ba,Anxiety,2,train,train_legacy,554,2,0,2,True,0,{}
val_confirm_00770,src_0ea1a6567617b51847a0,Bipolar,3,train,train_added,582,2,0,2,True,0,{}
test_01649,src_0eab6f2f471b78a4fcd7,Depression,1,test,test_nested,2536,0,2,2,True,0,{}
test_00577,src_0eae40d1c3c14565dc5d,Anxiety,2,train,train_added,307,2,0,2,True,0,{}
train_04784,src_0eafc0ef8d29b4ecef16,Normal,0,train,train_legacy,13,2,5,0,False,2,"{""length_ratio"": 3, ""meta_commentary"": 1, ""sbert"": 3}"
test_02461,src_0eb398ffa6d8bfabd347,Normal,0,test,test_nested,18,0,5,0,False,2,"{""length_ratio"": 3, ""meta_commentary"": 1, ""sbert"": 1}"
train_05213,src_0eb52ffce75a2f6f08dd,Depression,1,train,train_legacy,211,2,0,2,True,0,{}
train_02783,src_0eb5be69c65970d3bedb,Anxiety,2,train,train_legacy,690,2,1,2,True,0,"{""meta_commentary"": 1}"
train_00497,src_0eb612e03948ef2c1c17,Bipolar,3,train,train_legacy,647,2,0,2,True,0,{}
train_03142,src_0eb6d110be338b742d96,Normal,0,train,train_legacy,27,2,5,0,False,2,"{""length_ratio"": 7}"
train_03310,src_0ecbb8de5f344c71f69a,Normal,0,train,train_legacy,16,2,5,0,False,2,"{""length_ratio"": 2, ""sbert"": 5}"
test_01627,src_0ed0270c38c0e2b4eb5a,Anxiety,2,test,test_nested,42,0,5,0,False,2,"{""sbert"": 5}"
test_00000,src_0ed2e9abce7aab485196,Anxiety,2,train,train_added,34,2,5,1,False,1,"{""length_ratio"": 6}"
val_confirm_00329,src_0eda9dc7aeaafe2ed27b,Depression,1,train,train_added,1535,2,0,2,True,0,{}
test_01354,src_0ee0ae800497c173c69c,Bipolar,3,test,test_nested,2662,0,2,2,True,0,{}
test_01138,src_0ee9d5c2a3bee4dd8678,Depression,1,test,test_nested,171,0,2,2,True,0,{}
train_01821,src_0ef6cd266adb1b5d830d,Normal,0,train,train_legacy,235,2,5,2,True,0,"{""sbert"": 5}"
test_00252,src_0ef97535d8ca5db14aac,Normal,0,test,test_nested,115,0,2,2,True,0,{}
train_03225,src_0efcf693e62edac85992,Anxiety,2,train,train_legacy,178,2,0,2,True,0,{}
test_02266,src_0f019367bb82c6dfe91c,Bipolar,3,train,train_added,3671,2,2,2,True,0,"{""length_ratio"": 1, ""meta_commentary"": 1}"
train_05794,src_0f11feab4c0053925f2b,Normal,0,train,train_legacy,8,2,5,0,False,2,"{""length_ratio"": 7}"
train_00446,src_0f1d9b2581d1c078e65e,Bipolar,3,train,train_legacy,516,2,0,2,True,0,{}
test_00020,src_0f223f1064ca47a2c139,Normal,0,test,test_nested,135,0,2,2,True,0,{}
train_05779,src_0f2aa98f7fc57101335f,Normal,0,train,train_legacy,59,2,1,2,True,0,"{""sbert"": 1}"
train_03212,src_0f571c5ddb56e57767f7,Normal,0,train,train_legacy,88,2,0,2,True,0,{}
train_00938,src_0f5a8e731fd5e26c57fd,Normal,0,train,train_legacy,24,2,2,2,True,0,"{""length_ratio"": 2}"
train_01480,src_0f5c991598b7c2e42357,Bipolar,3,train,train_legacy,197,2,5,0,False,2,"{""length_ratio"": 1, ""sbert"": 6}"
val_confirm_00701,src_0f67bfa994283c067606,Anxiety,2,train,train_added,1608,2,0,2,True,0,{}
train_05617,src_0f6ac66a059be1678203,Bipolar,3,train,train_legacy,314,2,0,2,True,0,{}
train_00801,src_0f7708388e04321b52b9,Bipolar,3,train,train_legacy,146,2,3,2,True,0,"{""length_ratio"": 3}"
test_01734,src_0f78e0d59167c4b19d13,Normal,0,test,test_nested,34,0,5,0,False,2,"{""length_ratio"": 3, ""sbert"": 2}"
test_00456,src_0f7be00843cd76a87679,Depression,1,test,test_nested,626,0,2,2,True,0,{}
train_02222,src_0f7c52163608f76b24af,Bipolar,3,train,train_legacy,866,2,0,2,True,0,{}
train_04496,src_0f7fb373daed2a2022c4,Normal,0,train,train_legacy,34,2,5,1,False,1,"{""length_ratio"": 3, ""sbert"": 3}"
train_00167,src_0f855f8252470b83684d,Bipolar,3,train,train_legacy,391,2,0,2,True,0,{}
test_01662,src_0f8a4787c0bf2ae0f6e2,Bipolar,3,train,train_added,616,2,0,2,True,0,{}
train_01251,src_0f976dc6a988976ce69e,Anxiety,2,train,train_legacy,1213,2,0,2,True,0,{}
train_05642,src_0fa334233dc4382128a5,Bipolar,3,train,train_legacy,434,2,0,2,True,0,{}
test_01025,src_0fbab94042c39c57e343,Anxiety,2,train,train_added,3261,2,1,2,True,0,"{""meta_commentary"": 1}"
val_search_00392,src_0fbea41b471cf13a9b0a,Bipolar,3,train,train_added,3402,2,1,2,True,0,"{""meta_commentary"": 1}"
train_01508,src_0fc06bce156c1a344c4e,Anxiety,2,train,train_legacy,1123,2,1,2,True,0,"{""meta_commentary"": 1}"
train_01117,src_0fc111cd62b8d93d49b2,Anxiety,2,train,train_legacy,922,2,0,2,True,0,{}
train_00123,src_0fcc619130d0d44addc6,Normal,0,train,train_legacy,448,2,0,2,True,0,{}
train_05688,src_0fda6437300a8f50bec6,Bipolar,3,train,train_legacy,2014,2,0,2,True,0,{}
train_02652,src_0fe6d5f5395daa52fda4,Anxiety,2,train,train_legacy,44,2,5,0,False,2,"{""length_ratio"": 4, ""sbert"": 3}"
test_00933,src_0feba12c73a6cc5c7c2a,Depression,1,test,test_nested,2100,0,3,2,True,0,"{""length_ratio"": 1}"
train_02685,src_0ff1730bad6584ba60d7,Anxiety,2,train,train_legacy,380,2,0,2,True,0,{}
test_02150,src_0ff343aa7653d10d347d,Anxiety,2,test,test_nested,221,0,2,2,True,0,{}
train_00953,src_0ff5401436f52e288359,Normal,0,train,train_legacy,90,2,0,2,True,0,{}
test_02147,src_0ff6c9f08a985e2bbc0e,Bipolar,3,test,test_nested,1503,0,2,2,True,0,{}
train_04896,src_10070344a296788c53e3,Depression,1,train,train_legacy,1580,2,0,2,True,0,{}
train_04685,src_1010c361851990b8b666,Depression,1,train,train_legacy,80,2,5,1,False,1,"{""length_ratio"": 6}"
train_00762,src_10169868a02cbf38e0a2,Anxiety,2,train,train_legacy,947,2,1,2,True,0,"{""meta_commentary"": 1}"
train_03818,src_1017a2bb7b2eb9caac37,Depression,1,train,train_legacy,1708,2,0,2,True,0,{}
train_02650,src_10207f3100ac8eac2589,Bipolar,3,train,train_legacy,598,2,1,2,True,0,"{""meta_commentary"": 1}"
train_00291,src_1021c33bdedbd42aa522,Bipolar,3,train,train_legacy,1378,2,0,2,True,0,{}
train_04852,src_10253dba5a9e8160e1e7,Bipolar,3,train,train_legacy,737,2,0,2,True,0,{}
train_00353,src_10265dee2c62640fb2bb,Bipolar,3,train,train_legacy,207,2,1,2,True,0,"{""sbert"": 1}"
train_00263,src_102e140fe0248f8b069c,Anxiety,2,train,train_legacy,958,2,4,2,True,0,"{""meta_commentary"": 4}"
test_01411,src_102ea71404642e95901f,Anxiety,2,test,test_nested,1441,0,2,2,True,0,{}
test_01704,src_102ff6e10a4b77de19eb,Anxiety,2,test,test_nested,533,0,2,2,True,0,{}
train_02620,src_10320883e98b46484813,Anxiety,2,train,train_legacy,5944,2,5,0,False,2,"{""meta_commentary"": 7}"
train_04766,src_10407775670cb6dcfd06,Depression,1,train,train_legacy,919,2,0,2,True,0,{}
train_03644,src_104645b174afa17eaf42,Depression,1,train,train_legacy,312,2,0,2,True,0,{}
train_03443,src_10497cf23e7e9dc32af2,Bipolar,3,train,train_legacy,1000,2,0,2,True,0,{}
test_01111,src_104ddfabc8446d1d9e93,Depression,1,test,test_nested,117,0,5,1,False,1,"{""length_ratio"": 3, ""sbert"": 1}"
train_05979,src_1056b41419e3aa5183ff,Bipolar,3,train,train_legacy,715,2,1,2,True,0,"{""meta_commentary"": 1}"
train_05706,src_105ac150925f79062403,Bipolar,3,train,train_legacy,398,2,0,2,True,0,{}
test_01548,src_105d5f8dc41c6d887305,Bipolar,3,test,test_nested,633,0,5,0,False,2,"{""meta_commentary"": 1, ""refusal"": 4}"
train_01670,src_1060c813ccfd7e7b9e22,Anxiety,2,train,train_legacy,387,2,0,2,True,0,{}
train_02170,src_10802868994fec547ef0,Depression,1,train,train_legacy,363,2,0,2,True,0,{}
test_02162,src_10804268133e5797257a,Anxiety,2,test,test_nested,1915,0,2,2,True,0,{}
train_00690,src_1083010446d84b3d1840,Depression,1,train,train_legacy,1304,2,1,2,True,0,"{""meta_commentary"": 1}"
train_03587,src_1087e3a3a4b330bc9367,Depression,1,train,train_legacy,371,2,0,2,True,0,{}
test_02368,src_108fa0063093058a61a7,Normal,0,test,test_nested,55,0,5,1,False,1,"{""length_ratio"": 1, ""meta_commentary"": 2, ""sbert"": 1}"
train_00574,src_108fc1401f66b5d610be,Normal,0,train,train_legacy,56,2,0,2,True,0,{}
val_confirm_00213,src_109079c479a1886f22cf,Depression,1,train,train_added,303,2,5,0,False,2,"{""refusal"": 7}"
test_01694,src_1092e6124d221fa17548,Bipolar,3,train,train_added,1183,2,0,2,True,0,{}
train_02912,src_10a3a5062826c434e3e7,Normal,0,train,train_legacy,74,2,0,2,True,0,{}
train_02127,src_10b5efbe56436dc56be4,Bipolar,3,train,train_legacy,369,2,0,2,True,0,{}
test_00572,src_10bfd0867b07145326c9,Normal,0,test,test_nested,25,0,3,2,True,0,"{""sbert"": 1}"
train_05111,src_10c580ef705b4f3418e4,Normal,0,train,train_legacy,70,2,4,2,True,0,"{""sbert"": 4}"
train_02249,src_10c5ed7975011a7b1350,Depression,1,train,train_legacy,256,2,0,2,True,0,{}
train_04019,src_10d9a0797aefaea68208,Normal,0,train,train_legacy,85,2,5,1,False,1,"{""length_ratio"": 3, ""sbert"": 3}"
train_00408,src_10e143f0e8face008278,Normal,0,train,train_legacy,40,2,5,1,False,1,"{""length_ratio"": 5, ""sbert"": 1}"
train_01204,src_10e1825aec174cbae6c3,Bipolar,3,train,train_legacy,581,2,4,2,True,0,"{""length_ratio"": 4}"
train_05152,src_10e6f60d7789c240e9e2,Bipolar,3,train,train_legacy,640,2,0,2,True,0,{}
test_01943,src_10f0a902599d155b70db,Normal,0,train,train_added,123,2,1,2,True,0,"{""length_ratio"": 1}"
test_02082,src_10ff7677223bde5b81b1,Depression,1,test,test_nested,82,0,5,1,False,1,"{""length_ratio"": 4}"
train_00105,src_1100e9c20d6ed96a1411,Anxiety,2,train,train_legacy,1066,2,1,2,True,0,"{""meta_commentary"": 1}"
test_01570,src_110256afd6df50d82eab,Depression,1,test,test_nested,151,0,2,2,True,0,{}
train_03876,src_1102ffae957739ccd3ec,Bipolar,3,train,train_legacy,127,2,0,2,True,0,{}
train_02705,src_110b8ec253a0ad5220c5,Anxiety,2,train,train_legacy,245,2,0,2,True,0,{}
train_02281,src_111e5b8ecda69c6445c0,Normal,0,train,train_legacy,17,2,5,2,True,0,"{""length_ratio"": 5}"
test_01102,src_1123c1428b419855a5ea,Depression,1,test,test_nested,1145,0,2,2,True,0,{}
train_00377,src_112abaedc5ebd978f979,Anxiety,2,train,train_legacy,406,2,0,2,True,0,{}
test_02315,src_113139d229a16e237bfa,Depression,1,test,test_nested,438,0,2,2,True,0,{}
train_05790,src_113170711e5104eefd0d,Anxiety,2,train,train_legacy,1361,2,0,2,True,0,{}
test_02014,src_11363210c1424d9c188e,Normal,0,test,test_nested,116,0,3,2,True,0,"{""length_ratio"": 1}"
train_05638,src_113871cd488e64b3bbdc,Anxiety,2,train,train_legacy,316,2,0,2,True,0,{}
train_05461,src_1142ef09138b7c28aa1a,Normal,0,train,train_legacy,45,2,0,2,True,0,{}
test_01908,src_1143419779c9585e9016,Anxiety,2,test,test_nested,1514,0,5,1,False,1,"{""meta_commentary"": 4}"
val_confirm_00344,src_114e85b905a5973eaa52,Bipolar,3,train,train_added,651,2,0,2,True,0,{}
train_04868,src_1151d4a07153d7c65412,Anxiety,2,train,train_legacy,3623,2,4,2,True,0,"{""meta_commentary"": 4}"
test_01986,src_115bfb20a70993813411,Bipolar,3,test,test_nested,1512,0,2,2,True,0,{}
train_00166,src_115c9095a4f94098a8e1,Anxiety,2,train,train_legacy,316,2,0,2,True,0,{}
train_04382,src_11641ed818396cb2e371,Bipolar,3,train,train_legacy,397,2,0,2,True,0,{}
train_05277,src_116e50f2204d2b7ada67,Anxiety,2,train,train_legacy,697,2,0,2,True,0,{}
train_00234,src_1171226a7ac1884f96c7,Anxiety,2,train,train_legacy,722,2,0,2,True,0,{}
train_02416,src_117430dd628561cac59c,Normal,0,train,train_legacy,68,2,4,2,True,0,"{""length_ratio"": 1, ""sbert"": 3}"
train_03745,src_1175a780ebce6aee6af9,Normal,0,train,train_legacy,37,2,1,2,True,0,"{""length_ratio"": 1}"
train_04595,src_117ed488e6ad55e6867c,Anxiety,2,train,train_legacy,106,2,0,2,True,0,{}
train_05928,src_1189858f53a1f8a4a783,Depression,1,train,train_legacy,1201,2,0,2,True,0,{}
test_00765,src_11932484d5ff1c27c6f8,Depression,1,test,test_nested,2593,0,2,2,True,0,{}
train_04610,src_11a4148ab267fcdda604,Bipolar,3,train,train_legacy,372,2,0,2,True,0,{}
test_00155,src_11a42eb766f18f6ffbbf,Normal,0,test,test_nested,39,0,5,2,True,0,"{""length_ratio"": 2, ""sbert"": 1}"
test_01318,src_11ab09a3f7aa8f1c08fe,Bipolar,3,test,test_nested,461,0,2,2,True,0,{}
train_01059,src_11acf05c544a2c72c4ff,Anxiety,2,train,train_legacy,803,2,0,2,True,0,{}
train_00780,src_11d40417959631d3d242,Normal,0,train,train_legacy,8,2,5,0,False,2,"{""length_ratio"": 7}"
train_03734,src_11da66a44aa2422e907e,Normal,0,train,train_legacy,31,2,2,2,True,0,"{""duplicate"": 1, ""length_ratio"": 1}"
train_04173,src_11dd868887255b40a179,Anxiety,2,train,train_legacy,412,2,0,2,True,0,{}
train_00052,src_11f82e23e445379e0d39,Bipolar,3,train,train_legacy,1100,2,0,2,True,0,{}
train_03460,src_11fb247874caee27876a,Anxiety,2,train,train_legacy,590,2,0,2,True,0,{}
test_01238,src_11fc7fb44e4ee22c03d7,Depression,1,train,train_added,359,2,1,2,True,0,"{""sbert"": 1}"
train_05573,src_1207e72ac205e67641fd,Anxiety,2,train,train_legacy,583,2,0,2,True,0,{}
test_00314,src_12128fc6d1f2cb8a7f88,Depression,1,train,train_added,2873,2,0,2,True,0,{}
test_01468,src_121cbc9e8da6984dfe35,Anxiety,2,test,test_nested,856,0,2,2,True,0,{}
train_01200,src_121d9c4b238a733e895b,Depression,1,train,train_legacy,129,2,4,2,True,0,"{""length_ratio"": 3, ""sbert"": 1}"
train_01993,src_12381168bd87de491582,Depression,1,train,train_legacy,491,2,0,2,True,0,{}
val_confirm_00707,src_1244dee54e767fc64722,Depression,1,train,train_added,609,2,0,2,True,0,{}
train_00433,src_1246db736799ce860d33,Bipolar,3,train,train_legacy,1777,2,0,2,True,0,{}
train_03362,src_124e2a0002d003116ec6,Depression,1,train,train_legacy,453,2,0,2,True,0,{}
train_05550,src_1251e9a307405bbaab88,Normal,0,train,train_legacy,15,2,5,0,False,2,"{""length_ratio"": 7}"
test_01837,src_125ead127673bcc905d4,Anxiety,2,test,test_nested,1564,0,2,2,True,0,{}
train_01740,src_12606f635a9e3380671d,Depression,1,train,train_legacy,690,2,0,2,True,0,{}
train_03282,src_126b2915f36a5f60bab7,Anxiety,2,train,train_legacy,634,2,0,2,True,0,{}
train_01796,src_126d5a7bd6626d6228ed,Anxiety,2,train,train_legacy,199,2,1,2,True,0,"{""meta_commentary"": 1}"
train_04529,src_126de63d921c97954c3d,Normal,0,train,train_legacy,94,2,0,2,True,0,{}
train_04479,src_126f2af2bac0f462a1ee,Depression,1,train,train_legacy,281,2,1,2,True,0,"{""length_ratio"": 1}"
train_03726,src_12729f8339b9ad2b5f63,Depression,1,train,train_legacy,1293,2,0,2,True,0,{}
test_01094,src_1276523e64b248d837af,Normal,0,test,test_nested,23,0,5,0,False,2,"{""length_ratio"": 5}"
train_02885,src_127b04208c43f3b3cde3,Normal,0,train,train_legacy,24,2,5,0,False,2,"{""length_ratio"": 4, ""sbert"": 3}"
train_00168,src_128389632f89b7b23c49,Normal,0,train,train_legacy,91,2,0,2,True,0,{}
train_04624,src_1287341def607d265780,Depression,1,train,train_legacy,121,2,1,2,True,0,"{""length_ratio"": 1}"
test_01451,src_128aecab77486688a461,Anxiety,2,test,test_nested,2595,0,2,2,True,0,{}
train_01136,src_128d854be8a6f541b826,Normal,0,train,train_legacy,65,2,5,1,False,1,"{""length_ratio"": 6}"
train_03059,src_129b0ef5316e0e31eccb,Anxiety,2,train,train_legacy,1440,2,0,2,True,0,{}
test_01688,src_129b49f6324b2d62b777,Anxiety,2,test,test_nested,486,0,2,2,True,0,{}
train_05285,src_129db46ba720c50e7af3,Depression,1,train,train_legacy,549,2,0,2,True,0,{}
train_02230,src_12acae9516d3adf7bbb3,Anxiety,2,train,train_legacy,582,2,1,2,True,0,"{""meta_commentary"": 1}"
train_00622,src_12b59d253a4f46be2eaf,Depression,1,train,train_legacy,987,2,0,2,True,0,{}
train_05831,src_12c407bbb11988ce211c,Bipolar,3,train,train_legacy,901,2,0,2,True,0,{}
train_00237,src_12c41930657a44f315f6,Anxiety,2,train,train_legacy,1039,2,1,2,True,0,"{""meta_commentary"": 1}"
train_01250,src_12cf6f5cda8e26589b41,Depression,1,train,train_legacy,862,2,0,2,True,0,{}
test_02044,src_12df40c5095ff758fb7b,Anxiety,2,test,test_nested,16,0,5,0,False,2,"{""length_ratio"": 5}"
train_01169,src_12e153c21c285398985f,Bipolar,3,train,train_legacy,2555,2,1,2,True,0,"{""length_ratio"": 1}"
train_05100,src_12e628aeb05f8bd9db43,Bipolar,3,train,train_legacy,1703,2,0,2,True,0,{}
test_00421,src_12e7eca4c4b63639078a,Anxiety,2,test,test_nested,391,0,2,2,True,0,{}
val_confirm_00490,src_12eef3d2982d50a4f94a,Normal,0,train,train_added,25,2,5,1,False,1,"{""sbert"": 6}"
train_02132,src_12f649aadc470d572f0f,Anxiety,2,train,train_legacy,497,2,0,2,True,0,{}
train_05510,src_12ff30c750554a0576a5,Bipolar,3,train,train_legacy,1167,2,0,2,True,0,{}
train_01405,src_13090f239dc0198b1e52,Anxiety,2,train,train_legacy,1081,2,1,2,True,0,"{""meta_commentary"": 1}"
train_04805,src_13097cb21e8325f9dfec,Normal,0,train,train_legacy,34,2,4,2,True,0,"{""length_ratio"": 2, ""sbert"": 2}"
train_04060,src_130ac00d316d80be7379,Bipolar,3,train,train_legacy,26163,2,5,0,False,2,"{""length_ratio"": 7}"
test_01471,src_1314178bcb4f40fde4c0,Anxiety,2,test,test_nested,352,0,2,2,True,0,{}
train_04665,src_13144de3f0aa3f41be1c,Depression,1,train,train_legacy,2362,2,0,2,True,0,{}
train_05458,src_1320b81ec4d07e220773,Bipolar,3,train,train_legacy,412,2,0,2,True,0,{}
train_03198,src_132159cd5ca62579c5bf,Bipolar,3,train,train_legacy,1010,2,0,2,True,0,{}
train_02904,src_1329fe289b3a00826ab4,Normal,0,train,train_legacy,604,2,0,2,True,0,{}
train_04744,src_132a798310fda602454a,Anxiety,2,train,train_legacy,797,2,0,2,True,0,{}
train_03289,src_133300934084db71f21c,Bipolar,3,train,train_legacy,590,2,0,2,True,0,{}
test_00181,src_133d5040e9f4394ba042,Anxiety,2,test,test_nested,303,0,3,2,True,0,"{""length_ratio"": 1}"
train_05008,src_133f3b7791f8ac994815,Depression,1,train,train_legacy,123,2,0,2,True,0,{}
test_01081,src_1340ef01860046aa7ddd,Anxiety,2,test,test_nested,1405,0,2,2,True,0,{}
test_00556,src_134368a83aaede68197a,Normal,0,train,train_added,37,2,0,2,True,0,{}
test_00223,src_134d13eca2fbec9ad945,Bipolar,3,test,test_nested,725,0,2,2,True,0,{}
test_00753,src_1377ab7e3d08dbb5ab99,Bipolar,3,test,test_nested,149,0,2,2,True,0,{}
train_01369,src_138ecb9944de66a271ab,Normal,0,train,train_legacy,137,2,0,2,True,0,{}
train_01139,src_13931bab41555abd62d5,Anxiety,2,train,train_legacy,334,2,0,2,True,0,{}
train_01167,src_13981523fe59df1a5d5d,Depression,1,train,train_legacy,178,2,0,2,True,0,{}
train_05917,src_13a3260bef7959f594a1,Depression,1,train,train_legacy,3357,2,5,0,False,2,"{""refusal"": 7}"
train_00899,src_13a33028e37a7bf94f96,Normal,0,train,train_legacy,65,2,1,2,True,0,"{""length_ratio"": 1}"
test_02411,src_13aaecd16824ccd958d6,Normal,0,train,train_added,788,2,0,2,True,0,{}
train_00955,src_13aeccc43a58bd48c020,Anxiety,2,train,train_legacy,354,2,0,2,True,0,{}
train_05805,src_13b07a279f52f8174675,Normal,0,train,train_legacy,85,2,5,0,False,2,"{""length_ratio"": 2, ""sbert"": 5}"
train_05847,src_13b3683307c9b711b776,Anxiety,2,train,train_legacy,587,2,0,2,True,0,{}
test_01720,src_13b58e396097e8a2c626,Depression,1,test,test_nested,674,0,2,2,True,0,{}
train_02195,src_13b807f66e9ac2f17f01,Anxiety,2,train,train_legacy,1154,2,1,2,True,0,"{""meta_commentary"": 1}"
train_04756,src_13c52172ba063e2e392e,Normal,0,train,train_legacy,96,2,0,2,True,0,{}
val_confirm_00215,src_13c627bc646a245636a8,Bipolar,3,train,train_added,256,2,0,2,True,0,{}
train_00548,src_13cc4ff9d006db524a68,Bipolar,3,train,train_legacy,114,2,1,2,True,0,"{""sbert"": 1}"
train_01679,src_13cd6449c067efee81ee,Normal,0,train,train_legacy,70,2,4,2,True,0,"{""length_ratio"": 4}"
train_01938,src_13d565a84726f304f890,Depression,1,train,train_legacy,52,2,5,0,False,2,"{""refusal"": 6, ""sbert"": 1}"
train_03386,src_13e3979f3da4c9061c28,Anxiety,2,train,train_legacy,803,2,0,2,True,0,{}
train_01826,src_13e83366ce76b83033a7,Normal,0,train,train_legacy,23,2,5,0,False,2,"{""length_ratio"": 3, ""sbert"": 4}"
test_00819,src_13ebd5604e16a2e634ae,Normal,0,test,test_nested,104,0,2,2,True,0,{}
train_02000,src_13ec0734624a8e953f4f,Depression,1,train,train_legacy,218,2,5,0,False,2,"{""refusal"": 7}"
test_02113,src_13ec9d394d2bec892fb5,Anxiety,2,test,test_nested,623,0,2,2,True,0,{}
train_05278,src_13f22673d99ba9d30108,Anxiety,2,train,train_legacy,221,2,0,2,True,0,{}
train_00276,src_13f28529149fbec686f4,Anxiety,2,train,train_legacy,921,2,1,2,True,0,"{""meta_commentary"": 1}"
test_00281,src_13f3e872b160bac69af6,Anxiety,2,test,test_nested,1204,0,2,2,True,0,{}
test_00771,src_1408191cf20ccb5f43b8,Anxiety,2,test,test_nested,541,0,2,2,True,0,{}
train_05994,src_140f48f902c41e4219b0,Anxiety,2,train,train_legacy,703,2,0,2,True,0,{}
val_search_00334,src_1411e8f037ac7fad2a2f,Anxiety,2,train,train_added,1626,2,0,2,True,0,{}
train_01416,src_141f715c90bece38d7d7,Bipolar,3,train,train_legacy,727,2,1,2,True,0,"{""meta_commentary"": 1}"
test_00676,src_142d29bc8b7dd68675cd,Anxiety,2,test,test_nested,5539,0,5,2,True,0,"{""meta_commentary"": 3}"
train_04888,src_145095c1f8540d887a75,Bipolar,3,train,train_legacy,1070,2,0,2,True,0,{}
train_01908,src_147bab42898d9c2852fc,Anxiety,2,train,train_legacy,1301,2,0,2,True,0,{}
test_01931,src_14867e6cf16cc485f421,Normal,0,test,test_nested,38,0,4,2,True,0,"{""length_ratio"": 2}"
train_04813,src_148c2e5a0358beaa8ed6,Depression,1,train,train_legacy,797,2,0,2,True,0,{}
train_01450,src_149413305cb5760c7b86,Anxiety,2,train,train_legacy,193,2,0,2,True,0,{}
train_01525,src_149448b207d6919ad9d0,Normal,0,train,train_legacy,28,2,5,0,False,2,"{""length_ratio"": 2, ""sbert"": 5}"
train_05856,src_14957cde695f2c4a7f53,Anxiety,2,train,train_legacy,650,2,0,2,True,0,{}
train_03512,src_14a0627bfe150ffa9b56,Depression,1,train,train_legacy,1353,2,0,2,True,0,{}
test_00147,src_14b0db869f3f41606775,Anxiety,2,test,test_nested,225,0,2,2,True,0,{}
train_02835,src_14bb568e35c2bfd8e5d3,Depression,1,train,train_legacy,34,2,5,0,False,2,"{""length_ratio"": 7}"
train_05656,src_14c18e3cd38b76523ce7,Bipolar,3,train,train_legacy,748,2,0,2,True,0,{}
train_00367,src_14c1dcd9dda4537537f3,Depression,1,train,train_legacy,403,2,0,2,True,0,{}
test_01154,src_14c2660f0af03d611ae2,Anxiety,2,test,test_nested,49,0,5,0,False,2,"{""length_ratio"": 5}"
train_00041,src_14cf86813d78b23d96c6,Anxiety,2,train,train_legacy,77,2,4,2,True,0,"{""length_ratio"": 1, ""sbert"": 3}"
test_01157,src_14cfc8152b5cfd979358,Bipolar,3,test,test_nested,943,0,2,2,True,0,{}
train_00680,src_14d2d8b0c8e6e9aa00e6,Anxiety,2,train,train_legacy,27,2,5,0,False,2,"{""length_ratio"": 7}"
train_05183,src_14ee4ab69e8e19387ce9,Normal,0,train,train_legacy,108,2,0,2,True,0,{}
test_00216,src_14efd8d6853cf8d1fe42,Bipolar,3,train,train_added,2865,2,3,2,True,0,"{""meta_commentary"": 3}"
train_01702,src_14f8a7e955c5793fec15,Anxiety,2,train,train_legacy,94,2,0,2,True,0,{}
train_05943,src_14fe209f4d4deaa0476a,Normal,0,train,train_legacy,72,2,0,2,True,0,{}
train_02122,src_15025b80697c2bf01236,Normal,0,train,train_legacy,30,2,0,2,True,0,{}
train_03176,src_15047bfb4fff2d26f3bf,Normal,0,train,train_legacy,123,2,0,2,True,0,{}
train_01398,src_1508ccddbd7473071e50,Bipolar,3,train,train_legacy,865,2,0,2,True,0,{}
train_04124,src_150e1db5a7a487b91436,Anxiety,2,train,train_legacy,229,2,0,2,True,0,{}
train_01535,src_1519d105ddac49139190,Bipolar,3,train,train_legacy,193,2,0,2,True,0,{}
train_01676,src_151d27ef64e0eaeeaf52,Bipolar,3,train,train_legacy,1189,2,0,2,True,0,{}
test_00259,src_151d94eefeca796c2d9a,Bipolar,3,test,test_nested,1800,0,2,2,True,0,{}
train_01263,src_151ee40632fe0848c1c6,Anxiety,2,train,train_legacy,1111,2,0,2,True,0,{}
train_02742,src_1520a366d27cf78249bf,Bipolar,3,train,train_legacy,1637,2,0,2,True,0,{}
test_01515,src_1526c5d036b2f213f84f,Normal,0,train,train_added,26,2,4,2,True,0,"{""length_ratio"": 1, ""sbert"": 1}"
train_00546,src_1546c6d489c7a8c2a3e0,Bipolar,3,train,train_legacy,1851,2,0,2,True,0,{}
train_00462,src_1549ddca4462209a81cd,Normal,0,train,train_legacy,24,2,5,0,False,2,"{""length_ratio"": 3, ""sbert"": 4}"
train_01811,src_1550fb35f011561fb233,Normal,0,train,train_legacy,43,2,5,2,True,0,"{""length_ratio"": 4, ""sbert"": 1}"
test_02428,src_15537b37664576d07136,Anxiety,2,test,test_nested,3552,0,4,2,True,0,"{""meta_commentary"": 2}"
test_00022,src_15543671f21c80efc728,Anxiety,2,test,test_nested,405,0,2,2,True,0,{}
test_01162,src_155c9cf8c2ad6791e8c3,Anxiety,2,test,test_nested,40,0,5,2,True,0,"{""length_ratio"": 2, ""sbert"": 1}"
train_03214,src_155e92e0b23e8afa47d8,Bipolar,3,train,train_legacy,730,2,0,2,True,0,{}
test_02421,src_156a1f00f79928906314,Normal,0,test,test_nested,63,0,5,1,False,1,"{""length_ratio"": 4}"
test_00935,src_156fff6ad25b628600cb,Anxiety,2,test,test_nested,53,0,2,2,True,0,{}
val_search_00015,src_157e318069e014c6f47b,Anxiety,2,train,train_added,461,2,0,2,True,0,{}
train_02253,src_1580c243a5f34e84659d,Depression,1,train,train_legacy,806,2,0,2,True,0,{}
test_01299,src_15845dca1a5940846c48,Depression,1,test,test_nested,942,0,2,2,True,0,{}
train_04708,src_15865e3db58e5a918d43,Depression,1,train,train_legacy,521,2,0,2,True,0,{}
test_01693,src_158bc614069761648555,Normal,0,test,test_nested,19,0,5,0,False,2,"{""length_ratio"": 5}"
test_00190,src_1595fd9bee8692b73c0d,Depression,1,test,test_nested,1983,0,2,2,True,0,{}
train_01047,src_1597857cf643aaebad0d,Bipolar,3,train,train_legacy,507,2,0,2,True,0,{}
val_confirm_00216,src_15978acaee6c27e6cf29,Anxiety,2,train,train_added,572,2,0,2,True,0,{}
train_02036,src_159c65eebd3e7033c052,Anxiety,2,train,train_legacy,1164,2,0,2,True,0,{}
train_05874,src_15a68ca6fbf2914ead94,Bipolar,3,train,train_legacy,1185,2,1,2,True,0,"{""meta_commentary"": 1}"
train_00322,src_15ab6422ea596dbe673d,Normal,0,train,train_legacy,117,2,5,0,False,2,"{""refusal"": 7}"
train_00437,src_15b9c9f45d124a63f9ac,Bipolar,3,train,train_legacy,578,2,0,2,True,0,{}
test_00595,src_15c5f3a8633523f6173b,Anxiety,2,train,train_added,1563,2,0,2,True,0,{}
test_01063,src_15cd4b2077fc8bbac3b4,Normal,0,test,test_nested,167,0,3,2,True,0,"{""length_ratio"": 1}"
train_04905,src_15d60987ae1b05ed98e6,Normal,0,train,train_legacy,42,2,2,2,True,0,"{""length_ratio"": 2}"
train_02197,src_15d95994976ee55d077a,Bipolar,3,train,train_legacy,796,2,1,2,True,0,"{""meta_commentary"": 1}"
train_04844,src_15e6aa27ed6f70a1f204,Depression,1,train,train_legacy,112,2,0,2,True,0,{}
train_05192,src_15e8a1fcb973f4cd4512,Anxiety,2,train,train_legacy,237,2,0,2,True,0,{}
test_00471,src_15f72cf7c8f0316899a6,Bipolar,3,test,test_nested,749,0,2,2,True,0,{}
test_02005,src_15f92bda67970a92eb89,Normal,0,test,test_nested,19,0,3,2,True,0,"{""length_ratio"": 1}"
train_00818,src_1607242944f290194982,Depression,1,train,train_legacy,238,2,5,0,False,2,"{""refusal"": 7}"
train_04872,src_1619a84ad13d7868fb44,Depression,1,train,train_legacy,1484,2,0,2,True,0,{}
train_00913,src_161bc438f16d53f1d746,Bipolar,3,train,train_legacy,664,2,0,2,True,0,{}
test_01407,src_161e97797f2fd0fb4620,Bipolar,3,test,test_nested,252,0,2,2,True,0,{}
train_05604,src_16269ee5af13b807e875,Anxiety,2,train,train_legacy,175,2,0,2,True,0,{}
test_00051,src_1627d134f85723d54002,Normal,0,test,test_nested,38,0,5,0,False,2,"{""length_ratio"": 2, ""sbert"": 3}"
val_confirm_00944,src_163273bd71b1652cae20,Normal,0,train,train_added,758,2,0,2,True,0,{}
train_03788,src_163710635ca42296ae90,Depression,1,train,train_legacy,685,2,0,2,True,0,{}
test_00701,src_163f078e92285a24e404,Normal,0,test,test_nested,39,0,5,0,False,2,"{""length_ratio"": 4, ""sbert"": 1}"
train_02817,src_16403dabb6c393e2a622,Normal,0,train,train_legacy,46,2,2,2,True,0,"{""length_ratio"": 2}"
test_00492,src_1647b041dbf7a096a0c7,Normal,0,train,train_added,183,2,0,2,True,0,{}
val_confirm_00716,src_1659d9efc2e5a4a8c65a,Normal,0,train,train_added,48,2,5,0,False,2,"{""length_ratio"": 4, ""sbert"": 3}"
train_00810,src_167bc46b145f67aacdf5,Bipolar,3,train,train_legacy,415,2,0,2,True,0,{}
train_01395,src_167c39ad5a6813c72931,Bipolar,3,train,train_legacy,1354,2,0,2,True,0,{}
train_03064,src_168866d8b6e9831822fb,Normal,0,train,train_legacy,31,2,5,0,False,2,"{""length_ratio"": 1, ""sbert"": 6}"
train_02030,src_1694278a75e97e79a8e1,Anxiety,2,train,train_legacy,125,2,5,1,False,1,"{""length_ratio"": 3, ""sbert"": 3}"
test_00170,src_169a9a0b7c07ad4a946e,Normal,0,test,test_nested,72,0,5,1,False,1,"{""length_ratio"": 1, ""meta_commentary"": 3}"
train_03144,src_16a3de9bae5b63eb42d6,Normal,0,train,train_legacy,69,2,2,2,True,0,"{""meta_commentary"": 2}"
val_confirm_00541,src_16a468f36668e38cf694,Bipolar,3,train,train_added,522,2,1,2,True,0,"{""meta_commentary"": 1}"
train_01438,src_16ada98b6887211d0070,Normal,0,train,train_legacy,63,2,1,2,True,0,"{""length_ratio"": 1}"
train_03044,src_16b058893b6390eae593,Bipolar,3,train,train_legacy,423,2,0,2,True,0,{}
test_01240,src_16b12fc93784c9f81cb1,Bipolar,3,test,test_nested,900,0,2,2,True,0,{}
test_02240,src_16b1fbe59149bb0f89c6,Normal,0,train,train_added,40,2,5,1,False,1,"{""length_ratio"": 6}"
train_05842,src_16b53b5a29eb9c0cb3aa,Normal,0,train,train_legacy,534,2,0,2,True,0,{}
train_01990,src_16bbf9037bf254c15622,Depression,1,train,train_legacy,1051,2,0,2,True,0,{}
test_01994,src_16c1221a72da9934768f,Bipolar,3,test,test_nested,1477,0,2,2,True,0,{}
test_00979,src_16cf60787c98dbb04a5c,Depression,1,test,test_nested,697,0,5,0,False,2,"{""refusal"": 5}"
train_05571,src_16d426bd46792240d886,Normal,0,train,train_legacy,29,2,5,0,False,2,"{""length_ratio"": 5, ""sbert"": 2}"
train_05246,src_16d4e6a3eb1da38aa25f,Anxiety,2,train,train_legacy,24,2,5,0,False,2,"{""length_ratio"": 6, ""sbert"": 1}"
test_02119,src_16d6816a80a06d98ab3f,Bipolar,3,test,test_nested,287,0,2,2,True,0,{}
train_04810,src_16de51e4a24d8a7f9ed9,Bipolar,3,train,train_legacy,546,2,0,2,True,0,{}
val_confirm_01018,src_16e453cccc96205af106,Bipolar,3,train,train_added,630,2,1,2,True,0,"{""length_ratio"": 1}"
train_05686,src_16e69a77a2d03da3113a,Anxiety,2,train,train_legacy,705,2,0,2,True,0,{}
train_01260,src_16ed963b7c9b5536be47,Anxiety,2,train,train_legacy,5726,2,5,0,False,2,"{""meta_commentary"": 3, ""refusal"": 4}"
test_02287,src_16fe2c922107ff9daa6f,Normal,0,test,test_nested,78,0,5,2,True,0,"{""length_ratio"": 3}"
train_04839,src_1700f1b2daa71c70df69,Depression,1,train,train_legacy,1213,2,0,2,True,0,{}
train_04343,src_170ccabef91e2dbe34ab,Anxiety,2,train,train_legacy,608,2,0,2,True,0,{}
train_02107,src_170d734123200633a40b,Depression,1,train,train_legacy,585,2,1,2,True,0,"{""length_ratio"": 1}"
train_03207,src_171558221cf5ee328973,Anxiety,2,train,train_legacy,358,2,1,2,True,0,"{""meta_commentary"": 1}"
train_03985,src_17196d28789149e59843,Normal,0,train,train_legacy,18,2,0,2,True,0,{}
test_01836,src_171c95f744bbc678a07d,Depression,1,test,test_nested,687,0,2,2,True,0,{}
train_03648,src_1722d1c574387d144c8d,Anxiety,2,train,train_legacy,750,2,0,2,True,0,{}
train_03360,src_1726c6e18487919426db,Depression,1,train,train_legacy,86,2,0,2,True,0,{}
train_05909,src_172ab59985fa91cf08be,Bipolar,3,train,train_legacy,475,2,0,2,True,0,{}
train_04418,src_172da3c7bde336ecf21a,Anxiety,2,train,train_legacy,452,2,0,2,True,0,{}
test_02207,src_1738a505680657e6dc59,Normal,0,test,test_nested,88,0,3,2,True,0,"{""length_ratio"": 1}"
test_00511,src_173b880e2f22db8c13b6,Bipolar,3,test,test_nested,173,0,2,2,True,0,{}
train_00595,src_17413c9c9b95f878cbc6,Depression,1,train,train_legacy,2446,2,0,2,True,0,{}
train_04534,src_17485e74e4a52a8b5e0f,Bipolar,3,train,train_legacy,1286,2,1,2,True,0,"{""meta_commentary"": 1}"
train_03687,src_1748772a845af09ae3f5,Bipolar,3,train,train_legacy,956,2,1,2,True,0,"{""meta_commentary"": 1}"
train_04565,src_174c28c66f8cb5252735,Normal,0,train,train_legacy,20,2,5,0,False,2,"{""length_ratio"": 7}"
test_00774,src_1758e7837d51a7e28f40,Anxiety,2,test,test_nested,591,0,2,2,True,0,{}
train_00725,src_1762368d46fe037748ce,Normal,0,train,train_legacy,34,2,5,1,False,1,"{""length_ratio"": 3, ""sbert"": 3}"
train_03165,src_1778bf693503bd9567ed,Normal,0,train,train_legacy,143,2,5,0,False,2,"{""meta_commentary"": 5, ""refusal"": 2}"
train_00712,src_177c64525cf139367fdd,Bipolar,3,train,train_legacy,2888,2,0,2,True,0,{}
train_01875,src_177d70ab71ab89fca8b7,Depression,1,train,train_legacy,280,2,0,2,True,0,{}
test_00351,src_178153509fb060f42e7a,Depression,1,test,test_nested,575,0,2,2,True,0,{}
train_02366,src_1782fc00ccde2f3757be,Normal,0,train,train_legacy,34,2,5,0,False,2,"{""length_ratio"": 7}"
train_02640,src_1796771fa26e0919e00c,Bipolar,3,train,train_legacy,2331,2,0,2,True,0,{}
train_05955,src_17a29b7f0dbdd02f29ad,Depression,1,train,train_legacy,209,2,0,2,True,0,{}
test_01404,src_17ad766050daf9f659c1,Bipolar,3,train,train_added,2489,2,4,2,True,0,"{""meta_commentary"": 4}"
train_01742,src_17b0bd0c4d23971f50a9,Depression,1,train,train_legacy,3113,2,4,2,True,0,"{""meta_commentary"": 4}"
test_00330,src_17b578dbaf2dd5840a9f,Normal,0,test,test_nested,18,0,5,0,False,2,"{""length_ratio"": 3, ""meta_commentary"": 1, ""sbert"": 1}"
test_01217,src_17bc2a66ee7b69231f18,Normal,0,test,test_nested,180,0,2,2,True,0,{}
val_confirm_00014,src_17bdbc2296bef075eb4d,Normal,0,train,train_added,32,2,5,0,False,2,"{""length_ratio"": 6, ""sbert"": 1}"
train_00144,src_17c46c2c844ad61945c3,Normal,0,train,train_legacy,93,2,0,2,True,0,{}
train_00150,src_17c484663296430da807,Bipolar,3,train,train_legacy,631,2,0,2,True,0,{}
test_00591,src_17cb8c906d563b9944c6,Normal,0,train,train_added,26,2,5,0,False,2,"{""length_ratio"": 7}"
val_confirm_00321,src_17d043a328ec644e214e,Depression,1,train,train_added,521,2,1,2,True,0,"{""meta_commentary"": 1}"
train_02647,src_17d3369cbf54386c6892,Anxiety,2,train,train_legacy,1083,2,1,2,True,0,"{""meta_commentary"": 1}"
train_01646,src_17d4c3c9849e87fefb27,Anxiety,2,train,train_legacy,749,2,0,2,True,0,{}
train_01179,src_17db1f45ed4856142b4a,Depression,1,train,train_legacy,267,2,0,2,True,0,{}
train_03862,src_17ea401b2950e436c243,Bipolar,3,train,train_legacy,536,2,0,2,True,0,{}
train_01411,src_17eca7bbcb7f269a663d,Normal,0,train,train_legacy,129,2,0,2,True,0,{}
test_01276,src_17fb9f17000fa5ec0e2e,Bipolar,3,test,test_nested,306,0,2,2,True,0,{}
train_01302,src_1807ed21dcdbecba4395,Depression,1,train,train_legacy,729,2,0,2,True,0,{}
test_00348,src_1809da37db2b7582a146,Anxiety,2,test,test_nested,49,0,2,2,True,0,{}
test_00883,src_180bf4323af135338c56,Normal,0,test,test_nested,23,0,5,2,True,0,"{""length_ratio"": 1, ""sbert"": 2}"
test_02393,src_1811c5573415f55d4ce7,Bipolar,3,test,test_nested,400,0,2,2,True,0,{}
train_00840,src_1818d0846f82dc72fe06,Bipolar,3,train,train_legacy,1316,2,0,2,True,0,{}
train_03199,src_1821ff1a4b2b68ced82b,Depression,1,train,train_legacy,5591,2,0,2,True,0,{}
test_02087,src_1826a4f33de0f2333ce6,Anxiety,2,test,test_nested,327,0,2,2,True,0,{}
train_01318,src_18287ce4bfb5346c4936,Depression,1,train,train_legacy,771,2,0,2,True,0,{}
test_00610,src_1834dba5e3568c62032c,Bipolar,3,test,test_nested,319,0,2,2,True,0,{}
train_03417,src_1838d498b6a0e52204bd,Depression,1,train,train_legacy,99,2,0,2,True,0,{}
train_03009,src_183a64232996dbbfae48,Normal,0,train,train_legacy,59,2,0,2,True,0,{}
train_04663,src_183b6379f6242aa10a38,Bipolar,3,train,train_legacy,205,2,0,2,True,0,{}
train_00333,src_184a5e9cce9077fdf6ef,Bipolar,3,train,train_legacy,1170,2,0,2,True,0,{}
train_03372,src_18509ceccb3e8b39d6b2,Normal,0,train,train_legacy,46,2,0,2,True,0,{}
train_01910,src_1856e6f036013f44edf9,Normal,0,train,train_legacy,27,2,5,2,True,0,"{""length_ratio"": 5}"
test_00898,src_18571b742e6ec489898d,Depression,1,test,test_nested,103,0,2,2,True,0,{}
train_01014,src_18642eb1a32c0b62c4dd,Anxiety,2,train,train_legacy,54,2,5,0,False,2,"{""length_ratio"": 4, ""sbert"": 3}"
train_02096,src_18650058248ec5b5f9db,Anxiety,2,train,train_legacy,64,2,3,2,True,0,"{""length_ratio"": 1, ""sbert"": 2}"
train_02535,src_1868f13cf055dd1c623b,Depression,1,train,train_legacy,1851,2,0,2,True,0,{}
train_02574,src_1874c25da06f7cb2d24c,Normal,0,train,train_legacy,735,2,0,2,True,0,{}
train_01152,src_18843a6c766feabda1b9,Normal,0,train,train_legacy,33,2,5,1,False,1,"{""length_ratio"": 5, ""sbert"": 1}"
train_02363,src_1884a962f28d9bb68625,Bipolar,3,train,train_legacy,1143,2,0,2,True,0,{}
train_01716,src_188d08ff80f058c01ae5,Bipolar,3,train,train_legacy,759,2,0,2,True,0,{}
train_05663,src_188d7c90c177eab8fff5,Normal,0,train,train_legacy,44,2,0,2,True,0,{}
test_00395,src_18a6e42ce69c050aa246,Anxiety,2,test,test_nested,168,0,2,2,True,0,{}
train_05034,src_18aab29a0c0ee89239bf,Bipolar,3,train,train_legacy,892,2,0,2,True,0,{}
train_03678,src_18b95c05434a48a155c1,Normal,0,train,train_legacy,23,2,0,2,True,0,{}
train_04299,src_18ba53a8add9170e7e75,Anxiety,2,train,train_legacy,546,2,0,2,True,0,{}
val_confirm_00153,src_18bafd5a305419d27ab4,Normal,0,train,train_added,91,2,0,2,True,0,{}
train_05673,src_18bf09382fce33b5218f,Normal,0,train,train_legacy,50,2,2,2,True,0,"{""sbert"": 2}"
test_00654,src_18c354e3eb1282f2e010,Anxiety,2,test,test_nested,561,0,2,2,True,0,{}
train_01016,src_18ccb9e8bc23ae1210ca,Depression,1,train,train_legacy,353,2,0,2,True,0,{}
train_01549,src_18d803678076a0dafbe7,Depression,1,train,train_legacy,473,2,0,2,True,0,{}
test_01197,src_18d9551952cde6920b89,Anxiety,2,test,test_nested,119,0,3,2,True,0,"{""sbert"": 1}"
train_04344,src_18e154bb92086e0f9221,Depression,1,train,train_legacy,267,2,0,2,True,0,{}
test_01310,src_18e4372d3c14cb3f924d,Depression,1,train,train_added,250,2,0,2,True,0,{}
train_04424,src_18e49d04dac6b32bbe59,Depression,1,train,train_legacy,263,2,0,2,True,0,{}
test_00732,src_18ead26c1537b02f705a,Anxiety,2,test,test_nested,697,0,2,2,True,0,{}
train_00388,src_18ee49acdb66d2caf210,Depression,1,train,train_legacy,1963,2,0,2,True,0,{}
train_02729,src_18f0bc9a20d4552f4e85,Normal,0,train,train_legacy,24,2,5,0,False,2,"{""refusal"": 7}"
test_02364,src_18fb74c0eaa1bf6b07d2,Normal,0,test,test_nested,45,0,5,1,False,1,"{""length_ratio"": 4}"
train_02240,src_19029e4f0e307ad6232f,Anxiety,2,train,train_legacy,1108,2,0,2,True,0,{}
train_02286,src_190b0aef7b843b98c4a2,Anxiety,2,train,train_legacy,1184,2,4,2,True,0,"{""meta_commentary"": 4}"
train_01691,src_190f181191f4c5eb91c8,Bipolar,3,train,train_legacy,460,2,0,2,True,0,{}
train_02623,src_1913244eda0649882232,Bipolar,3,train,train_legacy,436,2,0,2,True,0,{}
train_05821,src_19165300317ea90b1c6c,Anxiety,2,train,train_legacy,355,2,1,2,True,0,"{""meta_commentary"": 1}"
test_01877,src_1929adf46780480b094a,Depression,1,test,test_nested,157,0,2,2,True,0,{}
test_00747,src_1935c0100574ac06b8de,Bipolar,3,test,test_nested,492,0,2,2,True,0,{}
test_00909,src_1939217ab7ba13e8b9f4,Anxiety,2,test,test_nested,370,0,2,2,True,0,{}
train_01560,src_193b405fe79c42996eba,Normal,0,train,train_legacy,97,2,5,0,False,2,"{""sbert"": 7}"
train_03901,src_193e1995ced9b0f26e22,Anxiety,2,train,train_legacy,1347,2,0,2,True,0,{}
train_05456,src_193ec9592a68573213ac,Depression,1,train,train_legacy,1511,2,0,2,True,0,{}
train_00796,src_1946e12b5fabc5219c97,Bipolar,3,train,train_legacy,849,2,0,2,True,0,{}
train_01267,src_1947085f48f54baa2ed4,Anxiety,2,train,train_legacy,442,2,0,2,True,0,{}
train_01410,src_194f6f388617834cbe35,Bipolar,3,train,train_legacy,263,2,0,2,True,0,{}
train_04248,src_1956ec203fcdcee9be1d,Bipolar,3,train,train_legacy,276,2,0,2,True,0,{}
train_05477,src_1957f7be11cefebd5237,Depression,1,train,train_legacy,934,2,0,2,True,0,{}
train_05446,src_19590bba8cc03fed2577,Depression,1,train,train_legacy,726,2,0,2,True,0,{}
val_search_00030,src_197974a0b2a1d777ff77,Bipolar,3,train,train_added,300,2,0,2,True,0,{}
train_01521,src_197d60c74473c6f5c52e,Bipolar,3,train,train_legacy,1731,2,0,2,True,0,{}
train_05466,src_19863dba283601462060,Bipolar,3,train,train_legacy,1694,2,5,0,False,2,"{""meta_commentary"": 7}"
test_00335,src_1988396f7b1430c66927,Normal,0,test,test_nested,15,0,5,1,False,1,"{""length_ratio"": 4}"
val_search_00374,src_1997052048b71cab0a1a,Anxiety,2,train,train_added,282,2,0,2,True,0,{}
train_01301,src_199b936331430874827a,Depression,1,train,train_legacy,377,2,0,2,True,0,{}
train_00163,src_19aca897fa10b7dde193,Anxiety,2,train,train_legacy,1502,2,0,2,True,0,{}
train_00550,src_19ad4009ab7e253529f3,Depression,1,train,train_legacy,517,2,0,2,True,0,{}
test_00018,src_19b61d22366c76fa7ee3,Bipolar,3,test,test_nested,2980,0,2,2,True,0,{}
test_01490,src_19b694147ffc728c9fe1,Depression,1,test,test_nested,1449,0,2,2,True,0,{}
train_00315,src_19b925562dd056fd4a1b,Normal,0,train,train_legacy,196,2,5,0,False,2,"{""refusal"": 7}"
train_01630,src_19c1ab36bd60fec5132c,Depression,1,train,train_legacy,999,2,1,2,True,0,"{""meta_commentary"": 1}"
train_00117,src_19c9de01e96d1187c9aa,Anxiety,2,train,train_legacy,79,2,1,2,True,0,"{""sbert"": 1}"
train_03220,src_19cc0176db3b5049e8b4,Depression,1,train,train_legacy,254,2,0,2,True,0,{}
train_01474,src_19d02d487d9b0f72c553,Anxiety,2,train,train_legacy,390,2,0,2,True,0,{}
train_03637,src_19d7219048952cfbebe9,Anxiety,2,train,train_legacy,1031,2,0,2,True,0,{}
train_03317,src_19e0e39c9bd8870958de,Bipolar,3,train,train_legacy,655,2,0,2,True,0,{}
test_01059,src_19e3496f77ba93078574,Normal,0,test,test_nested,33,0,5,1,False,1,"{""length_ratio"": 4}"
test_00002,src_19eeb5c9af3f53083e14,Normal,0,test,test_nested,31,0,5,0,False,2,"{""sbert"": 5}"
train_03764,src_1a0553fc25bdd360c77b,Anxiety,2,train,train_legacy,765,2,0,2,True,0,{}
train_00137,src_1a1a79b690fc72ceaae1,Normal,0,train,train_legacy,7,2,5,0,False,2,"{""length_ratio"": 7}"
train_01074,src_1a1c0378a518431a7c24,Depression,1,train,train_legacy,501,2,1,2,True,0,"{""length_ratio"": 1}"
test_00288,src_1a293797be9ddd35970c,Bipolar,3,test,test_nested,367,0,2,2,True,0,{}
train_04592,src_1a297fda2340b175b288,Anxiety,2,train,train_legacy,716,2,0,2,True,0,{}
train_05850,src_1a34d3e6a064ea94f1a7,Normal,0,train,train_legacy,29,2,5,1,False,1,"{""sbert"": 6}"
train_02044,src_1a35824f0024490cebb5,Depression,1,train,train_legacy,465,2,0,2,True,0,{}
train_03192,src_1a44f3520e30251e32ce,Depression,1,train,train_legacy,385,2,0,2,True,0,{}
train_01989,src_1a4638caab5f01122f63,Bipolar,3,train,train_legacy,1143,2,0,2,True,0,{}
test_00188,src_1a48f21079ee1ed72130,Bipolar,3,test,test_nested,185,0,2,2,True,0,{}
test_01140,src_1a5a4b240a2b391fd67c,Bipolar,3,test,test_nested,603,0,2,2,True,0,{}
test_01895,src_1a63093da7248ad01745,Normal,0,train,train_added,33,2,5,0,False,2,"{""refusal"": 7}"
train_01773,src_1a64b8c647ffd559a848,Bipolar,3,train,train_legacy,976,2,0,2,True,0,{}
train_05882,src_1a6f92dff20e9b28307d,Anxiety,2,train,train_legacy,374,2,0,2,True,0,{}
train_03999,src_1a74656df615c4988833,Bipolar,3,train,train_legacy,657,2,0,2,True,0,{}
train_01836,src_1a79c14acc6389c53d29,Normal,0,train,train_legacy,29,2,5,0,False,2,"{""length_ratio"": 7}"
train_03674,src_1a7cac1e46eba3999caa,Normal,0,train,train_legacy,37,2,5,0,False,2,"{""length_ratio"": 6, ""sbert"": 1}"
train_03472,src_1a7eb4a86db23910fd87,Anxiety,2,train,train_legacy,321,2,0,2,True,0,{}
train_01665,src_1a8625c1894838fe111b,Bipolar,3,train,train_legacy,1129,2,0,2,True,0,{}
test_00117,src_1a87e6c23bbb405945c4,Depression,1,test,test_nested,458,0,2,2,True,0,{}
train_05855,src_1a92c21b53cf3f97e110,Normal,0,train,train_legacy,38,2,5,0,False,2,"{""length_ratio"": 2, ""sbert"": 5}"
train_04739,src_1a940273e86daa239334,Anxiety,2,train,train_legacy,4792,2,5,1,False,1,"{""length_ratio"": 5, ""meta_commentary"": 1}"
train_05941,src_1a971f41cc80ec09d1bf,Anxiety,2,train,train_legacy,36,2,5,1,False,1,"{""length_ratio"": 4, ""sbert"": 2}"
test_00195,src_1aa4f92f99e294e7c0fd,Bipolar,3,test,test_nested,1064,0,2,2,True,0,{}
train_04580,src_1aabd81a533ce233a201,Anxiety,2,train,train_legacy,1768,2,0,2,True,0,{}
train_00991,src_1ab1888a30cd316941aa,Bipolar,3,train,train_legacy,938,2,0,2,True,0,{}
test_01826,src_1ab70850e825ac9ecf26,Bipolar,3,test,test_nested,348,0,2,2,True,0,{}
train_01435,src_1ac84537cb574e1c1f21,Normal,0,train,train_legacy,64,2,3,2,True,0,"{""length_ratio"": 2, ""sbert"": 1}"
train_03511,src_1aced942144c3bf0ea60,Anxiety,2,train,train_legacy,1565,2,2,2,True,0,"{""meta_commentary"": 2}"
train_01218,src_1ad170fe28b9b662bfc3,Anxiety,2,train,train_legacy,539,2,0,2,True,0,{}
train_04385,src_1ad559edeebb944f869d,Depression,1,train,train_legacy,872,2,0,2,True,0,{}
train_02521,src_1ae0f8e378b9f0fd4492,Normal,0,train,train_legacy,30,2,0,2,True,0,{}
train_00649,src_1ae18223628b15fef627,Normal,0,train,train_legacy,133,2,0,2,True,0,{}
train_04878,src_1ae3fa8d0067906f67e3,Bipolar,3,train,train_legacy,2228,2,0,2,True,0,{}
train_03300,src_1ae5f48520a713d3e8ea,Depression,1,train,train_legacy,3174,2,0,2,True,0,{}
train_00251,src_1aecb8fba6b0b4345ac0,Anxiety,2,train,train_legacy,897,2,0,2,True,0,{}
test_01177,src_1af14388c7096609d02f,Normal,0,test,test_nested,32,0,5,0,False,2,"{""length_ratio"": 1, ""sbert"": 4}"
train_04883,src_1b0955a6869116dc6e9d,Anxiety,2,train,train_legacy,17,2,5,0,False,2,"{""length_ratio"": 7}"
train_00746,src_1b107877165213b9ae50,Anxiety,2,train,train_legacy,162,2,0,2,True,0,{}
test_02491,src_1b191c6354ea41613d42,Depression,1,train,train_added,1514,2,0,2,True,0,{}
test_00664,src_1b1f6e4bb888fc916d6a,Bipolar,3,test,test_nested,2119,0,2,2,True,0,{}
train_01340,src_1b240a8acdeacd9134c3,Anxiety,2,train,train_legacy,3251,2,0,2,True,0,{}
train_02025,src_1b26b75926049f8f7679,Normal,0,train,train_legacy,101,2,1,2,True,0,"{""meta_commentary"": 1}"
train_04169,src_1b2a39def91dd13b7b4f,Anxiety,2,train,train_legacy,72,2,5,0,False,2,"{""length_ratio"": 2, ""sbert"": 5}"
test_00808,src_1b2a484d416075a378d1,Normal,0,test,test_nested,36,0,5,0,False,2,"{""refusal"": 5}"
train_01517,src_1b35e3c682d6d99169b2,Normal,0,train,train_legacy,15,2,5,1,False,1,"{""length_ratio"": 4, ""sbert"": 2}"
test_01112,src_1b375ea4724a0d35f309,Anxiety,2,test,test_nested,291,0,2,2,True,0,{}
train_01038,src_1b4363be06f050fc3e50,Bipolar,3,train,train_legacy,288,2,0,2,True,0,{}
val_search_00146,src_1b46d6fa98baeae4712d,Depression,1,train,train_added,310,2,5,0,False,2,"{""refusal"": 7}"
test_02189,src_1b487e67429e599ce93b,Bipolar,3,test,test_nested,1283,0,2,2,True,0,{}
train_05481,src_1b5523e4eb7c0dcc0dd6,Anxiety,2,train,train_legacy,663,2,0,2,True,0,{}
train_02739,src_1b62d3b70a9f4e38cdc3,Normal,0,train,train_legacy,128,2,5,1,False,1,"{""length_ratio"": 5, ""sbert"": 1}"
val_search_00162,src_1b63c4397a3743d6122d,Depression,1,train,train_added,194,2,5,0,False,2,"{""meta_commentary"": 2, ""refusal"": 4, ""sbert"": 1}"
train_02953,src_1b68a74cceb4629461f7,Normal,0,train,train_legacy,21,2,5,0,False,2,"{""length_ratio"": 6, ""sbert"": 1}"
train_01907,src_1b69d0d511bc914255c6,Depression,1,train,train_legacy,424,2,0,2,True,0,{}
train_01623,src_1b71411b99f7c8ac8eb0,Depression,1,train,train_legacy,297,2,5,2,True,0,"{""refusal"": 5}"
test_01991,src_1b7d1fddb3f6b7f18f75,Normal,0,test,test_nested,17,0,5,0,False,2,"{""length_ratio"": 5}"
train_05852,src_1b7f766be16ecb1c479d,Bipolar,3,train,train_legacy,668,2,0,2,True,0,{}
train_04302,src_1b81ee50670938c46e54,Depression,1,train,train_legacy,899,2,0,2,True,0,{}
train_05825,src_1b82348842c88fa17441,Bipolar,3,train,train_legacy,3073,2,0,2,True,0,{}
test_02259,src_1b92262311411acd3cd7,Depression,1,test,test_nested,101,0,4,2,True,0,"{""length_ratio"": 2}"
train_02345,src_1ba33669e16bbd3bc741,Normal,0,train,train_legacy,28,2,5,0,False,2,"{""length_ratio"": 7}"
train_04989,src_1bb6fea52135fb829e3e,Anxiety,2,train,train_legacy,1077,2,0,2,True,0,{}
train_05467,src_1be260faecf0526b9efa,Depression,1,train,train_legacy,1668,2,0,2,True,0,{}
test_00972,src_1be65bb3cbf4a396a67a,Normal,0,test,test_nested,125,0,4,2,True,0,"{""meta_commentary"": 1, ""sbert"": 1}"
train_02718,src_1be8bcbd2a7678ea48e2,Bipolar,3,train,train_legacy,98,2,1,2,True,0,"{""meta_commentary"": 1}"
val_confirm_01070,src_1c09abfc73b000ddf224,Bipolar,3,train,train_added,532,2,1,2,True,0,"{""meta_commentary"": 1}"
val_confirm_00553,src_1c0a433fd91b4e590dc4,Bipolar,3,train,train_added,614,2,0,2,True,0,{}
test_00363,src_1c15f65b84661359f2e4,Bipolar,3,train,train_added,1125,2,0,2,True,0,{}
val_confirm_00082,src_1c17930395c4521f1971,Normal,0,train,train_added,36,2,5,0,False,2,"{""refusal"": 7}"
test_00689,src_1c1c2b7425c7a9b903a9,Bipolar,3,test,test_nested,841,0,2,2,True,0,{}
train_00487,src_1c1edd100ee5a96f53e5,Depression,1,train,train_legacy,527,2,0,2,True,0,{}
test_00537,src_1c1ff733a7fbe83be300,Depression,1,test,test_nested,1002,0,5,0,False,2,"{""meta_commentary"": 5}"
train_00191,src_1c251736bc9252a8a67e,Anxiety,2,train,train_legacy,849,2,0,2,True,0,{}
train_02931,src_1c2659cc11d2aaa690b0,Depression,1,train,train_legacy,63,2,0,2,True,0,{}
train_02502,src_1c27055be0fd14c8b14f,Depression,1,train,train_legacy,444,2,1,2,True,0,"{""meta_commentary"": 1}"
test_00628,src_1c354f1113715bbf7199,Normal,0,test,test_nested,24,0,5,2,True,0,"{""length_ratio"": 2, ""sbert"": 1}"
train_03228,src_1c38d5d60f3380a900d6,Depression,1,train,train_legacy,2169,2,1,2,True,0,"{""meta_commentary"": 1}"
train_03681,src_1c38f0c94e18f2e1a3c3,Normal,0,train,train_legacy,112,2,0,2,True,0,{}
test_00024,src_1c574835852393a6fcd3,Bipolar,3,test,test_nested,2139,0,2,2,True,0,{}
test_01556,src_1c5e2cc49e621b92c68f,Normal,0,train,train_added,17,2,5,1,False,1,"{""sbert"": 6}"
train_03603,src_1c6f538ad6a397f8b16e,Anxiety,2,train,train_legacy,37,2,4,2,True,0,"{""length_ratio"": 3, ""sbert"": 1}"
train_01681,src_1c71df53cfd40939e522,Depression,1,train,train_legacy,1234,2,0,2,True,0,{}
train_04891,src_1c732c098c38dfb0367b,Bipolar,3,train,train_legacy,1200,2,1,2,True,0,"{""meta_commentary"": 1}"
train_00154,src_1c782d30160ad9d7a995,Bipolar,3,train,train_legacy,738,2,4,2,True,0,"{""meta_commentary"": 4}"
train_03706,src_1c79577e2cd33d9c36b8,Normal,0,train,train_legacy,21,2,0,2,True,0,{}
train_03356,src_1c9558372a37aba6e31f,Normal,0,train,train_legacy,386,2,0,2,True,0,{}
test_02398,src_1c9a391e25d6120916e3,Depression,1,test,test_nested,219,0,5,0,False,2,"{""refusal"": 5}"
train_03799,src_1c9d3eafe3fe8f2d5160,Depression,1,train,train_legacy,381,2,5,0,False,2,"{""refusal"": 7}"
train_01454,src_1ca1273b695fbe256aff,Anxiety,2,train,train_legacy,121,2,0,2,True,0,{}
test_01098,src_1cb58a1bae158d23b5fb,Bipolar,3,test,test_nested,1635,0,2,2,True,0,{}
train_05787,src_1cb7b24cee67c41d66fb,Bipolar,3,train,train_legacy,870,2,0,2,True,0,{}
train_01561,src_1cbe292a77b7afd6a29b,Normal,0,train,train_legacy,47,2,0,2,True,0,{}
val_confirm_00671,src_1cc33e2af080f84ceefc,Normal,0,train,train_added,23,2,5,1,False,1,"{""length_ratio"": 1, ""sbert"": 5}"
train_00902,src_1cc4d98cb6565133763b,Depression,1,train,train_legacy,168,2,0,2,True,0,{}
train_03036,src_1ccf1acd22bf4c8c26c9,Depression,1,train,train_legacy,1060,2,1,2,True,0,"{""meta_commentary"": 1}"
train_00199,src_1cd5f2e9bb57eac4f9a2,Depression,1,train,train_legacy,2083,2,0,2,True,0,{}
test_01949,src_1ce0bf911c845940021c,Normal,0,test,test_nested,27,0,2,2,True,0,{}
train_02634,src_1ce9a89188bbcc596d2b,Normal,0,train,train_legacy,41,2,5,0,False,2,"{""length_ratio"": 7}"
train_04530,src_1cfb20a47f368a2e0ce9,Normal,0,train,train_legacy,97,2,0,2,True,0,{}
val_search_00098,src_1d0134039d99f7bc342d,Depression,1,train,train_added,339,2,0,2,True,0,{}
train_05075,src_1d069e2ebea1720b2ebf,Bipolar,3,train,train_legacy,2659,2,0,2,True,0,{}
test_02223,src_1d0a516bc09c155c2ed6,Normal,0,test,test_nested,80,0,2,2,True,0,{}
test_01536,src_1d0b63cd9d13791b672b,Bipolar,3,train,train_added,2996,2,1,2,True,0,"{""meta_commentary"": 1}"
test_00525,src_1d0c610bee5e82914c67,Normal,0,test,test_nested,158,0,2,2,True,0,{}
test_01696,src_1d1351f83e64f9914fcc,Bipolar,3,test,test_nested,1557,0,2,2,True,0,{}
train_03865,src_1d1dc4252497df627b6f,Normal,0,train,train_legacy,42,2,0,2,True,0,{}
train_00534,src_1d2407af027811cf55f9,Bipolar,3,train,train_legacy,388,2,0,2,True,0,{}
train_02770,src_1d240b2727591c48a6b2,Anxiety,2,train,train_legacy,321,2,0,2,True,0,{}
train_03753,src_1d2d7a2e7f881c4c6cd8,Bipolar,3,train,train_legacy,229,2,1,2,True,0,"{""length_ratio"": 1}"
test_02023,src_1d32a30f9824508217e9,Depression,1,test,test_nested,522,0,5,0,False,2,"{""refusal"": 5}"
train_05524,src_1d3e452f2b2e839e3339,Depression,1,train,train_legacy,103,2,5,2,True,0,"{""length_ratio"": 2, ""refusal"": 2, ""sbert"": 1}"
val_confirm_00990,src_1d441932fe747dfac257,Anxiety,2,train,train_added,262,2,0,2,True,0,{}
train_03984,src_1d55557101b2db96b186,Normal,0,train,train_legacy,20,2,5,0,False,2,"{""length_ratio"": 5, ""sbert"": 2}"
train_00445,src_1d5655ea42499cd6c694,Anxiety,2,train,train_legacy,7110,2,5,0,False,2,"{""length_ratio"": 7}"
train_02047,src_1d592e01df2f4cc4c0c4,Normal,0,train,train_legacy,49,2,1,2,True,0,"{""sbert"": 1}"
train_01370,src_1d5ec8ff3ca4df0aa224,Anxiety,2,train,train_legacy,2976,2,0,2,True,0,{}
train_01447,src_1d618b10900ba16a6b87,Anxiety,2,train,train_legacy,646,2,0,2,True,0,{}
train_05491,src_1d621dad420ccd22d837,Normal,0,train,train_legacy,27,2,5,2,True,0,"{""length_ratio"": 4}"
train_05920,src_1d6a156e7b087135dd0e,Bipolar,3,train,train_legacy,1888,2,0,2,True,0,{}
train_01567,src_1d73f9fb79a6b5d694cc,Anxiety,2,train,train_legacy,1083,2,0,2,True,0,{}
test_00721,src_1d7bfd8c83d7dd9d1f56,Normal,0,test,test_nested,63,0,4,2,True,0,"{""sbert"": 2}"
test_01651,src_1d7e2344e8dd02c81029,Normal,0,test,test_nested,33,0,5,0,False,2,"{""length_ratio"": 3, ""sbert"": 2}"
test_01825,src_1d86583268f35302c773,Normal,0,test,test_nested,31,0,2,2,True,0,{}
test_02058,src_1d8fb81c2734bb943e73,Normal,0,test,test_nested,161,0,5,0,False,2,"{""length_ratio"": 3, ""meta_commentary"": 2}"
test_00007,src_1d9a022b3bb0823202d0,Depression,1,test,test_nested,700,0,3,2,True,0,"{""sbert"": 1}"
train_01245,src_1d9ad666f63791ba2afd,Depression,1,train,train_legacy,1914,2,0,2,True,0,{}
train_03801,src_1d9ddfe37f0c892286ca,Bipolar,3,train,train_legacy,263,2,0,2,True,0,{}
test_00543,src_1d9e3dddf35a84d2613f,Anxiety,2,test,test_nested,2081,0,2,2,True,0,{}
train_05463,src_1d9eb131effdb3ab737a,Anxiety,2,train,train_legacy,64,2,2,2,True,0,"{""length_ratio"": 2}"
train_03422,src_1da05d6ba08008b4fba0,Anxiety,2,train,train_legacy,260,2,0,2,True,0,{}
test_00617,src_1daa61d7e98439d7bcaa,Anxiety,2,test,test_nested,1216,0,2,2,True,0,{}
train_04057,src_1daabc724be54d11a5c3,Depression,1,train,train_legacy,1833,2,5,1,False,1,"{""meta_commentary"": 6}"
train_04637,src_1dab82fb917f85576fbf,Bipolar,3,train,train_legacy,328,2,0,2,True,0,{}
test_01995,src_1dc4c05ae50a07ae9b99,Bipolar,3,train,train_added,1438,2,0,2,True,0,{}
train_02842,src_1dcb3451b1847ab098c1,Bipolar,3,train,train_legacy,453,2,0,2,True,0,{}
train_02125,src_1dcb59f36bdcb7d08f36,Depression,1,train,train_legacy,97,2,1,2,True,0,"{""length_ratio"": 1}"
train_02673,src_1dcd06252b0aeffa012b,Anxiety,2,train,train_legacy,397,2,0,2,True,0,{}
train_01760,src_1dd28e055b87e006006c,Depression,1,train,train_legacy,614,2,0,2,True,0,{}
train_03516,src_1ddd7fcb6586ac6a651c,Depression,1,train,train_legacy,363,2,0,2,True,0,{}
train_01505,src_1de1de551dd059ab6db3,Depression,1,train,train_legacy,1497,2,0,2,True,0,{}
train_04630,src_1de2decf44ef153cd7e9,Bipolar,3,train,train_legacy,1217,2,0,2,True,0,{}
train_02099,src_1de4ca64fd0d14c2d699,Normal,0,train,train_legacy,100,2,0,2,True,0,{}
train_00046,src_1de6d6426d5b4e69bdfc,Bipolar,3,train,train_legacy,919,2,0,2,True,0,{}
test_01933,src_1df0b79d1582febc4505,Bipolar,3,test,test_nested,790,0,2,2,True,0,{}
train_00355,src_1df1d78a329f46e70099,Depression,1,train,train_legacy,156,2,0,2,True,0,{}
train_01718,src_1dfa5e7d5dc2a27190c0,Bipolar,3,train,train_legacy,3752,2,5,0,False,2,"{""length_ratio"": 1, ""meta_commentary"": 6}"
train_05449,src_1dfc7b0bdea041d970f3,Anxiety,2,train,train_legacy,1427,2,0,2,True,0,{}
train_02104,src_1dfec498bac22e9fc28f,Normal,0,train,train_legacy,17,2,5,0,False,2,"{""length_ratio"": 1, ""sbert"": 6}"
test_01060,src_1e0740df334a317959d7,Anxiety,2,test,test_nested,181,0,3,2,True,0,"{""length_ratio"": 1}"
train_03660,src_1e0c816943a52a6c1402,Anxiety,2,train,train_legacy,1295,2,0,2,True,0,{}
val_confirm_00223,src_1e12d6226e60b1825edf,Depression,1,train,train_added,84,2,2,2,True,0,"{""length_ratio"": 1, ""sbert"": 1}"
train_03574,src_1e1edfd0efa5eddf165a,Anxiety,2,train,train_legacy,1309,2,0,2,True,0,{}
test_00914,src_1e1f45924e6094ecea48,Depression,1,test,test_nested,614,0,2,2,True,0,{}
train_05862,src_1e225848130fb16c6375,Anxiety,2,train,train_legacy,1272,2,0,2,True,0,{}
train_02933,src_1e2c6d996d7d5c8e58b6,Bipolar,3,train,train_legacy,955,2,0,2,True,0,{}
test_00781,src_1e33727ee70f371eaab7,Bipolar,3,train,train_added,345,2,0,2,True,0,{}
train_03035,src_1e3748bcc89fbf673257,Anxiety,2,train,train_legacy,262,2,0,2,True,0,{}
train_02947,src_1e4c5075367be3f232eb,Anxiety,2,train,train_legacy,2644,2,0,2,True,0,{}
test_01950,src_1e5555d920366e9f47de,Depression,1,train,train_added,776,2,0,2,True,0,{}
train_02007,src_1e591619261ff74f5d2a,Bipolar,3,train,train_legacy,939,2,0,2,True,0,{}
train_02942,src_1e654555f99bb8bbd78c,Depression,1,train,train_legacy,185,2,0,2,True,0,{}
train_02065,src_1e6a5f3ac131b0e53fca,Bipolar,3,train,train_legacy,446,2,0,2,True,0,{}
train_01745,src_1e6cdcdf2f5ba9ac47a3,Anxiety,2,train,train_legacy,2675,2,3,2,True,0,"{""length_ratio"": 2, ""meta_commentary"": 1}"
train_03037,src_1e6e46728a8778b122d6,Depression,1,train,train_legacy,3094,2,0,2,True,0,{}
test_00598,src_1e6e798f56a9a06fa169,Normal,0,test,test_nested,367,0,2,2,True,0,{}
test_00065,src_1e79298c2c68ea7ef1d5,Anxiety,2,train,train_added,101,2,0,2,True,0,{}
train_04848,src_1e852ffc23445394e73d,Depression,1,train,train_legacy,503,2,0,2,True,0,{}
test_02048,src_1e87122142de0d3650cf,Normal,0,test,test_nested,107,0,3,2,True,0,"{""length_ratio"": 1}"
train_03843,src_1e8a00aa65bcba163920,Normal,0,train,train_legacy,112,2,4,2,True,0,"{""meta_commentary"": 4}"
train_02838,src_1e90c366059fb36c0eda,Normal,0,train,train_legacy,414,2,3,2,True,0,"{""meta_commentary"": 3}"
train_05026,src_1e93e22b8a4ac29aa63b,Bipolar,3,train,train_legacy,434,2,0,2,True,0,{}
test_01125,src_1e9d0f38f4f1d22fffbe,Depression,1,test,test_nested,170,0,3,2,True,0,"{""length_ratio"": 1}"
train_01147,src_1e9d6bb5e0e65aaaf1ce,Depression,1,train,train_legacy,24,2,5,0,False,2,"{""refusal"": 7}"
train_03960,src_1ea1c153681dc3cb3bdd,Anxiety,2,train,train_legacy,16,2,5,0,False,2,"{""length_ratio"": 7}"
val_confirm_00325,src_1ea9b0e0e64dfc00410d,Depression,1,train,train_added,634,2,0,2,True,0,{}
train_00657,src_1eab4649c338d3022454,Bipolar,3,train,train_legacy,342,2,0,2,True,0,{}
test_00743,src_1eacb21810856569e408,Normal,0,test,test_nested,51,0,5,0,False,2,"{""length_ratio"": 1, ""sbert"": 4}"
train_02703,src_1eae34b067fb3f101223,Depression,1,train,train_legacy,6960,2,5,1,False,1,"{""length_ratio"": 6}"
train_05162,src_1eb79caae6fc53cf1c8a,Anxiety,2,train,train_legacy,629,2,0,2,True,0,{}
test_02167,src_1ebbb27397ccc8883eba,Normal,0,test,test_nested,108,0,3,2,True,0,"{""length_ratio"": 1}"
train_05989,src_1ebc77a6a87664692d47,Normal,0,train,train_legacy,28,2,5,1,False,1,"{""duplicate"": 1, ""sbert"": 5}"
test_00902,src_1ec0e5e56a0ba2727b86,Normal,0,test,test_nested,45,0,5,2,True,0,"{""length_ratio"": 1, ""sbert"": 2}"
test_01129,src_1ec21b46746833da286c,Depression,1,test,test_nested,2337,0,2,2,True,0,{}
test_01441,src_1ec55d736db1c1b0e856,Depression,1,train,train_added,664,2,0,2,True,0,{}
train_02573,src_1ed8969d843c2e66e7fc,Bipolar,3,train,train_legacy,837,2,0,2,True,0,{}
train_03449,src_1edb0331f8f57c72d599,Normal,0,train,train_legacy,109,2,0,2,True,0,{}
train_04615,src_1eeaeaabdeec829e31f3,Normal,0,train,train_legacy,64,2,5,0,False,2,"{""length_ratio"": 3, ""sbert"": 4}"
test_00206,src_1eed20f0d89c60b6eaf1,Depression,1,train,train_added,727,2,0,2,True,0,{}
train_03100,src_1ef882fc1c6e0c5ee176,Anxiety,2,train,train_legacy,88,2,0,2,True,0,{}
train_05961,src_1eff5d72e38b04fa633d,Depression,1,train,train_legacy,414,2,0,2,True,0,{}
train_05276,src_1f1404ec7c7ae7b16360,Anxiety,2,train,train_legacy,675,2,4,2,True,0,"{""meta_commentary"": 4}"
val_confirm_00969,src_1f16b1dca8621741f93d,Depression,1,train,train_added,1663,2,0,2,True,0,{}
train_03890,src_1f19bc018019093eeb0c,Anxiety,2,train,train_legacy,1013,2,0,2,True,0,{}
test_02329,src_1f2859c78d55645885e6,Normal,0,test,test_nested,30,0,5,1,False,1,"{""length_ratio"": 4}"
train_00411,src_1f37a9eff72f7d94f3f3,Bipolar,3,train,train_legacy,2068,2,0,2,True,0,{}
train_00512,src_1f3c97a249985894dbc8,Anxiety,2,train,train_legacy,190,2,0,2,True,0,{}
test_02161,src_1f4a11e905323f477042,Anxiety,2,test,test_nested,1066,0,2,2,True,0,{}
train_04831,src_1f4db5bc0177cbf52f4f,Bipolar,3,train,train_legacy,1015,2,0,2,True,0,{}
train_02190,src_1f51f272235ee975746e,Normal,0,train,train_legacy,100,2,5,2,True,0,"{""length_ratio"": 3, ""meta_commentary"": 2}"
train_02487,src_1f72df29e6ccbfea8600,Normal,0,train,train_legacy,95,2,0,2,True,0,{}
train_00510,src_1f86c3a070ce5698f42d,Bipolar,3,train,train_legacy,3822,2,1,2,True,0,"{""length_ratio"": 1}"
train_02069,src_1f948c82ef9f1f8bf758,Normal,0,train,train_legacy,113,2,1,2,True,0,"{""length_ratio"": 1}"
test_02051,src_1f9d78558e09b75bb2ce,Depression,1,test,test_nested,1259,0,2,2,True,0,{}
train_00179,src_1f9e1dd0fc12b9dc2ba7,Normal,0,train,train_legacy,15,2,5,0,False,2,"{""length_ratio"": 7}"
train_04594,src_1faa6da34b7cc4258bc2,Depression,1,train,train_legacy,481,2,0,2,True,0,{}
train_01306,src_1fb0cfb465fbd15826b0,Normal,0,train,train_legacy,68,2,5,0,False,2,"{""length_ratio"": 3, ""meta_commentary"": 1, ""sbert"": 3}"
train_01273,src_1fb26e701367af0cfbec,Depression,1,train,train_legacy,357,2,0,2,True,0,{}
test_01873,src_1fb5ef2e9d37bd74c0dc,Normal,0,test,test_nested,51,0,4,2,True,0,"{""length_ratio"": 2}"
train_02489,src_1fc211c0998a942ea8d4,Bipolar,3,train,train_legacy,597,2,0,2,True,0,{}
train_03079,src_1fca0d609a3442cf6007,Depression,1,train,train_legacy,1466,2,0,2,True,0,{}
train_05170,src_1fd6db9cc79e98d6c560,Anxiety,2,train,train_legacy,60,2,0,2,True,0,{}
test_02120,src_1fd71263651c46d478aa,Anxiety,2,test,test_nested,200,0,5,1,False,1,"{""length_ratio"": 4}"
train_04413,src_1fd73130240b5a842ffe,Normal,0,train,train_legacy,257,2,1,2,True,0,"{""meta_commentary"": 1}"
train_01427,src_1fdcd64874546faac8ae,Anxiety,2,train,train_legacy,516,2,0,2,True,0,{}
train_01620,src_1fe0be740e11b39e188b,Normal,0,train,train_legacy,79,2,1,2,True,0,"{""sbert"": 1}"
train_04608,src_1feba58c4cd8cac63002,Depression,1,train,train_legacy,293,2,4,2,True,0,"{""length_ratio"": 3, ""refusal"": 1}"
test_00070,src_1ff3396f7f3049537d74,Depression,1,test,test_nested,1890,0,2,2,True,0,{}
train_03809,src_1ff7c917076570476de1,Bipolar,3,train,train_legacy,2297,2,1,2,True,0,"{""meta_commentary"": 1}"
train_03492,src_1ff8a065073e85806767,Anxiety,2,train,train_legacy,226,2,0,2,True,0,{}
train_04947,src_200316ec277c8bc72eb4,Normal,0,train,train_legacy,31,2,5,0,False,2,"{""length_ratio"": 2, ""sbert"": 5}"
train_03055,src_20153e0e672e367b675f,Bipolar,3,train,train_legacy,325,2,1,2,True,0,"{""meta_commentary"": 1}"
train_00939,src_20176b744479d4906bd9,Anxiety,2,train,train_legacy,997,2,0,2,True,0,{}
test_00699,src_201e930d1f630d95c68a,Bipolar,3,train,train_added,848,2,2,2,True,0,"{""meta_commentary"": 2}"
test_02307,src_20232564c9834c5bc832,Normal,0,test,test_nested,255,0,2,2,True,0,{}
train_05520,src_2026e4d89037ca9c3c59,Bipolar,3,train,train_legacy,429,2,0,2,True,0,{}
train_01512,src_202c3cde1d329670bae4,Bipolar,3,train,train_legacy,728,2,0,2,True,0,{}
train_00808,src_20415b9f0ec4c6e238e9,Anxiety,2,train,train_legacy,1408,2,0,2,True,0,{}
train_03409,src_20444292a3b03afff197,Normal,0,train,train_legacy,121,2,0,2,True,0,{}
test_00521,src_204843ba674c428020d8,Depression,1,test,test_nested,2207,0,2,2,True,0,{}
train_00381,src_204c5d455014f053575c,Depression,1,train,train_legacy,615,2,0,2,True,0,{}
train_03878,src_2057586c2e9af4be186e,Depression,1,train,train_legacy,684,2,0,2,True,0,{}
train_02272,src_2060c98553be5a1e5784,Depression,1,train,train_legacy,269,2,0,2,True,0,{}
train_02024,src_2069c68e36218a880e67,Anxiety,2,train,train_legacy,205,2,0,2,True,0,{}
train_04585,src_2071478a6abdfd86016a,Anxiety,2,train,train_legacy,1935,2,0,2,True,0,{}
train_03448,src_2072888d8c2bafc59655,Normal,0,train,train_legacy,34,2,5,0,False,2,"{""length_ratio"": 7}"
train_04450,src_207c771a8d394b42d0a5,Anxiety,2,train,train_legacy,5139,2,4,2,True,0,"{""meta_commentary"": 4}"
test_00724,src_208111c1f2639da47bb1,Bipolar,3,test,test_nested,1003,0,2,2,True,0,{}
test_02003,src_20817e63aee7493b4aa7,Depression,1,test,test_nested,274,0,2,2,True,0,{}
train_02486,src_20851005572e0c5a951b,Normal,0,train,train_legacy,80,2,1,2,True,0,"{""length_ratio"": 1}"
train_02789,src_208842ed73799393171f,Normal,0,train,train_legacy,14,2,5,0,False,2,"{""length_ratio"": 6, ""sbert"": 1}"
train_01157,src_208fabad254265e3eda8,Normal,0,train,train_legacy,15,2,5,0,False,2,"{""length_ratio"": 2, ""sbert"": 5}"
train_00639,src_2095ad86ffcd2fae5e7e,Bipolar,3,train,train_legacy,557,2,0,2,True,0,{}
train_02429,src_209f49e23852d0e25d75,Depression,1,train,train_legacy,516,2,1,2,True,0,"{""length_ratio"": 1}"
train_04692,src_20b9914b43c76e72f8f3,Bipolar,3,train,train_legacy,454,2,0,2,True,0,{}
train_04326,src_20bf95079e4b8fa5e8a9,Depression,1,train,train_legacy,803,2,1,2,True,0,"{""meta_commentary"": 1}"
test_01814,src_20c1b7a8be466422c654,Depression,1,train,train_added,1365,2,0,2,True,0,{}
train_02062,src_20d4aa0d2eed1762de04,Anxiety,2,train,train_legacy,914,2,0,2,True,0,{}
test_00134,src_20e0beb6cd6fd1c0f649,Normal,0,test,test_nested,77,0,2,2,True,0,{}
train_01399,src_20e6895d081d4cad0c7c,Bipolar,3,train,train_legacy,386,2,0,2,True,0,{}
train_01822,src_20e79ae8bec55918fa5d,Anxiety,2,train,train_legacy,515,2,0,2,True,0,{}
test_01086,src_20ebc837fb61e84f7610,Bipolar,3,test,test_nested,251,0,2,2,True,0,{}
train_05871,src_20f668cd6674e2f5ed9d,Normal,0,train,train_legacy,25,2,5,1,False,1,"{""length_ratio"": 6}"
train_02374,src_20fc680580924c4cbba3,Anxiety,2,train,train_legacy,193,2,0,2,True,0,{}
test_00359,src_20fca990b8348e9cb79c,Normal,0,test,test_nested,46,0,2,2,True,0,{}
train_00830,src_211a4bd1d764bb33f025,Anxiety,2,train,train_legacy,187,2,0,2,True,0,{}
train_01482,src_212e5c4ee763b3235030,Bipolar,3,train,train_legacy,263,2,0,2,True,0,{}
train_05474,src_2141848c7018e9a5163b,Normal,0,train,train_legacy,103,2,0,2,True,0,{}
test_02319,src_21459e9d5621a50bd11d,Anxiety,2,test,test_nested,82,0,2,2,True,0,{}
train_01888,src_214a51f05a8694c80f33,Normal,0,train,train_legacy,20,2,5,0,False,2,"{""length_ratio"": 1, ""sbert"": 6}"
test_00307,src_2153d8b0fe857377485e,Depression,1,test,test_nested,527,0,2,2,True,0,{}
test_00567,src_21544c790946f0543b9f,Anxiety,2,test,test_nested,432,0,2,2,True,0,{}
train_05282,src_21593402ff703a0cfc67,Depression,1,train,train_legacy,414,2,5,0,False,2,"{""refusal"": 7}"
train_00769,src_215a4e8867dad87e87d6,Anxiety,2,train,train_legacy,84,2,5,2,True,0,"{""length_ratio"": 5}"
train_01153,src_216ad8afb2fa83b61aa6,Depression,1,train,train_legacy,261,2,0,2,True,0,{}
train_00940,src_216dffb7a58869a33f9d,Anxiety,2,train,train_legacy,131,2,1,2,True,0,"{""meta_commentary"": 1}"
test_01743,src_216e29f518de8079be50,Bipolar,3,test,test_nested,905,0,2,2,True,0,{}
train_02764,src_216ff9a8e1a250b0cc85,Normal,0,train,train_legacy,38,2,5,0,False,2,"{""length_ratio"": 2, ""refusal"": 1, ""sbert"": 4}"
train_03898,src_218e754794e7641d7fa0,Depression,1,train,train_legacy,167,2,0,2,True,0,{}
train_00682,src_2199d482c0a0e1bc7a28,Normal,0,train,train_legacy,78,2,0,2,True,0,{}
test_01560,src_219b293e5eaaadd49da9,Normal,0,test,test_nested,75,0,2,2,True,0,{}
test_01210,src_219f628cf6a128c7ea08,Depression,1,train,train_added,279,2,0,2,True,0,{}
test_01576,src_21a7c9b8cb5c6d4ca5a7,Anxiety,2,test,test_nested,626,0,2,2,True,0,{}
train_05091,src_21ab74870224d943d2fe,Normal,0,train,train_legacy,53,2,5,2,True,0,"{""length_ratio"": 5}"
train_01028,src_21b2414dfc97e0cd5544,Depression,1,train,train_legacy,317,2,0,2,True,0,{}
train_04747,src_21b4e5eb6cc3ae2c434f,Anxiety,2,train,train_legacy,2889,2,0,2,True,0,{}
train_02322,src_21c2109c06ca521595c0,Anxiety,2,train,train_legacy,1325,2,1,2,True,0,"{""meta_commentary"": 1}"
val_search_00330,src_21d4650671a7703b986e,Depression,1,train,train_added,267,2,0,2,True,0,{}
test_00021,src_21da632725d424307033,Normal,0,test,test_nested,34,0,5,1,False,1,"{""length_ratio"": 4}"
test_02117,src_21e417076e8979c48cba,Anxiety,2,test,test_nested,547,0,2,2,True,0,{}
test_01061,src_21ea61945b6ecf22d432,Depression,1,train,train_added,424,2,2,2,True,0,"{""length_ratio"": 1, ""sbert"": 1}"
train_03476,src_21ecdcc133c2c75d8ee6,Bipolar,3,train,train_legacy,1313,2,1,2,True,0,"{""meta_commentary"": 1}"
test_01497,src_21f96a636f42c7cfdbfa,Bipolar,3,test,test_nested,563,0,2,2,True,0,{}
train_04774,src_220181282e3d3f26a36c,Bipolar,3,train,train_legacy,418,2,0,2,True,0,{}
train_00673,src_220815e7ee156e398d85,Anxiety,2,train,train_legacy,537,2,0,2,True,0,{}
train_03377,src_220ba5712a4e084815c9,Depression,1,train,train_legacy,169,2,0,2,True,0,{}
train_02507,src_2210ccf0c8355890437f,Depression,1,train,train_legacy,332,2,0,2,True,0,{}
train_02454,src_221a51e58a6f4e074b3a,Bipolar,3,train,train_legacy,293,2,0,2,True,0,{}
test_00648,src_221c9d31464cd3aafba6,Bipolar,3,train,train_added,821,2,1,2,True,0,"{""meta_commentary"": 1}"
train_03797,src_22226d31c6cd65bb2788,Depression,1,train,train_legacy,1302,2,0,2,True,0,{}
train_02896,src_222885e3a0ed8512b3f3,Anxiety,2,train,train_legacy,892,2,0,2,True,0,{}
test_01373,src_222c1ec0ad7380f88cf6,Bipolar,3,test,test_nested,1672,0,5,1,False,1,"{""meta_commentary"": 3, ""refusal"": 1}"
train_02419,src_224092cc4f61d0f9416e,Depression,1,train,train_legacy,917,2,0,2,True,0,{}
train_00124,src_224734ec219a757a6c0e,Normal,0,train,train_legacy,144,2,1,2,True,0,"{""meta_commentary"": 1}"
train_05711,src_22474349d1dcff40545b,Normal,0,train,train_legacy,212,2,1,2,True,0,"{""length_ratio"": 1}"
train_02377,src_224a62f8089832be8625,Anxiety,2,train,train_legacy,557,2,0,2,True,0,{}
test_01682,src_224f297af1cad05e63d3,Normal,0,train,train_added,109,2,0,2,True,0,{}
test_00220,src_225ef98dc1a95765962d,Anxiety,2,test,test_nested,62,0,5,0,False,2,"{""length_ratio"": 1, ""sbert"": 4}"
train_02420,src_22619b2f6c4b08b29da7,Normal,0,train,train_legacy,27,2,3,2,True,0,"{""length_ratio"": 3}"
train_04117,src_2270a471c10266451da0,Depression,1,train,train_legacy,343,2,5,0,False,2,"{""refusal"": 7}"
train_00629,src_227aae2c740d603aaa4d,Normal,0,train,train_legacy,11,2,5,0,False,2,"{""length_ratio"": 7}"
test_02156,src_227bfcb0b4d9c27ad14f,Bipolar,3,test,test_nested,1185,0,2,2,True,0,{}
test_00605,src_2281f1ca56f4ab82f2a1,Bipolar,3,test,test_nested,667,0,2,2,True,0,{}
train_00294,src_228390e7cc0268453387,Anxiety,2,train,train_legacy,584,2,0,2,True,0,{}
train_01111,src_2285279d09793ae8ad24,Bipolar,3,train,train_legacy,1609,2,0,2,True,0,{}
train_02068,src_22956489a91b1d7205fc,Depression,1,train,train_legacy,12819,2,5,0,False,2,"{""length_ratio"": 7}"
test_01326,src_229b7956e6732c17268f,Depression,1,train,train_added,152,2,5,1,False,1,"{""length_ratio"": 1, ""refusal"": 5}"
train_05778,src_229f00fce4ba6e94c80b,Bipolar,3,train,train_legacy,784,2,0,2,True,0,{}
train_03821,src_229f05a9f704cbd51a35,Normal,0,train,train_legacy,35,2,4,2,True,0,"{""length_ratio"": 4}"
train_05594,src_22a10295e6f342795fca,Anxiety,2,train,train_legacy,165,2,1,2,True,0,"{""length_ratio"": 1}"
train_04721,src_22ab469d955391df4417,Anxiety,2,train,train_legacy,565,2,0,2,True,0,{}
train_00575,src_22bc7787cc6f7fc1875c,Bipolar,3,train,train_legacy,2071,2,0,2,True,0,{}
train_05521,src_22c4f11e65a0926ccef4,Bipolar,3,train,train_legacy,1078,2,0,2,True,0,{}
test_00982,src_22c8cce9aadd137e20fc,Bipolar,3,test,test_nested,135,0,2,2,True,0,{}
test_00464,src_22e00e5d103a17b57338,Anxiety,2,test,test_nested,1733,0,2,2,True,0,{}
train_03828,src_22e69e0423c1eae2854a,Anxiety,2,train,train_legacy,32,2,5,0,False,2,"{""length_ratio"": 2, ""refusal"": 3, ""sbert"": 2}"
train_01154,src_22ef8b3161521c0466c5,Depression,1,train,train_legacy,1609,2,5,0,False,2,"{""refusal"": 7}"
train_04998,src_22f2218318a65808f673,Depression,1,train,train_legacy,523,2,5,0,False,2,"{""refusal"": 7}"
test_00945,src_22f3ee49491667d3e407,Bipolar,3,train,train_added,455,2,0,2,True,0,{}
test_00773,src_23018e77aa984feb813b,Anxiety,2,test,test_nested,1029,0,2,2,True,0,{}
train_00056,src_2310486da20cb4add8c7,Depression,1,train,train_legacy,244,2,0,2,True,0,{}
test_00152,src_2318cbcd1b0cb7e74f1d,Anxiety,2,train,train_added,790,2,0,2,True,0,{}
train_05110,src_2320bde5db61cc9e249c,Depression,1,train,train_legacy,1029,2,0,2,True,0,{}
train_00459,src_232395806cd56eebf0c3,Anxiety,2,train,train_legacy,534,2,0,2,True,0,{}
test_00727,src_2326330f04a03c72a67c,Bipolar,3,test,test_nested,530,0,2,2,True,0,{}
train_04780,src_232d9d825d201336db4e,Anxiety,2,train,train_legacy,410,2,0,2,True,0,{}
test_00286,src_2330eac923b2a94d5b37,Anxiety,2,test,test_nested,919,0,2,2,True,0,{}
train_00567,src_2333b249e534fac5a7a3,Bipolar,3,train,train_legacy,493,2,0,2,True,0,{}
train_03180,src_234a04ff60fb30a62c61,Anxiety,2,train,train_legacy,441,2,0,2,True,0,{}
train_01258,src_236f5a720b9dc6c25151,Bipolar,3,train,train_legacy,666,2,0,2,True,0,{}
train_02458,src_2373384b4e06ad217b30,Normal,0,train,train_legacy,41,2,0,2,True,0,{}
train_04325,src_237353244920a6cb27be,Bipolar,3,train,train_legacy,578,2,0,2,True,0,{}
train_01417,src_237d3a8095a67d35b965,Bipolar,3,train,train_legacy,435,2,0,2,True,0,{}
train_01813,src_2387df84fe9cc3237eff,Anxiety,2,train,train_legacy,122,2,1,2,True,0,"{""sbert"": 1}"
test_01224,src_2393475b141ae44d131d,Anxiety,2,test,test_nested,78,0,5,0,False,2,"{""sbert"": 5}"
train_03895,src_23a14979a0f0ba061825,Normal,0,train,train_legacy,48,2,3,2,True,0,"{""length_ratio"": 1, ""sbert"": 2}"
test_01364,src_23a2fff87e4f0e8772ff,Bipolar,3,test,test_nested,136,0,2,2,True,0,{}
train_01184,src_23a9161aa348c8618eae,Normal,0,train,train_legacy,87,2,0,2,True,0,{}
test_02439,src_23ac1579bbb0cd8786d9,Normal,0,train,train_added,27,2,0,2,True,0,{}
train_00583,src_23ba94b99838dd96b58e,Normal,0,train,train_legacy,754,2,0,2,True,0,{}
test_02335,src_23bc80f4237951a7ca5a,Depression,1,test,test_nested,619,0,2,2,True,0,{}
train_04884,src_23be88f56de0b34f98a1,Depression,1,train,train_legacy,416,2,0,2,True,0,{}
test_00498,src_23c834ebc1ff4e754409,Depression,1,test,test_nested,1038,0,5,0,False,2,"{""refusal"": 5}"
train_01754,src_23dd0ee9c2b43eed663e,Normal,0,train,train_legacy,374,2,0,2,True,0,{}
train_03452,src_23f001683b0e8a6c5142,Bipolar,3,train,train_legacy,757,2,0,2,True,0,{}
train_04966,src_240fac667a3f62003a12,Anxiety,2,train,train_legacy,1144,2,0,2,True,0,{}
train_00232,src_2413bfcedd7e80caf77c,Bipolar,3,train,train_legacy,625,2,0,2,True,0,{}
train_02641,src_2418b79c405a79cb3f3e,Normal,0,train,train_legacy,127,2,0,2,True,0,{}
train_00114,src_241a10239ca8b423af3d,Anxiety,2,train,train_legacy,301,2,5,0,False,2,"{""refusal"": 7}"
val_confirm_00581,src_242871550907f8033cbb,Bipolar,3,train,train_added,362,2,0,2,True,0,{}
train_05764,src_24382b8b4434cca4a0f4,Anxiety,2,train,train_legacy,78,2,2,2,True,0,"{""length_ratio"": 2}"
train_00420,src_243b91505d76d66b4e1a,Anxiety,2,train,train_legacy,204,2,0,2,True,0,{}
test_01742,src_24411e4fbf289c289174,Anxiety,2,test,test_nested,136,0,3,2,True,0,"{""sbert"": 1}"
test_01499,src_2441a2b45c8ac79859cf,Normal,0,test,test_nested,82,0,5,0,False,2,"{""length_ratio"": 5}"
test_01005,src_2442e8eea34ae8f33d47,Anxiety,2,test,test_nested,236,0,2,2,True,0,{}
train_04976,src_24450b36eac100f11ff2,Anxiety,2,train,train_legacy,868,2,0,2,True,0,{}
test_01777,src_244c61cf2beae743de23,Bipolar,3,test,test_nested,723,0,2,2,True,0,{}
train_03279,src_244d43ce5fa18bcd8ac6,Depression,1,train,train_legacy,404,2,0,2,True,0,{}
train_03800,src_244fc2370a4a5434ff3f,Bipolar,3,train,train_legacy,841,2,0,2,True,0,{}
test_02250,src_2450c2c633094b63819c,Normal,0,test,test_nested,59,0,5,0,False,2,"{""length_ratio"": 2, ""meta_commentary"": 2, ""sbert"": 1}"
train_04765,src_2450d171cc2adfaa4ff7,Depression,1,train,train_legacy,524,2,0,2,True,0,{}
train_04216,src_2456fe370077de8498f7,Anxiety,2,train,train_legacy,397,2,0,2,True,0,{}
val_confirm_00749,src_24580c01fedaea1d8b10,Normal,0,train,train_added,77,2,5,0,False,2,"{""length_ratio"": 2, ""refusal"": 5}"
train_03910,src_2459efd4584a0c8ad558,Bipolar,3,train,train_legacy,493,2,0,2,True,0,{}
test_01794,src_245ecb187520f99cd9d9,Anxiety,2,test,test_nested,463,0,2,2,True,0,{}
train_01346,src_2471c6dd2bea67a6d343,Depression,1,train,train_legacy,333,2,0,2,True,0,{}
train_05824,src_24735edf15b86d0abf52,Anxiety,2,train,train_legacy,419,2,0,2,True,0,{}
val_confirm_00143,src_2477e23830d915e5ec07,Normal,0,train,train_added,29,2,5,1,False,1,"{""length_ratio"": 4, ""sbert"": 2}"
train_03556,src_2489554bb60fcf8efaf2,Depression,1,train,train_legacy,426,2,0,2,True,0,{}
train_01660,src_248ae2360cecdd16ac6a,Anxiety,2,train,train_legacy,2181,2,0,2,True,0,{}
test_01150,src_2493c0aa2e738cbd0013,Bipolar,3,test,test_nested,1517,0,2,2,True,0,{}
train_02567,src_2495ecc68758e0e0d68b,Normal,0,train,train_legacy,32,2,1,2,True,0,"{""length_ratio"": 1}"
train_03255,src_2496c13272f74b713e0a,Anxiety,2,train,train_legacy,4944,2,0,2,True,0,{}
train_03075,src_2498c69dc080b3a24617,Normal,0,train,train_legacy,24,2,5,0,False,2,"{""length_ratio"": 2, ""sbert"": 5}"
val_search_00093,src_249aa8364868b83c6232,Normal,0,train,train_added,33,2,5,0,False,2,"{""length_ratio"": 4, ""sbert"": 3}"
train_00287,src_24a566aa74a1735c0237,Normal,0,train,train_legacy,39,2,5,0,False,2,"{""length_ratio"": 3, ""sbert"": 4}"
train_05473,src_24aa31956134c9fe2f68,Bipolar,3,train,train_legacy,299,2,0,2,True,0,{}
train_03221,src_24b2b7aabe1d32ed7049,Depression,1,train,train_legacy,437,2,1,2,True,0,"{""meta_commentary"": 1}"
train_05718,src_24b54fbc1248a54884e6,Depression,1,train,train_legacy,1544,2,0,2,True,0,{}
train_01704,src_24be1a207f5d003e283c,Normal,0,train,train_legacy,55,2,3,2,True,0,"{""length_ratio"": 3}"
test_02071,src_24be8c49ece7ae827b95,Depression,1,test,test_nested,322,0,2,2,True,0,{}
test_00586,src_24c1e6e71b006ded688f,Anxiety,2,train,train_added,338,2,0,2,True,0,{}
train_02278,src_24c500b2642d8c6ed6dd,Anxiety,2,train,train_legacy,1319,2,1,2,True,0,"{""meta_commentary"": 1}"
train_02866,src_24d209ef592c7b2a6c2d,Normal,0,train,train_legacy,64,2,5,2,True,0,"{""length_ratio"": 2, ""sbert"": 3}"
train_00525,src_24fd78b5ed886b330a10,Bipolar,3,train,train_legacy,524,2,0,2,True,0,{}
train_04802,src_25020aa959ad9e084f04,Normal,0,train,train_legacy,447,2,1,2,True,0,"{""meta_commentary"": 1}"
train_00089,src_250c86cd791e4a16ecd0,Anxiety,2,train,train_legacy,1106,2,0,2,True,0,{}
val_confirm_00886,src_250f6f875421f3be677c,Depression,1,train,train_added,168,2,0,2,True,0,{}
train_01294,src_25106e1ab75f44c2d152,Bipolar,3,train,train_legacy,957,2,0,2,True,0,{}
test_00730,src_25181a52eea664a76167,Normal,0,test,test_nested,559,0,2,2,True,0,{}
train_05740,src_251acd87dd39a2d845ba,Bipolar,3,train,train_legacy,264,2,0,2,True,0,{}
test_01767,src_2528302b7e804248adff,Anxiety,2,test,test_nested,1173,0,2,2,True,0,{}
train_00126,src_252a3638a672514fbe4d,Normal,0,train,train_legacy,88,2,0,2,True,0,{}
train_05565,src_25306cf36696d32639a1,Anxiety,2,train,train_legacy,541,2,0,2,True,0,{}
test_00822,src_25384110c2fd2c1dcd5a,Normal,0,train,train_added,66,2,2,2,True,0,"{""length_ratio"": 1, ""sbert"": 1}"
train_00789,src_253d98da159580382868,Normal,0,train,train_legacy,69,2,0,2,True,0,{}
train_05018,src_2541a5fac5309a0567e3,Anxiety,2,train,train_legacy,1634,2,0,2,True,0,{}
train_01493,src_255828e16520165993e1,Depression,1,train,train_legacy,567,2,5,0,False,2,"{""refusal"": 7}"
test_01973,src_255f717c01a5da5324e5,Anxiety,2,test,test_nested,2716,0,2,2,True,0,{}
train_03376,src_256b6288d7d1b8ea8ca3,Anxiety,2,train,train_legacy,1092,2,0,2,True,0,{}
train_03031,src_256caa003d6cf92451a5,Depression,1,train,train_legacy,1616,2,0,2,True,0,{}
test_00826,src_256d3281df2c0cf799ac,Anxiety,2,test,test_nested,662,0,2,2,True,0,{}
train_02763,src_256dbd7e739e75b0aae4,Normal,0,train,train_legacy,89,2,0,2,True,0,{}
test_00202,src_25712ced31479b12ef3f,Anxiety,2,test,test_nested,150,0,2,2,True,0,{}
train_01205,src_2579f7bab565a199f845,Bipolar,3,train,train_legacy,393,2,0,2,True,0,{}
train_01214,src_25867855991da397e7ca,Normal,0,train,train_legacy,99,2,0,2,True,0,{}
test_01391,src_2599f385572135257da8,Anxiety,2,train,train_added,536,2,0,2,True,0,{}
test_01440,src_259bf97e4f11e21f9e94,Normal,0,train,train_added,40,2,5,1,False,1,"{""length_ratio"": 6}"
test_00816,src_259fe87ddb808cc761bb,Depression,1,test,test_nested,941,0,2,2,True,0,{}
train_02633,src_25a2b76224cddb2f88a4,Normal,0,train,train_legacy,4,2,5,0,False,2,"{""length_ratio"": 7}"
test_01472,src_25a7f69966b90535916f,Bipolar,3,test,test_nested,360,0,2,2,True,0,{}
test_00110,src_25a92d1026a45db4d974,Depression,1,test,test_nested,507,0,3,2,True,0,"{""length_ratio"": 1}"
train_03174,src_25b48d0b3c468d0f1b57,Depression,1,train,train_legacy,1334,2,1,2,True,0,"{""refusal"": 1}"
train_05416,src_25b5368a4d46cdafc2f4,Bipolar,3,train,train_legacy,514,2,0,2,True,0,{}
test_01218,src_25b77d168597b6949549,Normal,0,train,train_added,11,2,5,0,False,2,"{""length_ratio"": 3, ""sbert"": 4}"
train_04068,src_25ec15df6d9000f451ab,Anxiety,2,train,train_legacy,447,2,0,2,True,0,{}
train_05541,src_25f89045d4be6f4bc003,Normal,0,train,train_legacy,87,2,1,2,True,0,"{""length_ratio"": 1}"
test_00142,src_25f9536c8b6669832318,Depression,1,test,test_nested,117,0,5,0,False,2,"{""refusal"": 5}"
train_04430,src_25fbba5e16ff92982a32,Anxiety,2,train,train_legacy,968,2,0,2,True,0,{}
train_00568,src_25fffee33266492bb4ea,Normal,0,train,train_legacy,62,2,4,2,True,0,"{""sbert"": 4}"
test_01267,src_2601f372f33ba12e63dc,Normal,0,test,test_nested,30,0,5,0,False,2,"{""length_ratio"": 5}"
train_05615,src_2602162db03434a99ea5,Bipolar,3,train,train_legacy,1492,2,0,2,True,0,{}
val_confirm_00826,src_260660ee37bef2fe0f0f,Bipolar,3,train,train_added,478,2,5,0,False,2,"{""refusal"": 7}"
train_03774,src_2608748074a8133b381e,Bipolar,3,train,train_legacy,143,2,0,2,True,0,{}
train_00011,src_260a2509dfb806e4245a,Normal,0,train,train_legacy,77,2,0,2,True,0,{}
test_00108,src_260ca821911fde542dc3,Normal,0,test,test_nested,50,0,2,2,True,0,{}
train_00735,src_26112e5e6889f81584f0,Anxiety,2,train,train_legacy,401,2,0,2,True,0,{}
test_02224,src_2613b6610c8adf6e91d0,Depression,1,test,test_nested,459,0,2,2,True,0,{}
val_confirm_00246,src_261e1c3f1a06e9e541b0,Depression,1,train,train_added,250,2,1,2,True,0,"{""length_ratio"": 1}"
train_03643,src_2620e3545390bf93da9f,Bipolar,3,train,train_legacy,914,2,0,2,True,0,{}
test_01521,src_262239098fdca161d542,Normal,0,test,test_nested,33,0,5,0,False,2,"{""sbert"": 5}"
train_02236,src_26288be9f21c689365f4,Anxiety,2,train,train_legacy,2757,2,0,2,True,0,{}
test_01284,src_262fa545965246ae1693,Depression,1,test,test_nested,444,0,2,2,True,0,{}
train_00329,src_263cc9c95f5441da00db,Depression,1,train,train_legacy,271,2,5,0,False,2,"{""refusal"": 7}"
train_03166,src_2642eacb6ac7eff76baa,Normal,0,train,train_legacy,272,2,0,2,True,0,{}
test_02358,src_264e81b631e3851396f0,Normal,0,test,test_nested,101,0,3,2,True,0,"{""sbert"": 1}"
train_04263,src_265565cc4c93cb4ab17a,Normal,0,train,train_legacy,68,2,0,2,True,0,{}
train_04959,src_265a51b6f5a53694bbb0,Depression,1,train,train_legacy,156,2,0,2,True,0,{}
train_04021,src_2660d5bb28e1bc822674,Bipolar,3,train,train_legacy,733,2,0,2,True,0,{}
train_01931,src_266349b38b738983484e,Bipolar,3,train,train_legacy,1349,2,1,2,True,0,"{""meta_commentary"": 1}"
test_01287,src_266756402c311b56ec34,Anxiety,2,test,test_nested,385,0,5,0,False,2,"{""meta_commentary"": 5}"
train_01456,src_267c9223d40a95e8e43f,Depression,1,train,train_legacy,265,2,0,2,True,0,{}
train_02485,src_26827635a0097e10474a,Bipolar,3,train,train_legacy,581,2,0,2,True,0,{}
train_02547,src_268bf65f618a9974d7fb,Anxiety,2,train,train_legacy,592,2,0,2,True,0,{}
train_01674,src_268e360e5658489c7bdd,Anxiety,2,train,train_legacy,384,2,0,2,True,0,{}
test_01924,src_2691000eec4b7c0d3113,Anxiety,2,test,test_nested,958,0,2,2,True,0,{}
test_01613,src_269f5d5e4baea959b8c6,Normal,0,test,test_nested,71,0,3,2,True,0,"{""length_ratio"": 1}"
test_00847,src_26a174ebb0cfdfe6d712,Normal,0,test,test_nested,40,0,2,2,True,0,{}
val_search_00318,src_26a319a6fc9f192b5b74,Normal,0,train,train_added,57,2,0,2,True,0,{}
test_01252,src_26a5f3d913043cb2f15a,Bipolar,3,test,test_nested,197,0,2,2,True,0,{}
val_confirm_00184,src_26b8dc90e9bc7c0d418b,Bipolar,3,train,train_added,107,2,1,2,True,0,"{""meta_commentary"": 1}"
train_02296,src_26bdc7df48a2256106a2,Anxiety,2,train,train_legacy,345,2,0,2,True,0,{}
train_01856,src_26c26a18edd885a09097,Anxiety,2,train,train_legacy,1591,2,0,2,True,0,{}
train_05257,src_26c47f42a6b9d17df04a,Bipolar,3,train,train_legacy,923,2,0,2,True,0,{}
train_03493,src_26c8f11a5e5d7063143b,Bipolar,3,train,train_legacy,1262,2,0,2,True,0,{}
train_03405,src_26cf598dcf5771e13f4e,Depression,1,train,train_legacy,271,2,1,2,True,0,"{""length_ratio"": 1}"
train_01532,src_26d2c411b42b84db4292,Bipolar,3,train,train_legacy,4743,2,4,2,True,0,"{""length_ratio"": 4}"
train_04486,src_26d9f518c8295e45dfce,Anxiety,2,train,train_legacy,803,2,1,2,True,0,"{""meta_commentary"": 1}"
test_01429,src_26defa960e3175d12f76,Bipolar,3,train,train_added,81,2,0,2,True,0,{}
train_05619,src_26e090c3dbc0062dfbdb,Anxiety,2,train,train_legacy,436,2,0,2,True,0,{}
test_01866,src_26e5ccada391720409ff,Bipolar,3,test,test_nested,441,0,2,2,True,0,{}
train_04184,src_26e74f005272f48f2d2a,Bipolar,3,train,train_legacy,1489,2,0,2,True,0,{}
train_05178,src_26f32ef6225af5167b08,Depression,1,train,train_legacy,789,2,0,2,True,0,{}
train_02891,src_26fadab4e5167a820e70,Anxiety,2,train,train_legacy,390,2,0,2,True,0,{}
test_00739,src_2702d80b3161f15bc1ff,Normal,0,train,train_added,23,2,2,2,True,0,"{""duplicate"": 1, ""sbert"": 1}"
train_05341,src_2707c0c43ac0c1f59e1f,Anxiety,2,train,train_legacy,123,2,3,2,True,0,"{""length_ratio"": 3}"
train_03539,src_272a05f762503cb1338b,Normal,0,train,train_legacy,137,2,0,2,True,0,{}
train_03664,src_272fc49290eee02ae715,Normal,0,train,train_legacy,18,2,5,0,False,2,"{""length_ratio"": 7}"
test_01145,src_273588a8b5bf8623c6b6,Anxiety,2,test,test_nested,849,0,2,2,True,0,{}
train_01272,src_27385aae1a4b4965e403,Depression,1,train,train_legacy,979,2,0,2,True,0,{}
test_02446,src_2741ded9398507d67695,Anxiety,2,test,test_nested,969,0,2,2,True,0,{}
train_01099,src_2752b92549bd585d3c47,Depression,1,train,train_legacy,436,2,0,2,True,0,{}
train_02836,src_27578653c435279ed782,Depression,1,train,train_legacy,123,2,4,2,True,0,"{""length_ratio"": 4}"
val_search_00197,src_27582f239aaa14945786,Anxiety,2,train,train_added,33,2,2,2,True,0,"{""sbert"": 2}"
test_01315,src_276ad83ca78dc30a00a4,Anxiety,2,train,train_added,1484,2,0,2,True,0,{}
train_00594,src_276eb0191604df8fdc68,Normal,0,train,train_legacy,61,2,5,0,False,2,"{""length_ratio"": 7}"
train_05299,src_276fd1773c495556a44d,Depression,1,train,train_legacy,160,2,0,2,True,0,{}
test_02347,src_2774573555010149e207,Normal,0,train,train_added,61,2,1,2,True,0,"{""length_ratio"": 1}"
train_04001,src_277710ca2ba1c02a11e8,Normal,0,train,train_legacy,37,2,5,1,False,1,"{""length_ratio"": 2, ""sbert"": 4}"
train_01800,src_277d71f80c56b8d0900d,Depression,1,train,train_legacy,271,2,0,2,True,0,{}
train_00821,src_27811ed70bfe520458e5,Bipolar,3,train,train_legacy,1096,2,0,2,True,0,{}
train_04253,src_278596643db55a1544f2,Depression,1,train,train_legacy,1912,2,1,2,True,0,"{""meta_commentary"": 1}"
test_00607,src_2786514cae307e527d85,Depression,1,test,test_nested,476,0,2,2,True,0,{}
train_02447,src_27871ad52f5198493b25,Depression,1,train,train_legacy,1280,2,0,2,True,0,{}
train_03903,src_27936c44a234f70c2a16,Depression,1,train,train_legacy,1139,2,0,2,True,0,{}
test_01367,src_27962f05e4d6fe8f841c,Bipolar,3,test,test_nested,1225,0,2,2,True,0,{}
test_02423,src_27bb70d5218ad4cbf59d,Bipolar,3,train,train_added,948,2,0,2,True,0,{}
test_00268,src_27df198ec8dc6c36cec4,Normal,0,test,test_nested,30,0,5,0,False,2,"{""length_ratio"": 5}"
test_00468,src_27dfbffc3dc154ea6f7a,Depression,1,test,test_nested,719,0,2,2,True,0,{}
train_04096,src_27e157f06716ef813526,Depression,1,train,train_legacy,88,2,1,2,True,0,"{""length_ratio"": 1}"
test_00084,src_27f10d73a28aca1bd7b6,Depression,1,train,train_added,1722,2,0,2,True,0,{}
val_search_00336,src_27f3f9818f8fd1a69243,Normal,0,train,train_added,65,2,0,2,True,0,{}
train_05546,src_2807737e63164192e3b1,Depression,1,train,train_legacy,1330,2,0,2,True,0,{}
train_04887,src_28204f2c5904165d80eb,Normal,0,train,train_legacy,600,2,0,2,True,0,{}
train_03576,src_28236f379c31be3f9d88,Anxiety,2,train,train_legacy,1094,2,3,2,True,0,"{""meta_commentary"": 3}"
train_05782,src_2825f4a33b08e631b428,Bipolar,3,train,train_legacy,750,2,0,2,True,0,{}
train_01384,src_282ea215f6db88eaf595,Anxiety,2,train,train_legacy,478,2,0,2,True,0,{}
train_02934,src_282ff141f21a41c825c7,Bipolar,3,train,train_legacy,100,2,5,0,False,2,"{""length_ratio"": 1, ""sbert"": 6}"
val_search_00370,src_2852462a2f7c35c63902,Bipolar,3,train,train_added,633,2,0,2,True,0,{}
train_02855,src_285e427bcd2864fcbf08,Depression,1,train,train_legacy,1537,2,0,2,True,0,{}
train_02309,src_28798ddcfe26f4a5a05b,Depression,1,train,train_legacy,1551,2,0,2,True,0,{}
train_01144,src_287cccfe107785f7e544,Bipolar,3,train,train_legacy,934,2,0,2,True,0,{}
test_01459,src_288223003d168b984754,Anxiety,2,test,test_nested,60,0,2,2,True,0,{}
train_00483,src_288f0af2b95f16d0af1a,Normal,0,train,train_legacy,45,2,1,2,True,0,"{""sbert"": 1}"
test_00925,src_28946d62119b2d89441e,Bipolar,3,test,test_nested,2525,0,2,2,True,0,{}
train_01657,src_28a04dce73d4faf04e12,Depression,1,train,train_legacy,1059,2,0,2,True,0,{}
train_04574,src_28a07c5d0e7318f55898,Bipolar,3,train,train_legacy,437,2,5,0,False,2,"{""refusal"": 7}"
train_05307,src_28a20e404f6e648cb069,Normal,0,train,train_legacy,397,2,5,0,False,2,"{""meta_commentary"": 7}"
train_02464,src_28a547875482b84b2b82,Bipolar,3,train,train_legacy,623,2,0,2,True,0,{}
train_03610,src_28a5ec85a6f8a0e085cb,Bipolar,3,train,train_legacy,640,2,0,2,True,0,{}
test_02125,src_28a9059832a5f9f5b1d6,Normal,0,test,test_nested,20,0,5,0,False,2,"{""length_ratio"": 3, ""sbert"": 2}"
train_03099,src_28ac761a8cb53c046c11,Anxiety,2,train,train_legacy,231,2,5,0,False,2,"{""refusal"": 7}"
test_01409,src_28b1917450d4d42ab003,Depression,1,test,test_nested,1067,0,2,2,True,0,{}
train_04695,src_28be76c39fef531524d5,Anxiety,2,train,train_legacy,63,2,5,2,True,0,"{""length_ratio"": 2, ""sbert"": 3}"
train_00208,src_28cdcfd03be4e64ec113,Normal,0,train,train_legacy,10,2,5,0,False,2,"{""length_ratio"": 3, ""sbert"": 4}"
test_02142,src_28daf72926e95b47bdfc,Bipolar,3,test,test_nested,632,0,2,2,True,0,{}
train_02649,src_28e000657eb2df27fb96,Normal,0,train,train_legacy,34,2,2,2,True,0,"{""length_ratio"": 2}"
train_05218,src_28e4b0ef46683bb4c295,Bipolar,3,train,train_legacy,315,2,0,2,True,0,{}
train_02512,src_28e5065176d8e444d3da,Anxiety,2,train,train_legacy,109,2,0,2,True,0,{}
train_05037,src_28e890009f4e27701ba7,Normal,0,train,train_legacy,33,2,5,0,False,2,"{""length_ratio"": 5, ""sbert"": 2}"
val_confirm_00900,src_28f75d640d53a41c8ce2,Bipolar,3,train,train_added,1648,2,0,2,True,0,{}
train_05350,src_29049ec08f2b79e40951,Anxiety,2,train,train_legacy,1473,2,0,2,True,0,{}
val_confirm_00479,src_29056e8806fea9914c43,Anxiety,2,train,train_added,822,2,0,2,True,0,{}
test_00963,src_290bfa35dd0e01045efd,Normal,0,test,test_nested,93,0,2,2,True,0,{}
train_05044,src_290f77be2e63ac6e5d06,Anxiety,2,train,train_legacy,689,2,1,2,True,0,"{""meta_commentary"": 1}"
train_03881,src_291d17199e8ad3e70e94,Normal,0,train,train_legacy,24,2,0,2,True,0,{}
train_02588,src_291e1270bd89bb1dee2a,Depression,1,train,train_legacy,1238,2,0,2,True,0,{}
train_05441,src_291e72283999b842b5bf,Bipolar,3,train,train_legacy,320,2,0,2,True,0,{}
test_02488,src_292f2ea5312eb411304d,Depression,1,test,test_nested,352,0,3,2,True,0,"{""length_ratio"": 1}"
val_confirm_00706,src_293288d16d7f6ba488d8,Bipolar,3,train,train_added,620,2,0,2,True,0,{}
train_01890,src_2934cd9720f49e701874,Normal,0,train,train_legacy,72,2,4,2,True,0,"{""length_ratio"": 1, ""sbert"": 1}"
train_01431,src_29395fc7e65c5e71b505,Bipolar,3,train,train_legacy,1102,2,1,2,True,0,"{""meta_commentary"": 1}"
test_01660,src_293a4291c023121fb278,Normal,0,test,test_nested,613,0,2,2,True,0,{}
train_01129,src_293f7f71b1f44163354c,Bipolar,3,train,train_legacy,1317,2,0,2,True,0,{}
train_05389,src_29420ad3893eb68b059f,Anxiety,2,train,train_legacy,1463,2,0,2,True,0,{}
train_04092,src_294337c4377a234f292f,Bipolar,3,train,train_legacy,625,2,0,2,True,0,{}
test_00034,src_294e4967250d44afc6f6,Anxiety,2,train,train_added,13,2,5,1,False,1,"{""length_ratio"": 4, ""sbert"": 2}"
train_03588,src_2951d530ecc17cd62065,Depression,1,train,train_legacy,1170,2,5,2,True,0,"{""meta_commentary"": 1, ""refusal"": 4}"
train_00732,src_2958459f7a0e2a400e02,Normal,0,train,train_legacy,15,2,4,2,True,0,"{""length_ratio"": 4}"
train_03737,src_2961b0d304185ed6271a,Bipolar,3,train,train_legacy,123,2,1,2,True,0,"{""sbert"": 1}"
train_03178,src_29684ce5de251841e216,Anxiety,2,train,train_legacy,683,2,0,2,True,0,{}
train_05217,src_2968dacd418b4f24e1b9,Depression,1,train,train_legacy,353,2,0,2,True,0,{}
test_00859,src_296934c81915e2b4f724,Depression,1,test,test_nested,1076,0,2,2,True,0,{}
train_00776,src_296c383e8bef20d02193,Bipolar,3,train,train_legacy,306,2,0,2,True,0,{}
test_00357,src_2983c7dc2d86123b4f8a,Bipolar,3,test,test_nested,843,0,2,2,True,0,{}
train_04582,src_298674c5e677babf22f3,Depression,1,train,train_legacy,195,2,0,2,True,0,{}
train_03501,src_298809d4cd0f61c15592,Normal,0,train,train_legacy,31,2,5,0,False,2,"{""length_ratio"": 4, ""sbert"": 3}"
test_00305,src_2988e2ba54425103d030,Normal,0,test,test_nested,60,0,5,2,True,0,"{""length_ratio"": 2, ""sbert"": 1}"
train_05962,src_29981470c6e965767ddf,Normal,0,train,train_legacy,37,2,5,1,False,1,"{""length_ratio"": 3, ""sbert"": 3}"
train_01457,src_299cad9896ee9eaf6616,Normal,0,train,train_legacy,54,2,0,2,True,0,{}
train_04165,src_299fd9f3d861b7f8067e,Normal,0,train,train_legacy,22,2,5,0,False,2,"{""length_ratio"": 5, ""sbert"": 2}"
test_00095,src_29a0f11985093656e060,Anxiety,2,test,test_nested,892,0,4,2,True,0,"{""meta_commentary"": 2}"
train_00845,src_29a1bbf6738176f47fd7,Anxiety,2,train,train_legacy,367,2,0,2,True,0,{}
train_05419,src_29a7a8ee7da8000df516,Anxiety,2,train,train_legacy,89,2,0,2,True,0,{}
train_03867,src_29a89b0140c43433f05f,Anxiety,2,train,train_legacy,33,2,5,0,False,2,"{""length_ratio"": 2, ""sbert"": 5}"
train_03505,src_29ba2d86e0c7271e3b30,Normal,0,train,train_legacy,17,2,0,2,True,0,{}
test_01953,src_29baccb839670a4fdd2d,Anxiety,2,test,test_nested,71,0,2,2,True,0,{}
test_02293,src_29cbf1d20da5e4b9cd3b,Bipolar,3,test,test_nested,511,0,2,2,True,0,{}
train_04497,src_29cd00d03e368fb5a608,Anxiety,2,train,train_legacy,309,2,0,2,True,0,{}
train_03495,src_29d725b0732cc8fc9210,Normal,0,train,train_legacy,6,2,5,0,False,2,"{""length_ratio"": 4, ""meta_commentary"": 2, ""sbert"": 1}"
train_05297,src_29db378863ca602d8e1b,Depression,1,train,train_legacy,2067,2,0,2,True,0,{}
test_01790,src_29de5c047705190104af,Normal,0,train,train_added,115,2,0,2,True,0,{}
train_01759,src_29ed0029a95281f79b4a,Bipolar,3,train,train_legacy,469,2,0,2,True,0,{}
train_02351,src_29eec4a46dff329d61b7,Anxiety,2,train,train_legacy,375,2,0,2,True,0,{}
test_01881,src_29f40674fd084d337b44,Normal,0,test,test_nested,313,0,2,2,True,0,{}
train_01747,src_29fbb201e6969bcf9a17,Anxiety,2,train,train_legacy,724,2,1,2,True,0,"{""meta_commentary"": 1}"
train_03354,src_29fd8a2d9cc7fb469563,Bipolar,3,train,train_legacy,214,2,0,2,True,0,{}
train_02577,src_2a0471a573677295e2ca,Anxiety,2,train,train_legacy,245,2,0,2,True,0,{}
train_01043,src_2a0d8f6a12f47bb6afea,Anxiety,2,train,train_legacy,1090,2,1,2,True,0,"{""meta_commentary"": 1}"
train_02890,src_2a1c90d917d9aaedcf19,Bipolar,3,train,train_legacy,1853,2,0,2,True,0,{}
train_02283,src_2a2d494bcfdf9189d1c6,Anxiety,2,train,train_legacy,259,2,0,2,True,0,{}
train_01325,src_2a2faa5be3b594ddf4a9,Anxiety,2,train,train_legacy,726,2,0,2,True,0,{}
train_05717,src_2a34e306b7742d78b0b3,Bipolar,3,train,train_legacy,939,2,0,2,True,0,{}
train_00892,src_2a3cc1572772a110ae0b,Normal,0,train,train_legacy,363,2,0,2,True,0,{}
test_02376,src_2a3ee1a607282fd7f728,Bipolar,3,test,test_nested,169,0,2,2,True,0,{}
test_00778,src_2a54aafe19533cc3f288,Anxiety,2,test,test_nested,328,0,2,2,True,0,{}
train_01756,src_2a5948a88328df28fa84,Anxiety,2,train,train_legacy,40,2,5,0,False,2,"{""length_ratio"": 2, ""sbert"": 5}"
train_01640,src_2a634a88246de10951b9,Bipolar,3,train,train_legacy,2330,2,0,2,True,0,{}
train_02397,src_2a67277bab6c1714b187,Anxiety,2,train,train_legacy,491,2,0,2,True,0,{}
train_02388,src_2a685bab0cd629baa176,Anxiety,2,train,train_legacy,99,2,0,2,True,0,{}
test_01482,src_2a6cceb645287aefdc30,Depression,1,test,test_nested,282,0,2,2,True,0,{}
train_02039,src_2a7a83d1e544c032f567,Depression,1,train,train_legacy,1686,2,5,0,False,2,"{""refusal"": 7}"
train_01116,src_2a8515558f3a261dc149,Normal,0,train,train_legacy,96,2,0,2,True,0,{}
train_01768,src_2a9adef7f4db69331e40,Bipolar,3,train,train_legacy,332,2,0,2,True,0,{}
train_01935,src_2a9d998324d82e0438de,Bipolar,3,train,train_legacy,398,2,0,2,True,0,{}
val_confirm_00057,src_2a9ecc221339588f0940,Anxiety,2,train,train_added,485,2,0,2,True,0,{}
test_01332,src_2aa278901ca18f83e74e,Anxiety,2,train,train_added,266,2,0,2,True,0,{}
test_01165,src_2aa5a8021cbe80fbbf8f,Bipolar,3,test,test_nested,163,0,2,2,True,0,{}
test_00303,src_2aade7cd7ee67cb9108c,Anxiety,2,test,test_nested,581,0,2,2,True,0,{}
train_05648,src_2ab05996dbec02745801,Bipolar,3,train,train_legacy,541,2,0,2,True,0,{}
test_02055,src_2ab3429286cf4855357d,Depression,1,train,train_added,948,2,5,0,False,2,"{""refusal"": 7}"
test_00775,src_2ab5e8da6afb7dfdbb38,Anxiety,2,test,test_nested,68,0,5,2,True,0,"{""sbert"": 3}"
train_05126,src_2ab63e432d85eb01ab87,Anxiety,2,train,train_legacy,554,2,0,2,True,0,{}
test_00139,src_2abb91cc5d15ffa8c4e8,Anxiety,2,test,test_nested,903,0,2,2,True,0,{}
test_02327,src_2ac0ef933e5d09d91e9c,Anxiety,2,test,test_nested,1457,0,2,2,True,0,{}
val_search_00331,src_2ac62be136edfdb066aa,Normal,0,train,train_added,32,2,0,2,True,0,{}
val_search_00038,src_2acb46ca6455532a1db5,Normal,0,train,train_added,93,2,1,2,True,0,"{""meta_commentary"": 1}"
train_00435,src_2ad06934eccfb2c8477a,Normal,0,train,train_legacy,121,2,2,2,True,0,"{""length_ratio"": 2}"
train_01177,src_2adbb1dcc20e49558ed3,Depression,1,train,train_legacy,269,2,0,2,True,0,{}
test_01975,src_2ae00fb328497b325a4c,Depression,1,test,test_nested,749,0,2,2,True,0,{}
test_02495,src_2ae26d95f438dbf399b3,Normal,0,test,test_nested,24,0,4,2,True,0,"{""length_ratio"": 2}"
train_05586,src_2aeaf4dc079d171863f3,Depression,1,train,train_legacy,640,2,0,2,True,0,{}
train_05703,src_2af9592bc6c1db75e827,Depression,1,train,train_legacy,266,2,0,2,True,0,{}
val_search_00360,src_2afde1cabece90716ebb,Normal,0,train,train_added,63,2,0,2,True,0,{}
train_03652,src_2afec89f9c4226dfa1f5,Depression,1,train,train_legacy,138,2,5,0,False,2,"{""refusal"": 7}"
train_03907,src_2b03f10b21922252d28d,Normal,0,train,train_legacy,121,2,1,2,True,0,"{""length_ratio"": 1}"
test_01835,src_2b0ae1ea343fa56935e8,Depression,1,train,train_added,187,2,0,2,True,0,{}
train_03243,src_2b0bf013c223ea5e07ff,Depression,1,train,train_legacy,2449,2,0,2,True,0,{}
test_00746,src_2b0cf7dd8fcbb7f37524,Anxiety,2,test,test_nested,651,0,2,2,True,0,{}
train_00457,src_2b11d337f3c0877ee081,Bipolar,3,train,train_legacy,658,2,0,2,True,0,{}
train_00393,src_2b1d964a408b69784cb9,Normal,0,train,train_legacy,19,2,5,0,False,2,"{""refusal"": 7}"
train_03585,src_2b1e80caf0a43be4d8b6,Anxiety,2,train,train_legacy,414,2,0,2,True,0,{}
test_01889,src_2b25739d9864f9595c97,Bipolar,3,test,test_nested,111,0,3,2,True,0,"{""length_ratio"": 1}"
test_01528,src_2b2765616d9948cf2891,Anxiety,2,test,test_nested,1087,0,2,2,True,0,{}
val_search_00260,src_2b297c89f16d2195d22b,Anxiety,2,train,train_added,834,2,0,2,True,0,{}
train_03290,src_2b2a4695064e04cdfab1,Depression,1,train,train_legacy,1977,2,0,2,True,0,{}
test_01971,src_2b327a113b61c356360e,Depression,1,test,test_nested,705,0,2,2,True,0,{}
train_02077,src_2b37e15fcd1f1029c563,Bipolar,3,train,train_legacy,1340,2,0,2,True,0,{}
train_03759,src_2b41ae7e862003921f0a,Normal,0,train,train_legacy,42,2,5,2,True,0,"{""length_ratio"": 5}"
train_05260,src_2b467021ea8388ab4c4e,Anxiety,2,train,train_legacy,1093,2,0,2,True,0,{}
test_01109,src_2b53d2780052dd28286a,Anxiety,2,test,test_nested,109,0,2,2,True,0,{}
train_04337,src_2b56ef06dc847813ad2f,Bipolar,3,train,train_legacy,558,2,0,2,True,0,{}
train_04559,src_2b888ed7a72ebeac855f,Depression,1,train,train_legacy,4887,2,5,0,False,2,"{""length_ratio"": 5, ""meta_commentary"": 2}"
test_00380,src_2b8fe1be3ac06945f896,Bipolar,3,test,test_nested,322,0,2,2,True,0,{}
test_02265,src_2b96b3ca29d4ba83f989,Bipolar,3,train,train_added,407,2,0,2,True,0,{}
train_02932,src_2b99d829ade9788a0e7c,Anxiety,2,train,train_legacy,687,2,0,2,True,0,{}
train_05951,src_2b9c0f2e7569e904108b,Normal,0,train,train_legacy,49,2,1,2,True,0,"{""sbert"": 1}"
test_00742,src_2ba7b8c5266bfcf7beb5,Normal,0,train,train_added,65,2,0,2,True,0,{}
train_03365,src_2bab6068f929f4ae3768,Bipolar,3,train,train_legacy,634,2,0,2,True,0,{}
test_02288,src_2badea52045362bb899b,Depression,1,train,train_added,497,2,0,2,True,0,{}
test_00871,src_2bb09abbcc2ae262973d,Anxiety,2,test,test_nested,208,0,2,2,True,0,{}
test_00500,src_2bb88881944a0705db97,Depression,1,test,test_nested,413,0,3,2,True,0,"{""length_ratio"": 1}"
train_05181,src_2bb90ca6a77908555f30,Normal,0,train,train_legacy,9,2,5,1,False,1,"{""length_ratio"": 6}"
train_00689,src_2bb94f52b88cd04cf2ee,Depression,1,train,train_legacy,257,2,1,2,True,0,"{""length_ratio"": 1}"
test_00849,src_2bc09e2925b98a3d7e0b,Anxiety,2,test,test_nested,62,0,3,2,True,0,"{""length_ratio"": 1}"
train_00674,src_2be24eb669507dbb9416,Normal,0,train,train_legacy,102,2,0,2,True,0,{}
train_01316,src_2be45038ae3311221bde,Anxiety,2,train,train_legacy,163,2,0,2,True,0,{}
train_02692,src_2be589783a6340ed80ce,Depression,1,train,train_legacy,781,2,0,2,True,0,{}
train_01843,src_2bf648fd98f604081c7b,Depression,1,train,train_legacy,824,2,0,2,True,0,{}
train_05818,src_2bf784f03ff947ad694b,Normal,0,train,train_legacy,770,2,0,2,True,0,{}
test_01303,src_2bfbba24c4784df0de4d,Bipolar,3,test,test_nested,231,0,2,2,True,0,{}
val_search_00150,src_2c046d68a503d3925d72,Anxiety,2,train,train_added,1339,2,0,2,True,0,{}
train_04722,src_2c06ac6743cfb52409bc,Depression,1,train,train_legacy,783,2,0,2,True,0,{}
train_00718,src_2c09b4ff8ba486b8a2c1,Normal,0,train,train_legacy,109,2,0,2,True,0,{}
test_00474,src_2c22f12ac143c3d090d2,Depression,1,train,train_added,331,2,0,2,True,0,{}
test_02193,src_2c230119196b47a77efc,Depression,1,test,test_nested,962,0,2,2,True,0,{}
test_01566,src_2c2cc3e49f459f1586c4,Depression,1,test,test_nested,1185,0,2,2,True,0,{}
train_01688,src_2c345298305eb133e92a,Normal,0,train,train_legacy,48,2,0,2,True,0,{}
test_00506,src_2c5bebc3084d3455589b,Anxiety,2,test,test_nested,1577,0,2,2,True,0,{}
test_00633,src_2c634c917070a7f6a6c6,Anxiety,2,test,test_nested,139,0,2,2,True,0,{}
train_03227,src_2c67afd5c5c54d213923,Bipolar,3,train,train_legacy,301,2,1,2,True,0,"{""meta_commentary"": 1}"
train_04119,src_2c6fb5269bc60b60e398,Normal,0,train,train_legacy,144,2,1,2,True,0,"{""meta_commentary"": 1}"
test_01462,src_2c7376abbfb211672138,Anxiety,2,test,test_nested,577,0,2,2,True,0,{}
train_02093,src_2c7b44a09ea3436b358f,Anxiety,2,train,train_legacy,31,2,5,0,False,2,"{""length_ratio"": 3, ""sbert"": 4}"
train_05938,src_2c7ec4fd72db6da008b4,Bipolar,3,train,train_legacy,1397,2,0,2,True,0,{}
train_00972,src_2c80c529974b3a95350f,Normal,0,train,train_legacy,38,2,5,1,False,1,"{""length_ratio"": 6}"
train_02115,src_2c8f6dfc81ba7b6fee51,Depression,1,train,train_legacy,2198,2,1,2,True,0,"{""meta_commentary"": 1}"
val_confirm_00086,src_2c97f84e751d35de2fff,Depression,1,train,train_added,1201,2,0,2,True,0,{}
test_01959,src_2ca014a38e00d52dce0e,Bipolar,3,test,test_nested,946,0,2,2,True,0,{}
train_02307,src_2ca24e897aeff31cec11,Anxiety,2,train,train_legacy,3219,2,5,1,False,1,"{""meta_commentary"": 6}"
train_04593,src_2ca6527b0dacc754e718,Anxiety,2,train,train_legacy,589,2,1,2,True,0,"{""meta_commentary"": 1}"
test_02468,src_2cac6f1fbaa19e0c535b,Anxiety,2,test,test_nested,293,0,2,2,True,0,{}
test_00160,src_2cb891eddba9c27ebbfa,Depression,1,test,test_nested,343,0,2,2,True,0,{}
train_03469,src_2cba7f8103fa61777e24,Depression,1,train,train_legacy,1501,2,0,2,True,0,{}
train_05264,src_2cbb4dd31709e2a7e14f,Anxiety,2,train,train_legacy,560,2,0,2,True,0,{}
test_00853,src_2cc73d1e0e2311717da4,Bipolar,3,train,train_added,2105,2,0,2,True,0,{}
train_03600,src_2ccb4aeb6370d6970c84,Normal,0,train,train_legacy,67,2,0,2,True,0,{}
train_02555,src_2cdccf1db9805f5d4136,Bipolar,3,train,train_legacy,739,2,0,2,True,0,{}
train_02045,src_2cdf7866d7cac685577d,Depression,1,train,train_legacy,210,2,5,0,False,2,"{""length_ratio"": 1, ""refusal"": 6}"
test_00884,src_2ce735df7f0c31a3c2d5,Bipolar,3,test,test_nested,1539,0,2,2,True,0,{}
train_02683,src_2ce84b28731e89080389,Depression,1,train,train_legacy,59,2,0,2,True,0,{}
val_confirm_00503,src_2cf718ce9efcc9dc9885,Normal,0,train,train_added,103,2,5,1,False,1,"{""length_ratio"": 6}"
train_04644,src_2cfbfae4cc71189ab6d7,Anxiety,2,train,train_legacy,457,2,0,2,True,0,{}
train_05423,src_2d03227027ec707f19e9,Bipolar,3,train,train_legacy,848,2,0,2,True,0,{}
train_01127,src_2d055356677df4411480,Depression,1,train,train_legacy,320,2,0,2,True,0,{}
train_05410,src_2d06490a21c58a670047,Normal,0,train,train_legacy,109,2,0,2,True,0,{}
train_04495,src_2d08cacf5ee9b7aa1c3b,Normal,0,train,train_legacy,19,2,5,1,False,1,"{""length_ratio"": 6}"
train_01741,src_2d0d0d2decb8c70b331a,Depression,1,train,train_legacy,83,2,3,2,True,0,"{""length_ratio"": 3}"
train_03389,src_2d0e200e5f381c87b431,Anxiety,2,train,train_legacy,1604,2,0,2,True,0,{}
val_search_00365,src_2d128289eb017e0e14e4,Normal,0,train,train_added,41,2,5,2,True,0,"{""length_ratio"": 5}"
val_confirm_00605,src_2d2365813ef5482fcac9,Normal,0,train,train_added,35,2,0,2,True,0,{}
train_05368,src_2d2381c766643ef998f9,Normal,0,train,train_legacy,109,2,0,2,True,0,{}
train_04259,src_2d24563a8de26d73f561,Bipolar,3,train,train_legacy,1180,2,0,2,True,0,{}
train_02018,src_2d27265e631082d87714,Anxiety,2,train,train_legacy,33,2,5,0,False,2,"{""length_ratio"": 3, ""sbert"": 4}"
train_02410,src_2d290fc25171af0e301d,Bipolar,3,train,train_legacy,310,2,1,2,True,0,"{""meta_commentary"": 1}"
train_00116,src_2d2926f3934b97abf3c0,Anxiety,2,train,train_legacy,682,2,1,2,True,0,"{""meta_commentary"": 1}"
train_03931,src_2d2ae782bd9433943450,Bipolar,3,train,train_legacy,1691,2,1,2,True,0,"{""meta_commentary"": 1}"
test_00831,src_2d449579702bcfd3c2f8,Bipolar,3,test,test_nested,420,0,2,2,True,0,{}
train_04638,src_2d49b036be35eb52e073,Normal,0,train,train_legacy,97,2,0,2,True,0,{}
train_00839,src_2d4e5fd68801454062ee,Normal,0,train,train_legacy,57,2,5,0,False,2,"{""length_ratio"": 5, ""sbert"": 2}"
test_01857,src_2d6cf0a71b7a2a58bd48,Normal,0,train,train_added,51,2,0,2,True,0,{}
test_00895,src_2d7afc4f5755226f1618,Normal,0,test,test_nested,236,0,2,2,True,0,{}
train_03653,src_2d862bcd870c182d00ea,Bipolar,3,train,train_legacy,476,2,5,1,False,1,"{""refusal"": 6}"
train_01653,src_2d8876a905cb068c6b62,Normal,0,train,train_legacy,849,2,0,2,True,0,{}
train_01949,src_2d92bc6f766c1cf26b46,Bipolar,3,train,train_legacy,355,2,0,2,True,0,{}
train_03280,src_2d92c160b9214a484b2e,Normal,0,train,train_legacy,23,2,0,2,True,0,{}
train_01641,src_2d967828052caa92819f,Normal,0,train,train_legacy,29,2,5,0,False,2,"{""meta_commentary"": 1, ""refusal"": 5, ""sbert"": 1}"
train_02183,src_2d98af1e52511f9f1b44,Anxiety,2,train,train_legacy,32,2,0,2,True,0,{}
train_03858,src_2da9cc31541b50380c09,Anxiety,2,train,train_legacy,919,2,0,2,True,0,{}
train_00318,src_2db62e0ce0aaea49d637,Anxiety,2,train,train_legacy,3128,2,5,0,False,2,"{""meta_commentary"": 7}"
train_00040,src_2dc9cc5ac838fdc26afc,Anxiety,2,train,train_legacy,909,2,0,2,True,0,{}
train_05562,src_2dcb0d3ccf6c6ccb774c,Depression,1,train,train_legacy,1539,2,0,2,True,0,{}
train_00679,src_2dce4e1c9e3c5c970b10,Anxiety,2,train,train_legacy,1141,2,0,2,True,0,{}
test_00390,src_2dcfba56b1c1a7595f37,Depression,1,test,test_nested,412,0,2,2,True,0,{}
test_01787,src_2ddffe80aa95a4e3bc34,Bipolar,3,test,test_nested,280,0,2,2,True,0,{}
test_02160,src_2de0a547657fbe26184a,Bipolar,3,test,test_nested,1191,0,2,2,True,0,{}
train_04655,src_2de2d55e2bcb37b6cd35,Depression,1,train,train_legacy,2350,2,0,2,True,0,{}
train_01206,src_2de3cb4b180c8768b825,Normal,0,train,train_legacy,20,2,5,0,False,2,"{""meta_commentary"": 1, ""sbert"": 6}"
test_01214,src_2de87a86086ef66c562b,Depression,1,test,test_nested,1112,0,2,2,True,0,{}
train_04543,src_2df1d00b70dff015b1bb,Normal,0,train,train_legacy,188,2,1,2,True,0,"{""length_ratio"": 1}"
test_01544,src_2df2fffe1bfce550c270,Bipolar,3,test,test_nested,305,0,2,2,True,0,{}
train_00007,src_2df4fcac8d9fe8d0e23e,Bipolar,3,train,train_legacy,1418,2,0,2,True,0,{}
test_01647,src_2df93b9b435b82c3e69e,Bipolar,3,test,test_nested,1188,0,2,2,True,0,{}
train_00371,src_2dfb8bfa3734fc0cfd84,Normal,0,train,train_legacy,440,2,0,2,True,0,{}
train_01102,src_2e042ce2a4df8e7eca7f,Bipolar,3,train,train_legacy,511,2,0,2,True,0,{}
test_01572,src_2e10649bd150fc96b74f,Anxiety,2,train,train_added,411,2,0,2,True,0,{}
train_00861,src_2e1b41ee23bd624d45a7,Normal,0,train,train_legacy,25,2,5,0,False,2,"{""length_ratio"": 6, ""refusal"": 1}"
val_search_00188,src_2e1c553f455a46c540ed,Bipolar,3,train,train_added,583,2,0,2,True,0,{}
train_03218,src_2e38f9fe5ffb35c6399d,Depression,1,train,train_legacy,143,2,5,0,False,2,"{""length_ratio"": 3, ""sbert"": 4}"
train_02660,src_2e42b902b72fd5f4e650,Normal,0,train,train_legacy,28,2,5,1,False,1,"{""length_ratio"": 1, ""meta_commentary"": 3, ""sbert"": 2}"
test_00377,src_2e4b3687bd9ab0733b18,Depression,1,train,train_added,971,2,0,2,True,0,{}
val_confirm_00168,src_2e4e9569c0d7661cb452,Normal,0,train,train_added,61,2,0,2,True,0,{}
val_confirm_00026,src_2e53e2bc2f559d13ee8b,Anxiety,2,train,train_added,997,2,0,2,True,0,{}
train_01728,src_2e54ce123d0b05705741,Anxiety,2,train,train_legacy,2053,2,0,2,True,0,{}
train_01639,src_2e5bbeb2389697d3d04d,Depression,1,train,train_legacy,69,2,3,2,True,0,"{""sbert"": 3}"
train_05068,src_2e6371a6ed60171fcfe5,Depression,1,train,train_legacy,451,2,0,2,True,0,{}
train_00516,src_2e8596b758ce8170c9cd,Anxiety,2,train,train_legacy,969,2,0,2,True,0,{}
train_05476,src_2e8bf96e1de137fbf386,Anxiety,2,train,train_legacy,925,2,0,2,True,0,{}
test_00961,src_2e8e1dfef79a82031002,Anxiety,2,test,test_nested,743,0,2,2,True,0,{}
train_03924,src_2e8f53d5fa7b5b93115f,Depression,1,train,train_legacy,1763,2,0,2,True,0,{}
test_01106,src_2e9505229fa9f1b04bd6,Bipolar,3,test,test_nested,647,0,2,2,True,0,{}
test_01935,src_2e959680262cb3435b03,Depression,1,train,train_added,1399,2,0,2,True,0,{}
train_05674,src_2e9c5fcd9f412b29e5bc,Normal,0,train,train_legacy,62,2,5,0,False,2,"{""refusal"": 7}"
train_04735,src_2ea1e98b82e03269e805,Anxiety,2,train,train_legacy,280,2,0,2,True,0,{}
train_04376,src_2eb5a5e1bccd523eed1b,Normal,0,train,train_legacy,189,2,5,1,False,1,"{""sbert"": 6}"
test_02252,src_2eb8505afc84f57c09e1,Anxiety,2,test,test_nested,1472,0,2,2,True,0,{}
val_confirm_00619,src_2ebe4665d0dbaf658bf5,Depression,1,train,train_added,1036,2,0,2,True,0,{}
train_05415,src_2ec79834663503a4b141,Normal,0,train,train_legacy,46,2,5,0,False,2,"{""length_ratio"": 3, ""sbert"": 4}"
val_search_00378,src_2ee1bbc02d573db0778b,Anxiety,2,train,train_added,2289,2,0,2,True,0,{}
train_04491,src_2ef21e6a73389a6cd289,Depression,1,train,train_legacy,339,2,0,2,True,0,{}
train_05936,src_2ef6ffd90010de3e1e27,Normal,0,train,train_legacy,179,2,5,0,False,2,"{""sbert"": 7}"
train_02037,src_2f0364a8d6d6f59bcf1d,Depression,1,train,train_legacy,486,2,5,1,False,1,"{""refusal"": 6}"
test_00671,src_2f082d91b5b08eb80682,Bipolar,3,test,test_nested,371,0,5,1,False,1,"{""meta_commentary"": 4}"
val_confirm_00063,src_2f086ba0839f5918456e,Bipolar,3,train,train_added,1529,2,0,2,True,0,{}
test_01674,src_2f094d56d28f75565a2f,Normal,0,test,test_nested,18,0,3,2,True,0,"{""sbert"": 1}"
test_01041,src_2f09d9324902246b4d25,Normal,0,test,test_nested,134,0,2,2,True,0,{}
train_01196,src_2f0de9732c6611053f66,Depression,1,train,train_legacy,633,2,5,0,False,2,"{""refusal"": 7}"
test_02326,src_2f15a6829f6684e4dd1d,Bipolar,3,test,test_nested,351,0,2,2,True,0,{}
test_02350,src_2f1796948cf179fd5e7b,Normal,0,test,test_nested,28,0,5,0,False,2,"{""length_ratio"": 4, ""sbert"": 1}"
train_04353,src_2f1c01dcc75039040ce6,Anxiety,2,train,train_legacy,215,2,0,2,True,0,{}
train_00317,src_2f2347de3c0d6e3ea4b8,Depression,1,train,train_legacy,1014,2,0,2,True,0,{}
test_02441,src_2f2774591b6a5b3d5a42,Normal,0,test,test_nested,38,0,2,2,True,0,{}
test_00846,src_2f33394780182fafbdae,Bipolar,3,test,test_nested,2296,0,2,2,True,0,{}
train_02350,src_2f4050f5842e22c3046d,Depression,1,train,train_legacy,457,2,0,2,True,0,{}
train_04273,src_2f421878880c2a1e5472,Normal,0,train,train_legacy,54,2,5,0,False,2,"{""sbert"": 7}"
train_00589,src_2f4697a06641d88a9cc1,Depression,1,train,train_legacy,212,2,1,2,True,0,"{""sbert"": 1}"
test_01178,src_2f4a0f99c41d68b1e7e2,Anxiety,2,test,test_nested,901,0,2,2,True,0,{}
val_confirm_00876,src_2f4aaab86b771f3821d6,Bipolar,3,train,train_added,566,2,0,2,True,0,{}
train_01233,src_2f50f7b38eaa611dc35c,Normal,0,train,train_legacy,35,2,2,2,True,0,"{""length_ratio"": 2}"
train_02648,src_2f5766407e4c37735c07,Bipolar,3,train,train_legacy,950,2,0,2,True,0,{}
train_03770,src_2f5d99671eee49fdbf2c,Bipolar,3,train,train_legacy,557,2,0,2,True,0,{}
test_00569,src_2f829f0c34b1fa71a2fa,Bipolar,3,test,test_nested,2789,0,2,2,True,0,{}
train_00184,src_2f854108c7ace5a8f749,Depression,1,train,train_legacy,419,2,0,2,True,0,{}
train_05683,src_2f89ceee544556e903a8,Normal,0,train,train_legacy,29,2,1,2,True,0,"{""length_ratio"": 1}"
train_05558,src_2f8ebca5332c674f4339,Bipolar,3,train,train_legacy,2705,2,0,2,True,0,{}
train_04915,src_2fa1b62d95418649bb48,Bipolar,3,train,train_legacy,560,2,0,2,True,0,{}
test_01167,src_2fae730d38df798e5aa1,Depression,1,test,test_nested,525,0,2,2,True,0,{}
train_02612,src_2fb9996d7fdf6e7274a8,Normal,0,train,train_legacy,62,2,1,2,True,0,"{""length_ratio"": 1}"
train_05286,src_2fd1e1fb3e2330ad35a5,Anxiety,2,train,train_legacy,421,2,0,2,True,0,{}
train_00802,src_2fd9fc85c46a1b9e0b0b,Bipolar,3,train,train_legacy,1402,2,0,2,True,0,{}
train_05908,src_2fdd6b1dbe44d50862fb,Normal,0,train,train_legacy,63,2,0,2,True,0,{}
train_04151,src_2fdec9959139df1e8bb9,Depression,1,train,train_legacy,4937,2,5,0,False,2,"{""length_ratio"": 1, ""meta_commentary"": 2, ""refusal"": 4}"
train_02609,src_2fe7992b7eee9b32cc1c,Normal,0,train,train_legacy,42,2,1,2,True,0,"{""sbert"": 1}"
train_02861,src_2fee178e66e64517353b,Normal,0,train,train_legacy,678,2,0,2,True,0,{}
val_search_00036,src_2ffe72b0a430e0b1b816,Normal,0,train,train_added,40,2,0,2,True,0,{}
test_01470,src_3002807d19ad84e0a251,Depression,1,test,test_nested,1242,0,2,2,True,0,{}
train_05609,src_3003d7b578b07cf6f355,Normal,0,train,train_legacy,105,2,0,2,True,0,{}
train_00914,src_3004c8c96d25972282c9,Normal,0,train,train_legacy,129,2,5,0,False,2,"{""meta_commentary"": 7}"
test_01344,src_3010f87e71431e423060,Depression,1,test,test_nested,1561,0,3,2,True,0,"{""refusal"": 1}"
train_00302,src_301420d8a779081e1809,Bipolar,3,train,train_legacy,695,2,0,2,True,0,{}
train_02414,src_30167e6afc1dec42186f,Bipolar,3,train,train_legacy,1187,2,0,2,True,0,{}
test_01573,src_301ee0375b8e7e6ca98c,Bipolar,3,test,test_nested,911,0,2,2,True,0,{}
train_05247,src_3033cbea13b09bc2910e,Depression,1,train,train_legacy,504,2,0,2,True,0,{}
train_03748,src_303b89690abd094bf0f0,Bipolar,3,train,train_legacy,211,2,4,2,True,0,"{""length_ratio"": 4}"
train_04670,src_3045776a906c26c465be,Bipolar,3,train,train_legacy,569,2,0,2,True,0,{}
train_01603,src_304b2353431be9986956,Bipolar,3,train,train_legacy,798,2,0,2,True,0,{}
train_01372,src_30557ec67227c3d28328,Depression,1,train,train_legacy,65,2,3,2,True,0,"{""length_ratio"": 1, ""refusal"": 1, ""sbert"": 1}"
test_01279,src_306130cd7feab271d981,Anxiety,2,test,test_nested,191,0,5,1,False,1,"{""length_ratio"": 4}"
train_04244,src_30625b1252baac1496d9,Depression,1,train,train_legacy,1517,2,0,2,True,0,{}
val_search_00321,src_306286bc932444fc4597,Depression,1,train,train_added,49,2,5,0,False,2,"{""length_ratio"": 5, ""refusal"": 2}"
train_04509,src_3062ededc9cd4f9d6fa4,Anxiety,2,train,train_legacy,4302,2,5,0,False,2,"{""meta_commentary"": 7}"
test_01598,src_30889c4ce1b432e66502,Depression,1,train,train_added,11163,2,5,0,False,2,"{""length_ratio"": 7}"
test_00176,src_309164e575d2579bc5cf,Bipolar,3,train,train_added,247,2,4,2,True,0,"{""length_ratio"": 4}"
test_00767,src_30aa75e8036da8d3771c,Normal,0,test,test_nested,120,0,2,2,True,0,{}
train_02803,src_30acc933860eb35d87d0,Depression,1,train,train_legacy,487,2,0,2,True,0,{}
train_00559,src_30b07633121211ff6488,Depression,1,train,train_legacy,1471,2,0,2,True,0,{}
test_00077,src_30bea301121a99ca362c,Normal,0,test,test_nested,615,0,2,2,True,0,{}
train_01219,src_30c02b6ab8dae2f18de5,Depression,1,train,train_legacy,995,2,0,2,True,0,{}
train_04397,src_30c5dcf4eadbbd65d822,Bipolar,3,train,train_legacy,661,2,0,2,True,0,{}
train_00319,src_30ca8e34acff0b540bb7,Anxiety,2,train,train_legacy,195,2,0,2,True,0,{}
train_03636,src_30ce2a4b8bda3fc8289a,Bipolar,3,train,train_legacy,561,2,0,2,True,0,{}
train_03149,src_30d05ee242c455c4df97,Normal,0,train,train_legacy,52,2,1,2,True,0,"{""length_ratio"": 1}"
test_00374,src_30d1cfb7735e8b8edf97,Anxiety,2,test,test_nested,1920,0,2,2,True,0,{}
train_04443,src_30d244244efe4347e96b,Normal,0,train,train_legacy,41,2,2,2,True,0,"{""length_ratio"": 1, ""sbert"": 1}"
train_05487,src_30df9e53712334e3fdce,Normal,0,train,train_legacy,186,2,0,2,True,0,{}
test_01673,src_30e2a19da1140f7a3ab0,Anxiety,2,test,test_nested,949,0,2,2,True,0,{}
test_01540,src_30ea42bd9c969047fc88,Depression,1,test,test_nested,1474,0,3,2,True,0,"{""refusal"": 1}"
train_03487,src_30f561ca5e568c15c20b,Normal,0,train,train_legacy,25,2,5,0,False,2,"{""length_ratio"": 2, ""sbert"": 5}"
test_02494,src_30f677d97dfbae54cc29,Anxiety,2,test,test_nested,258,0,2,2,True,0,{}
train_02005,src_30f95e6f311c6399b911,Anxiety,2,train,train_legacy,781,2,0,2,True,0,{}
test_01205,src_3100184c8d7ae39a8bca,Anxiety,2,test,test_nested,1075,0,2,2,True,0,{}
test_01653,src_3100b2d4641890207e8b,Anxiety,2,test,test_nested,805,0,2,2,True,0,{}
test_01934,src_310d4e3205942eb477eb,Normal,0,train,train_added,52,2,5,1,False,1,"{""length_ratio"": 3, ""sbert"": 3}"
train_00774,src_311b9205bcc9e219f399,Normal,0,train,train_legacy,14,2,5,1,False,1,"{""length_ratio"": 5, ""sbert"": 1}"
train_00857,src_312b72c6ae2197285b72,Bipolar,3,train,train_legacy,410,2,0,2,True,0,{}
train_01712,src_312f534a34ae4c1ff043,Bipolar,3,train,train_legacy,576,2,0,2,True,0,{}
train_02894,src_3132cb24a2a5ec9a6be8,Depression,1,train,train_legacy,1582,2,1,2,True,0,"{""meta_commentary"": 1}"
train_00356,src_31391f0ca8d91bbc3e38,Bipolar,3,train,train_legacy,925,2,0,2,True,0,{}
train_04374,src_313ec4cb4c161eba3bcb,Anxiety,2,train,train_legacy,767,2,0,2,True,0,{}
test_01314,src_31403b7c7015ac3cf0cd,Depression,1,test,test_nested,2710,0,4,2,True,0,"{""meta_commentary"": 2}"
train_02759,src_31549598bdd0a738b8d9,Normal,0,train,train_legacy,109,2,5,0,False,2,"{""refusal"": 7}"
train_03837,src_315c3f593170d9e79ea0,Depression,1,train,train_legacy,426,2,0,2,True,0,{}
train_04232,src_316723f17e4371946831,Depression,1,train,train_legacy,3837,2,0,2,True,0,{}
test_01967,src_3167a017a9862db78a74,Bipolar,3,train,train_added,1612,2,5,1,False,1,"{""meta_commentary"": 6}"
train_04654,src_316bd4ea850acf496c04,Anxiety,2,train,train_legacy,219,2,0,2,True,0,{}
train_00156,src_316cf11dcebd6bc4a1b3,Normal,0,train,train_legacy,89,2,1,2,True,0,"{""sbert"": 1}"
train_01973,src_318bd758d57eb3264f8c,Bipolar,3,train,train_legacy,1612,2,0,2,True,0,{}
train_03121,src_318bebea9dbeebd4b44c,Depression,1,train,train_legacy,127,2,5,0,False,2,"{""length_ratio"": 7}"
train_00580,src_31928adbf19e26737e25,Depression,1,train,train_legacy,1656,2,0,2,True,0,{}
test_01621,src_31a7c005f3eb84973f5f,Depression,1,test,test_nested,276,0,2,2,True,0,{}
train_02331,src_31af6f68f19a86c665a8,Bipolar,3,train,train_legacy,556,2,1,2,True,0,"{""length_ratio"": 1}"
train_04907,src_31af9ae9f5d9e97efca2,Bipolar,3,train,train_legacy,1176,2,0,2,True,0,{}
test_00172,src_31baee88ef8e4763a6a6,Bipolar,3,test,test_nested,1029,0,2,2,True,0,{}
test_02413,src_31d00664e5d66eaa0fdd,Normal,0,train,train_added,29,2,5,0,False,2,"{""length_ratio"": 1, ""sbert"": 6}"
train_02646,src_31e135b10991da6cc92c,Bipolar,3,train,train_legacy,709,2,0,2,True,0,{}
train_05363,src_31e441b3e4363af2e798,Normal,0,train,train_legacy,25,2,5,0,False,2,"{""length_ratio"": 3, ""sbert"": 4}"
train_02920,src_31fd4e33fbf973052688,Normal,0,train,train_legacy,39,2,0,2,True,0,{}
train_05176,src_32076b0b7dc40e842512,Depression,1,train,train_legacy,195,2,5,0,False,2,"{""refusal"": 6, ""sbert"": 1}"
train_04143,src_3216605f5ea19048b5df,Bipolar,3,train,train_legacy,338,2,0,2,True,0,{}
test_00678,src_32234026d5d80e332ad6,Depression,1,test,test_nested,3398,0,2,2,True,0,{}
train_00966,src_3233752f47afc1864b14,Bipolar,3,train,train_legacy,763,2,0,2,True,0,{}
train_04379,src_3233fb68dfb61cc8fe90,Bipolar,3,train,train_legacy,143,2,0,2,True,0,{}
train_00906,src_323bcd7e2a5c4b074ada,Anxiety,2,train,train_legacy,1093,2,0,2,True,0,{}
train_00289,src_3248044d75e3b55c7c79,Anxiety,2,train,train_legacy,272,2,0,2,True,0,{}
train_05863,src_324d18ac78d5d765107a,Bipolar,3,train,train_legacy,365,2,0,2,True,0,{}
train_04691,src_3258f45c08d2fb2b210a,Normal,0,train,train_legacy,41,2,5,0,False,2,"{""length_ratio"": 3, ""sbert"": 4}"
train_00876,src_325c602856e340753d83,Bipolar,3,train,train_legacy,2300,2,0,2,True,0,{}
train_04611,src_325d41b0552d03df5381,Depression,1,train,train_legacy,942,2,0,2,True,0,{}
train_01011,src_3262603da0c6d613d07e,Anxiety,2,train,train_legacy,257,2,0,2,True,0,{}
test_01553,src_3262aaad5ff9868008eb,Anxiety,2,train,train_added,926,2,0,2,True,0,{}
test_01614,src_3268122009c1b18bf3a4,Normal,0,test,test_nested,112,0,2,2,True,0,{}
train_03829,src_327363d19dc0ff3bc06b,Depression,1,train,train_legacy,182,2,5,0,False,2,"{""refusal"": 7}"
train_02839,src_3279e0f93921705d3603,Anxiety,2,train,train_legacy,220,2,0,2,True,0,{}
train_02276,src_327d1450f9bc66328a6a,Depression,1,train,train_legacy,875,2,1,2,True,0,"{""meta_commentary"": 1}"
test_02020,src_327ef38ceadeea0d2c89,Depression,1,test,test_nested,1264,0,2,2,True,0,{}
test_01749,src_328e548658f3a943d7d7,Normal,0,train,train_added,43,2,5,0,False,2,"{""length_ratio"": 2, ""sbert"": 5}"
test_00875,src_329c938d78e80724381d,Bipolar,3,test,test_nested,670,0,2,2,True,0,{}
test_00529,src_329e770ed206b0ad6504,Bipolar,3,test,test_nested,344,0,2,2,True,0,{}
train_01357,src_32a61264037039f91aea,Normal,0,train,train_legacy,43,2,1,2,True,0,"{""length_ratio"": 1}"
train_03332,src_32ae5abe4fddd02f0b08,Anxiety,2,train,train_legacy,206,2,0,2,True,0,{}
train_03078,src_32aee68c9e45701a3926,Depression,1,train,train_legacy,68,2,5,0,False,2,"{""length_ratio"": 2, ""refusal"": 5}"
train_04275,src_32af405c9896ea9c9c9a,Anxiety,2,train,train_legacy,287,2,0,2,True,0,{}
train_02676,src_32b4b2be512c4458ec3c,Depression,1,train,train_legacy,72,2,5,0,False,2,"{""length_ratio"": 1, ""refusal"": 4, ""sbert"": 2}"
test_01542,src_32b556f5a425ef8dc0d0,Depression,1,test,test_nested,576,0,2,2,True,0,{}
train_03507,src_32d4f401f0472d095fb2,Anxiety,2,train,train_legacy,849,2,0,2,True,0,{}
train_02049,src_32ee0f71df1befb5a01b,Depression,1,train,train_legacy,939,2,0,2,True,0,{}
train_02052,src_32f0af164f1cc5cd7c26,Bipolar,3,train,train_legacy,36,2,0,2,True,0,{}
val_confirm_00564,src_32f76fbedecdcbe904a5,Anxiety,2,train,train_added,30,2,1,2,True,0,"{""length_ratio"": 1}"
train_01682,src_32fa107e0a071ffaeccc,Depression,1,train,train_legacy,773,2,5,0,False,2,"{""refusal"": 7}"
test_01799,src_32fd726bdd3c5eba6c8d,Anxiety,2,test,test_nested,2229,0,2,2,True,0,{}
train_03200,src_3309c2b1ef48c5f79bda,Normal,0,train,train_legacy,70,2,5,2,True,0,"{""length_ratio"": 2, ""refusal"": 3}"
train_03395,src_331ad50b58b6f5dc6e97,Depression,1,train,train_legacy,632,2,0,2,True,0,{}
train_01874,src_331d89d15ab13be64381,Anxiety,2,train,train_legacy,834,2,0,2,True,0,{}
train_01470,src_3323ef0167e9e92bf406,Normal,0,train,train_legacy,104,2,0,2,True,0,{}
test_00253,src_3335bdf4d78c3be155c8,Anxiety,2,train,train_added,480,2,0,2,True,0,{}
train_02869,src_3336b18e93f3e4449d66,Bipolar,3,train,train_legacy,616,2,0,2,True,0,{}
train_03378,src_333ceaba1eb5471d823f,Bipolar,3,train,train_legacy,480,2,0,2,True,0,{}
train_00098,src_333dfd39301d42ed8c32,Normal,0,train,train_legacy,54,2,5,2,True,0,"{""length_ratio"": 4, ""meta_commentary"": 1}"
test_01100,src_33410783898459caf8d7,Bipolar,3,test,test_nested,973,0,2,2,True,0,{}
train_01027,src_3360cfafde4b6102626b,Bipolar,3,train,train_legacy,443,2,0,2,True,0,{}
train_01939,src_3361739661e2cc36a365,Depression,1,train,train_legacy,168,2,1,2,True,0,"{""length_ratio"": 1}"
test_01479,src_336ba19b318d71a41f39,Anxiety,2,test,test_nested,3388,0,5,0,False,2,"{""meta_commentary"": 5}"
test_02467,src_336f3a7ebb7bf424afbb,Anxiety,2,test,test_nested,2127,0,2,2,True,0,{}
test_00493,src_336f50c4ddb83f3db9bb,Bipolar,3,train,train_added,394,2,0,2,True,0,{}
train_02737,src_33763e6fa94abfb5fe18,Normal,0,train,train_legacy,15,2,5,0,False,2,"{""length_ratio"": 1, ""sbert"": 6}"
train_02314,src_337d2c5f93bd67b6c1f8,Depression,1,train,train_legacy,670,2,0,2,True,0,{}
train_04571,src_337d4eb213e381e10fdf,Bipolar,3,train,train_legacy,1781,2,0,2,True,0,{}
train_05572,src_338b2e92ffc2bfb48e1d,Bipolar,3,train,train_legacy,824,2,0,2,True,0,{}
train_03067,src_338cf40bd9a54588024f,Depression,1,train,train_legacy,802,2,0,2,True,0,{}
train_03523,src_338f77233e50d53fa21d,Anxiety,2,train,train_legacy,403,2,0,2,True,0,{}
train_01841,src_339077e3dd3046fa1c04,Anxiety,2,train,train_legacy,756,2,1,2,True,0,"{""meta_commentary"": 1}"
test_01257,src_3390a0c35a0286de50a0,Normal,0,train,train_added,41,2,5,1,False,1,"{""meta_commentary"": 4, ""sbert"": 2}"
train_04218,src_3396f1fe3b647d32be2c,Depression,1,train,train_legacy,801,2,0,2,True,0,{}
train_04633,src_339cdb99ec5ee6002a05,Depression,1,train,train_legacy,1854,2,0,2,True,0,{}
train_01870,src_339d9537539ac5bc3245,Normal,0,train,train_legacy,54,2,0,2,True,0,{}
train_04795,src_339f75b77411387481a2,Bipolar,3,train,train_legacy,924,2,0,2,True,0,{}
test_02365,src_33a08c138ed08263a05c,Normal,0,test,test_nested,390,0,2,2,True,0,{}
train_03073,src_33a29ec9c308795c0e66,Depression,1,train,train_legacy,444,2,0,2,True,0,{}
train_01345,src_33a4b197d7e7acba5ff9,Bipolar,3,train,train_legacy,994,2,0,2,True,0,{}
train_01428,src_33b4c76921a59042a28b,Normal,0,train,train_legacy,31,2,5,0,False,2,"{""length_ratio"": 3, ""sbert"": 4}"
train_05115,src_33b71d1df8ae07c79ff2,Anxiety,2,train,train_legacy,70,2,5,0,False,2,"{""length_ratio"": 1, ""sbert"": 6}"
test_02345,src_33c6e15c6c9e02ed0bc3,Normal,0,test,test_nested,18,0,5,1,False,1,"{""length_ratio"": 3, ""sbert"": 1}"
train_03641,src_33d2231141dedb9edbad,Anxiety,2,train,train_legacy,71,2,0,2,True,0,{}
test_00057,src_33d3be076156edd5d815,Depression,1,test,test_nested,579,0,2,2,True,0,{}
test_01283,src_33d431c70fdbaa9c96be,Bipolar,3,test,test_nested,974,0,2,2,True,0,{}
test_01463,src_33d4d90ae2dc8a52a0da,Normal,0,test,test_nested,19,0,4,2,True,0,"{""duplicate"": 1, ""length_ratio"": 1}"
test_01741,src_33d607b2fb2757abe77f,Depression,1,test,test_nested,922,0,2,2,True,0,{}
train_04357,src_33d7a5f66b65c27c7e55,Depression,1,train,train_legacy,197,2,2,2,True,0,"{""length_ratio"": 1, ""sbert"": 1}"
train_03398,src_33d904bed613c3ab271b,Normal,0,train,train_legacy,58,2,5,0,False,2,"{""sbert"": 7}"
train_00813,src_33da1ecbff971d1ad7f7,Depression,1,train,train_legacy,137,2,5,0,False,2,"{""length_ratio"": 2, ""sbert"": 5}"
train_00734,src_33e00e375ba67719fb2d,Depression,1,train,train_legacy,265,2,0,2,True,0,{}
train_00829,src_33e05f2c890a622df25f,Depression,1,train,train_legacy,1806,2,0,2,True,0,{}
train_01887,src_33e1616898e947f4bf11,Depression,1,train,train_legacy,646,2,0,2,True,0,{}
train_05595,src_33e17b797c9dddcd292b,Depression,1,train,train_legacy,619,2,0,2,True,0,{}
test_02179,src_33ef921f45f938714f1f,Depression,1,test,test_nested,68,0,5,2,True,0,"{""length_ratio"": 1, ""sbert"": 2}"
val_confirm_00989,src_33f0b80a8565e0b340e8,Bipolar,3,train,train_added,1760,2,0,2,True,0,{}
test_00962,src_33f45baaccd446009aa1,Anxiety,2,test,test_nested,2379,0,2,2,True,0,{}
train_04455,src_33f7d70c05a8b149380b,Normal,0,train,train_legacy,44,2,5,1,False,1,"{""length_ratio"": 5, ""sbert"": 1}"
train_03561,src_3401cabf7d72dd700747,Depression,1,train,train_legacy,1044,2,0,2,True,0,{}
train_00811,src_340b4edbefac879963f0,Depression,1,train,train_legacy,1180,2,4,2,True,0,"{""meta_commentary"": 4}"
train_03752,src_340d90d491986587b0fa,Depression,1,train,train_legacy,1663,2,0,2,True,0,{}
train_04842,src_340e0c011a0b6cc1b649,Depression,1,train,train_legacy,659,2,0,2,True,0,{}
test_01045,src_341c3e2f3e2f11e91f40,Normal,0,train,train_added,44,2,5,1,False,1,"{""length_ratio"": 1, ""sbert"": 5}"
train_04661,src_342624917198e26836c9,Anxiety,2,train,train_legacy,745,2,0,2,True,0,{}
test_02324,src_34289910bede38eef6d9,Bipolar,3,test,test_nested,521,0,2,2,True,0,{}
train_02945,src_34298d9687a48d0fbe84,Anxiety,2,train,train_legacy,2701,2,0,2,True,0,{}
train_03646,src_3429ae831ffd90173e8c,Anxiety,2,train,train_legacy,1674,2,0,2,True,0,{}
train_03233,src_342a2cda88473d531c67,Anxiety,2,train,train_legacy,455,2,0,2,True,0,{}
train_04797,src_34307935bfc202d659b5,Bipolar,3,train,train_legacy,909,2,0,2,True,0,{}
test_02414,src_343a7a7a14e5eba1f32e,Bipolar,3,test,test_nested,710,0,2,2,True,0,{}
train_02657,src_3455b829e7eda6ac7071,Anxiety,2,train,train_legacy,485,2,0,2,True,0,{}
train_03490,src_3456c5be177d6b7c9df6,Anxiety,2,train,train_legacy,1129,2,0,2,True,0,{}
train_01247,src_3470e92830fc33a4e101,Anxiety,2,train,train_legacy,1171,2,1,2,True,0,"{""meta_commentary"": 1}"
train_02531,src_347ec3c2419604683019,Normal,0,train,train_legacy,32,2,5,0,False,2,"{""meta_commentary"": 3, ""refusal"": 2, ""sbert"": 2}"
train_03103,src_347f93e493452754fb47,Depression,1,train,train_legacy,186,2,1,2,True,0,"{""sbert"": 1}"
train_00051,src_34930dce83eb2ec30255,Depression,1,train,train_legacy,326,2,5,0,False,2,"{""refusal"": 7}"
test_02317,src_349378c1f09cc21d1181,Anxiety,2,test,test_nested,1280,0,2,2,True,0,{}
test_00801,src_3494b7c94a27ce9d165f,Normal,0,test,test_nested,94,0,2,2,True,0,{}
train_03583,src_34a7ae20d7501f505522,Depression,1,train,train_legacy,445,2,0,2,True,0,{}
train_05137,src_34a8d63db8359ea7101c,Normal,0,train,train_legacy,133,2,0,2,True,0,{}
train_02565,src_34aa5990a57dbf6dad31,Anxiety,2,train,train_legacy,579,2,0,2,True,0,{}
val_confirm_00283,src_34b00b7a996d7a425785,Depression,1,train,train_added,1076,2,0,2,True,0,{}
train_03804,src_34b8bb03a17a5a1f71ea,Normal,0,train,train_legacy,20,2,5,0,False,2,"{""length_ratio"": 6, ""sbert"": 1}"
train_05127,src_34bde086c99c9c58d201,Normal,0,train,train_legacy,15,2,5,0,False,2,"{""length_ratio"": 7}"
train_00247,src_34c25e2e5bbe7c204e70,Bipolar,3,train,train_legacy,66,2,2,2,True,0,"{""length_ratio"": 2}"
test_02228,src_34dcb702461dc46350c8,Depression,1,test,test_nested,139,0,3,2,True,0,"{""length_ratio"": 1}"
train_01746,src_34df13a3ce359ac559c9,Normal,0,train,train_legacy,29,2,5,0,False,2,"{""length_ratio"": 3, ""meta_commentary"": 4}"
train_02089,src_34e949e7190f16d5ab0b,Anxiety,2,train,train_legacy,31,2,2,2,True,0,"{""length_ratio"": 1, ""sbert"": 1}"
train_04162,src_34ee348af0420260d0d0,Anxiety,2,train,train_legacy,570,2,5,0,False,2,"{""meta_commentary"": 1, ""refusal"": 6}"
train_04011,src_35064c5e3c57130e507c,Bipolar,3,train,train_legacy,2065,2,0,2,True,0,{}
train_01381,src_350ad51c994e2750b76e,Depression,1,train,train_legacy,31,2,5,0,False,2,"{""length_ratio"": 3, ""sbert"": 4}"
train_04994,src_351940ed4e50a89e81d2,Normal,0,train,train_legacy,21,2,5,0,False,2,"{""length_ratio"": 2, ""sbert"": 5}"
test_00824,src_35259995c04f920d2f8e,Normal,0,train,train_added,73,2,2,2,True,0,"{""length_ratio"": 2}"
train_05291,src_3527913ca0eae754c345,Depression,1,train,train_legacy,264,2,2,2,True,0,"{""length_ratio"": 1, ""meta_commentary"": 1}"
test_00873,src_35288bbb9b5b9473bec3,Bipolar,3,test,test_nested,895,0,2,2,True,0,{}
train_03547,src_3536e966e75dee009915,Depression,1,train,train_legacy,783,2,0,2,True,0,{}
train_03267,src_35450dab41a274b31b43,Normal,0,train,train_legacy,89,2,0,2,True,0,{}
train_04781,src_3547e1cbc399955b5d75,Bipolar,3,train,train_legacy,1525,2,0,2,True,0,{}
train_04077,src_35516f67b8069d28cab5,Anxiety,2,train,train_legacy,472,2,5,0,False,2,"{""refusal"": 7}"
train_04617,src_35565896ed857af098f4,Anxiety,2,train,train_legacy,447,2,4,2,True,0,"{""meta_commentary"": 4}"
test_01449,src_355d767c5e0629cc3b7c,Anxiety,2,test,test_nested,911,0,2,2,True,0,{}
val_confirm_00059,src_356e1c43b027baa973fa,Depression,1,train,train_added,182,2,1,2,True,0,"{""length_ratio"": 1}"
train_03390,src_358845ce3e506d47bb53,Normal,0,train,train_legacy,44,2,2,2,True,0,"{""length_ratio"": 2}"
test_00078,src_359f8764ab7c695ed7c6,Depression,1,test,test_nested,331,0,2,2,True,0,{}
train_02554,src_35b1605bd602082a9ff8,Normal,0,train,train_legacy,105,2,0,2,True,0,{}
train_03836,src_35b9e3a0b0e3e5f741df,Anxiety,2,train,train_legacy,776,2,0,2,True,0,{}
train_00520,src_35bca238b6c773524dd1,Normal,0,train,train_legacy,76,2,3,2,True,0,"{""length_ratio"": 2, ""sbert"": 1}"
train_01164,src_35c8d3bc619ceb4aaff4,Depression,1,train,train_legacy,1844,2,0,2,True,0,{}
test_01071,src_35ff4e474ada9aa924a6,Depression,1,train,train_added,299,2,1,2,True,0,"{""length_ratio"": 1}"
test_01118,src_35ffded312634e3ef3f1,Anxiety,2,test,test_nested,440,0,2,2,True,0,{}
train_03705,src_36019993ce80069b4bc8,Normal,0,train,train_legacy,20,2,2,2,True,0,"{""duplicate"": 2}"
train_04035,src_3613834ec138cded2d1d,Bipolar,3,train,train_legacy,1386,2,0,2,True,0,{}
train_03194,src_3619fb09c46784afbb45,Depression,1,train,train_legacy,655,2,0,2,True,0,{}
train_04876,src_361d2f8a3f929cfc7666,Anxiety,2,train,train_legacy,1644,2,0,2,True,0,{}
train_05229,src_3625e993d840c7a633a3,Bipolar,3,train,train_legacy,348,2,1,2,True,0,"{""meta_commentary"": 1}"
test_00451,src_3626274bd0f04c00f101,Bipolar,3,train,train_added,897,2,0,2,True,0,{}
val_confirm_00602,src_363d5eff6823494ee1fb,Normal,0,train,train_added,21,2,5,1,False,1,"{""length_ratio"": 4, ""sbert"": 2}"
train_01106,src_364885b99dc7d85eaba7,Bipolar,3,train,train_legacy,622,2,0,2,True,0,{}
train_00704,src_364e539948697cbc45fd,Anxiety,2,train,train_legacy,1038,2,0,2,True,0,{}
train_03939,src_365060091f7279cdbc7a,Bipolar,3,train,train_legacy,759,2,0,2,True,0,{}
train_01208,src_3656a360b8c28a54d5b2,Anxiety,2,train,train_legacy,997,2,0,2,True,0,{}
train_04254,src_3658d56680391d25f5ad,Normal,0,train,train_legacy,103,2,0,2,True,0,{}
train_05661,src_365f15ed02f8b67decd6,Anxiety,2,train,train_legacy,668,2,0,2,True,0,{}
test_00295,src_365fa2ca83b079debc22,Bipolar,3,train,train_added,1042,2,0,2,True,0,{}
val_confirm_00994,src_3666b0ef7681f852da9b,Anxiety,2,train,train_added,609,2,0,2,True,0,{}
train_04056,src_367b88ea129db601622b,Depression,1,train,train_legacy,204,2,5,0,False,2,"{""refusal"": 7}"
test_01557,src_367e430bac83c097fa05,Normal,0,test,test_nested,352,0,2,2,True,0,{}
train_05024,src_368f6d6b0ed90fde37c3,Normal,0,train,train_legacy,13,2,5,0,False,2,"{""length_ratio"": 5, ""sbert"": 2}"
train_01479,src_3695f372014a63972d0e,Normal,0,train,train_legacy,423,2,0,2,True,0,{}
val_confirm_01023,src_36994b6a23eba44fe48c,Anxiety,2,train,train_added,159,2,0,2,True,0,{}
test_00656,src_369e6565502864e7c87d,Depression,1,test,test_nested,873,0,2,2,True,0,{}
train_01163,src_36a0e5b20cfd087814c7,Bipolar,3,train,train_legacy,979,2,0,2,True,0,{}
train_01571,src_36a35b3bd690c42806a3,Bipolar,3,train,train_legacy,935,2,0,2,True,0,{}
train_00875,src_36a9948b1872a3fa2d6a,Normal,0,train,train_legacy,51,2,5,0,False,2,"{""length_ratio"": 4, ""sbert"": 3}"
train_01780,src_36b22a4e413e27b19af0,Normal,0,train,train_legacy,54,2,5,0,False,2,"{""sbert"": 7}"
train_04973,src_36d1c6a4b3980889e9e5,Bipolar,3,train,train_legacy,1484,2,0,2,True,0,{}
train_03595,src_36dad3d8df7843cbaa0e,Normal,0,train,train_legacy,74,2,0,2,True,0,{}
train_00222,src_36de5ac476c893e53440,Depression,1,train,train_legacy,153,2,0,2,True,0,{}
test_01795,src_36e121d6b78b888c476c,Bipolar,3,test,test_nested,1411,0,2,2,True,0,{}
train_00558,src_36e8f25fecd604668bd1,Depression,1,train,train_legacy,1433,2,5,0,False,2,"{""refusal"": 7}"
train_05773,src_36ea118e3630a9826c33,Bipolar,3,train,train_legacy,1528,2,0,2,True,0,{}
train_00532,src_36ea9d252414d9d0f5cb,Depression,1,train,train_legacy,409,2,0,2,True,0,{}
train_00336,src_36fc20ce427247719a9d,Bipolar,3,train,train_legacy,573,2,0,2,True,0,{}
test_02289,src_370133612105bfef8315,Bipolar,3,test,test_nested,730,0,5,0,False,2,"{""meta_commentary"": 5}"
train_04673,src_3702d2707bc782dcbd65,Anxiety,2,train,train_legacy,269,2,0,2,True,0,{}
train_04791,src_37043512f09432b9d6e0,Depression,1,train,train_legacy,212,2,1,2,True,0,"{""refusal"": 1}"
train_00555,src_3706ffc2f25f0e0326dd,Normal,0,train,train_legacy,77,2,1,2,True,0,"{""length_ratio"": 1}"
train_04568,src_371d54b4a946208b60ee,Bipolar,3,train,train_legacy,491,2,0,2,True,0,{}
train_02353,src_371ecb9b5b919f8e73f7,Bipolar,3,train,train_legacy,836,2,0,2,True,0,{}
test_02219,src_371f67f211c27f2a620d,Anxiety,2,test,test_nested,1022,0,2,2,True,0,{}
train_04560,src_372a43ec73206b152b3e,Normal,0,train,train_legacy,39,2,1,2,True,0,"{""sbert"": 1}"
train_05193,src_372ea1fb6bd9acefe222,Bipolar,3,train,train_legacy,273,2,0,2,True,0,{}
train_04894,src_372fe0fe56c281293f86,Normal,0,train,train_legacy,29,2,5,0,False,2,"{""length_ratio"": 4, ""sbert"": 3}"
train_03889,src_37410271adc06255515e,Anxiety,2,train,train_legacy,78,2,2,2,True,0,"{""length_ratio"": 2}"
train_02199,src_37493487a9143ebbc0be,Normal,0,train,train_legacy,9,2,5,0,False,2,"{""length_ratio"": 6, ""sbert"": 1}"
test_01929,src_374b5d328b57f12a3a51,Anxiety,2,test,test_nested,390,0,2,2,True,0,{}
test_01054,src_374b633459e5bc9d7076,Depression,1,test,test_nested,479,0,2,2,True,0,{}
train_01359,src_37523c890987df1a2612,Anxiety,2,train,train_legacy,2324,2,4,2,True,0,"{""meta_commentary"": 4}"
train_04025,src_375324dff2e7d1fabe57,Normal,0,train,train_legacy,14,2,5,0,False,2,"{""length_ratio"": 7}"
test_01306,src_375883598b376ff51c00,Normal,0,test,test_nested,101,0,4,2,True,0,"{""length_ratio"": 2}"
train_03605,src_3760e6bc7a362bcbdb0f,Bipolar,3,train,train_legacy,1519,2,0,2,True,0,{}
train_02146,src_377236138c25cc9ad9ed,Normal,0,train,train_legacy,19,2,5,0,False,2,"{""length_ratio"": 6, ""sbert"": 1}"
train_03659,src_37791d08dfa7efab3f7c,Bipolar,3,train,train_legacy,865,2,0,2,True,0,{}
train_00900,src_377d71312052f7ef6c3f,Normal,0,train,train_legacy,22,2,2,2,True,0,"{""length_ratio"": 2}"
train_05373,src_378156c12fa0a0ed2d43,Anxiety,2,train,train_legacy,1519,2,1,2,True,0,"{""meta_commentary"": 1}"
test_00153,src_378c77e4335823afae6f,Bipolar,3,test,test_nested,516,0,2,2,True,0,{}
train_00243,src_378e9574089ee08cd800,Anxiety,2,train,train_legacy,2600,2,4,2,True,0,"{""meta_commentary"": 4}"
train_00985,src_378fd75f865517435b01,Normal,0,train,train_legacy,23,2,5,0,False,2,"{""length_ratio"": 4, ""sbert"": 3}"
train_00242,src_37946969db20fe8a1657,Bipolar,3,train,train_legacy,1079,2,0,2,True,0,{}
test_01473,src_379ccfe8247826607fe7,Depression,1,train,train_added,563,2,0,2,True,0,{}
test_00150,src_37a4ab3be7f9c49105c9,Bipolar,3,test,test_nested,2264,0,2,2,True,0,{}
train_05614,src_37a7cf1db0824a0b65df,Depression,1,train,train_legacy,1052,2,0,2,True,0,{}
test_00930,src_37b649b0da5ab9e56047,Normal,0,train,train_added,80,2,5,0,False,2,"{""sbert"": 7}"
test_02033,src_37be0a05b608d80d70b4,Bipolar,3,test,test_nested,839,0,2,2,True,0,{}
test_01823,src_37bfc52fbd0ec7af4190,Normal,0,test,test_nested,102,0,5,0,False,2,"{""refusal"": 5}"
train_02812,src_37c479f3e4cfcf09c31b,Bipolar,3,train,train_legacy,668,2,0,2,True,0,{}
train_01606,src_37c800917b83b5f4272d,Anxiety,2,train,train_legacy,578,2,0,2,True,0,{}
train_01380,src_37d52e2f128fcec6cc16,Normal,0,train,train_legacy,41,2,5,0,False,2,"{""refusal"": 7}"
test_02041,src_37d6474e2e2d10a3175f,Normal,0,train,train_added,48,2,5,0,False,2,"{""sbert"": 7}"
train_02389,src_37db1013756a612083a2,Bipolar,3,train,train_legacy,3820,2,1,2,True,0,"{""meta_commentary"": 1}"
train_00631,src_37de5fc750eefbff5a54,Anxiety,2,train,train_legacy,272,2,0,2,True,0,{}
train_05898,src_37e0b3dc4db570fadc0f,Normal,0,train,train_legacy,22,2,5,1,False,1,"{""length_ratio"": 2, ""sbert"": 4}"
train_04269,src_37e2d89bce76930abca8,Depression,1,train,train_legacy,461,2,0,2,True,0,{}
test_01773,src_37efb0d29b5edcdf1b59,Depression,1,test,test_nested,3491,0,5,2,True,0,"{""meta_commentary"": 3}"
train_04072,src_37f0338e7cd1b3689f2d,Normal,0,train,train_legacy,131,2,0,2,True,0,{}
test_01535,src_37f794c991572cab52ff,Depression,1,test,test_nested,568,0,2,2,True,0,{}
test_00099,src_3803a2c447f22e22cb35,Normal,0,test,test_nested,21,0,5,0,False,2,"{""sbert"": 5}"
train_00230,src_38193c4a80d1ac56b6e8,Bipolar,3,train,train_legacy,562,2,0,2,True,0,{}
test_01744,src_38198b9dc69217daaa4a,Anxiety,2,train,train_added,327,2,0,2,True,0,{}
test_02431,src_3819c7711e823f6cf833,Anxiety,2,train,train_added,1883,2,0,2,True,0,{}
train_01328,src_381a08c4e8521021c7d9,Normal,0,train,train_legacy,15,2,5,0,False,2,"{""length_ratio"": 7}"
test_01226,src_3820e2da1da99b230b1f,Bipolar,3,test,test_nested,879,0,2,2,True,0,{}
train_04787,src_3839f4fadde2ca94cd0e,Normal,0,train,train_legacy,86,2,5,0,False,2,"{""refusal"": 7}"
train_00522,src_383c4b7c58b395cc6659,Normal,0,train,train_legacy,62,2,1,2,True,0,"{""length_ratio"": 1}"
train_04312,src_383e2eb677f7dccc627e,Anxiety,2,train,train_legacy,854,2,0,2,True,0,{}
train_02280,src_3845d12959e755854707,Normal,0,train,train_legacy,33,2,5,1,False,1,"{""length_ratio"": 2, ""meta_commentary"": 4}"
test_02152,src_3847a652bc34d31693ad,Bipolar,3,test,test_nested,1221,0,2,2,True,0,{}
train_03305,src_384cbd8f139085891bcd,Depression,1,train,train_legacy,638,2,0,2,True,0,{}
train_05199,src_384e9404197ea7865e5b,Anxiety,2,train,train_legacy,513,2,0,2,True,0,{}
test_00517,src_384f6daea887816b56a7,Normal,0,test,test_nested,85,0,5,2,True,0,"{""length_ratio"": 1, ""sbert"": 2}"
val_confirm_00276,src_3856e66981525e544d5f,Anxiety,2,train,train_added,70,2,3,2,True,0,"{""length_ratio"": 3}"
train_01722,src_385add05faf04efcb23b,Anxiety,2,train,train_legacy,63,2,3,2,True,0,"{""sbert"": 3}"
test_00116,src_385e480e5d6708537b95,Anxiety,2,test,test_nested,1623,0,5,0,False,2,"{""meta_commentary"": 5}"
train_03655,src_3866916f1278ef95b7b6,Anxiety,2,train,train_legacy,1523,2,0,2,True,0,{}
train_00221,src_386f19c034b6a3d89398,Anxiety,2,train,train_legacy,958,2,0,2,True,0,{}
train_04215,src_387268f55fcb21e3e68c,Normal,0,train,train_legacy,99,2,1,2,True,0,"{""length_ratio"": 1}"
val_confirm_00280,src_387d40f504a5c45e5e04,Anxiety,2,train,train_added,1313,2,0,2,True,0,{}
train_00698,src_388193d70ff1525460ca,Normal,0,train,train_legacy,444,2,0,2,True,0,{}
train_04619,src_3885639fb5054aae58c3,Anxiety,2,train,train_legacy,187,2,0,2,True,0,{}
test_01911,src_388c790e627840c21166,Anxiety,2,test,test_nested,409,0,2,2,True,0,{}
test_00283,src_388f01783849a7c37b26,Anxiety,2,test,test_nested,305,0,2,2,True,0,{}
train_05983,src_389263cd2cd8e94ada37,Bipolar,3,train,train_legacy,763,2,0,2,True,0,{}
train_02775,src_38945af6b8118f7e8423,Anxiety,2,train,train_legacy,880,2,0,2,True,0,{}
train_01940,src_389cce6d7ab6ceedf326,Bipolar,3,train,train_legacy,1089,2,0,2,True,0,{}
train_02584,src_389d184f6895bd4ed9f4,Depression,1,train,train_legacy,215,2,1,2,True,0,"{""sbert"": 1}"
train_01253,src_38a281cd3d5dc5e2ecb3,Depression,1,train,train_legacy,508,2,1,2,True,0,"{""meta_commentary"": 1}"
train_04923,src_38b36f6a12e6cc1e6364,Normal,0,train,train_legacy,78,2,1,2,True,0,"{""length_ratio"": 1}"
train_03341,src_38b554e46d66a5685f10,Depression,1,train,train_legacy,715,2,0,2,True,0,{}
train_04576,src_38b59da4d65ea495f024,Depression,1,train,train_legacy,1201,2,0,2,True,0,{}
train_03746,src_38b8a8cf38163ab62eba,Bipolar,3,train,train_legacy,432,2,0,2,True,0,{}
val_confirm_00134,src_38b8feca41924b3f502d,Anxiety,2,train,train_added,1314,2,0,2,True,0,{}
train_05210,src_38bd6ded5fed6099c3b3,Bipolar,3,train,train_legacy,671,2,0,2,True,0,{}
test_00995,src_38c108e6ce248f848f4d,Bipolar,3,test,test_nested,226,0,2,2,True,0,{}
test_00050,src_38d84b0e19394fb20f66,Anxiety,2,test,test_nested,1215,0,2,2,True,0,{}
test_02343,src_38ded80ae1eb53b4c75c,Anxiety,2,test,test_nested,429,0,2,2,True,0,{}
test_01687,src_38ee4e819d1cb72d989c,Anxiety,2,test,test_nested,2214,0,3,2,True,0,"{""length_ratio"": 1}"
train_04085,src_390a3ce82cd4911f5f4c,Anxiety,2,train,train_legacy,364,2,0,2,True,0,{}
train_04213,src_39106116d8a2659047dd,Normal,0,train,train_legacy,5,2,5,0,False,2,"{""length_ratio"": 7}"
train_02631,src_39107529ed2852047f70,Normal,0,train,train_legacy,111,2,0,2,True,0,{}
train_01090,src_391617610432623392b2,Normal,0,train,train_legacy,28,2,5,0,False,2,"{""length_ratio"": 3, ""sbert"": 4}"
train_02223,src_391ce2cce8adc7c2557f,Normal,0,train,train_legacy,21,2,5,0,False,2,"{""length_ratio"": 6, ""sbert"": 1}"
train_01145,src_391ec9d5c596985eb75b,Bipolar,3,train,train_legacy,1021,2,0,2,True,0,{}
train_03482,src_39227986ad43eb9ea265,Normal,0,train,train_legacy,102,2,0,2,True,0,{}
train_03908,src_39290026884f4a4719c4,Depression,1,train,train_legacy,1285,2,1,2,True,0,"{""meta_commentary"": 1}"
train_01586,src_392b16ef9719d974e813,Depression,1,train,train_legacy,2193,2,0,2,True,0,{}
train_02893,src_3930ba6c5274f2681d4f,Anxiety,2,train,train_legacy,1098,2,1,2,True,0,"{""meta_commentary"": 1}"
test_01151,src_3932fd8a2cc5d68fef60,Normal,0,test,test_nested,64,0,2,2,True,0,{}
test_01374,src_39451f9e45a6f6203998,Anxiety,2,test,test_nested,948,0,2,2,True,0,{}
train_01073,src_395359ef44d84c6dd0b8,Bipolar,3,train,train_legacy,700,2,0,2,True,0,{}
train_00908,src_395aaa5792a9695a7714,Depression,1,train,train_legacy,964,2,0,2,True,0,{}
train_03897,src_395dcce25a5169bbb332,Depression,1,train,train_legacy,497,2,0,2,True,0,{}
train_03508,src_3965bade923ab84931c2,Bipolar,3,train,train_legacy,940,2,5,1,False,1,"{""meta_commentary"": 6}"
train_00148,src_396cf6cbc313d4e01c6b,Normal,0,train,train_legacy,19,2,5,0,False,2,"{""length_ratio"": 7}"
train_04676,src_3977caa4b2fda01ce3a9,Normal,0,train,train_legacy,60,2,0,2,True,0,{}
train_00464,src_39875cb4abac79ba70f1,Depression,1,train,train_legacy,1253,2,0,2,True,0,{}
train_03767,src_39889fdd501b14771a71,Depression,1,train,train_legacy,200,2,0,2,True,0,{}
train_05895,src_3990928a903bda81552c,Depression,1,train,train_legacy,1277,2,0,2,True,0,{}
test_01082,src_3990fe899eb2f3614849,Bipolar,3,test,test_nested,539,0,2,2,True,0,{}
test_02187,src_3997d387a5c43a2debfd,Bipolar,3,test,test_nested,1188,0,2,2,True,0,{}
train_04553,src_3997f01d96c65ac9aab2,Depression,1,train,train_legacy,1388,2,0,2,True,0,{}
train_05911,src_399b3d2b2ae997a60d2f,Normal,0,train,train_legacy,35,2,5,1,False,1,"{""length_ratio"": 2, ""sbert"": 4}"
train_02805,src_39c105e793b2fc45ec7f,Depression,1,train,train_legacy,128,2,0,2,True,0,{}
train_04388,src_39d0b1f0c253ef37d331,Anxiety,2,train,train_legacy,397,2,0,2,True,0,{}
train_05200,src_39dbf2fd5fc5991570eb,Normal,0,train,train_legacy,136,2,0,2,True,0,{}
train_02057,src_39e12e68994c033a617f,Anxiety,2,train,train_legacy,110,2,0,2,True,0,{}
test_02401,src_39ebb4aecd2f4fa8ffc4,Anxiety,2,test,test_nested,99,0,3,2,True,0,"{""sbert"": 1}"
train_04904,src_39efc2c23dd58e1f076c,Anxiety,2,train,train_legacy,1354,2,0,2,True,0,{}
train_03911,src_39f5a573b60240798185,Bipolar,3,train,train_legacy,1077,2,0,2,True,0,{}
train_00564,src_39ffff975be87ddc66eb,Bipolar,3,train,train_legacy,2271,2,0,2,True,0,{}
train_04447,src_3a07274cbb127e123b61,Anxiety,2,train,train_legacy,527,2,0,2,True,0,{}
test_01044,src_3a1354de0e39a0459abe,Anxiety,2,test,test_nested,249,0,2,2,True,0,{}
test_01185,src_3a1556dab900d1959302,Anxiety,2,test,test_nested,45,0,5,0,False,2,"{""sbert"": 5}"
test_01108,src_3a16b6c88271a5dc7f86,Anxiety,2,test,test_nested,330,0,2,2,True,0,{}
train_05124,src_3a19f7ed2ac343e2e809,Normal,0,train,train_legacy,37,2,5,0,False,2,"{""length_ratio"": 1, ""sbert"": 6}"
train_00032,src_3a1eef5b9f8c5bb5d1ca,Anxiety,2,train,train_legacy,745,2,0,2,True,0,{}
train_04811,src_3a21b135987b3ed14126,Bipolar,3,train,train_legacy,480,2,0,2,True,0,{}
train_04763,src_3a25f09a383b620e1c96,Normal,0,train,train_legacy,44,2,1,2,True,0,"{""sbert"": 1}"
train_02848,src_3a2f143efcdc692b1a52,Depression,1,train,train_legacy,691,2,0,2,True,0,{}
train_01296,src_3a37071ee442e9077db3,Normal,0,train,train_legacy,218,2,0,2,True,0,{}
train_01344,src_3a41527a95982ff22eee,Normal,0,train,train_legacy,207,2,2,2,True,0,"{""length_ratio"": 2}"
train_00448,src_3a52834c78cf51be0418,Anxiety,2,train,train_legacy,73,2,0,2,True,0,{}
test_02437,src_3a6fcadf1ccde384a3c5,Depression,1,test,test_nested,577,0,2,2,True,0,{}
train_01918,src_3a7123af1026efab7d16,Depression,1,train,train_legacy,946,2,0,2,True,0,{}
train_05236,src_3a74f7847ffd25b800e3,Depression,1,train,train_legacy,393,2,1,2,True,0,"{""meta_commentary"": 1}"
test_00340,src_3a8315424de3ef4ca467,Normal,0,test,test_nested,512,0,2,2,True,0,{}
test_01268,src_3a8452b0fb453bba6eee,Anxiety,2,test,test_nested,980,0,2,2,True,0,{}
train_00662,src_3a86ee4d981640587976,Depression,1,train,train_legacy,371,2,0,2,True,0,{}
train_00695,src_3a8bf876ee8ea3f904ce,Depression,1,train,train_legacy,2175,2,0,2,True,0,{}
train_04942,src_3a8dc5b0ca5b4dfda2f8,Anxiety,2,train,train_legacy,796,2,0,2,True,0,{}
train_01539,src_3a90a634db65aacf4b1f,Anxiety,2,train,train_legacy,1059,2,0,2,True,0,{}
train_05792,src_3a92dcdddc7192e9f049,Normal,0,train,train_legacy,48,2,5,1,False,1,"{""sbert"": 6}"
train_00889,src_3a94f168404f503b28fe,Depression,1,train,train_legacy,1200,2,0,2,True,0,{}
val_confirm_00694,src_3a9a014cc1719c224bab,Bipolar,3,train,train_added,949,2,0,2,True,0,{}
test_00555,src_3a9cee5f032c88dc892e,Normal,0,test,test_nested,46,0,2,2,True,0,{}
train_05947,src_3a9db6065d03357def33,Bipolar,3,train,train_legacy,454,2,0,2,True,0,{}
test_00800,src_3aa7a36742b24d64fec7,Depression,1,test,test_nested,786,0,2,2,True,0,{}
test_02432,src_3aae8259454ec168631a,Anxiety,2,train,train_added,745,2,4,2,True,0,"{""meta_commentary"": 4}"
train_01315,src_3ab48f6d0e6f393d5914,Depression,1,train,train_legacy,603,2,1,2,True,0,"{""meta_commentary"": 1}"
test_00661,src_3ad2fd0a53a0ea57dd7d,Anxiety,2,test,test_nested,27,0,5,0,False,2,"{""length_ratio"": 2, ""sbert"": 3}"
test_00666,src_3adcbe4df6487ded9431,Depression,1,test,test_nested,295,0,2,2,True,0,{}
train_02898,src_3ae93ec89987c311a3fa,Anxiety,2,train,train_legacy,874,2,1,2,True,0,"{""meta_commentary"": 1}"
test_02267,src_3aee546e3a24b55f29fd,Bipolar,3,test,test_nested,702,0,2,2,True,0,{}
train_04294,src_3aefad1e80fde536613e,Bipolar,3,train,train_legacy,3453,2,5,0,False,2,"{""meta_commentary"": 6, ""refusal"": 1}"
train_00799,src_3aff96b57558b5755b36,Normal,0,train,train_legacy,61,2,5,0,False,2,"{""length_ratio"": 7}"
train_00091,src_3b0e819ee5b13b752e42,Normal,0,train,train_legacy,299,2,0,2,True,0,{}
test_01554,src_3b14e77aa2c85d85d7ba,Depression,1,test,test_nested,188,0,4,2,True,0,"{""length_ratio"": 2}"
train_04241,src_3b1632a6f35752ac4afe,Bipolar,3,train,train_legacy,672,2,0,2,True,0,{}
test_00946,src_3b17bb2de3af3b5a1fc6,Bipolar,3,test,test_nested,1290,0,2,2,True,0,{}
test_00542,src_3b1c011004173ef780fc,Anxiety,2,test,test_nested,121,0,2,2,True,0,{}
test_00433,src_3b2322ab8ca432c0ed59,Bipolar,3,test,test_nested,1266,0,2,2,True,0,{}
test_00027,src_3b2e3045e04fee39d522,Depression,1,test,test_nested,302,0,2,2,True,0,{}
train_03662,src_3b313776c494bd0af048,Depression,1,train,train_legacy,719,2,0,2,True,0,{}
train_04864,src_3b33a171c35dc8dc78fc,Anxiety,2,train,train_legacy,41,2,3,2,True,0,"{""length_ratio"": 3}"
train_00871,src_3b3468f104896b4a9c87,Anxiety,2,train,train_legacy,90,2,5,1,False,1,"{""sbert"": 6}"
train_04549,src_3b3573708b971ce6930f,Bipolar,3,train,train_legacy,597,2,0,2,True,0,{}
test_01413,src_3b3e5718bebd770c9535,Anxiety,2,train,train_added,165,2,5,0,False,2,"{""refusal"": 7}"
train_04318,src_3b473ecfeb330ad8fe59,Anxiety,2,train,train_legacy,1081,2,0,2,True,0,{}
train_03129,src_3b4929abeeb06fff55ff,Bipolar,3,train,train_legacy,1041,2,0,2,True,0,{}
test_01785,src_3b55d787bca7ac4eff08,Bipolar,3,test,test_nested,369,0,2,2,True,0,{}
train_00196,src_3b5f6430f669548406f4,Anxiety,2,train,train_legacy,102,2,0,2,True,0,{}
train_04669,src_3b62c27ccd019b378971,Bipolar,3,train,train_legacy,550,2,0,2,True,0,{}
train_00741,src_3b72b0ce2b00f2562a2e,Depression,1,train,train_legacy,1533,2,0,2,True,0,{}
train_01062,src_3b7f26b9c3ee2a84d3a5,Normal,0,train,train_legacy,36,2,5,1,False,1,"{""length_ratio"": 4, ""sbert"": 2}"
train_01900,src_3b81ab86356347a4469a,Bipolar,3,train,train_legacy,2612,2,0,2,True,0,{}
train_05201,src_3b894500fe3084188321,Anxiety,2,train,train_legacy,435,2,0,2,True,0,{}
test_00953,src_3b89e0637b2c69319eb9,Depression,1,test,test_nested,835,0,2,2,True,0,{}
train_02054,src_3b8e59b4a39e60d7d3b7,Bipolar,3,train,train_legacy,1657,2,1,2,True,0,"{""meta_commentary"": 1}"
train_05249,src_3b8e8be84c52bb2e87ac,Anxiety,2,train,train_legacy,521,2,0,2,True,0,{}
train_02226,src_3b9679f0ce2f42e8576e,Bipolar,3,train,train_legacy,671,2,0,2,True,0,{}
test_01361,src_3b96aecbc66c68e9e0d3,Depression,1,test,test_nested,301,0,2,2,True,0,{}
test_02222,src_3b983399e2c62836291d,Depression,1,test,test_nested,95,0,4,2,True,0,"{""length_ratio"": 2}"
train_03632,src_3ba22180dc973987e745,Depression,1,train,train_legacy,592,2,0,2,True,0,{}
test_01626,src_3ba232c7869e448b9349,Bipolar,3,test,test_nested,650,0,2,2,True,0,{}
train_05816,src_3ba28d6b97d3bb462f1f,Anxiety,2,train,train_legacy,458,2,0,2,True,0,{}
test_00080,src_3ba610df1185a917f1c7,Depression,1,train,train_added,2215,2,0,2,True,0,{}
test_01398,src_3bab9d9c6cbfe0279c2a,Depression,1,test,test_nested,1717,0,2,2,True,0,{}
val_search_00369,src_3bb38070fc64156f536f,Anxiety,2,train,train_added,1868,2,1,2,True,0,"{""meta_commentary"": 1}"
train_05337,src_3bbc864655603a3be790,Bipolar,3,train,train_legacy,1100,2,1,2,True,0,"{""meta_commentary"": 1}"
train_03096,src_3bbe4c7103471fea0fad,Anxiety,2,train,train_legacy,1508,2,0,2,True,0,{}
train_00180,src_3bd2d589e92facc1f87d,Anxiety,2,train,train_legacy,252,2,0,2,True,0,{}
test_00358,src_3bd6b884fec29c54a5ba,Bipolar,3,test,test_nested,373,0,2,2,True,0,{}
train_01638,src_3bd9510ecad5845ff062,Bipolar,3,train,train_legacy,280,2,1,2,True,0,"{""sbert"": 1}"
test_01325,src_3be8b771f12d64c9f37e,Depression,1,train,train_added,87,2,0,2,True,0,{}
test_00417,src_3bed9acd1a2420910378,Normal,0,test,test_nested,53,0,5,0,False,2,"{""refusal"": 5}"
train_00624,src_3beebe4b603d3a35c07d,Bipolar,3,train,train_legacy,624,2,0,2,True,0,{}
train_04792,src_3bfe4996d1df1e6ef095,Bipolar,3,train,train_legacy,977,2,1,2,True,0,"{""meta_commentary"": 1}"
test_01775,src_3c0366de859c0d41c4b9,Depression,1,train,train_added,406,2,0,2,True,0,{}
train_02968,src_3c06e2a9339df14d5cbf,Anxiety,2,train,train_legacy,1292,2,1,2,True,0,"{""meta_commentary"": 1}"
test_01092,src_3c0fbe4fbf3dbf2f2b44,Normal,0,test,test_nested,70,0,2,2,True,0,{}
test_01892,src_3c169105057683d01418,Anxiety,2,train,train_added,764,2,0,2,True,0,{}
train_05106,src_3c1b21900fa052d3585f,Depression,1,train,train_legacy,568,2,5,0,False,2,"{""refusal"": 7}"
test_00236,src_3c1cb50736c3b9d553f6,Depression,1,test,test_nested,307,0,5,0,False,2,"{""refusal"": 5}"
train_02975,src_3c2606a6f60426731377,Normal,0,train,train_legacy,75,2,1,2,True,0,"{""length_ratio"": 1}"
train_01568,src_3c2c5af7f54a3e7e4f3a,Anxiety,2,train,train_legacy,130,2,0,2,True,0,{}
train_02902,src_3c2f62bc819f5280f541,Bipolar,3,train,train_legacy,384,2,0,2,True,0,{}
test_00412,src_3c30339bca9e02bbead9,Anxiety,2,test,test_nested,825,0,2,2,True,0,{}
test_01489,src_3c33fb8aa881d7602a7a,Anxiety,2,test,test_nested,1138,0,2,2,True,0,{}
train_02266,src_3c3687eed182e77cbe82,Bipolar,3,train,train_legacy,293,2,0,2,True,0,{}
train_00227,src_3c40225031fd65d29977,Anxiety,2,train,train_legacy,627,2,0,2,True,0,{}
train_01408,src_3c5c4b5317a14a42b95a,Depression,1,train,train_legacy,2271,2,0,2,True,0,{}
train_05518,src_3c5ed91147bab0957fec,Anxiety,2,train,train_legacy,261,2,0,2,True,0,{}
train_04732,src_3c64c75a200aca5abdde,Bipolar,3,train,train_legacy,337,2,4,2,True,0,"{""sbert"": 4}"
train_03728,src_3c6b755dd6ae789acac8,Normal,0,train,train_legacy,128,2,1,2,True,0,"{""length_ratio"": 1}"
train_03085,src_3c72380c1276096f6123,Normal,0,train,train_legacy,49,2,0,2,True,0,{}
test_01596,src_3c7783c89ca6f4ce74db,Bipolar,3,train,train_added,371,2,0,2,True,0,{}
val_confirm_00892,src_3c78c86a791dc9995e5f,Depression,1,train,train_added,386,2,0,2,True,0,{}
train_05860,src_3c7b2db84bd9c18f81b4,Depression,1,train,train_legacy,20,2,5,1,False,1,"{""length_ratio"": 1, ""refusal"": 4, ""sbert"": 1}"
train_00170,src_3c7c89f8568801a3895c,Normal,0,train,train_legacy,64,2,0,2,True,0,{}
train_01029,src_3c88d0372dfee490ac45,Bipolar,3,train,train_legacy,303,2,0,2,True,0,{}
train_05976,src_3c8ec0b2b1815b5bbb91,Anxiety,2,train,train_legacy,34,2,1,2,True,0,"{""sbert"": 1}"
test_00624,src_3c9c4ada7866259ba38e,Normal,0,test,test_nested,141,0,2,2,True,0,{}
test_00209,src_3cade2b0a4c3747a00a9,Bipolar,3,train,train_added,421,2,0,2,True,0,{}
test_00148,src_3cb9cf201c6cb1c35201,Normal,0,test,test_nested,14,0,5,0,False,2,"{""length_ratio"": 5}"
test_02479,src_3cbfaa6d86403a4d9cef,Depression,1,test,test_nested,385,0,2,2,True,0,{}
train_00517,src_3cc2223b0dd17b8b882b,Depression,1,train,train_legacy,523,2,0,2,True,0,{}
train_05252,src_3ccb8e48510f62792532,Anxiety,2,train,train_legacy,1492,2,0,2,True,0,{}
test_00717,src_3cdcbe966737bbfea7d4,Depression,1,test,test_nested,1015,0,5,0,False,2,"{""meta_commentary"": 5}"
test_02103,src_3ce4dbab63c098cdb99f,Bipolar,3,test,test_nested,1463,0,2,2,True,0,{}
train_02693,src_3cf2776d638039f01367,Anxiety,2,train,train_legacy,494,2,0,2,True,0,{}
train_02722,src_3cf3d7514a4c1f462b64,Normal,0,train,train_legacy,33,2,1,2,True,0,"{""length_ratio"": 1}"
val_confirm_00654,src_3cf6abee75cd4b6b921f,Normal,0,train,train_added,29,2,2,2,True,0,"{""length_ratio"": 1, ""sbert"": 1}"
val_search_00232,src_3cfbdfa49b0133bf82af,Anxiety,2,train,train_added,170,2,0,2,True,0,{}
test_01865,src_3cfd1f01569f7fa8de23,Bipolar,3,test,test_nested,853,0,2,2,True,0,{}
train_02014,src_3d07683268ead93ebf24,Bipolar,3,train,train_legacy,806,2,0,2,True,0,{}
test_00306,src_3d0e8195c67c1ef77a3f,Depression,1,test,test_nested,1286,0,2,2,True,0,{}
test_01518,src_3d0fdbc4bc47a55eeb69,Normal,0,train,train_added,28,2,5,1,False,1,"{""length_ratio"": 1, ""sbert"": 5}"
train_05720,src_3d103a15f7aee33343d3,Normal,0,train,train_legacy,57,2,1,2,True,0,"{""meta_commentary"": 1}"
test_02181,src_3d103efc94a6795a264d,Depression,1,train,train_added,429,2,5,0,False,2,"{""refusal"": 7}"
train_05611,src_3d14491b2729947c3a53,Bipolar,3,train,train_legacy,714,2,0,2,True,0,{}
test_01164,src_3d16f133ccfb01d7701e,Normal,0,test,test_nested,182,0,2,2,True,0,{}
test_01447,src_3d1b1a261600e704df7a,Normal,0,test,test_nested,62,0,5,0,False,2,"{""sbert"": 5}"
val_confirm_01003,src_3d303aabba9fdb1660e9,Depression,1,train,train_added,107,2,5,0,False,2,"{""refusal"": 7}"
test_01091,src_3d3b5d6c20edadbaa215,Bipolar,3,test,test_nested,448,0,5,0,False,2,"{""meta_commentary"": 5}"
train_04855,src_3d3c47dff3f3f90a88b5,Anxiety,2,train,train_legacy,2792,2,1,2,True,0,"{""length_ratio"": 1}"
test_00637,src_3d446c2ec112ed3df61a,Bipolar,3,test,test_nested,1322,0,2,2,True,0,{}
train_04284,src_3d45c977c29ba3ccb2a8,Normal,0,train,train_legacy,22,2,5,1,False,1,"{""duplicate"": 4, ""sbert"": 2}"
train_04402,src_3d4e95ebee490a9b0974,Normal,0,train,train_legacy,308,2,0,2,True,0,{}
test_00837,src_3d503c2b1a52a1a938d7,Normal,0,test,test_nested,17,0,4,2,True,0,"{""length_ratio"": 2}"
train_00312,src_3d54c145c8820f6dbce1,Depression,1,train,train_legacy,766,2,0,2,True,0,{}
train_04688,src_3d57309925ae1c970675,Normal,0,train,train_legacy,41,2,2,2,True,0,"{""sbert"": 2}"
train_05295,src_3d6356e97c3051001167,Normal,0,train,train_legacy,31,2,5,1,False,1,"{""length_ratio"": 6}"
train_02246,src_3d6fae3756eeb072de90,Bipolar,3,train,train_legacy,1724,2,0,2,True,0,{}
train_04272,src_3d7119bf548b9c8826f9,Bipolar,3,train,train_legacy,102,2,0,2,True,0,{}
train_01766,src_3d78c03d15c0e5472250,Normal,0,train,train_legacy,16,2,5,0,False,2,"{""length_ratio"": 5, ""sbert"": 2}"
train_02220,src_3d847738907ec0e191cb,Normal,0,train,train_legacy,73,2,0,2,True,0,{}
train_03088,src_3d86082548e272865099,Bipolar,3,train,train_legacy,303,2,0,2,True,0,{}
test_01179,src_3d8b7aed13d4568fc7ce,Anxiety,2,test,test_nested,967,0,3,2,True,0,"{""meta_commentary"": 1}"
train_04234,src_3d9731017be8754c5fe5,Depression,1,train,train_legacy,61,2,5,0,False,2,"{""length_ratio"": 2, ""refusal"": 2, ""sbert"": 3}"
train_01852,src_3d99f1f88933e1fb48f7,Anxiety,2,train,train_legacy,916,2,5,1,False,1,"{""meta_commentary"": 6}"
train_05777,src_3d9bc3da261e2f29c9cc,Depression,1,train,train_legacy,301,2,0,2,True,0,{}
test_02165,src_3d9fe5200f5814a97d17,Anxiety,2,test,test_nested,446,0,2,2,True,0,{}
train_02017,src_3da44ec0db4bade8505f,Normal,0,train,train_legacy,60,2,0,2,True,0,{}
train_01924,src_3da5aabbce8a8bf97cf8,Normal,0,train,train_legacy,26,2,3,2,True,0,"{""length_ratio"": 2, ""sbert"": 1}"
test_00573,src_3db1cdb8e90a74955673,Bipolar,3,test,test_nested,2312,0,2,2,True,0,{}
test_00547,src_3dbcc75d3dfefdc3c536,Anxiety,2,test,test_nested,1337,0,2,2,True,0,{}
test_02474,src_3dc40ba1031679c9391f,Bipolar,3,test,test_nested,1175,0,2,2,True,0,{}
train_04412,src_3ddb17c56cac5e67fc5d,Normal,0,train,train_legacy,119,2,0,2,True,0,{}
val_confirm_00089,src_3de801148c70063022ce,Normal,0,train,train_added,115,2,1,2,True,0,"{""sbert"": 1}"
train_05786,src_3df07095f90a93c30552,Normal,0,train,train_legacy,51,2,1,2,True,0,"{""sbert"": 1}"
val_search_00115,src_3df14b9de9c1d7daa9bc,Normal,0,train,train_added,29,2,0,2,True,0,{}
test_02098,src_3dfaae0a02b56dc1ec3f,Bipolar,3,test,test_nested,1616,0,2,2,True,0,{}
train_00711,src_3e002e5943bf55c7920c,Anxiety,2,train,train_legacy,23,2,5,1,False,1,"{""length_ratio"": 2, ""sbert"": 4}"
train_00901,src_3e1369e9daf7b3aa675f,Depression,1,train,train_legacy,679,2,5,0,False,2,"{""refusal"": 7}"
test_00393,src_3e1bfa765dc517743672,Depression,1,test,test_nested,1388,0,2,2,True,0,{}
test_00187,src_3e20b1e81ed05b32f89f,Depression,1,test,test_nested,971,0,2,2,True,0,{}
train_01105,src_3e2adaad99a463ee9b45,Depression,1,train,train_legacy,1610,2,0,2,True,0,{}
train_05134,src_3e3587672e7aafe3b42c,Anxiety,2,train,train_legacy,96,2,5,0,False,2,"{""length_ratio"": 6, ""sbert"": 1}"
train_02632,src_3e456debebd5a9e8cc14,Normal,0,train,train_legacy,20,2,5,0,False,2,"{""length_ratio"": 1, ""sbert"": 6}"
train_05045,src_3e4e25e56d80fed9387c,Depression,1,train,train_legacy,576,2,0,2,True,0,{}
train_05804,src_3e50c1ec29ed93d0ac2b,Bipolar,3,train,train_legacy,1393,2,0,2,True,0,{}
train_02155,src_3e53d390d386a9a99c7e,Normal,0,train,train_legacy,66,2,5,1,False,1,"{""length_ratio"": 1, ""sbert"": 5}"
train_04008,src_3e5bc51298b092bb46b3,Normal,0,train,train_legacy,24,2,5,0,False,2,"{""length_ratio"": 5, ""sbert"": 2}"
test_01920,src_3e5eead88c3fb34e8dc1,Normal,0,train,train_added,33,2,5,1,False,1,"{""length_ratio"": 3, ""sbert"": 3}"
val_confirm_00228,src_3e62956181e885da5d9d,Depression,1,train,train_added,3241,2,0,2,True,0,{}
val_confirm_00074,src_3e661214d42b30ce55a9,Anxiety,2,train,train_added,412,2,0,2,True,0,{}
train_04427,src_3e71c554e783d568901a,Anxiety,2,train,train_legacy,185,2,0,2,True,0,{}
train_02658,src_3e773a954e6afbe1870e,Depression,1,train,train_legacy,345,2,0,2,True,0,{}
test_01317,src_3e789a5414ae630723fc,Bipolar,3,test,test_nested,1180,0,2,2,True,0,{}
test_01915,src_3e85ff30578b91aaa997,Anxiety,2,test,test_nested,370,0,2,2,True,0,{}
train_02853,src_3e8d0d25adda2b0d4d8e,Anxiety,2,train,train_legacy,364,2,0,2,True,0,{}
train_02263,src_3e91589e4cc75b089038,Normal,0,train,train_legacy,301,2,0,2,True,0,{}
test_02360,src_3e92fd6f6619cf62213c,Normal,0,test,test_nested,28,0,3,2,True,0,"{""length_ratio"": 1}"
train_03076,src_3ea60f06ed8925b39b06,Anxiety,2,train,train_legacy,834,2,0,2,True,0,{}
train_03683,src_3ea85668655c55c84c1f,Anxiety,2,train,train_legacy,1680,2,0,2,True,0,{}
train_02453,src_3eb41247c2883a195e38,Normal,0,train,train_legacy,55,2,0,2,True,0,{}
train_01515,src_3eb9824cd1736aa7a357,Anxiety,2,train,train_legacy,2531,2,0,2,True,0,{}
train_01150,src_3eb9bab9720a1968100e,Normal,0,train,train_legacy,427,2,0,2,True,0,{}
train_02041,src_3ebdc467e3a1ede4a475,Normal,0,train,train_legacy,318,2,0,2,True,0,{}
test_01529,src_3ebdf87b9b84879ee8b2,Bipolar,3,test,test_nested,1541,0,3,2,True,0,"{""meta_commentary"": 1}"
test_01225,src_3ec3de2df1fd275dba5f,Bipolar,3,train,train_added,579,2,0,2,True,0,{}
train_00859,src_3ecbc4503d2e3def55f9,Normal,0,train,train_legacy,116,2,1,2,True,0,"{""length_ratio"": 1}"
test_02143,src_3ed1c6d9691993753729,Depression,1,test,test_nested,238,0,2,2,True,0,{}
val_confirm_00849,src_3ed6ca3bf8bba70452aa,Bipolar,3,train,train_added,328,2,0,2,True,0,{}
val_search_00373,src_3edb854905f41f344c76,Normal,0,train,train_added,47,2,5,0,False,2,"{""length_ratio"": 7}"
val_confirm_01027,src_3edbea8e351dc8a7677b,Normal,0,train,train_added,50,2,5,0,False,2,"{""sbert"": 7}"
test_00154,src_3edd6b206fbf6a7392a1,Bipolar,3,test,test_nested,477,0,2,2,True,0,{}
train_02980,src_3ee0fb278c0bb4ec83a6,Depression,1,train,train_legacy,3603,2,0,2,True,0,{}
train_03559,src_3eeeca9d08e7d46fb9ab,Bipolar,3,train,train_legacy,2501,2,0,2,True,0,{}
test_01423,src_3f04f5bfe309ea4ef29e,Bipolar,3,train,train_added,218,2,0,2,True,0,{}
val_confirm_00566,src_3f09f8919b8b5bc57842,Anxiety,2,train,train_added,231,2,0,2,True,0,{}
train_03625,src_3f0b5b2e716d58a7f18a,Normal,0,train,train_legacy,67,2,1,2,True,0,"{""length_ratio"": 1}"
test_00296,src_3f0ba8572a80a0de62d1,Bipolar,3,test,test_nested,1547,0,2,2,True,0,{}
train_02319,src_3f0bcc7a3699f463b9e2,Anxiety,2,train,train_legacy,373,2,1,2,True,0,"{""meta_commentary"": 1}"
train_05553,src_3f0d4f45304298dbae13,Normal,0,train,train_legacy,128,2,4,2,True,0,"{""length_ratio"": 1, ""meta_commentary"": 1, ""sbert"": 2}"
test_00782,src_3f1bcff388320128363b,Depression,1,test,test_nested,1407,0,2,2,True,0,{}
train_05292,src_3f24ac4f4fe84a48a9a5,Depression,1,train,train_legacy,652,2,0,2,True,0,{}
train_02766,src_3f35677320b633d3589c,Anxiety,2,train,train_legacy,120,2,3,2,True,0,"{""sbert"": 3}"
train_02270,src_3f3a6a40ce0f6865cfa1,Depression,1,train,train_legacy,1587,2,0,2,True,0,{}
test_01485,src_3f47fe50b5fe8bc8bdcc,Bipolar,3,test,test_nested,449,0,2,2,True,0,{}
train_04052,src_3f4a0fa9a3e17c7386dd,Anxiety,2,train,train_legacy,683,2,0,2,True,0,{}
test_00644,src_3f53aa14c0d0e3f361fe,Depression,1,train,train_added,462,2,0,2,True,0,{}
train_01604,src_3f65df6a54a7f3cf17a0,Bipolar,3,train,train_legacy,2430,2,0,2,True,0,{}
train_04087,src_3f68c187122e785a1290,Normal,0,train,train_legacy,27,2,5,0,False,2,"{""length_ratio"": 5, ""sbert"": 2}"
train_03565,src_3f765617906f6167dea9,Depression,1,train,train_legacy,429,2,0,2,True,0,{}
train_03963,src_3f79eaa6cc9ff17d35a1,Normal,0,train,train_legacy,258,2,0,2,True,0,{}
train_02058,src_3f7dcac24780b47c2521,Normal,0,train,train_legacy,27,2,3,2,True,0,"{""length_ratio"": 3}"
train_03757,src_3f8659dc6bcf913043da,Bipolar,3,train,train_legacy,349,2,0,2,True,0,{}
train_00573,src_3f8c38172195a5b0d66b,Anxiety,2,train,train_legacy,944,2,0,2,True,0,{}
train_02706,src_3f8d3b4692f1103e205b,Depression,1,train,train_legacy,697,2,0,2,True,0,{}
train_02212,src_3f95899066461055455d,Bipolar,3,train,train_legacy,1561,2,0,2,True,0,{}
train_00265,src_3f99fbf77b9d2cecb10e,Bipolar,3,train,train_legacy,536,2,0,2,True,0,{}
train_00125,src_3f9fae1f14919cdba3f0,Bipolar,3,train,train_legacy,216,2,0,2,True,0,{}
test_01897,src_3fa28f4e5055f9d619af,Anxiety,2,train,train_added,146,2,0,2,True,0,{}
train_05762,src_3fa80d3efeb1af164a8d,Depression,1,train,train_legacy,134,2,0,2,True,0,{}
test_01782,src_3fac4ba8d6c7d95222a0,Normal,0,test,test_nested,31,0,2,2,True,0,{}
train_01879,src_3fb3623cb7325433bd14,Anxiety,2,train,train_legacy,509,2,0,2,True,0,{}
test_00670,src_3fb7fff5316f98d7b7e1,Normal,0,test,test_nested,27,0,5,0,False,2,"{""length_ratio"": 5}"
train_00092,src_3fba6349ff00b1d72bd9,Depression,1,train,train_legacy,2973,2,0,2,True,0,{}
train_00819,src_3fbe0b1b08ab0b1e3fc3,Anxiety,2,train,train_legacy,708,2,0,2,True,0,{}
test_01840,src_3fbf6459a3e111cb13bf,Bipolar,3,train,train_added,1632,2,0,2,True,0,{}
train_00981,src_3fc4012c81e2c66ce3fc,Anxiety,2,train,train_legacy,38,2,1,2,True,0,"{""sbert"": 1}"
train_03613,src_3fc4d9b35e916d0b90df,Bipolar,3,train,train_legacy,2671,2,5,2,True,0,"{""length_ratio"": 1, ""meta_commentary"": 4}"
train_03975,src_3fc630ab6bbf2955fa28,Anxiety,2,train,train_legacy,293,2,0,2,True,0,{}
train_04157,src_3fd3aa2858691dfec532,Depression,1,train,train_legacy,532,2,5,0,False,2,"{""refusal"": 7}"
train_04362,src_3fd3ebc5f4ee42f9b92d,Bipolar,3,train,train_legacy,953,2,0,2,True,0,{}
test_02480,src_3fd8a994852aff206866,Bipolar,3,train,train_added,821,2,0,2,True,0,{}
train_03869,src_3fe53ac3e5dbbc988bb3,Bipolar,3,train,train_legacy,830,2,0,2,True,0,{}
train_01588,src_3ff0c4080a66761e96af,Normal,0,train,train_legacy,36,2,0,2,True,0,{}
train_00378,src_3ff5376a53f8331f43d1,Depression,1,train,train_legacy,1526,2,0,2,True,0,{}
train_02895,src_3ffa0923da96016af8c5,Bipolar,3,train,train_legacy,1420,2,0,2,True,0,{}
train_05438,src_40067534301f5cdbf88a,Normal,0,train,train_legacy,59,2,1,2,True,0,"{""meta_commentary"": 1}"
train_01669,src_4008f888bb6bbf84e7f9,Normal,0,train,train_legacy,108,2,2,2,True,0,"{""length_ratio"": 1, ""refusal"": 1}"
train_02009,src_400a52c83e944acee732,Depression,1,train,train_legacy,7135,2,5,0,False,2,"{""length_ratio"": 6, ""refusal"": 1}"
test_02435,src_400e10372c985ef1c07a,Normal,0,test,test_nested,287,0,2,2,True,0,{}
train_03615,src_40133d99d371f393418b,Depression,1,train,train_legacy,220,2,1,2,True,0,"{""length_ratio"": 1}"
train_04046,src_4014a3bd428d32c48ba8,Anxiety,2,train,train_legacy,2699,2,0,2,True,0,{}
val_search_00219,src_4016c3d7a2ac07b9c8d7,Depression,1,train,train_added,369,2,0,2,True,0,{}
train_04210,src_4029d3a0694f9b27388b,Bipolar,3,train,train_legacy,932,2,1,2,True,0,"{""meta_commentary"": 1}"
train_03928,src_402fd8fc8afbe963413f,Bipolar,3,train,train_legacy,547,2,0,2,True,0,{}
test_01580,src_402ff15404576d855255,Bipolar,3,test,test_nested,2375,0,2,2,True,0,{}
train_00021,src_4033d8f37adae7b68fa3,Bipolar,3,train,train_legacy,397,2,1,2,True,0,"{""meta_commentary"": 1}"
train_04902,src_40398886715a91d46356,Normal,0,train,train_legacy,38,2,0,2,True,0,{}
test_00455,src_404355522396b9295308,Normal,0,test,test_nested,8,0,5,0,False,2,"{""length_ratio"": 5}"
train_05530,src_404745a4d317a9d7b364,Anxiety,2,train,train_legacy,41,2,2,2,True,0,"{""length_ratio"": 2}"
train_04033,src_40672e3d6aed27a76edc,Bipolar,3,train,train_legacy,415,2,0,2,True,0,{}
train_01406,src_406e38a788835b7d331a,Anxiety,2,train,train_legacy,87,2,5,1,False,1,"{""length_ratio"": 6}"
train_04309,src_40759aa9deb8b5988dc0,Anxiety,2,train,train_legacy,772,2,0,2,True,0,{}
train_04713,src_407878c41c47e425fb04,Normal,0,train,train_legacy,82,2,5,0,False,2,"{""sbert"": 7}"
test_02429,src_407dafce5685cb55e95c,Bipolar,3,test,test_nested,638,0,2,2,True,0,{}
train_01064,src_408195d98416be845461,Depression,1,train,train_legacy,231,2,0,2,True,0,{}
train_03640,src_4081e9f3d620ed49a981,Normal,0,train,train_legacy,22,2,5,1,False,1,"{""length_ratio"": 4, ""sbert"": 2}"
test_01611,src_408305e2121692e43cf2,Depression,1,test,test_nested,1632,0,2,2,True,0,{}
test_02100,src_408426c7c6b33332fcd7,Depression,1,test,test_nested,918,0,2,2,True,0,{}
test_01191,src_40870155ffff7bcdd30a,Depression,1,test,test_nested,436,0,2,2,True,0,{}
train_03755,src_4088798bc9f9711cadfa,Depression,1,train,train_legacy,588,2,0,2,True,0,{}
train_01807,src_408988c99369cc7c40f1,Normal,0,train,train_legacy,26,2,1,2,True,0,"{""duplicate"": 1}"
train_02550,src_409090711fb7498b980a,Normal,0,train,train_legacy,112,2,0,2,True,0,{}
train_03470,src_40950d5fad8cd5c2a3ac,Depression,1,train,train_legacy,471,2,0,2,True,0,{}
train_05020,src_409548c1ea35388f73fd,Anxiety,2,train,train_legacy,702,2,1,2,True,0,"{""meta_commentary"": 1}"
train_01634,src_40973100cfa53d0798fb,Bipolar,3,train,train_legacy,620,2,0,2,True,0,{}
val_confirm_01094,src_40978ece094164b99ba8,Depression,1,train,train_added,504,2,0,2,True,0,{}
val_search_00139,src_409c7b8306ecc41562ba,Bipolar,3,train,train_added,241,2,0,2,True,0,{}
train_04091,src_409cff42c1f814621df0,Depression,1,train,train_legacy,624,2,5,0,False,2,"{""refusal"": 7}"
train_01096,src_40a39f3e734a84d6e34d,Depression,1,train,train_legacy,1629,2,0,2,True,0,{}
train_01475,src_40aa95eac40842432b27,Anxiety,2,train,train_legacy,1645,2,1,2,True,0,"{""meta_commentary"": 1}"
train_04696,src_40acd62fca964e2b489b,Normal,0,train,train_legacy,19,2,5,1,False,1,"{""length_ratio"": 6}"
train_00807,src_40b74a5078613e6a8c2a,Anxiety,2,train,train_legacy,1340,2,0,2,True,0,{}
train_02343,src_40bba4b3730cc053aca7,Normal,0,train,train_legacy,89,2,0,2,True,0,{}
train_01186,src_40c03a35d612de667c3e,Bipolar,3,train,train_legacy,1141,2,0,2,True,0,{}
test_01356,src_40cbde2396f658f7d4a9,Depression,1,test,test_nested,762,0,2,2,True,0,{}
train_02557,src_40ccdc82578e6944c1e9,Anxiety,2,train,train_legacy,584,2,0,2,True,0,{}
test_00119,src_40cd25f3c141b1e24eaf,Bipolar,3,test,test_nested,246,0,2,2,True,0,{}
train_05147,src_40d503e85b3018838348,Anxiety,2,train,train_legacy,368,2,0,2,True,0,{}
train_04432,src_40d71798b51b89c8a181,Bipolar,3,train,train_legacy,712,2,1,2,True,0,"{""meta_commentary"": 1}"
train_00403,src_40d788cba843c0829984,Normal,0,train,train_legacy,563,2,0,2,True,0,{}
train_01957,src_40de51a3a5ba1c6143bb,Bipolar,3,train,train_legacy,237,2,0,2,True,0,{}
test_00759,src_40df9d024389eacd7509,Bipolar,3,test,test_nested,551,0,2,2,True,0,{}
train_02910,src_40e23b7af5b353bca376,Depression,1,train,train_legacy,373,2,0,2,True,0,{}
test_00614,src_40ed8ed280fe6ea10bf9,Bipolar,3,test,test_nested,2524,0,5,0,False,2,"{""meta_commentary"": 5}"
train_04461,src_40fa68f0e3991a092620,Normal,0,train,train_legacy,42,2,5,1,False,1,"{""length_ratio"": 2, ""sbert"": 4}"
train_04433,src_40fc61c53cf5240f0fa5,Depression,1,train,train_legacy,1440,2,0,2,True,0,{}
test_01208,src_40fea81738b952a7181d,Anxiety,2,train,train_added,853,2,0,2,True,0,{}
val_confirm_00968,src_4102afdfc5069e461f6d,Depression,1,train,train_added,292,2,2,2,True,0,"{""length_ratio"": 2}"
train_04406,src_410514f52f1c3c5f6aac,Depression,1,train,train_legacy,234,2,4,2,True,0,"{""length_ratio"": 3, ""meta_commentary"": 1}"
train_00898,src_41069ac265d05b196fd0,Depression,1,train,train_legacy,352,2,0,2,True,0,{}
train_03627,src_41097671a584c3f81fb6,Normal,0,train,train_legacy,75,2,0,2,True,0,{}
train_04442,src_4128de6d46ba3c8a4c26,Bipolar,3,train,train_legacy,587,2,0,2,True,0,{}
test_01051,src_4128dea290401f9e5a3c,Depression,1,train,train_added,330,2,0,2,True,0,{}
train_02671,src_4132fbed498c15e4bb29,Depression,1,train,train_legacy,899,2,0,2,True,0,{}
train_01583,src_4138b1c7905129ba7dc8,Bipolar,3,train,train_legacy,201,2,2,2,True,0,"{""length_ratio"": 2}"
train_03244,src_413aa38fa693ffc3ae75,Normal,0,train,train_legacy,121,2,5,1,False,1,"{""length_ratio"": 6}"
train_00970,src_413e8f9313dc9471d899,Anxiety,2,train,train_legacy,1142,2,0,2,True,0,{}
train_01613,src_414397cc1784d38923bb,Anxiety,2,train,train_legacy,354,2,0,2,True,0,{}
test_02074,src_4145e7ca7a74462c987e,Bipolar,3,train,train_added,468,2,0,2,True,0,{}
train_05347,src_4147468374111d2dd34b,Anxiety,2,train,train_legacy,1327,2,4,2,True,0,"{""meta_commentary"": 4}"
test_01802,src_4148ee96a769135a37a4,Anxiety,2,test,test_nested,384,0,2,2,True,0,{}
train_05232,src_414bf3bb334ee22dfb44,Depression,1,train,train_legacy,254,2,0,2,True,0,{}
train_01234,src_41529c8c38c9ffac0f82,Bipolar,3,train,train_legacy,229,2,0,2,True,0,{}
test_01620,src_41570c96c01ae59d41de,Normal,0,test,test_nested,29,0,4,2,True,0,"{""length_ratio"": 2}"
test_01496,src_416c66d9da028d9bd6e1,Normal,0,test,test_nested,83,0,5,2,True,0,"{""length_ratio"": 1, ""sbert"": 2}"
val_search_00202,src_416eaf046747e14ebfb7,Bipolar,3,train,train_added,839,2,1,2,True,0,"{""meta_commentary"": 1}"
train_00651,src_416ebfb1d1024b2b507d,Bipolar,3,train,train_legacy,733,2,0,2,True,0,{}
test_01038,src_4171583c05586ac3d96f,Depression,1,test,test_nested,772,0,2,2,True,0,{}
train_05770,src_4172dc45de799b8c0d51,Bipolar,3,train,train_legacy,3755,2,3,2,True,0,"{""meta_commentary"": 3}"
train_04645,src_4175de59b8aade6df7dc,Bipolar,3,train,train_legacy,1204,2,1,2,True,0,"{""meta_commentary"": 1}"
train_02575,src_417bd29426df1f1c0a54,Depression,1,train,train_legacy,419,2,0,2,True,0,{}
test_01021,src_417d2dd525706f558d2d,Bipolar,3,train,train_added,1947,2,0,2,True,0,{}
test_01369,src_418d7462e8c8226c0e2d,Normal,0,test,test_nested,124,0,2,2,True,0,{}
train_00426,src_41972927445f6eb26442,Depression,1,train,train_legacy,495,2,0,2,True,0,{}
train_01708,src_41a98eb2f3da1982ce0b,Bipolar,3,train,train_legacy,301,2,0,2,True,0,{}
train_02993,src_41b945260577054c1b36,Anxiety,2,train,train_legacy,685,2,0,2,True,0,{}
train_01600,src_41bcbb5295ca3e3e0e8f,Normal,0,train,train_legacy,132,2,0,2,True,0,{}
train_00653,src_41bf1cb4f3c439f405ab,Normal,0,train,train_legacy,42,2,0,2,True,0,{}
test_00501,src_41c1f6b7047fd173937d,Depression,1,test,test_nested,436,0,2,2,True,0,{}
val_confirm_00800,src_41d6b06b285a509f78a4,Normal,0,train,train_added,32,2,5,2,True,0,"{""length_ratio"": 5}"
train_04778,src_41d9416e79b295f01c1a,Anxiety,2,train,train_legacy,1014,2,0,2,True,0,{}
train_05288,src_41d95682a9c0a95a20d6,Normal,0,train,train_legacy,12,2,5,0,False,2,"{""length_ratio"": 5, ""sbert"": 2}"
train_03136,src_41d99313288ee0b99699,Depression,1,train,train_legacy,1465,2,0,2,True,0,{}
train_05622,src_41e64b59d6eb7d65ee54,Normal,0,train,train_legacy,300,2,0,2,True,0,{}
val_confirm_00161,src_41f1fbe0e9ee6a912e8d,Bipolar,3,train,train_added,391,2,0,2,True,0,{}
train_01235,src_420b4bf4bc6669330ef8,Depression,1,train,train_legacy,1044,2,0,2,True,0,{}
val_search_00193,src_420b628c0f21399f98b9,Normal,0,train,train_added,63,2,1,2,True,0,"{""length_ratio"": 1}"
train_05699,src_42105f5da36aff34ca4b,Anxiety,2,train,train_legacy,120,2,0,2,True,0,{}
train_03634,src_4210b0fb5feec8683d68,Normal,0,train,train_legacy,35,2,5,1,False,1,"{""length_ratio"": 6}"
train_05144,src_421ba080826e0284237b,Bipolar,3,train,train_legacy,955,2,0,2,True,0,{}
test_00674,src_421e48e7cbe6c18cb081,Depression,1,test,test_nested,634,0,2,2,True,0,{}
train_03795,src_422c9468cba5cf0358c5,Bipolar,3,train,train_legacy,469,2,0,2,True,0,{}
test_00165,src_4234b785873016805c9b,Depression,1,test,test_nested,462,0,2,2,True,0,{}
train_04073,src_423fe71b00b22353c015,Depression,1,train,train_legacy,918,2,0,2,True,0,{}
train_00342,src_4240865ca0d4ce97c807,Depression,1,train,train_legacy,395,2,5,0,False,2,"{""refusal"": 7}"
train_04890,src_4242983c3afb55cbebc9,Bipolar,3,train,train_legacy,1124,2,0,2,True,0,{}
test_02294,src_424ac24c6cbcf5d520fd,Anxiety,2,test,test_nested,67,0,4,2,True,0,"{""length_ratio"": 2}"
train_02977,src_424c44b0ba2c30b2c261,Normal,0,train,train_legacy,128,2,0,2,True,0,{}
train_02150,src_424c5681731980eb5cfc,Anxiety,2,train,train_legacy,496,2,0,2,True,0,{}
train_05146,src_42544bbbe5049d7f5948,Bipolar,3,train,train_legacy,517,2,0,2,True,0,{}
train_04116,src_425c8e214987d42338d5,Normal,0,train,train_legacy,42,2,0,2,True,0,{}
train_02417,src_425e3c49472b4e9f75e3,Normal,0,train,train_legacy,515,2,0,2,True,0,{}
test_00796,src_427360c9ee8a7df12664,Bipolar,3,test,test_nested,644,0,2,2,True,0,{}
train_04429,src_4278164710abcabe248b,Depression,1,train,train_legacy,1142,2,0,2,True,0,{}
test_00123,src_4287a873b14f682df8f0,Bipolar,3,test,test_nested,177,0,5,2,True,0,"{""sbert"": 2}"
train_03998,src_42a1989e486d24aec9d1,Anxiety,2,train,train_legacy,31,2,5,1,False,1,"{""duplicate"": 1, ""sbert"": 5}"
train_05873,src_42a1cac6df39e1d3895e,Normal,0,train,train_legacy,13,2,3,2,True,0,"{""length_ratio"": 3}"
train_04727,src_42a8e7b7509a2cab462b,Normal,0,train,train_legacy,40,2,2,2,True,0,{}
val_search_00300,src_42a95a8c65825d48f560,Depression,1,train,train_added,1085,2,0,2,True,0,{}
test_01053,src_42ad54546a4d65195741,Normal,0,test,test_nested,35,0,5,2,True,0,"{""length_ratio"": 3}"
train_00697,src_42b6d7eac943680a1337,Bipolar,3,train,train_legacy,751,2,1,2,True,0,"{""meta_commentary"": 1}"
train_00112,src_42ba13ee1689f63a5038,Depression,1,train,train_legacy,301,2,1,2,True,0,"{""sbert"": 1}"
test_01233,src_42cc4b46bee39a9a3835,Depression,1,train,train_added,511,2,0,2,True,0,{}
train_02509,src_42d892bf3e103850d98b,Normal,0,train,train_legacy,51,2,0,2,True,0,{}
train_05659,src_42de757c8718578fce8d,Anxiety,2,train,train_legacy,91,2,0,2,True,0,{}
test_01798,src_42fa267dbd340bd5f9b6,Anxiety,2,test,test_nested,47,0,5,0,False,2,"{""sbert"": 5}"
test_00514,src_42fa8279bf0c3879bc11,Anxiety,2,test,test_nested,801,0,2,2,True,0,{}
train_05125,src_4303aef2156348c1b7d6,Anxiety,2,train,train_legacy,1877,2,0,2,True,0,{}
train_01848,src_43057d6207cd34953f3e,Anxiety,2,train,train_legacy,101,2,0,2,True,0,{}
train_02973,src_4319a662f054782ae30f,Anxiety,2,train,train_legacy,2014,2,0,2,True,0,{}
test_01446,src_431f5c6d628637aeda6a,Normal,0,test,test_nested,124,0,5,1,False,1,"{""length_ratio"": 4}"
test_00749,src_4326796b35816f94117a,Depression,1,test,test_nested,612,0,2,2,True,0,{}
test_00391,src_4326cd57c4e37b7e80df,Depression,1,test,test_nested,261,0,5,0,False,2,"{""refusal"": 5}"
train_00916,src_4328f232f604b0520ba9,Bipolar,3,train,train_legacy,1951,2,0,2,True,0,{}
test_01545,src_434749de7c54d8d7c459,Depression,1,train,train_added,4480,2,1,2,True,0,"{""length_ratio"": 1}"
test_01192,src_4348ecad0586d8c9a07a,Bipolar,3,test,test_nested,385,0,2,2,True,0,{}
train_04321,src_4353ef3478d6b0298aaf,Normal,0,train,train_legacy,22,2,1,2,True,0,"{""length_ratio"": 1}"
train_01511,src_435ccbc2a684c7eb636d,Anxiety,2,train,train_legacy,287,2,0,2,True,0,{}
test_00795,src_435f43393e32e70f0100,Bipolar,3,train,train_added,1144,2,1,2,True,0,"{""meta_commentary"": 1}"
train_05258,src_436f0866055d4ddb2ad4,Normal,0,train,train_legacy,47,2,5,2,True,0,"{""length_ratio"": 5}"
val_confirm_00918,src_437128884bf6daf4a11e,Anxiety,2,train,train_added,42,2,5,1,False,1,"{""length_ratio"": 5, ""sbert"": 1}"
test_01644,src_437616c7b9aa5e9c37f9,Depression,1,test,test_nested,703,0,2,2,True,0,{}
test_00526,src_4377ec74f856890207bd,Anxiety,2,train,train_added,25,2,5,0,False,2,"{""length_ratio"": 6, ""sbert"": 1}"
train_02653,src_437b54e68dd522b27251,Bipolar,3,train,train_legacy,1116,2,0,2,True,0,{}
train_04341,src_43a1af41098e1d98aad2,Bipolar,3,train,train_legacy,803,2,0,2,True,0,{}
test_00439,src_43a3de09eedaff3671b4,Depression,1,test,test_nested,1294,0,5,0,False,2,"{""meta_commentary"": 5}"
train_05072,src_43a78a1040decf59c524,Depression,1,train,train_legacy,589,2,1,2,True,0,"{""meta_commentary"": 1}"
train_03808,src_43aaaa631791440789a8,Depression,1,train,train_legacy,311,2,0,2,True,0,{}
train_03215,src_43ac4120368836fefaf3,Normal,0,train,train_legacy,94,2,1,2,True,0,"{""meta_commentary"": 1}"
train_02761,src_43b86c7c8807ebe2eb48,Anxiety,2,train,train_legacy,1043,2,1,2,True,0,"{""meta_commentary"": 1}"
train_04636,src_43b9ef0efca6749787fb,Normal,0,train,train_legacy,64,2,0,2,True,0,{}
train_02589,src_43c16512c03ac4ba68ca,Normal,0,train,train_legacy,53,2,5,0,False,2,"{""sbert"": 7}"
train_02437,src_43c4498ee097ea7c16b2,Bipolar,3,train,train_legacy,1240,2,0,2,True,0,{}
train_00566,src_43d3039cc195fb684241,Anxiety,2,train,train_legacy,585,2,0,2,True,0,{}
val_search_00159,src_43d78df33ae1f4165d27,Depression,1,train,train_added,576,2,0,2,True,0,{}
train_02604,src_43d893cbbdb9836452b3,Bipolar,3,train,train_legacy,597,2,0,2,True,0,{}
train_01415,src_43daa0c856e551f008f7,Depression,1,train,train_legacy,1015,2,0,2,True,0,{}
train_00423,src_43dab204b84d7c849f23,Bipolar,3,train,train_legacy,357,2,0,2,True,0,{}
train_03485,src_43e06cebd924a5e087c0,Bipolar,3,train,train_legacy,347,2,0,2,True,0,{}
test_01519,src_43f0a2cfbe8bfd80dc7e,Depression,1,test,test_nested,112,0,5,0,False,2,"{""refusal"": 5}"
train_05003,src_43f2bc8c165f328306ca,Bipolar,3,train,train_legacy,1167,2,0,2,True,0,{}
test_01101,src_43f82ba27dd5423347b6,Depression,1,train,train_added,1067,2,0,2,True,0,{}
train_01134,src_43fc7c23f554f624a637,Depression,1,train,train_legacy,1962,2,0,2,True,0,{}
train_05730,src_44002fce5e4be8f195a8,Normal,0,train,train_legacy,67,2,0,2,True,0,{}
train_01358,src_440265c7257bee691f93,Depression,1,train,train_legacy,118,2,1,2,True,0,"{""length_ratio"": 1}"
test_01640,src_440f2d34cafbf34fc678,Depression,1,test,test_nested,623,0,2,2,True,0,{}
train_05497,src_441171e50409a8385f3c,Depression,1,train,train_legacy,1018,2,0,2,True,0,{}
test_01998,src_441914a578dd97585554,Depression,1,test,test_nested,181,0,5,0,False,2,"{""refusal"": 5}"
test_01517,src_44193b1867d6d08a8b52,Normal,0,test,test_nested,629,0,2,2,True,0,{}
train_04067,src_441aa09139a010f88b00,Normal,0,train,train_legacy,45,2,0,2,True,0,{}
train_00562,src_44282d47c7f05f70829f,Anxiety,2,train,train_legacy,591,2,0,2,True,0,{}
train_03944,src_4428650aee2b61c7cca4,Anxiety,2,train,train_legacy,1151,2,0,2,True,0,{}
test_00799,src_442866f166bdc9d87ac3,Normal,0,test,test_nested,107,0,4,2,True,0,"{""sbert"": 2}"
train_03923,src_4430b26607057463ae38,Anxiety,2,train,train_legacy,608,2,4,2,True,0,"{""meta_commentary"": 4}"
test_00810,src_4432008d66bf3189a6f4,Normal,0,train,train_added,132,2,3,2,True,0,"{""length_ratio"": 1, ""sbert"": 2}"
train_00634,src_443d0fc3b6ca8c39453e,Bipolar,3,train,train_legacy,255,2,0,2,True,0,{}
train_00410,src_443e17e2d2fb02fd15ca,Anxiety,2,train,train_legacy,327,2,0,2,True,0,{}
train_00929,src_4444718679b532e4fd39,Normal,0,train,train_legacy,106,2,0,2,True,0,{}
train_01831,src_4449aa3295ccd1e098a3,Normal,0,train,train_legacy,19,2,5,1,False,1,"{""length_ratio"": 4, ""sbert"": 2}"
train_00441,src_444f3578d8fb832c111c,Bipolar,3,train,train_legacy,448,2,0,2,True,0,{}
train_03488,src_44644873a5ccd632e112,Normal,0,train,train_legacy,102,2,5,0,False,2,"{""sbert"": 7}"
train_05784,src_44698b49ac4c6c94142f,Anxiety,2,train,train_legacy,452,2,0,2,True,0,{}
train_03578,src_447021414537a2f6effe,Anxiety,2,train,train_legacy,404,2,0,2,True,0,{}
val_search_00281,src_4472355ffb38844bba94,Bipolar,3,train,train_added,1108,2,0,2,True,0,{}
test_00064,src_4478977950cb68e4cb52,Depression,1,train,train_added,56,2,5,0,False,2,"{""length_ratio"": 6, ""sbert"": 1}"
train_03629,src_4484239e14f142d15c26,Normal,0,train,train_legacy,255,2,5,1,False,1,"{""meta_commentary"": 6}"
train_01840,src_4485290debbc2f5d8706,Anxiety,2,train,train_legacy,326,2,0,2,True,0,{}
train_03779,src_448ea8150719cb4973a5,Depression,1,train,train_legacy,1615,2,0,2,True,0,{}
train_02967,src_449128cef834d589c340,Normal,0,train,train_legacy,93,2,0,2,True,0,{}
train_01463,src_44921c6d75af13c67694,Bipolar,3,train,train_legacy,1931,2,0,2,True,0,{}
test_01168,src_449e2999acb8a66feb4a,Anxiety,2,test,test_nested,1223,0,2,2,True,0,{}
train_01610,src_44b2ca685401101383fd,Normal,0,train,train_legacy,57,2,0,2,True,0,{}
test_01947,src_44b6c478d9d175d02417,Depression,1,train,train_added,353,2,0,2,True,0,{}
train_00100,src_44bda957dcd1e42063de,Depression,1,train,train_legacy,291,2,0,2,True,0,{}
train_03823,src_44c2d1ac32b9e0be32cd,Anxiety,2,train,train_legacy,1471,2,0,2,True,0,{}
train_04503,src_44c6a1039f54be71f9fa,Normal,0,train,train_legacy,28,2,5,0,False,2,"{""length_ratio"": 5, ""sbert"": 2}"
train_01748,src_44d04d9c24061389ebd5,Anxiety,2,train,train_legacy,117,2,0,2,True,0,{}
train_03571,src_44d090c06ad963e12c45,Normal,0,train,train_legacy,27,2,5,1,False,1,"{""meta_commentary"": 3, ""sbert"": 3}"
train_03423,src_44d244a0716e8955dcb1,Normal,0,train,train_legacy,54,2,0,2,True,0,{}
train_01612,src_44d86b29f040eaac4b36,Depression,1,train,train_legacy,139,2,1,2,True,0,"{""length_ratio"": 1}"
test_00384,src_44df9ebd1964f854d04b,Bipolar,3,test,test_nested,1416,0,2,2,True,0,{}
train_04587,src_44e6891c8cacaf166fcf,Depression,1,train,train_legacy,599,2,0,2,True,0,{}
train_05570,src_44eeaab704bb2a4680c0,Bipolar,3,train,train_legacy,351,2,0,2,True,0,{}
train_00305,src_44f3484252af0a54abe3,Depression,1,train,train_legacy,122,2,0,2,True,0,{}
test_00495,src_44f78a0b297b8f4f1b93,Anxiety,2,test,test_nested,554,0,2,2,True,0,{}
test_01067,src_45066c1e44158d11c7bd,Bipolar,3,test,test_nested,633,0,2,2,True,0,{}
train_01983,src_450e22696132fb9234ae,Normal,0,train,train_legacy,43,2,5,0,False,2,"{""length_ratio"": 7}"
train_05729,src_451109feb60050b84dff,Normal,0,train,train_legacy,36,2,5,0,False,2,"{""length_ratio"": 1, ""sbert"": 6}"
train_04809,src_451c16a5ece0f306eb22,Normal,0,train,train_legacy,105,2,0,2,True,0,{}
train_05050,src_451f58fb8ccbbfc5441d,Bipolar,3,train,train_legacy,2078,2,0,2,True,0,{}
train_02745,src_452ba836c1f058cf59da,Normal,0,train,train_legacy,88,2,0,2,True,0,{}
train_05194,src_452d8511e7dbc6946008,Anxiety,2,train,train_legacy,675,2,0,2,True,0,{}
train_04082,src_4532e5d0818ddad0f2dc,Anxiety,2,train,train_legacy,707,2,0,2,True,0,{}
test_00803,src_4539cf15389b421b9309,Normal,0,test,test_nested,36,0,5,1,False,1,"{""length_ratio"": 4}"
train_01743,src_45420f50570009b7a75c,Bipolar,3,train,train_legacy,313,2,0,2,True,0,{}
train_03614,src_454a037fe6420ee7f37d,Anxiety,2,train,train_legacy,211,2,0,2,True,0,{}
test_01456,src_454fc97aa47def81a663,Depression,1,train,train_added,1044,2,0,2,True,0,{}
test_01207,src_4559a7f6b55b9c4675a6,Normal,0,test,test_nested,114,0,2,2,True,0,{}
train_04745,src_456406a4cf961a1f893d,Anxiety,2,train,train_legacy,246,2,0,2,True,0,{}
train_04962,src_4564f946b432da335a95,Depression,1,train,train_legacy,290,2,1,2,True,0,"{""length_ratio"": 1}"
val_confirm_00438,src_4568e7f7a4e86f233bc6,Normal,0,train,train_added,43,2,4,2,True,0,"{""length_ratio"": 4}"
train_05643,src_458055c12b0f16173a8a,Bipolar,3,train,train_legacy,367,2,0,2,True,0,{}
train_01719,src_4580a7b1f5a6671b9e7f,Bipolar,3,train,train_legacy,710,2,0,2,True,0,{}
train_00527,src_45875e16ec887f1a1f9a,Depression,1,train,train_legacy,1798,2,1,2,True,0,"{""meta_commentary"": 1}"
train_03462,src_4594b30280bbb0b1cd19,Anxiety,2,train,train_legacy,437,2,0,2,True,0,{}
train_03666,src_4599475d362d7a279481,Normal,0,train,train_legacy,9,2,5,0,False,2,"{""length_ratio"": 7}"
train_00942,src_45ababd907faa3f259ce,Normal,0,train,train_legacy,90,2,0,2,True,0,{}
train_03071,src_45b583a0f02bc3358c6c,Bipolar,3,train,train_legacy,3372,2,1,2,True,0,"{""meta_commentary"": 1}"
test_01502,src_45b74c62d5c7ee4e7e90,Bipolar,3,test,test_nested,312,0,2,2,True,0,{}
test_01099,src_45c0ec074aa97b77151f,Anxiety,2,test,test_nested,146,0,2,2,True,0,{}
train_03154,src_45c56c9e6db6dcbe816d,Anxiety,2,train,train_legacy,434,2,0,2,True,0,{}
test_00692,src_45cba768c2e4d77090c5,Depression,1,train,train_added,1427,2,0,2,True,0,{}
train_04869,src_45d019472245a2d16c63,Anxiety,2,train,train_legacy,66,2,5,2,True,0,"{""length_ratio"": 5}"
train_00107,src_45d22fa89d140c28f3d3,Normal,0,train,train_legacy,30,2,5,0,False,2,"{""length_ratio"": 6, ""sbert"": 1}"
test_01290,src_45d40fc75127a66b7bae,Normal,0,test,test_nested,21,0,5,2,True,0,"{""sbert"": 3}"
train_00983,src_45d605f036400bf3e2c3,Bipolar,3,train,train_legacy,684,2,0,2,True,0,{}
train_04823,src_45d7fcf7941d636383a7,Normal,0,train,train_legacy,76,2,2,2,True,0,"{""length_ratio"": 2}"
test_02409,src_45deec31825d9b33abbd,Normal,0,train,train_added,43,2,0,2,True,0,{}
train_02751,src_45df1378f9252629a28c,Anxiety,2,train,train_legacy,116,2,0,2,True,0,{}
test_01135,src_45e64109d0c2afffd616,Anxiety,2,test,test_nested,926,0,2,2,True,0,{}
test_02444,src_45e9b99aa527e1ff4de8,Anxiety,2,test,test_nested,706,0,2,2,True,0,{}
train_01478,src_45efb788a2882cbf6c4f,Normal,0,train,train_legacy,76,2,1,2,True,0,"{""length_ratio"": 1}"
train_04462,src_45f5f8a11bb07ca72b85,Depression,1,train,train_legacy,464,2,0,2,True,0,{}
train_03392,src_460b171507559343598c,Normal,0,train,train_legacy,27,2,5,0,False,2,"{""length_ratio"": 6, ""meta_commentary"": 1}"
train_03917,src_4612eb4a2267dec87f51,Normal,0,train,train_legacy,328,2,0,2,True,0,{}
train_04764,src_4615db6e740f77730ffa,Depression,1,train,train_legacy,735,2,0,2,True,0,{}
train_01518,src_461f99db517f419aa248,Normal,0,train,train_legacy,100,2,0,2,True,0,{}
test_02276,src_46219a16ff08214335cf,Depression,1,test,test_nested,877,0,2,2,True,0,{}
train_04004,src_46256efd908e8d9a176e,Bipolar,3,train,train_legacy,591,2,1,2,True,0,"{""meta_commentary"": 1}"
train_03560,src_46304067d583b62c301b,Bipolar,3,train,train_legacy,823,2,0,2,True,0,{}
test_02417,src_4630f59df897dddc8cd3,Bipolar,3,test,test_nested,506,0,5,0,False,2,"{""meta_commentary"": 5}"
test_01990,src_463288cef57a8660886d,Normal,0,test,test_nested,42,0,4,2,True,0,"{""length_ratio"": 1, ""sbert"": 1}"
train_03090,src_463c43a5bfcd273b5301,Depression,1,train,train_legacy,954,2,0,2,True,0,{}
train_02135,src_463d4aca5b232beffb9c,Normal,0,train,train_legacy,44,2,0,2,True,0,{}
train_02944,src_46405afc377cc2bf2016,Depression,1,train,train_legacy,351,2,0,2,True,0,{}
train_02159,src_464c849d919e6743d60c,Normal,0,train,train_legacy,31,2,5,0,False,2,"{""length_ratio"": 3, ""meta_commentary"": 1, ""sbert"": 3}"
train_03525,src_465dcd8afe9b5bf94599,Anxiety,2,train,train_legacy,532,2,0,2,True,0,{}
test_02390,src_466036b05548b575bd99,Anxiety,2,test,test_nested,272,0,3,2,True,0,"{""sbert"": 1}"
train_03335,src_46611577a54fd494991c,Bipolar,3,train,train_legacy,373,2,0,2,True,0,{}
train_00676,src_46729546b32b6523442a,Normal,0,train,train_legacy,37,2,5,0,False,2,"{""length_ratio"": 6, ""sbert"": 1}"
train_02002,src_467341a037e5e45651ec,Bipolar,3,train,train_legacy,1109,2,0,2,True,0,{}
test_02381,src_467b6ef081546b02d6ee,Anxiety,2,test,test_nested,1148,0,2,2,True,0,{}
test_00911,src_467d95c45517c35d97a9,Anxiety,2,test,test_nested,400,0,2,2,True,0,{}
train_01710,src_467e60f0ae5f53d01bc9,Bipolar,3,train,train_legacy,1187,2,1,2,True,0,"{""meta_commentary"": 1}"
train_05587,src_467ee66aac4e2a3628d3,Depression,1,train,train_legacy,1471,2,0,2,True,0,{}
train_02411,src_46801fcf4ee750b2e386,Normal,0,train,train_legacy,41,2,2,2,True,0,"{""sbert"": 2}"
test_01322,src_4680549a3a1fc7d47d16,Depression,1,test,test_nested,266,0,2,2,True,0,{}
train_04531,src_468ffe2b0c0847d25ab1,Normal,0,train,train_legacy,79,2,0,2,True,0,{}
val_search_00063,src_469ea26c29c711b522d0,Anxiety,2,train,train_added,815,2,5,1,False,1,"{""meta_commentary"": 6}"
train_04997,src_46a148e4e600ce1674a3,Anxiety,2,train,train_legacy,1383,2,2,2,True,0,"{""meta_commentary"": 2}"
train_04526,src_46a8a172c6638f66b8cc,Anxiety,2,train,train_legacy,855,2,0,2,True,0,{}
train_05171,src_46c7afbc47d04036cb5b,Normal,0,train,train_legacy,20,2,0,2,True,0,{}
train_05328,src_46c7b45440d6681d44fe,Anxiety,2,train,train_legacy,578,2,0,2,True,0,{}
train_03568,src_46c7fb8ebbebb62444f2,Depression,1,train,train_legacy,3681,2,5,0,False,2,"{""meta_commentary"": 7}"
train_02897,src_46c837cc5e069cb886b2,Normal,0,train,train_legacy,28,2,4,2,True,0,"{""length_ratio"": 4}"
test_00690,src_46cea39dc1fb7c1772ec,Anxiety,2,test,test_nested,1955,0,2,2,True,0,{}
train_03466,src_46d0756637715568fb5e,Bipolar,3,train,train_legacy,1018,2,0,2,True,0,{}
train_02468,src_46d24b08835148a1da47,Normal,0,train,train_legacy,24,2,2,2,True,0,"{""length_ratio"": 1, ""sbert"": 1}"
train_00886,src_46df88d4600d8fd63600,Anxiety,2,train,train_legacy,530,2,0,2,True,0,{}
train_03274,src_46e61f5e516128b205fc,Bipolar,3,train,train_legacy,874,2,0,2,True,0,{}
train_04590,src_46ecce9315c989f0278e,Anxiety,2,train,train_legacy,18,2,5,0,False,2,"{""length_ratio"": 3, ""sbert"": 4}"
test_01340,src_46f6997f7900ede67b39,Normal,0,test,test_nested,49,0,5,0,False,2,"{""refusal"": 5}"
train_05582,src_46ff4458b54e8bc492cf,Bipolar,3,train,train_legacy,2927,2,0,2,True,0,{}
test_02077,src_4705bd3d00cb14d906fa,Normal,0,test,test_nested,20,0,5,0,False,2,"{""length_ratio"": 3, ""sbert"": 2}"
test_00921,src_470f8f96d05ebfc2616f,Anxiety,2,train,train_added,1546,2,0,2,True,0,{}
train_01799,src_471258edf06980c8831e,Depression,1,train,train_legacy,358,2,0,2,True,0,{}
train_02985,src_47131949cd025f9a3d9e,Bipolar,3,train,train_legacy,278,2,0,2,True,0,{}
train_05705,src_47174aae0cd349f50cc2,Bipolar,3,train,train_legacy,712,2,0,2,True,0,{}
train_01058,src_4721586e75f4a84a8652,Normal,0,train,train_legacy,25,2,5,0,False,2,"{""sbert"": 7}"
test_02322,src_47238a673a6c75ef30ca,Anxiety,2,test,test_nested,1565,0,2,2,True,0,{}
test_01531,src_47261831f81a7af9a6e8,Normal,0,test,test_nested,28,0,3,2,True,0,"{""length_ratio"": 1}"
train_05205,src_4726c05c785d7f030999,Depression,1,train,train_legacy,231,2,0,2,True,0,{}
train_02305,src_47289621f363ad0f3eae,Normal,0,train,train_legacy,93,2,0,2,True,0,{}
train_02669,src_472a7083ffb41affcd0c,Depression,1,train,train_legacy,457,2,0,2,True,0,{}
train_01863,src_4731896846a9191886f4,Depression,1,train,train_legacy,1879,2,0,2,True,0,{}
train_02105,src_47356aa2a503e0e0643b,Anxiety,2,train,train_legacy,869,2,5,1,False,1,"{""meta_commentary"": 6}"
train_01225,src_474060a8ff054d61f260,Bipolar,3,train,train_legacy,2159,2,0,2,True,0,{}
test_01360,src_474df8f6347f274647af,Depression,1,test,test_nested,136,0,5,1,False,1,"{""length_ratio"": 2, ""sbert"": 2}"
test_01466,src_47501edc4ef3bf7f7eeb,Normal,0,test,test_nested,12,0,5,0,False,2,"{""length_ratio"": 5}"
train_00013,src_4758d01bc58d827819a4,Depression,1,train,train_legacy,1231,2,0,2,True,0,{}
test_00855,src_475f6cbbe76dc45e1795,Anxiety,2,test,test_nested,654,0,2,2,True,0,{}
train_02515,src_47668582381f853cd4eb,Anxiety,2,train,train_legacy,316,2,0,2,True,0,{}
train_02701,src_477952acb695d102e931,Normal,0,train,train_legacy,42,2,0,2,True,0,{}
test_00682,src_4781c4f3d9d828f20c65,Bipolar,3,test,test_nested,1007,0,2,2,True,0,{}
train_04348,src_4787144d278954fe7d2d,Depression,1,train,train_legacy,2195,2,0,2,True,0,{}
train_02686,src_478f45c6df76f3ed7179,Depression,1,train,train_legacy,1351,2,5,0,False,2,"{""refusal"": 7}"
train_05083,src_479156a6f0e9a4294fe6,Bipolar,3,train,train_legacy,338,2,0,2,True,0,{}
train_02381,src_4792462d32d12ac958df,Depression,1,train,train_legacy,1235,2,0,2,True,0,{}
train_00259,src_479895745d94ebc925e6,Bipolar,3,train,train_legacy,367,2,0,2,True,0,{}
train_04352,src_479d7fef419f0aea14d2,Bipolar,3,train,train_legacy,509,2,0,2,True,0,{}
test_00023,src_47aa8799dcff482245bf,Normal,0,test,test_nested,130,0,2,2,True,0,{}
train_04265,src_47b3e0038234d9e53a15,Normal,0,train,train_legacy,42,2,0,2,True,0,{}
test_01104,src_47b9cf296cc6da3128d6,Normal,0,test,test_nested,20,0,3,2,True,0,{}
test_00520,src_47c8655205eedfeee78a,Anxiety,2,test,test_nested,317,0,2,2,True,0,{}
train_02211,src_47ce528a77c83a602d1b,Bipolar,3,train,train_legacy,4348,2,5,0,False,2,"{""meta_commentary"": 7}"
train_04307,src_47d18dad1514adc8f4d1,Anxiety,2,train,train_legacy,1449,2,0,2,True,0,{}
train_04487,src_47d7bdc5e13a1a948cca,Anxiety,2,train,train_legacy,2224,2,0,2,True,0,{}
train_04523,src_47db6d97a7d5a2306716,Bipolar,3,train,train_legacy,4072,2,4,2,True,0,"{""length_ratio"": 1, ""meta_commentary"": 3}"
train_02827,src_47df97d46cb451e8d72b,Normal,0,train,train_legacy,20,2,4,2,True,0,"{""length_ratio"": 4}"
train_04369,src_47eab18599360184a6e2,Normal,0,train,train_legacy,32,2,0,2,True,0,{}
train_02986,src_47f0f0ad9829faa34f1d,Normal,0,train,train_legacy,10,2,5,0,False,2,"{""length_ratio"": 4, ""sbert"": 3}"
val_confirm_00974,src_47f3ef9e301c0d8e8f6b,Anxiety,2,train,train_added,671,2,0,2,True,0,{}
train_02635,src_47f5065deed9558506a6,Normal,0,train,train_legacy,14,2,3,2,True,0,"{""length_ratio"": 3}"
train_00513,src_47f745b9d60cf2e45e1c,Depression,1,train,train_legacy,253,2,0,2,True,0,{}
train_00143,src_47fa8615f9b6ebd3aad3,Normal,0,train,train_legacy,38,2,2,2,True,0,"{""length_ratio"": 1, ""sbert"": 1}"
train_00189,src_4803eee775d6531dd600,Depression,1,train,train_legacy,318,2,0,2,True,0,{}
train_01958,src_48040a03e0cb431d0904,Depression,1,train,train_legacy,3795,2,5,0,False,2,"{""meta_commentary"": 3, ""refusal"": 4}"
train_01529,src_480a4476d4a7db6b3923,Anxiety,2,train,train_legacy,119,2,0,2,True,0,{}
train_02241,src_4823984de64523c95955,Bipolar,3,train,train_legacy,331,2,0,2,True,0,{}
test_01074,src_482828e6044cb79deaf5,Anxiety,2,test,test_nested,536,0,2,2,True,0,{}
train_04390,src_48286d695fc091f46f39,Bipolar,3,train,train_legacy,373,2,0,2,True,0,{}
train_05763,src_482d103796d9479cae6a,Depression,1,train,train_legacy,1212,2,0,2,True,0,{}
test_01015,src_48312b3d7cfae3ed5858,Normal,0,test,test_nested,35,0,5,1,False,1,"{""duplicate"": 1, ""length_ratio"": 2, ""sbert"": 1}"
val_confirm_00687,src_483bd99fc88f4e27fe30,Anxiety,2,train,train_added,876,2,1,2,True,0,"{""meta_commentary"": 1}"
test_02078,src_484e60f6de45b14b0913,Depression,1,test,test_nested,365,0,2,2,True,0,{}
train_02740,src_4852fa0b71488e256822,Normal,0,train,train_legacy,62,2,0,2,True,0,{}
train_04478,src_485764df8dfaf509601c,Anxiety,2,train,train_legacy,611,2,5,1,False,1,"{""meta_commentary"": 6}"
train_00054,src_486ec2101af374a7252d,Normal,0,train,train_legacy,63,2,0,2,True,0,{}
test_01437,src_4873d690886bf75cc01c,Anxiety,2,test,test_nested,722,0,2,2,True,0,{}
train_03777,src_4882af2a04fa4f0b2def,Bipolar,3,train,train_legacy,114,2,2,2,True,0,"{""length_ratio"": 2}"
test_00311,src_48838406958554b98e2f,Bipolar,3,test,test_nested,240,0,2,2,True,0,{}
train_01364,src_488f0f6d11433b5eddfc,Normal,0,train,train_legacy,163,2,0,2,True,0,{}
train_05551,src_48934ee71d253b7439d5,Anxiety,2,train,train_legacy,46,2,2,2,True,0,"{""length_ratio"": 1, ""sbert"": 1}"
test_00660,src_48b0b2ac5adff301afb7,Anxiety,2,train,train_added,891,2,0,2,True,0,{}
test_00440,src_48b7eb710aa4c46695ea,Depression,1,train,train_added,231,2,0,2,True,0,{}
train_05022,src_48be5ac0de0c3c0d5229,Normal,0,train,train_legacy,23,2,4,2,True,0,"{""duplicate"": 1, ""sbert"": 3}"
train_01789,src_48c73e2be554427bcdd7,Depression,1,train,train_legacy,98,2,5,0,False,2,"{""length_ratio"": 7}"
test_02325,src_48de5b370517a6ed469d,Bipolar,3,test,test_nested,3566,0,5,0,False,2,"{""meta_commentary"": 5}"
test_00015,src_48df6b98183384b213b1,Depression,1,train,train_added,325,2,0,2,True,0,{}
train_02532,src_48ee454dc10e3bc54d08,Depression,1,train,train_legacy,324,2,0,2,True,0,{}
test_00936,src_490200ae2284c000c319,Depression,1,test,test_nested,633,0,2,2,True,0,{}
test_01577,src_49025b10380e2af603d3,Bipolar,3,test,test_nested,423,0,2,2,True,0,{}
train_02386,src_49042c0c94d2747e9bcc,Anxiety,2,train,train_legacy,577,2,0,2,True,0,{}
train_04205,src_49069c8112615171230a,Depression,1,train,train_legacy,569,2,0,2,True,0,{}
train_03080,src_4922ee202063770b12de,Anxiety,2,train,train_legacy,2095,2,0,2,True,0,{}
test_01608,src_49240b8df1557bba1000,Normal,0,test,test_nested,92,0,2,2,True,0,{}
train_01068,src_492d93d990a3b04446ca,Normal,0,train,train_legacy,322,2,0,2,True,0,{}
train_03527,src_493e651ab96afcf5851a,Bipolar,3,train,train_legacy,1762,2,0,2,True,0,{}
train_03920,src_4945a70fa7f9c13fe193,Normal,0,train,train_legacy,5,2,5,0,False,2,"{""sbert"": 7}"
train_00118,src_49493ca6f0681691feb4,Anxiety,2,train,train_legacy,605,2,0,2,True,0,{}
test_01652,src_4951fa62fdd45175a45e,Normal,0,test,test_nested,847,0,2,2,True,0,{}
val_search_00213,src_4953d5dbbc8dcf51ad09,Normal,0,train,train_added,22,2,5,0,False,2,"{""length_ratio"": 3, ""sbert"": 4}"
train_03237,src_495c83298d784c67e17e,Anxiety,2,train,train_legacy,33,2,5,1,False,1,"{""length_ratio"": 3, ""sbert"": 3}"
test_02399,src_49833b4785880498d84a,Bipolar,3,test,test_nested,1223,0,2,2,True,0,{}
test_00399,src_498a6b8c8740abc62e9b,Anxiety,2,test,test_nested,215,0,2,2,True,0,{}
test_00292,src_498e1e8565da1f828629,Depression,1,test,test_nested,1347,0,2,2,True,0,{}
train_04569,src_498f5275b069f99e0aef,Anxiety,2,train,train_legacy,605,2,0,2,True,0,{}
val_confirm_00454,src_49a07b2453585d9420d4,Depression,1,train,train_added,270,2,2,2,True,0,"{""length_ratio"": 2}"
test_01808,src_49a598ce9e689e990926,Normal,0,train,train_added,25,2,5,0,False,2,"{""length_ratio"": 7}"
test_01957,src_49a8e0179a483cdbbf62,Anxiety,2,test,test_nested,238,0,2,2,True,0,{}
train_04089,src_49ac4481f1fb592dd45f,Depression,1,train,train_legacy,370,2,0,2,True,0,{}
test_01008,src_49b2da52feb6001e7800,Bipolar,3,test,test_nested,496,0,2,2,True,0,{}
train_00925,src_49c22fb5f5300f4e74ba,Normal,0,train,train_legacy,568,2,0,2,True,0,{}
train_05235,src_49c4aa6407cd1f68853e,Bipolar,3,train,train_legacy,990,2,0,2,True,0,{}
train_05209,src_49ca4edf7a309da89d42,Anxiety,2,train,train_legacy,1693,2,0,2,True,0,{}
train_04955,src_49dd036bc54155f9e519,Anxiety,2,train,train_legacy,43,2,5,1,False,1,"{""length_ratio"": 1, ""sbert"": 5}"
train_02029,src_49e0700da74c114a2b84,Depression,1,train,train_legacy,1683,2,0,2,True,0,{}
train_05910,src_49e85d5153e104264f65,Normal,0,train,train_legacy,95,2,0,2,True,0,{}
train_00225,src_49eef28085acf982666d,Normal,0,train,train_legacy,466,2,0,2,True,0,{}
train_05723,src_49f35d580a7c76483263,Depression,1,train,train_legacy,1930,2,0,2,True,0,{}
val_confirm_00766,src_49f4431d2a60bbbf1246,Depression,1,train,train_added,134,2,1,2,True,0,"{""length_ratio"": 1}"
train_05965,src_49fa6a05fa6499a44d97,Anxiety,2,train,train_legacy,1264,2,0,2,True,0,{}
test_01607,src_49feea23926e3cfd0a1d,Anxiety,2,test,test_nested,447,0,2,2,True,0,{}
test_01958,src_4a093dc22383a70bc9e7,Depression,1,train,train_added,277,2,0,2,True,0,{}
test_00731,src_4a0ca06dcf65990350ee,Anxiety,2,test,test_nested,259,0,2,2,True,0,{}
train_03952,src_4a113ad81bf004b33b77,Bipolar,3,train,train_legacy,258,2,0,2,True,0,{}
test_02127,src_4a13a239d775ce746a1e,Normal,0,test,test_nested,24,0,5,0,False,2,"{""length_ratio"": 4, ""sbert"": 1}"
train_02084,src_4a15e517645f6e5d5b31,Depression,1,train,train_legacy,1420,2,0,2,True,0,{}
train_00212,src_4a2297b40c8e94b81a40,Anxiety,2,train,train_legacy,350,2,1,2,True,0,"{""meta_commentary"": 1}"
train_04874,src_4a22c2713acd988284d2,Depression,1,train,train_legacy,2312,2,0,2,True,0,{}
train_01673,src_4a248ae02b8c1f9b702d,Depression,1,train,train_legacy,87,2,5,0,False,2,"{""refusal"": 7}"
train_00749,src_4a24f8f71c7083b624a1,Bipolar,3,train,train_legacy,1127,2,0,2,True,0,{}
train_04602,src_4a2721757dd13817d230,Normal,0,train,train_legacy,134,2,4,2,True,0,"{""length_ratio"": 4}"
train_04377,src_4a307276bac08330b3e5,Normal,0,train,train_legacy,38,2,0,2,True,0,{}
train_03184,src_4a309ce2d18c6ba131b0,Bipolar,3,train,train_legacy,1101,2,0,2,True,0,{}
test_00907,src_4a32117ef5e3eb88edb9,Anxiety,2,test,test_nested,1120,0,2,2,True,0,{}
test_00332,src_4a3ba2cb92426f8d835a,Depression,1,test,test_nested,389,0,2,2,True,0,{}
val_confirm_00468,src_4a3e0c16e14507699b17,Depression,1,train,train_added,228,2,0,2,True,0,{}
train_01715,src_4a49c60007ddd398402e,Bipolar,3,train,train_legacy,2348,2,0,2,True,0,{}
train_00493,src_4a4cdc95f5da7d5d72a9,Depression,1,train,train_legacy,198,2,1,2,True,0,"{""sbert"": 1}"
train_03029,src_4a639e9138f057b509a3,Normal,0,train,train_legacy,11,2,5,1,False,1,"{""duplicate"": 1, ""length_ratio"": 5}"
test_00885,src_4a666b875e57214a4c92,Bipolar,3,test,test_nested,560,0,2,2,True,0,{}
train_00469,src_4a679f7aeee18a0854d7,Bipolar,3,train,train_legacy,470,2,0,2,True,0,{}
train_05331,src_4a711c0c7e8915135f58,Normal,0,train,train_legacy,95,2,0,2,True,0,{}
test_00487,src_4a755bfa4cff3436bc5d,Anxiety,2,test,test_nested,1927,0,2,2,True,0,{}
test_00761,src_4a762a0b352ca1d67d7b,Depression,1,train,train_added,141,2,0,2,True,0,{}
train_05377,src_4a77cacef178d165b0e5,Depression,1,train,train_legacy,718,2,0,2,True,0,{}
train_01693,src_4a84ea97c0297780a141,Normal,0,train,train_legacy,16,2,1,2,True,0,"{""length_ratio"": 1}"
train_05316,src_4a86bbcc800181087c42,Depression,1,train,train_legacy,1007,2,0,2,True,0,{}
train_02788,src_4a8a963f29ee822ba2d3,Depression,1,train,train_legacy,64,2,3,2,True,0,"{""length_ratio"": 2, ""sbert"": 1}"
train_00604,src_4a9d3141bdfceb65877f,Anxiety,2,train,train_legacy,511,2,0,2,True,0,{}
train_00035,src_4a9ea4024f1b16822340,Normal,0,train,train_legacy,33,2,0,2,True,0,{}
train_05780,src_4aa0be46d29996b16d2d,Anxiety,2,train,train_legacy,508,2,0,2,True,0,{}
test_00042,src_4aa17e40ebb31d6baf57,Depression,1,test,test_nested,822,0,2,2,True,0,{}
train_01974,src_4aa20f33f8c2a3f44c25,Bipolar,3,train,train_legacy,752,2,1,2,True,0,"{""meta_commentary"": 1}"
train_02905,src_4aa956b5d2f658af4253,Normal,0,train,train_legacy,120,2,5,1,False,1,"{""meta_commentary"": 1, ""sbert"": 5}"
val_confirm_00034,src_4aaf5458a6c0d76a8009,Bipolar,3,train,train_added,1109,2,4,2,True,0,"{""meta_commentary"": 4}"
train_05823,src_4ac096bcae2178984eb4,Depression,1,train,train_legacy,318,2,0,2,True,0,{}
train_04134,src_4ac1f548bdad5ecaeacb,Depression,1,train,train_legacy,196,2,1,2,True,0,"{""sbert"": 1}"
train_04435,src_4ac2005be3b3b8ebcb38,Depression,1,train,train_legacy,509,2,0,2,True,0,{}
train_05982,src_4ac879e4092e64ae1049,Anxiety,2,train,train_legacy,2679,2,5,0,False,2,"{""meta_commentary"": 7}"
train_04589,src_4adab4ac20d038ebd5dd,Bipolar,3,train,train_legacy,328,2,0,2,True,0,{}
val_search_00271,src_4ae16a9133923f1bd55b,Anxiety,2,train,train_added,23,2,5,2,True,0,"{""length_ratio"": 5}"
test_00246,src_4afc3882dff18100fdc8,Bipolar,3,test,test_nested,729,0,2,2,True,0,{}
train_01804,src_4aff01eeb69fa210c5a2,Bipolar,3,train,train_legacy,1734,2,5,0,False,2,"{""refusal"": 7}"
test_01043,src_4affa762f385225c5776,Bipolar,3,test,test_nested,535,0,2,2,True,0,{}
test_00611,src_4b00196f30d8ae6d4958,Bipolar,3,test,test_nested,511,0,2,2,True,0,{}
train_04283,src_4b0479a6fbb1c9dca9b4,Bipolar,3,train,train_legacy,330,2,0,2,True,0,{}
test_01695,src_4b0694d204c354852ab7,Depression,1,test,test_nested,702,0,2,2,True,0,{}
train_03162,src_4b1605133567edff93ad,Bipolar,3,train,train_legacy,794,2,1,2,True,0,"{""meta_commentary"": 1}"
train_04396,src_4b226bc7e126b6878782,Depression,1,train,train_legacy,25,2,5,0,False,2,"{""length_ratio"": 7}"
train_04964,src_4b381e539109875b0ba4,Anxiety,2,train,train_legacy,1740,2,4,2,True,0,"{""meta_commentary"": 4}"
train_05704,src_4b417156a09db7f53ba5,Anxiety,2,train,train_legacy,3380,2,0,2,True,0,{}
train_02356,src_4b41e0999681283b4f37,Anxiety,2,train,train_legacy,2421,2,0,2,True,0,{}
val_confirm_00793,src_4b428177399a9dbf044f,Normal,0,train,train_added,51,2,0,2,True,0,{}
train_04384,src_4b444f21fb93f48d9754,Bipolar,3,train,train_legacy,548,2,0,2,True,0,{}
train_04387,src_4b5377b9563f8760aa49,Bipolar,3,train,train_legacy,103,2,1,2,True,0,"{""length_ratio"": 1}"
train_01239,src_4b5d078b9bed497d09d1,Bipolar,3,train,train_legacy,1036,2,0,2,True,0,{}
train_02184,src_4b6220e0e60a8d6f314a,Depression,1,train,train_legacy,418,2,0,2,True,0,{}
train_05367,src_4b68a69ed07f7a5d6957,Anxiety,2,train,train_legacy,860,2,0,2,True,0,{}
test_00260,src_4b6c92f3757d04840e9c,Bipolar,3,test,test_nested,357,0,3,2,True,0,"{""sbert"": 1}"
train_03542,src_4b797a43376fa1fd0cdd,Depression,1,train,train_legacy,3253,2,0,2,True,0,{}
train_03639,src_4b826eb750b9e8053d6f,Normal,0,train,train_legacy,55,2,1,2,True,0,"{""sbert"": 1}"
train_00963,src_4b82de973453c97a8d93,Bipolar,3,train,train_legacy,357,2,1,2,True,0,"{""meta_commentary"": 1}"
test_01048,src_4b85dab7e4fff7ab2974,Anxiety,2,train,train_added,1632,2,0,2,True,0,{}
test_01638,src_4b8a7bf3b7e8e113c0f9,Depression,1,train,train_added,24,2,5,0,False,2,"{""meta_commentary"": 1, ""refusal"": 6}"
train_00358,src_4b9b123b65dc419427ed,Bipolar,3,train,train_legacy,479,2,0,2,True,0,{}
train_00959,src_4b9ff5a95ca917ab716c,Anxiety,2,train,train_legacy,481,2,0,2,True,0,{}
train_04392,src_4ba512b4cece8425d963,Normal,0,train,train_legacy,57,2,5,0,False,2,"{""sbert"": 7}"
train_03318,src_4baef9d08c56b31c6cda,Normal,0,train,train_legacy,43,2,1,2,True,0,"{""length_ratio"": 1}"
train_03216,src_4bbce5f2f122e2c198ba,Anxiety,2,train,train_legacy,1715,2,0,2,True,0,{}
train_04970,src_4bbfc22656dfa6c05513,Depression,1,train,train_legacy,1003,2,0,2,True,0,{}
val_confirm_00497,src_4bd6fafae3d32c1bd7ec,Anxiety,2,train,train_added,831,2,2,2,True,0,"{""meta_commentary"": 2}"
train_00572,src_4be889fdcd0db0053480,Anxiety,2,train,train_legacy,76,2,5,2,True,0,"{""length_ratio"": 2, ""sbert"": 3}"
test_00352,src_4bea174ee17f990b6400,Bipolar,3,test,test_nested,1127,0,2,2,True,0,{}
train_02277,src_4bfb6dbfa76f010bd9aa,Depression,1,train,train_legacy,43,2,1,2,True,0,"{""sbert"": 1}"
val_confirm_00302,src_4c008001a5760aa4b744,Normal,0,train,train_added,153,2,3,2,True,0,"{""length_ratio"": 2, ""meta_commentary"": 1}"
test_01457,src_4c1c6b4344aeefb961f0,Bipolar,3,train,train_added,320,2,0,2,True,0,{}
train_03787,src_4c204dc57cf2fde04a48,Depression,1,train,train_legacy,684,2,0,2,True,0,{}
train_02061,src_4c2f39e97aa4b561e7c3,Bipolar,3,train,train_legacy,868,2,0,2,True,0,{}
val_confirm_00569,src_4c30d77fbcbc2226d189,Normal,0,train,train_added,353,2,0,2,True,0,{}
train_02340,src_4c364d7b31970f248850,Depression,1,train,train_legacy,1079,2,0,2,True,0,{}
train_02219,src_4c3a24a90a2b08c38a8f,Bipolar,3,train,train_legacy,376,2,0,2,True,0,{}
train_01342,src_4c3e09ddfc5dabb75355,Anxiety,2,train,train_legacy,27,2,5,0,False,2,"{""length_ratio"": 2, ""sbert"": 5}"
train_04779,src_4c4457549eae28cca17b,Bipolar,3,train,train_legacy,1080,2,0,2,True,0,{}
test_02300,src_4c5bb2f8a01ba9d53f83,Depression,1,test,test_nested,637,0,2,2,True,0,{}
train_05806,src_4c5f4646aec39a37f69f,Normal,0,train,train_legacy,8,2,5,0,False,2,"{""length_ratio"": 6, ""sbert"": 1}"
train_00060,src_4c697522b0098699de1c,Depression,1,train,train_legacy,91,2,1,2,True,0,"{""meta_commentary"": 1}"
train_04017,src_4c699c63923d54fe85ab,Depression,1,train,train_legacy,2533,2,2,2,True,0,"{""length_ratio"": 2}"
test_01147,src_4c76b8b5a88aad5c8c15,Anxiety,2,test,test_nested,624,0,2,2,True,0,{}
train_04517,src_4c81d745ac235015e0c1,Anxiety,2,train,train_legacy,505,2,4,2,True,0,"{""meta_commentary"": 4}"
train_04541,src_4c8356265d71b3de6829,Anxiety,2,train,train_legacy,1653,2,0,2,True,0,{}
val_search_00228,src_4c88c76ca90445aeab0c,Anxiety,2,train,train_added,1464,2,0,2,True,0,{}
train_05266,src_4c8c0952e6e564f8a85a,Anxiety,2,train,train_legacy,1043,2,1,2,True,0,"{""meta_commentary"": 1}"
train_05652,src_4c8d803bb4febd06fd29,Bipolar,3,train,train_legacy,154,2,0,2,True,0,{}
val_confirm_00568,src_4c91abcf40585bcf380d,Depression,1,train,train_added,460,2,0,2,True,0,{}
train_02227,src_4c9b1fc2937a981708b7,Anxiety,2,train,train_legacy,71,2,5,1,False,1,"{""length_ratio"": 1, ""sbert"": 5}"
test_00554,src_4c9beb97b8ef13478d6f,Normal,0,train,train_added,55,2,1,2,True,0,"{""length_ratio"": 1}"
test_00149,src_4c9c3ce13e9edb11a54e,Normal,0,train,train_added,36,2,5,0,False,2,"{""length_ratio"": 5, ""sbert"": 2}"
train_02317,src_4ca28a3fb5a2d9eb3089,Bipolar,3,train,train_legacy,1557,2,0,2,True,0,{}
train_04799,src_4ca2a028fa968987fcbd,Depression,1,train,train_legacy,117,2,0,2,True,0,{}
train_03458,src_4cafddce2c9a64003326,Bipolar,3,train,train_legacy,583,2,0,2,True,0,{}
train_03302,src_4cb3af7adceb62b27cf6,Bipolar,3,train,train_legacy,200,2,0,2,True,0,{}
test_01712,src_4cb68df377376eee3660,Bipolar,3,test,test_nested,451,0,2,2,True,0,{}
test_02043,src_4cbabfa61eaa1ec38716,Depression,1,test,test_nested,80,0,5,1,False,1,"{""sbert"": 4}"
test_02042,src_4cc0bb672980a770468a,Depression,1,test,test_nested,106,0,3,2,True,0,"{""sbert"": 1}"
train_04327,src_4cc2db602089acc92077,Depression,1,train,train_legacy,94,2,0,2,True,0,{}
train_04177,src_4cc43060615ece13a049,Bipolar,3,train,train_legacy,421,2,0,2,True,0,{}
train_01119,src_4cc9970daa5a2248a97b,Anxiety,2,train,train_legacy,534,2,1,2,True,0,"{""meta_commentary"": 1}"
train_00874,src_4ccbb7b0257a4cb864e9,Bipolar,3,train,train_legacy,27,2,0,2,True,0,{}
test_02137,src_4cce867b8d051202e1ed,Anxiety,2,train,train_added,775,2,0,2,True,0,{}
test_00576,src_4cd2089ce6050cda392e,Depression,1,test,test_nested,532,0,2,2,True,0,{}
train_04562,src_4ce3144fa52aed826806,Depression,1,train,train_legacy,433,2,0,2,True,0,{}
train_05094,src_4cea3cef278a6244eb82,Bipolar,3,train,train_legacy,451,2,0,2,True,0,{}
test_01830,src_4cfa6919634434556f48,Normal,0,test,test_nested,24,0,3,2,True,0,"{""sbert"": 1}"
train_04921,src_4d010e0fbdf7b60c391a,Bipolar,3,train,train_legacy,225,2,0,2,True,0,{}
train_01690,src_4d0ac7d530270fa5bf36,Anxiety,2,train,train_legacy,518,2,1,2,True,0,"{""meta_commentary"": 1}"
train_00492,src_4d11e5c8b5f3f1b4190d,Normal,0,train,train_legacy,12,2,5,0,False,2,"{""length_ratio"": 1, ""refusal"": 1, ""sbert"": 5}"
train_03847,src_4d1af9c48bbe9a093c5d,Anxiety,2,train,train_legacy,1320,2,1,2,True,0,"{""meta_commentary"": 1}"
train_04815,src_4d1b723c61db5c75fa87,Depression,1,train,train_legacy,459,2,0,2,True,0,{}
train_02225,src_4d1cc0d2ae0fe5a0d887,Normal,0,train,train_legacy,128,2,0,2,True,0,{}
train_04782,src_4d1cd2200a0f6005c6c9,Depression,1,train,train_legacy,1040,2,5,1,False,1,"{""refusal"": 6}"
test_01073,src_4d22e626fdaf40469fa1,Normal,0,test,test_nested,1354,0,2,2,True,0,{}
train_01944,src_4d2e59594f12ee5665a8,Depression,1,train,train_legacy,2546,2,0,2,True,0,{}
train_04260,src_4d32073cc4dacf039740,Normal,0,train,train_legacy,22,2,5,0,False,2,"{""length_ratio"": 1, ""sbert"": 6}"
train_02979,src_4d3339fd400471d6778c,Bipolar,3,train,train_legacy,1336,2,0,2,True,0,{}
val_confirm_00616,src_4d353efd89608892016c,Normal,0,train,train_added,62,2,2,2,True,0,"{""sbert"": 2}"
test_00229,src_4d393c22e90c4f52200d,Bipolar,3,train,train_added,1456,2,0,2,True,0,{}
train_05289,src_4d3b99ab01b2821fa144,Normal,0,train,train_legacy,67,2,0,2,True,0,{}
train_02892,src_4d40b0556d0e4c2c6b0c,Anxiety,2,train,train_legacy,2489,2,1,2,True,0,"{""meta_commentary"": 1}"
train_02607,src_4d52bd1045724565b63a,Anxiety,2,train,train_legacy,641,2,0,2,True,0,{}
train_02645,src_4d5963227a5f5f1c4186,Anxiety,2,train,train_legacy,216,2,0,2,True,0,{}
test_02434,src_4d5b5db0708e9171e214,Bipolar,3,test,test_nested,294,0,2,2,True,0,{}
train_01396,src_4d5caeec7acf518610fe,Anxiety,2,train,train_legacy,232,2,0,2,True,0,{}
train_01628,src_4d68fdefc6367fa499d8,Depression,1,train,train_legacy,354,2,0,2,True,0,{}
test_01402,src_4d6be2ce27f217947a63,Depression,1,test,test_nested,915,0,2,2,True,0,{}
train_04659,src_4d72572d73d6850f9bd7,Normal,0,train,train_legacy,43,2,5,0,False,2,"{""length_ratio"": 2, ""sbert"": 5}"
test_01661,src_4d83d08a0b8fe80a9d11,Bipolar,3,test,test_nested,375,0,2,2,True,0,{}
val_search_00385,src_4d91f3ab6c09d4359481,Normal,0,train,train_added,37,2,5,0,False,2,"{""length_ratio"": 6, ""sbert"": 1}"
val_confirm_00196,src_4da52a73235802b5dd79,Bipolar,3,train,train_added,84,2,0,2,True,0,{}
test_01300,src_4daa7cd7337440c18565,Anxiety,2,test,test_nested,728,0,2,2,True,0,{}
train_01551,src_4dab89f664dacb58d666,Depression,1,train,train_legacy,193,2,1,2,True,0,"{""length_ratio"": 1}"
test_01716,src_4db6db128b0e996fad65,Anxiety,2,train,train_added,348,2,0,2,True,0,{}
test_01426,src_4db88b0fb6cfdd342f25,Anxiety,2,test,test_nested,924,0,3,2,True,0,"{""meta_commentary"": 1}"
test_01294,src_4dba9f436f7898c4ec52,Bipolar,3,train,train_added,1034,2,0,2,True,0,{}
train_02771,src_4dd5dbfa2fbcb78e23ff,Depression,1,train,train_legacy,4935,2,0,2,True,0,{}
test_00702,src_4dd8f5dd7618c36734cd,Normal,0,train,train_added,16,2,5,1,False,1,"{""length_ratio"": 5, ""sbert"": 1}"
train_01092,src_4de92271539657f93f8a,Normal,0,train,train_legacy,39,2,2,2,True,0,"{""length_ratio"": 2}"
train_00036,src_4dee7af4ff2700586664,Depression,1,train,train_legacy,132,2,0,2,True,0,{}
test_01728,src_4dfe55dbf17034564a97,Normal,0,test,test_nested,65,0,5,0,False,2,"{""sbert"": 5}"
train_05157,src_4e0277364dc9642d8545,Normal,0,train,train_legacy,128,2,0,2,True,0,{}
test_01592,src_4e0aa07f0b612e4694f8,Bipolar,3,test,test_nested,546,0,4,2,True,0,"{""meta_commentary"": 2}"
test_01037,src_4e0d7ded4e388654cf24,Anxiety,2,test,test_nested,20,0,5,0,False,2,"{""length_ratio"": 4, ""sbert"": 1}"
train_00299,src_4e13f0df719dc963dcbb,Bipolar,3,train,train_legacy,542,2,0,2,True,0,{}
test_01412,src_4e14186060dc095019ea,Normal,0,test,test_nested,23,0,5,0,False,2,"{""length_ratio"": 2, ""sbert"": 3}"
train_04290,src_4e14a92e2d2f76ef6b7e,Depression,1,train,train_legacy,391,2,0,2,True,0,{}
train_02474,src_4e241116a9132c743aa5,Bipolar,3,train,train_legacy,1025,2,0,2,True,0,{}
val_confirm_00954,src_4e2b78e50f856a9ab1ad,Depression,1,train,train_added,492,2,4,2,True,0,"{""meta_commentary"": 4}"
train_03570,src_4e3121f7688001174be4,Anxiety,2,train,train_legacy,428,2,0,2,True,0,{}
train_03157,src_4e314b1bd95066029e26,Bipolar,3,train,train_legacy,2035,2,0,2,True,0,{}
test_00435,src_4e353a759d3472b89076,Anxiety,2,test,test_nested,958,0,2,2,True,0,{}
train_05624,src_4e3a4acaeefcb4d74cd5,Depression,1,train,train_legacy,490,2,0,2,True,0,{}
train_05598,src_4e409cd8c8c41bdbb3bd,Anxiety,2,train,train_legacy,33,2,5,0,False,2,"{""sbert"": 7}"
train_02239,src_4e48697485e2d63a8386,Depression,1,train,train_legacy,1192,2,0,2,True,0,{}
train_03912,src_4e4e8fa233931ce689a4,Depression,1,train,train_legacy,496,2,0,2,True,0,{}
test_01955,src_4e65ce3351d2c29930cd,Depression,1,test,test_nested,459,0,2,2,True,0,{}
train_01035,src_4e6b9db52d461787daf1,Normal,0,train,train_legacy,20,2,5,0,False,2,"{""length_ratio"": 4, ""sbert"": 3}"
test_00485,src_4e6d30a055b670e88677,Anxiety,2,test,test_nested,700,0,2,2,True,0,{}
train_02247,src_4e70410731591ae18fe5,Normal,0,train,train_legacy,358,2,1,2,True,0,"{""sbert"": 1}"
test_00437,src_4e78a70789c536bb7642,Anxiety,2,test,test_nested,905,0,2,2,True,0,{}
train_05283,src_4e78d64c37c1842c940f,Depression,1,train,train_legacy,367,2,0,2,True,0,{}
test_01578,src_4e7f53ffa5766634f856,Anxiety,2,test,test_nested,578,0,2,2,True,0,{}
train_03420,src_4e801209ec027433ff8e,Depression,1,train,train_legacy,524,2,0,2,True,0,{}
train_01970,src_4e8a164ef6395845a52a,Anxiety,2,train,train_legacy,119,2,0,2,True,0,{}
train_00009,src_4ebdd0c0e399e060635a,Anxiety,2,train,train_legacy,576,2,0,2,True,0,{}
train_02841,src_4ec01c5bef26f854e548,Bipolar,3,train,train_legacy,315,2,0,2,True,0,{}
train_04550,src_4ec4bbb884a3923cee15,Normal,0,train,train_legacy,22,2,5,0,False,2,"{""sbert"": 7}"
train_04716,src_4ec6383228bc83cb51a9,Depression,1,train,train_legacy,195,2,5,0,False,2,"{""refusal"": 7}"
train_03019,src_4ed4f2a7dd2eebd020b1,Normal,0,train,train_legacy,46,2,5,1,False,1,"{""sbert"": 6}"
train_04714,src_4eda41ff1b7c003f295c,Depression,1,train,train_legacy,3041,2,0,2,True,0,{}
train_01085,src_4ee41fcd7e4dfc74282a,Normal,0,train,train_legacy,19,2,4,2,True,0,"{""length_ratio"": 4}"
val_confirm_00219,src_4ee59605c7a9922e00aa,Depression,1,train,train_added,91,2,5,0,False,2,"{""length_ratio"": 2, ""refusal"": 3, ""sbert"": 2}"
train_00759,src_4ee93a7d9a827245b1fe,Depression,1,train,train_legacy,234,2,5,0,False,2,"{""refusal"": 7}"
train_01701,src_4eecc332a0d27837a7dc,Anxiety,2,train,train_legacy,2179,2,1,2,True,0,"{""meta_commentary"": 1}"
train_01025,src_4eefcba8d4f262216ddd,Depression,1,train,train_legacy,272,2,1,2,True,0,"{""refusal"": 1}"
test_01262,src_4ef3895ab0d2f1c6d2d1,Normal,0,test,test_nested,489,0,2,2,True,0,{}
train_05332,src_4efe2aebd16bbf01d732,Bipolar,3,train,train_legacy,1288,2,0,2,True,0,{}
train_00488,src_4f03320f804253367ba7,Depression,1,train,train_legacy,166,2,0,2,True,0,{}
train_05894,src_4f09a6a1acbaa620a0d1,Normal,0,train,train_legacy,103,2,0,2,True,0,{}
test_00285,src_4f0d7ecd88b101f83542,Bipolar,3,test,test_nested,733,0,2,2,True,0,{}
train_02144,src_4f159747d55f7b2c7f6c,Anxiety,2,train,train_legacy,4307,2,1,2,True,0,"{""meta_commentary"": 1}"
train_00127,src_4f1a562e74026433045d,Bipolar,3,train,train_legacy,912,2,0,2,True,0,{}
train_05250,src_4f2615b079e29a72cfd9,Anxiety,2,train,train_legacy,246,2,0,2,True,0,{}
test_00185,src_4f2e66674c66ad4176f8,Bipolar,3,test,test_nested,441,0,2,2,True,0,{}
train_04121,src_4f379cf74c87ce201db8,Anxiety,2,train,train_legacy,1046,2,0,2,True,0,{}
train_01794,src_4f3acd8a09f50c1e6397,Bipolar,3,train,train_legacy,789,2,0,2,True,0,{}
train_00106,src_4f4361b458346a907312,Anxiety,2,train,train_legacy,1576,2,1,2,True,0,"{""meta_commentary"": 1}"
train_03456,src_4f4b0a32e1ff18213082,Normal,0,train,train_legacy,117,2,0,2,True,0,{}
train_02143,src_4f4b23ea9d7545067c95,Bipolar,3,train,train_legacy,932,2,4,2,True,0,"{""meta_commentary"": 4}"
train_05112,src_4f4bfb076d5423670b84,Bipolar,3,train,train_legacy,428,2,5,1,False,1,"{""meta_commentary"": 6}"
train_05682,src_4f4fd9cf58e8f96394d1,Bipolar,3,train,train_legacy,356,2,1,2,True,0,"{""meta_commentary"": 1}"
train_03210,src_4f59d61bd8af348e8791,Depression,1,train,train_legacy,536,2,0,2,True,0,{}
test_00561,src_4f5f78a3f83a99ac73b5,Bipolar,3,test,test_nested,272,0,2,2,True,0,{}
train_04777,src_4f697a10d88b5fde62a5,Anxiety,2,train,train_legacy,330,2,0,2,True,0,{}
train_02186,src_4f712e28eb51de19e218,Anxiety,2,train,train_legacy,774,2,0,2,True,0,{}
train_03965,src_4f7ce33635ebe84a3ca5,Bipolar,3,train,train_legacy,236,2,0,2,True,0,{}
train_05864,src_4f84e60b7264905da37b,Bipolar,3,train,train_legacy,299,2,0,2,True,0,{}
train_04952,src_4f874d1880238c22cf2d,Depression,1,train,train_legacy,1253,2,0,2,True,0,{}
train_03673,src_4f96e8505584dede04b2,Anxiety,2,train,train_legacy,170,2,0,2,True,0,{}
train_00989,src_4f9873b5c293e265e269,Bipolar,3,train,train_legacy,674,2,0,2,True,0,{}
train_01542,src_4fa4c20bbcaa64a4752e,Bipolar,3,train,train_legacy,856,2,0,2,True,0,{}
train_05742,src_4fae1bd1480750ded205,Normal,0,train,train_legacy,25,2,5,0,False,2,"{""meta_commentary"": 4, ""refusal"": 3}"
train_05293,src_4faeb287111bd19cc54f,Bipolar,3,train,train_legacy,78,2,0,2,True,0,{}
train_03593,src_4fafd253ba1e278dfc80,Anxiety,2,train,train_legacy,984,2,0,2,True,0,{}
train_01709,src_4fb206741744f9e6f485,Bipolar,3,train,train_legacy,476,2,2,2,True,0,"{""meta_commentary"": 2}"
train_04416,src_4fbe1c266d4fe9937380,Bipolar,3,train,train_legacy,2609,2,0,2,True,0,{}
train_05650,src_4fbeb8ff8e07c71cf1f0,Normal,0,train,train_legacy,53,2,2,2,True,0,"{""sbert"": 2}"
train_04230,src_4fc386161d9f9a551866,Normal,0,train,train_legacy,36,2,0,2,True,0,{}
train_00982,src_4fdb9a55314614568b0e,Normal,0,train,train_legacy,32,2,4,2,True,0,"{""length_ratio"": 4}"
train_04030,src_4fdc3ab760c4262b12ac,Anxiety,2,train,train_legacy,451,2,1,2,True,0,"{""meta_commentary"": 1}"
test_01784,src_4fe0b2cbf9c0e0949239,Anxiety,2,test,test_nested,1053,0,2,2,True,0,{}
train_03065,src_4fe3107dbd6fd5b86d83,Bipolar,3,train,train_legacy,1029,2,2,2,True,0,"{""meta_commentary"": 2}"
train_02518,src_4fe589e6de5040d7707a,Normal,0,train,train_legacy,31,2,5,0,False,2,"{""length_ratio"": 7}"
train_05087,src_4fe95a7c8e2a853470ac,Anxiety,2,train,train_legacy,60,2,0,2,True,0,{}
train_02613,src_4febc1741ab6c3a8dfd6,Depression,1,train,train_legacy,399,2,0,2,True,0,{}
val_confirm_00185,src_4ff43a3f92562a56e994,Depression,1,train,train_added,1443,2,0,2,True,0,{}
train_02118,src_4ff7fc293f214f3bdc80,Normal,0,train,train_legacy,32,2,5,0,False,2,"{""length_ratio"": 7}"
train_03740,src_4ffbb026fdbe0663bbe4,Anxiety,2,train,train_legacy,3401,2,4,2,True,0,"{""meta_commentary"": 4}"
train_05734,src_5009572d334664c89700,Normal,0,train,train_legacy,41,2,4,2,True,0,"{""length_ratio"": 3, ""sbert"": 1}"
test_01937,src_500b95d0977382eca6a9,Normal,0,test,test_nested,279,0,2,2,True,0,{}
train_04053,src_50112168890f05ab3eef,Depression,1,train,train_legacy,983,2,0,2,True,0,{}
test_02375,src_501a607d048c79116144,Bipolar,3,test,test_nested,637,0,2,2,True,0,{}
train_04575,src_502ee86bc2e87d303237,Bipolar,3,train,train_legacy,396,2,0,2,True,0,{}
train_02457,src_5031fda6e6fcd4b15447,Bipolar,3,train,train_legacy,318,2,2,2,True,0,"{""length_ratio"": 2}"
train_00171,src_5035684757640ee5b8c9,Bipolar,3,train,train_legacy,325,2,0,2,True,0,{}
train_03841,src_504b7543880b1df1c4e5,Normal,0,train,train_legacy,235,2,1,2,True,0,"{""meta_commentary"": 1}"
train_03520,src_504be34adcbf1a4a8b60,Anxiety,2,train,train_legacy,268,2,0,2,True,0,{}
test_00948,src_5051e7324edb83d26930,Normal,0,test,test_nested,11,0,5,0,False,2,"{""sbert"": 5}"
train_00440,src_5058b870641d60d2b010,Depression,1,train,train_legacy,1049,2,5,0,False,2,"{""refusal"": 7}"
test_00121,src_505ecda57e1ba1e686b2,Bipolar,3,test,test_nested,1307,0,2,2,True,0,{}
val_search_00095,src_506525c6e33964a0853b,Normal,0,train,train_added,97,2,5,0,False,2,"{""refusal"": 7}"
train_00080,src_507d303db5cd32bbab37,Normal,0,train,train_legacy,60,2,5,1,False,1,"{""length_ratio"": 2, ""meta_commentary"": 4}"
train_00451,src_50829df4c7b355dd4f2c,Anxiety,2,train,train_legacy,1149,2,0,2,True,0,{}
test_01264,src_5088754593ef496872a0,Depression,1,train,train_added,89,2,0,2,True,0,{}
test_01962,src_5089088ff8656ba5f012,Anxiety,2,test,test_nested,803,0,2,2,True,0,{}
test_02129,src_508f3ba0cad470187193,Bipolar,3,test,test_nested,1044,0,2,2,True,0,{}
train_02644,src_509bc67f5aeff2fd3c85,Depression,1,train,train_legacy,355,2,0,2,True,0,{}
train_01243,src_50b370f8826db1859e8c,Normal,0,train,train_legacy,533,2,0,2,True,0,{}
test_00481,src_50bd7d5929a85d6fa174,Anxiety,2,train,train_added,744,2,0,2,True,0,{}
train_01434,src_50c24573239fd0e0d81d,Depression,1,train,train_legacy,2154,2,0,2,True,0,{}
train_03776,src_50c738012582e74e7643,Bipolar,3,train,train_legacy,1355,2,0,2,True,0,{}
test_02131,src_50c93461b9f7ce6b925d,Anxiety,2,test,test_nested,650,0,2,2,True,0,{}
train_01137,src_50c964dd75655b6d1541,Normal,0,train,train_legacy,162,2,1,2,True,0,"{""sbert"": 1}"
train_04926,src_50c9cf1fa14728fb6ba7,Normal,0,train,train_legacy,114,2,0,2,True,0,{}
train_04651,src_50d548cbe3a1421a6c8b,Anxiety,2,train,train_legacy,66,2,0,2,True,0,{}
train_00909,src_50e90a02d330b34b21c2,Bipolar,3,train,train_legacy,364,2,0,2,True,0,{}
test_00263,src_50ea249b4f7a67f8d755,Bipolar,3,test,test_nested,456,0,2,2,True,0,{}
train_03546,src_50f3c153c1cf88d2548b,Normal,0,train,train_legacy,35,2,5,1,False,1,"{""sbert"": 6}"
train_02046,src_50f3e8ce5cadc930b4a8,Anxiety,2,train,train_legacy,241,2,0,2,True,0,{}
test_00256,src_50f431046ecc020ecd6c,Bipolar,3,test,test_nested,128,0,2,2,True,0,{}
train_02715,src_50ff8daad0f4248267a0,Bipolar,3,train,train_legacy,78,2,0,2,True,0,{}
train_02265,src_5103694b2f8efa534bdb,Bipolar,3,train,train_legacy,1284,2,0,2,True,0,{}
val_search_00131,src_510b0a4c81db2acfec9b,Bipolar,3,train,train_added,1230,2,0,2,True,0,{}
train_01961,src_510f85dfff45ff321e61,Anxiety,2,train,train_legacy,490,2,0,2,True,0,{}
val_confirm_00443,src_5115e68408ab308e2f1d,Bipolar,3,train,train_added,922,2,0,2,True,0,{}
train_02814,src_5115ea01f30ac7b24cd7,Depression,1,train,train_legacy,702,2,0,2,True,0,{}
train_00742,src_51199cde34b5b708ff75,Depression,1,train,train_legacy,414,2,0,2,True,0,{}
train_04186,src_511a447fdeb6a46326aa,Normal,0,train,train_legacy,73,2,0,2,True,0,{}
train_05366,src_511ec692fee61d8f58f2,Normal,0,train,train_legacy,26,2,5,2,True,0,"{""length_ratio"": 2, ""meta_commentary"": 1, ""sbert"": 2}"
train_05649,src_5127887ae12023f4a9a0,Normal,0,train,train_legacy,97,2,0,2,True,0,{}
train_03680,src_5129272e9f7c9a22fca0,Anxiety,2,train,train_legacy,706,2,2,2,True,0,"{""meta_commentary"": 2}"
test_01232,src_513131bf7038f42a4921,Depression,1,test,test_nested,659,0,2,2,True,0,{}
test_00415,src_513e6036eddec7b5918d,Anxiety,2,train,train_added,2354,2,0,2,True,0,{}
train_01367,src_5143089e0b7e7c7a070b,Depression,1,train,train_legacy,843,2,0,2,True,0,{}
train_03236,src_514949553adde3b253c5,Depression,1,train,train_legacy,270,2,1,2,True,0,"{""refusal"": 1}"
test_01803,src_514a97ca9954037174ad,Anxiety,2,test,test_nested,241,0,2,2,True,0,{}
train_05501,src_5157250970292233f1f5,Anxiety,2,train,train_legacy,457,2,0,2,True,0,{}
val_confirm_00606,src_51588f0d5025ff996f65,Bipolar,3,train,train_added,273,2,0,2,True,0,{}
test_01350,src_5159b1db11e1ec1a410a,Bipolar,3,test,test_nested,845,0,2,2,True,0,{}
train_04843,src_5160ef93793f24f87d4f,Depression,1,train,train_legacy,1184,2,0,2,True,0,{}
train_03785,src_51613d202ebdf744ad86,Normal,0,train,train_legacy,59,2,5,1,False,1,"{""length_ratio"": 6}"
test_01202,src_5166c613abbea2107347,Depression,1,test,test_nested,1126,0,4,2,True,0,"{""refusal"": 2}"
train_00344,src_519128328db98489d562,Bipolar,3,train,train_legacy,1802,2,0,2,True,0,{}
train_03987,src_5192754500f806864dcf,Normal,0,train,train_legacy,8,2,5,0,False,2,"{""length_ratio"": 4, ""sbert"": 3}"
train_05544,src_51954de46fe98509d06f,Bipolar,3,train,train_legacy,1213,2,0,2,True,0,{}
train_04063,src_51a08e0bb6bf63d69d13,Normal,0,train,train_legacy,23,2,5,0,False,2,"{""meta_commentary"": 1, ""sbert"": 6}"
train_05733,src_51a99779919a9119c75f,Anxiety,2,train,train_legacy,342,2,0,2,True,0,{}
test_01574,src_51a9dd59af48d8d4cad7,Bipolar,3,test,test_nested,3389,0,5,0,False,2,"{""meta_commentary"": 5}"
train_02844,src_51ae3422955c87d9940e,Depression,1,train,train_legacy,1588,2,0,2,True,0,{}
test_01119,src_51b360257fbd662369e8,Bipolar,3,test,test_nested,373,0,2,2,True,0,{}
train_04700,src_51b4de19446ce436c3c7,Anxiety,2,train,train_legacy,3741,2,1,2,True,0,"{""length_ratio"": 1}"
train_01094,src_51bd235d118873e1b8dd,Depression,1,train,train_legacy,1104,2,0,2,True,0,{}
train_02680,src_51bdf76ce2a54dce34d1,Normal,0,train,train_legacy,55,2,0,2,True,0,{}
train_00501,src_51c16de49c2bf41763c1,Anxiety,2,train,train_legacy,125,2,0,2,True,0,{}
train_02488,src_51d6bddbd93e5fc1bb77,Anxiety,2,train,train_legacy,163,2,0,2,True,0,{}
val_search_00073,src_51d6eccbb44f102f1763,Depression,1,train,train_added,750,2,0,2,True,0,{}
test_01295,src_51e0f7e8753cef7fcbfb,Bipolar,3,test,test_nested,1467,0,2,2,True,0,{}
test_01434,src_51e9723189407672251d,Bipolar,3,test,test_nested,1697,0,5,0,False,2,"{""meta_commentary"": 5}"
train_02610,src_51ea1fcb386deb45f550,Anxiety,2,train,train_legacy,597,2,0,2,True,0,{}
train_05535,src_51ee485e68330a15b4ac,Depression,1,train,train_legacy,1869,2,0,2,True,0,{}
train_03989,src_51f3cd5612526fd1e232,Bipolar,3,train,train_legacy,435,2,0,2,True,0,{}
train_05284,src_51f996749e885c20783f,Bipolar,3,train,train_legacy,192,2,5,1,False,1,"{""sbert"": 6}"
train_05756,src_51fde48c8cbb092290dd,Anxiety,2,train,train_legacy,1480,2,1,2,True,0,"{""meta_commentary"": 1}"
train_02116,src_51ffa3b83eba019d59e3,Normal,0,train,train_legacy,25,2,3,2,True,0,"{""length_ratio"": 3}"
train_02732,src_52034e31ef77d3f16683,Bipolar,3,train,train_legacy,373,2,0,2,True,0,{}
train_01725,src_5204edc1833062ccca75,Normal,0,train,train_legacy,31,2,3,2,True,0,"{""length_ratio"": 3}"
train_00001,src_520b26d7fa16a0068ae4,Bipolar,3,train,train_legacy,1213,2,5,0,False,2,"{""meta_commentary"": 7}"
test_00931,src_521e83fc269c1da46f5f,Depression,1,test,test_nested,120,0,2,2,True,0,{}
train_05837,src_5232ca92a6c362da0c7f,Bipolar,3,train,train_legacy,419,2,0,2,True,0,{}
test_01581,src_52339ae416e3f427b610,Anxiety,2,test,test_nested,1006,0,2,2,True,0,{}
train_02769,src_523db8b4aaac82ac7383,Normal,0,train,train_legacy,424,2,0,2,True,0,{}
test_00954,src_52410660f9e53c4f43d6,Bipolar,3,train,train_added,299,2,1,2,True,0,"{""meta_commentary"": 1}"
train_02936,src_52494ccb9832c388a668,Depression,1,train,train_legacy,294,2,0,2,True,0,{}
val_confirm_00743,src_524f9409f4962a56b96c,Normal,0,train,train_added,16,2,5,1,False,1,"{""length_ratio"": 6}"
train_02829,src_525ad01dd6818634c86e,Bipolar,3,train,train_legacy,1194,2,0,2,True,0,{}
train_04829,src_525e9af4ce2e33281b54,Normal,0,train,train_legacy,23,2,5,0,False,2,"{""length_ratio"": 2, ""sbert"": 5}"
train_04743,src_525feaa7dab420f5918d,Anxiety,2,train,train_legacy,483,2,1,2,True,0,"{""meta_commentary"": 1}"
test_01311,src_5267a86dbfefb3d93792,Bipolar,3,test,test_nested,928,0,2,2,True,0,{}
train_00576,src_52691adcd2f701001b3b,Normal,0,train,train_legacy,26,2,5,0,False,2,"{""length_ratio"": 3, ""sbert"": 4}"
train_02330,src_526a39ef482bae9af3f3,Anxiety,2,train,train_legacy,927,2,0,2,True,0,{}
test_00897,src_526df33300e274001d55,Bipolar,3,test,test_nested,2527,0,5,0,False,2,"{""meta_commentary"": 5}"
test_02075,src_526e4bfa1c57c027f0b5,Depression,1,test,test_nested,218,0,5,1,False,1,"{""length_ratio"": 1, ""sbert"": 3}"
train_02173,src_526fe3c4c258d69da890,Depression,1,train,train_legacy,760,2,0,2,True,0,{}
test_01594,src_52704322d65c95e84683,Anxiety,2,train,train_added,2444,2,0,2,True,0,{}
train_00667,src_5275f90106b2d80921e2,Anxiety,2,train,train_legacy,51,2,2,2,True,0,"{""sbert"": 2}"
train_04914,src_528524e337e80aa16a6b,Anxiety,2,train,train_legacy,1571,2,0,2,True,0,{}
train_05633,src_5292e8ca695fc2b7ff6d,Depression,1,train,train_legacy,527,2,0,2,True,0,{}
train_02661,src_529327c34ac5c4f5693b,Depression,1,train,train_legacy,616,2,0,2,True,0,{}
train_03250,src_529578a975d44aae167b,Depression,1,train,train_legacy,9254,2,2,2,True,0,"{""length_ratio"": 1, ""meta_commentary"": 1}"
train_05317,src_52ae2968781cc7a37430,Normal,0,train,train_legacy,57,2,0,2,True,0,{}
train_03263,src_52aee1096e01db872969,Depression,1,train,train_legacy,3279,2,5,1,False,1,"{""meta_commentary"": 6}"
train_01284,src_52b64b55d5e729ec1424,Bipolar,3,train,train_legacy,1112,2,0,2,True,0,{}
train_04808,src_52b86909d47c0c6888ea,Normal,0,train,train_legacy,21,2,5,0,False,2,"{""length_ratio"": 3, ""sbert"": 4}"
val_confirm_01059,src_52cc347af219e08908d4,Normal,0,train,train_added,74,2,0,2,True,0,{}
train_01171,src_52ccf1d42b86177c30f9,Anxiety,2,train,train_legacy,406,2,0,2,True,0,{}
train_01968,src_52cdb60d41bceb0e5914,Bipolar,3,train,train_legacy,1676,2,0,2,True,0,{}
train_00298,src_52ce03763c90c98fc239,Bipolar,3,train,train_legacy,531,2,0,2,True,0,{}
train_02687,src_52cf9acd4e2d647b9c33,Anxiety,2,train,train_legacy,566,2,1,2,True,0,"{""meta_commentary"": 1}"
test_00616,src_52d44a575db2cd9ef5f1,Anxiety,2,test,test_nested,1246,0,2,2,True,0,{}
train_04037,src_52da23bdf87943b3f2bb,Depression,1,train,train_legacy,935,2,1,2,True,0,"{""meta_commentary"": 1}"
train_04992,src_52daf8ff5407396e8d21,Bipolar,3,train,train_legacy,1099,2,0,2,True,0,{}
train_03465,src_52dca84f58d969a66a88,Normal,0,train,train_legacy,62,2,5,2,True,0,"{""length_ratio"": 3, ""sbert"": 1}"
train_01873,src_52e0704a6d23d0019013,Depression,1,train,train_legacy,1116,2,0,2,True,0,{}
test_01274,src_52fd45cf88c7ccf28ff8,Anxiety,2,test,test_nested,324,0,2,2,True,0,{}
test_00234,src_5303b5fc8a1a589baaac,Anxiety,2,train,train_added,777,2,0,2,True,0,{}
train_02476,src_5304bc6dc78166bf795b,Anxiety,2,train,train_legacy,28,2,5,0,False,2,"{""length_ratio"": 4, ""sbert"": 3}"
train_00643,src_5309489a364cca99fc7d,Bipolar,3,train,train_legacy,440,2,0,2,True,0,{}
train_02699,src_530e8afa9097809581cc,Depression,1,train,train_legacy,1858,2,0,2,True,0,{}
train_03094,src_53136507b1deb6913617,Depression,1,train,train_legacy,63,2,3,2,True,0,"{""length_ratio"": 2, ""sbert"": 1}"
test_02481,src_5314831491e972670e06,Depression,1,test,test_nested,225,0,2,2,True,0,{}
train_05450,src_5327a4406b239f1f676b,Normal,0,train,train_legacy,45,2,1,2,True,0,"{""sbert"": 1}"
train_03946,src_53311d32746106cb6a6f,Anxiety,2,train,train_legacy,306,2,0,2,True,0,{}
train_02033,src_5337badec28f017b3764,Anxiety,2,train,train_legacy,1020,2,0,2,True,0,{}
val_confirm_00399,src_533d4c449b7c48b702a0,Depression,1,train,train_added,3322,2,0,2,True,0,{}
train_00038,src_533f59c529190e3bae15,Anxiety,2,train,train_legacy,117,2,0,2,True,0,{}
train_02856,src_533f8c9dd6d13d0d9de0,Anxiety,2,train,train_legacy,4335,2,5,1,False,1,"{""length_ratio"": 5, ""meta_commentary"": 1}"
val_confirm_01010,src_533f9918ffb3ed9993f5,Bipolar,3,train,train_added,391,2,0,2,True,0,{}
test_00398,src_5345075cda6cc192b2eb,Normal,0,train,train_added,45,2,0,2,True,0,{}
test_00768,src_5347019298c43e65a5be,Depression,1,test,test_nested,68,0,3,2,True,0,"{""length_ratio"": 1}"
train_03430,src_53470b54f1b561aa3c29,Bipolar,3,train,train_legacy,357,2,0,2,True,0,{}
train_04957,src_53553a7721f796583ac8,Normal,0,train,train_legacy,36,2,5,0,False,2,"{""sbert"": 7}"
test_02396,src_53576e14a6f3668479f3,Depression,1,test,test_nested,31,0,5,0,False,2,"{""length_ratio"": 4, ""sbert"": 1}"
train_01913,src_535e67e7e1419533ae37,Normal,0,train,train_legacy,73,2,0,2,True,0,{}
train_05027,src_5373ecd55c2c2d46a982,Bipolar,3,train,train_legacy,570,2,0,2,True,0,{}
train_00684,src_53784a07bacc2f80cc5f,Normal,0,train,train_legacy,25,2,5,0,False,2,"{""sbert"": 7}"
train_00359,src_538301fa50eddf34e168,Normal,0,train,train_legacy,13,2,5,0,False,2,"{""length_ratio"": 7}"
train_03962,src_538576e64485b6912935,Depression,1,train,train_legacy,931,2,0,2,True,0,{}
train_04118,src_538bfd74c499437c812c,Depression,1,train,train_legacy,380,2,0,2,True,0,{}
test_02306,src_5397d881a8baa95969a0,Depression,1,test,test_nested,915,0,2,2,True,0,{}
train_01654,src_53af6df54fa1e2761ff8,Depression,1,train,train_legacy,65,2,5,1,False,1,"{""length_ratio"": 6}"
test_01919,src_53b5d14eed9f2fd6b8a7,Anxiety,2,train,train_added,352,2,0,2,True,0,{}
train_05151,src_53bd468872257f930e59,Normal,0,train,train_legacy,35,2,3,2,True,0,"{""sbert"": 3}"
train_02243,src_53cbf28c2327118dc8d7,Anxiety,2,train,train_legacy,463,2,0,2,True,0,{}
test_02275,src_53d338d15cd4bcc2e96f,Anxiety,2,train,train_added,1634,2,0,2,True,0,{}
val_confirm_00054,src_53d4f6bcef4c3fe4d918,Anxiety,2,train,train_added,540,2,0,2,True,0,{}
train_03306,src_53db31f8979220613065,Bipolar,3,train,train_legacy,451,2,0,2,True,0,{}
train_04339,src_53e1eedad42d20199d5d,Anxiety,2,train,train_legacy,1070,2,0,2,True,0,{}
test_01285,src_53e48f8673276a84b8ac,Normal,0,test,test_nested,829,0,5,0,False,2,"{""refusal"": 5}"
train_05669,src_53e7a6a1b900f274e820,Depression,1,train,train_legacy,1120,2,0,2,True,0,{}
train_04287,src_53edc8ed9cf0c546fc5e,Normal,0,train,train_legacy,39,2,5,2,True,0,"{""length_ratio"": 1, ""sbert"": 4}"
train_00019,src_53f362e940a401e43aa6,Depression,1,train,train_legacy,1591,2,0,2,True,0,{}
test_00297,src_53f4473a7594a4cd4d23,Normal,0,test,test_nested,4,0,5,0,False,2,"{""length_ratio"": 2, ""meta_commentary"": 3}"
train_00093,src_53f547477264b0c69d84,Depression,1,train,train_legacy,1696,2,0,2,True,0,{}
train_01194,src_5402b68156537dac6a74,Normal,0,train,train_legacy,37,2,5,0,False,2,"{""refusal"": 7}"
val_confirm_00445,src_54046c7fe50823670d08,Bipolar,3,train,train_added,404,2,1,2,True,0,"{""meta_commentary"": 1}"
test_01702,src_5407d309652bde73607f,Depression,1,train,train_added,3999,2,4,2,True,0,"{""meta_commentary"": 4}"
test_01758,src_540879a9aa6ed7001aa2,Depression,1,test,test_nested,175,0,5,0,False,2,"{""length_ratio"": 1, ""refusal"": 4}"
test_00524,src_540c20c62c4dcfc1e6a0,Normal,0,test,test_nested,101,0,5,1,False,1,"{""sbert"": 4}"
train_03514,src_540d3951d9b70475053d,Depression,1,train,train_legacy,561,2,0,2,True,0,{}
test_01255,src_540f859e2fc510cd6ee3,Bipolar,3,test,test_nested,2049,0,2,2,True,0,{}
test_01639,src_5432788e9cfe324bee11,Depression,1,test,test_nested,2848,0,3,2,True,0,"{""refusal"": 1}"
train_01207,src_5432de1b4fa54d9c2fee,Depression,1,train,train_legacy,5972,2,5,0,False,2,"{""length_ratio"": 7}"
train_05023,src_5436176a53eca3444931,Normal,0,train,train_legacy,26,2,5,0,False,2,"{""length_ratio"": 5, ""sbert"": 2}"
test_01645,src_5438ab8acdba789c7767,Depression,1,test,test_nested,180,0,2,2,True,0,{}
test_00695,src_54510580252fe328b58a,Normal,0,test,test_nested,24,0,4,2,True,0,"{""length_ratio"": 2}"
train_02182,src_5454417192dd7831b5d2,Depression,1,train,train_legacy,740,2,1,2,True,0,"{""meta_commentary"": 1}"
test_00844,src_545640f00b5c0000f552,Bipolar,3,test,test_nested,1974,0,2,2,True,0,{}
train_03624,src_54576a9fce9a74a57697,Normal,0,train,train_legacy,54,2,3,2,True,0,"{""length_ratio"": 1, ""sbert"": 2}"
test_00575,src_546157e3664f657d2257,Depression,1,test,test_nested,350,0,3,2,True,0,"{""sbert"": 1}"
train_05716,src_54622d3e6c24d427558b,Depression,1,train,train_legacy,1084,2,0,2,True,0,{}
test_01372,src_5464a077a03b141a7a83,Bipolar,3,train,train_added,381,2,0,2,True,0,{}
train_02782,src_5467ef6a0ed427cc7f62,Normal,0,train,train_legacy,28,2,5,0,False,2,"{""length_ratio"": 5, ""meta_commentary"": 1, ""sbert"": 1}"
test_01002,src_546d559428d4e0611259,Depression,1,test,test_nested,672,0,2,2,True,0,{}
train_03937,src_547fdfe4d56ea49a7d46,Normal,0,train,train_legacy,25,2,2,2,True,0,"{""length_ratio"": 1, ""sbert"": 1}"
train_00547,src_548165b348217c556c86,Anxiety,2,train,train_legacy,609,2,5,2,True,0,"{""meta_commentary"": 5}"
test_00912,src_548308a46a5345dd1916,Anxiety,2,test,test_nested,559,0,2,2,True,0,{}
train_01591,src_54869b2011b0cc75a0c2,Normal,0,train,train_legacy,64,2,0,2,True,0,{}
val_search_00348,src_54993d9198f0933e0078,Depression,1,train,train_added,267,2,1,2,True,0,"{""length_ratio"": 1}"
train_00894,src_54b885a356846845ab62,Depression,1,train,train_legacy,979,2,5,0,False,2,"{""refusal"": 7}"
train_04398,src_54b8fc0bd997f171e9a7,Anxiety,2,train,train_legacy,592,2,0,2,True,0,{}
train_03667,src_54be1d4a9e188c312fb8,Bipolar,3,train,train_legacy,1276,2,1,2,True,0,"{""meta_commentary"": 1}"
train_05732,src_54bf9885a73b13071ec4,Anxiety,2,train,train_legacy,477,2,0,2,True,0,{}
train_01537,src_54c1bf476d930978542e,Depression,1,train,train_legacy,466,2,0,2,True,0,{}
test_01302,src_54d0bcf9104f894d71ce,Depression,1,train,train_added,522,2,0,2,True,0,{}
test_02177,src_54e86914d6e7ef7a32eb,Depression,1,test,test_nested,193,0,2,2,True,0,{}
train_00218,src_54ef22ec4f6a4eb50722,Normal,0,train,train_legacy,22,2,5,1,False,1,"{""length_ratio"": 6}"
train_01865,src_54f82302868a72818954,Anxiety,2,train,train_legacy,470,2,0,2,True,0,{}
train_03428,src_550504b1191e14378a1d,Anxiety,2,train,train_legacy,687,2,1,2,True,0,"{""meta_commentary"": 1}"
train_01999,src_550616281d3c3e28720b,Depression,1,train,train_legacy,72,2,5,0,False,2,"{""length_ratio"": 7}"
test_00532,src_55104f343b4e001ee9d3,Depression,1,test,test_nested,2172,0,2,2,True,0,{}
train_05986,src_55148c1c05e302e06616,Normal,0,train,train_legacy,28,2,1,2,True,0,"{""sbert"": 1}"
train_00249,src_551a7e721a8577c716f1,Depression,1,train,train_legacy,1778,2,0,2,True,0,{}
train_00864,src_55211490726446add117,Bipolar,3,train,train_legacy,157,2,0,2,True,0,{}
train_03810,src_5521178055db591faac7,Anxiety,2,train,train_legacy,20,2,5,0,False,2,"{""length_ratio"": 6, ""sbert"": 1}"
test_01697,src_55247fa94e94dd153d4d,Bipolar,3,test,test_nested,663,0,2,2,True,0,{}
train_01545,src_5525b0276c50a804517e,Normal,0,train,train_legacy,41,2,4,2,True,0,"{""sbert"": 4}"
test_00196,src_55260d1d4ff53e4223fc,Depression,1,test,test_nested,75,0,5,0,False,2,"{""length_ratio"": 2, ""sbert"": 3}"
train_03003,src_552c1964976db404bc5c,Bipolar,3,train,train_legacy,1080,2,0,2,True,0,{}
test_01172,src_552f9015081eceaea309,Depression,1,test,test_nested,549,0,2,2,True,0,{}
train_03594,src_553016ca04918d5cd4a4,Anxiety,2,train,train_legacy,405,2,0,2,True,0,{}
train_00600,src_55310effd7ba5e69ae95,Depression,1,train,train_legacy,187,2,0,2,True,0,{}
train_01045,src_55394e8d40489b883e81,Depression,1,train,train_legacy,872,2,0,2,True,0,{}
train_03047,src_55409280f25e944bcc38,Normal,0,train,train_legacy,115,2,1,2,True,0,"{""sbert"": 1}"
train_05108,src_5543e552a0147ba41967,Anxiety,2,train,train_legacy,1028,2,0,2,True,0,{}
train_05588,src_5549190347479cf02858,Anxiety,2,train,train_legacy,604,2,0,2,True,0,{}
train_01004,src_554ed6af298c5756acde,Depression,1,train,train_legacy,1331,2,0,2,True,0,{}
train_02874,src_55500744aaaea549ad9a,Anxiety,2,train,train_legacy,206,2,0,2,True,0,{}
train_01920,src_5551ef0d60190b5d191c,Bipolar,3,train,train_legacy,516,2,0,2,True,0,{}
test_00140,src_55549dce10c21995c5f8,Normal,0,test,test_nested,36,0,5,0,False,2,"{""length_ratio"": 5}"
test_01385,src_555801d4bc21ae2a15ba,Bipolar,3,test,test_nested,1567,0,2,2,True,0,{}
train_02022,src_5558a7a7645b255b40c5,Anxiety,2,train,train_legacy,569,2,0,2,True,0,{}
train_03431,src_555ec4806c737b7bd163,Anxiety,2,train,train_legacy,291,2,0,2,True,0,{}
train_04490,src_55633c035450f019d366,Anxiety,2,train,train_legacy,2154,2,1,2,True,0,"{""meta_commentary"": 1}"
train_01988,src_55781cdc7941ad4db210,Bipolar,3,train,train_legacy,620,2,0,2,True,0,{}
train_02128,src_557c46b7ac215598953e,Bipolar,3,train,train_legacy,719,2,0,2,True,0,{}
test_00122,src_5582157cc56ea38735e3,Anxiety,2,test,test_nested,123,0,2,2,True,0,{}
test_02206,src_5584f49c4b1f87707ed0,Normal,0,test,test_nested,110,0,2,2,True,0,{}
train_05346,src_55868dbff0715f3caed1,Anxiety,2,train,train_legacy,596,2,0,2,True,0,{}
train_03805,src_558e947f528f8b159e07,Normal,0,train,train_legacy,25,2,5,0,False,2,"{""length_ratio"": 7}"
val_search_00138,src_5590b54b84ac70495886,Bipolar,3,train,train_added,321,2,0,2,True,0,{}
train_01216,src_5596e81136c3ec75a281,Bipolar,3,train,train_legacy,1479,2,0,2,True,0,{}
test_01336,src_55995c98ded6504d6f3e,Normal,0,test,test_nested,60,0,2,2,True,0,{}
test_02272,src_559f1a8424e94e9de874,Anxiety,2,test,test_nested,776,0,5,0,False,2,"{""meta_commentary"": 5}"
train_05849,src_55a4df07d3834b99e969,Depression,1,train,train_legacy,55,2,5,0,False,2,"{""length_ratio"": 4, ""sbert"": 3}"
train_02126,src_55a7788e8dee793f4e87,Depression,1,train,train_legacy,338,2,0,2,True,0,{}
train_05607,src_55acfa8dab26d5af1c67,Bipolar,3,train,train_legacy,536,2,0,2,True,0,{}
train_03320,src_55c2864b9046d996a5eb,Bipolar,3,train,train_legacy,1107,2,0,2,True,0,{}
train_05950,src_55c83a0a3ffe6efbb0d5,Bipolar,3,train,train_legacy,392,2,0,2,True,0,{}
train_04776,src_55c87ccba8bad60db03a,Normal,0,train,train_legacy,43,2,5,2,True,0,"{""length_ratio"": 2, ""sbert"": 2}"
train_00324,src_55c8e44c0adf454010ef,Depression,1,train,train_legacy,1033,2,0,2,True,0,{}
train_05440,src_55cc197be674ba7f82f2,Anxiety,2,train,train_legacy,112,2,1,2,True,0,"{""length_ratio"": 1}"
train_05054,src_55d81759060d651724f6,Bipolar,3,train,train_legacy,1975,2,0,2,True,0,{}
test_02302,src_55df1aec23b2a45226dd,Depression,1,test,test_nested,771,0,2,2,True,0,{}
train_00556,src_55e78b1b4a5bacca6914,Normal,0,train,train_legacy,70,2,5,0,False,2,"{""length_ratio"": 7}"
test_01774,src_55f134762c678573ccb1,Normal,0,test,test_nested,17,0,5,0,False,2,"{""length_ratio"": 5}"
train_05560,src_55fc216143fec881af72,Anxiety,2,train,train_legacy,708,2,0,2,True,0,{}
test_00214,src_55fda30b15df4049dc18,Depression,1,train,train_added,4326,2,0,2,True,0,{}
train_03387,src_560002f9273ac0245c9b,Bipolar,3,train,train_legacy,123,2,0,2,True,0,{}
train_05484,src_560502022024d8f8b46c,Bipolar,3,train,train_legacy,1511,2,0,2,True,0,{}
train_02031,src_560d6d85d25ad5b65d58,Bipolar,3,train,train_legacy,1252,2,0,2,True,0,{}
test_02352,src_560e5a343afa6676db00,Anxiety,2,train,train_added,506,2,0,2,True,0,{}
test_00237,src_560fc1b9fb78fddfd922,Bipolar,3,test,test_nested,415,0,2,2,True,0,{}
val_search_00291,src_560fd66bdd905ba7f410,Depression,1,train,train_added,256,2,1,2,True,0,"{""sbert"": 1}"
test_01381,src_5610550e98f2a41cce6e,Depression,1,test,test_nested,331,0,5,0,False,2,"{""refusal"": 5}"
train_01086,src_56144c5196f23936424a,Normal,0,train,train_legacy,18,2,5,0,False,2,"{""length_ratio"": 1, ""sbert"": 6}"
test_01250,src_561e7a61228135d0685f,Depression,1,test,test_nested,635,0,2,2,True,0,{}
test_01461,src_561ee7e970eb6f28268f,Normal,0,test,test_nested,40,0,5,1,False,1,"{""length_ratio"": 2, ""sbert"": 2}"
train_00636,src_562c8f87439340224c05,Normal,0,train,train_legacy,161,2,5,0,False,2,"{""length_ratio"": 7}"
train_05088,src_562ca00f314a91237c39,Normal,0,train,train_legacy,66,2,5,0,False,2,"{""sbert"": 7}"
test_00039,src_562d7af9c0e2861573ea,Anxiety,2,test,test_nested,97,0,5,1,False,1,"{""length_ratio"": 4}"
test_00425,src_562f568df1859a506d61,Depression,1,test,test_nested,819,0,2,2,True,0,{}
train_00470,src_56374343da52a76735c7,Normal,0,train,train_legacy,49,2,0,2,True,0,{}
val_confirm_00061,src_5644b9e9fc5d67c64767,Anxiety,2,train,train_added,1787,2,0,2,True,0,{}
train_05154,src_564b10e4100725f5bb82,Bipolar,3,train,train_legacy,2646,2,1,2,True,0,"{""meta_commentary"": 1}"
train_01755,src_564d667cc0b6b58d2e78,Anxiety,2,train,train_legacy,436,2,1,2,True,0,"{""meta_commentary"": 1}"
test_02373,src_565b1658007413e50da4,Bipolar,3,train,train_added,879,2,0,2,True,0,{}
train_04519,src_565eeddb343553d0b393,Normal,0,train,train_legacy,53,2,5,2,True,0,"{""length_ratio"": 5}"
train_04793,src_566e502485a5a3584528,Normal,0,train,train_legacy,116,2,2,2,True,0,"{""length_ratio"": 2}"
train_04524,src_5676fa4c25601f16aeba,Normal,0,train,train_legacy,457,2,0,2,True,0,{}
train_02959,src_56862458c08e471e2079,Depression,1,train,train_legacy,808,2,0,2,True,0,{}
test_00867,src_568de86f3793fcdcb45e,Normal,0,test,test_nested,45,0,2,2,True,0,{}
test_02418,src_56915f7ef4eab3ff1968,Bipolar,3,test,test_nested,222,0,2,2,True,0,{}
train_05314,src_569a1a5e2c8b031e2a41,Anxiety,2,train,train_legacy,584,2,0,2,True,0,{}
train_01229,src_56a8a3f95e8aaeba3dfc,Anxiety,2,train,train_legacy,799,2,5,1,False,1,"{""meta_commentary"": 6}"
train_04083,src_56af0aa18ef157ec7cf4,Anxiety,2,train,train_legacy,351,2,0,2,True,0,{}
val_confirm_00044,src_56bc443807e457405a72,Bipolar,3,train,train_added,1778,2,1,2,True,0,"{""meta_commentary"": 1}"
train_04212,src_56bd4b20b2805a5bbc8f,Depression,1,train,train_legacy,826,2,0,2,True,0,{}
val_confirm_01056,src_56bee4f31cd9da514e35,Normal,0,train,train_added,21,2,5,0,False,2,"{""length_ratio"": 5, ""meta_commentary"": 1, ""sbert"": 1}"
train_03260,src_56c5d43b2287adf4e54b,Normal,0,train,train_legacy,369,2,0,2,True,0,{}
train_03223,src_56c620cf51739883ca0b,Depression,1,train,train_legacy,3327,2,0,2,True,0,{}
train_04009,src_56ce9a987e6d0032c455,Bipolar,3,train,train_legacy,211,2,0,2,True,0,{}
test_00325,src_56d1eafc3c796e866a15,Normal,0,train,train_added,63,2,0,2,True,0,{}
test_02295,src_56d243905ea7a085636a,Normal,0,test,test_nested,45,0,2,2,True,0,{}
train_00761,src_56df3046ef094ae61897,Normal,0,train,train_legacy,89,2,0,2,True,0,{}
train_02845,src_56e069437e58a9df7e37,Bipolar,3,train,train_legacy,1100,2,0,2,True,0,{}
train_03179,src_56e8f6d7ed09079dff33,Bipolar,3,train,train_legacy,465,2,0,2,True,0,{}
train_05164,src_56ec2834a606b5fa7bba,Normal,0,train,train_legacy,82,2,0,2,True,0,{}
test_00472,src_56f17ed5fedf604812eb,Depression,1,test,test_nested,1681,0,2,2,True,0,{}
test_00687,src_5700522a8e5c74fb56de,Depression,1,train,train_added,302,2,0,2,True,0,{}
train_02326,src_5701c415140600ee0cf2,Depression,1,train,train_legacy,289,2,1,2,True,0,"{""length_ratio"": 1}"
train_04983,src_5703aec16341d0745c67,Normal,0,train,train_legacy,48,2,3,2,True,0,"{""sbert"": 3}"
train_01379,src_57051aac3ffb03d179d3,Anxiety,2,train,train_legacy,2019,2,0,2,True,0,{}
test_00807,src_570a0478415b60261f98,Anxiety,2,test,test_nested,1194,0,2,2,True,0,{}
train_00103,src_57134e81a847b919a259,Normal,0,train,train_legacy,46,2,5,0,False,2,"{""length_ratio"": 1, ""sbert"": 6}"
train_04166,src_57165c2443e494d80365,Normal,0,train,train_legacy,119,2,0,2,True,0,{}
train_04408,src_571bbf2ba27949af3473,Bipolar,3,train,train_legacy,315,2,0,2,True,0,{}
train_01932,src_572de239e44aa67462af,Depression,1,train,train_legacy,708,2,0,2,True,0,{}
train_04930,src_57300aec7d1b42ba736a,Anxiety,2,train,train_legacy,1884,2,0,2,True,0,{}
test_00991,src_573d30571142c64bb809,Normal,0,train,train_added,50,2,1,2,True,0,"{""sbert"": 1}"
train_05267,src_575606bdf02183078a96,Bipolar,3,train,train_legacy,108,2,0,2,True,0,{}
train_05761,src_575734641eb959f7674a,Bipolar,3,train,train_legacy,1929,2,0,2,True,0,{}
val_confirm_00920,src_5757f76fee801610ecf2,Normal,0,train,train_added,125,2,0,2,True,0,{}
test_00809,src_575c13a0940c2109858c,Anxiety,2,test,test_nested,1217,0,2,2,True,0,{}
train_05404,src_575cb837ad1e9ce364af,Anxiety,2,train,train_legacy,942,2,1,2,True,0,"{""meta_commentary"": 1}"
test_01378,src_5761a02c43e5b7c650d6,Anxiety,2,test,test_nested,502,0,2,2,True,0,{}
train_04790,src_57625a752f041411745f,Normal,0,train,train_legacy,53,2,1,2,True,0,"{""length_ratio"": 1}"
train_01362,src_57644f11badd16e9adfb,Depression,1,train,train_legacy,685,2,0,2,True,0,{}
train_05757,src_576c426e691da53b5e7f,Normal,0,train,train_legacy,37,2,3,2,True,0,"{""length_ratio"": 3}"
test_00029,src_5771362c7b71f872c13b,Normal,0,test,test_nested,57,0,3,2,True,0,"{""sbert"": 1}"
train_02387,src_5773c9f1aa9eb0626108,Normal,0,train,train_legacy,33,2,0,2,True,0,{}
test_02145,src_578eebc18d2ac7760cfc,Bipolar,3,test,test_nested,448,0,2,2,True,0,{}
train_03102,src_5799cd5d34edb169c9a5,Normal,0,train,train_legacy,89,2,0,2,True,0,{}
train_01867,src_579f2ed7f7348e2e888d,Bipolar,3,train,train_legacy,591,2,0,2,True,0,{}
test_00041,src_57a2bd1ee5f04761528d,Anxiety,2,test,test_nested,470,0,2,2,True,0,{}
test_00854,src_57ada288761beb4ccffa,Depression,1,test,test_nested,142,0,3,2,True,0,"{""length_ratio"": 1}"
test_01085,src_57b61d4b02127a23b4b2,Normal,0,test,test_nested,475,0,2,2,True,0,{}
train_00399,src_57b6e29eb8aeddfae229,Anxiety,2,train,train_legacy,694,2,1,2,True,0,"{""meta_commentary"": 1}"
train_01393,src_57b90a101535e90b10ee,Bipolar,3,train,train_legacy,311,2,0,2,True,0,{}
val_confirm_00812,src_57bc1f5814f8bcd3e702,Depression,1,train,train_added,205,2,5,0,False,2,"{""refusal"": 7}"
train_02208,src_57d57eb31eafe61d7c8d,Normal,0,train,train_legacy,11,2,0,2,True,0,{}
train_01036,src_57d662659eb29ae5d74f,Normal,0,train,train_legacy,33,2,5,0,False,2,"{""length_ratio"": 4, ""sbert"": 3}"
test_01770,src_57e3c6b3bbfafccd5a70,Depression,1,train,train_added,1656,2,0,2,True,0,{}
test_00842,src_5810622ec73bb1a04b8e,Normal,0,test,test_nested,114,0,3,2,True,0,"{""length_ratio"": 1}"
train_01078,src_5815b56444386147e44c,Normal,0,train,train_legacy,70,2,0,2,True,0,{}
train_00372,src_5819490199f45b86bbdd,Bipolar,3,train,train_legacy,562,2,0,2,True,0,{}
train_02888,src_582208cbec77ca69206b,Normal,0,train,train_legacy,73,2,0,2,True,0,{}
test_00626,src_5826595d4bc2caa78b62,Depression,1,test,test_nested,286,0,2,2,True,0,{}
train_05878,src_5828767addeef76e4947,Anxiety,2,train,train_legacy,768,2,0,2,True,0,{}
test_00167,src_5828cdbe94edbb42554f,Anxiety,2,test,test_nested,139,0,2,2,True,0,{}
train_03943,src_58292992f19f2de15cc2,Depression,1,train,train_legacy,194,2,5,0,False,2,"{""refusal"": 7}"
train_02666,src_582ec981ab4d383f7748,Bipolar,3,train,train_legacy,1229,2,0,2,True,0,{}
train_00149,src_582f64b7863232d5fd28,Anxiety,2,train,train_legacy,21,2,0,2,True,0,{}
train_05064,src_58389156760ac8501fd2,Anxiety,2,train,train_legacy,31,2,2,2,True,0,"{""length_ratio"": 1, ""sbert"": 1}"
train_00326,src_5838ad25066116d0c297,Bipolar,3,train,train_legacy,1124,2,0,2,True,0,{}
test_00386,src_583be630b5f1061694b1,Depression,1,test,test_nested,1712,0,5,0,False,2,"{""meta_commentary"": 5}"
train_00768,src_583ea8df1f2025ff0e29,Normal,0,train,train_legacy,118,2,5,1,False,1,"{""length_ratio"": 6}"
train_00705,src_583fed00a5b44753b0ba,Anxiety,2,train,train_legacy,172,2,0,2,True,0,{}
train_01526,src_5845a616f1752c4eb972,Bipolar,3,train,train_legacy,628,2,0,2,True,0,{}
train_02285,src_584b13afd77078ff16c2,Depression,1,train,train_legacy,242,2,0,2,True,0,{}
train_03222,src_58661c1ab08e0eee1810,Bipolar,3,train,train_legacy,412,2,0,2,True,0,{}
train_00131,src_5866eb82dab1605a9f68,Anxiety,2,train,train_legacy,191,2,0,2,True,0,{}
train_05667,src_586e4421cf890dabbe9d,Normal,0,train,train_legacy,58,2,0,2,True,0,{}
test_01632,src_58715ff1edb98e0b8746,Bipolar,3,test,test_nested,511,0,2,2,True,0,{}
test_02313,src_587a878bba404b44d8cd,Normal,0,test,test_nested,23,0,5,2,True,0,"{""length_ratio"": 3}"
train_02767,src_587f79344cdd94a4557c,Depression,1,train,train_legacy,1812,2,0,2,True,0,{}
train_04137,src_58841b562b3ee2fa1899,Bipolar,3,train,train_legacy,848,2,1,2,True,0,"{""meta_commentary"": 1}"
train_01689,src_588605e31fb8277e561a,Normal,0,train,train_legacy,29,2,3,2,True,0,"{""length_ratio"": 2, ""sbert"": 1}"
train_03177,src_588763ccb54141eb7285,Depression,1,train,train_legacy,1787,2,0,2,True,0,{}
test_00581,src_588859b7c29df94e5695,Bipolar,3,test,test_nested,773,0,2,2,True,0,{}
train_01072,src_5888b316451d5fe45bfb,Normal,0,train,train_legacy,109,2,0,2,True,0,{}
train_05666,src_588cae3d0049b66e338b,Depression,1,train,train_legacy,1098,2,5,0,False,2,"{""refusal"": 7}"
train_00531,src_588d6342598058d4420f,Bipolar,3,train,train_legacy,635,2,0,2,True,0,{}
train_04451,src_589015734df0e66caf63,Depression,1,train,train_legacy,847,2,0,2,True,0,{}
test_02085,src_5891bf8cbba92209a8aa,Depression,1,test,test_nested,700,0,2,2,True,0,{}
train_02269,src_5894258295626a24797b,Anxiety,2,train,train_legacy,375,2,0,2,True,0,{}
train_00590,src_5899a402873dffbd421a,Bipolar,3,train,train_legacy,947,2,1,2,True,0,"{""meta_commentary"": 1}"
train_02765,src_58a14666b42240731597,Bipolar,3,train,train_legacy,686,2,1,2,True,0,"{""meta_commentary"": 1}"
train_01806,src_58a17fc5a61b0291fa77,Depression,1,train,train_legacy,449,2,0,2,True,0,{}
train_03833,src_58ab38ef5520769ce92f,Bipolar,3,train,train_legacy,447,2,0,2,True,0,{}
train_03879,src_58c7b4da1a082f0ac510,Anxiety,2,train,train_legacy,2928,2,2,2,True,0,"{""length_ratio"": 1, ""meta_commentary"": 1}"
test_02419,src_58d5ac3d9a8006365e18,Depression,1,train,train_added,341,2,0,2,True,0,{}
val_search_00103,src_58d68c10b2c339ffe2c0,Normal,0,train,train_added,127,2,0,2,True,0,{}
train_00851,src_58dad1bf5f7de4e7dbc4,Normal,0,train,train_legacy,51,2,2,2,True,0,"{""sbert"": 2}"
test_00564,src_58e27285c9adfd3cdd36,Normal,0,test,test_nested,13,0,5,0,False,2,"{""length_ratio"": 3, ""sbert"": 2}"
train_03296,src_58ed89ae6ca84985dbdd,Anxiety,2,train,train_legacy,32,2,5,0,False,2,"{""length_ratio"": 7}"
train_04100,src_58fc409ed5f17d5521d6,Depression,1,train,train_legacy,435,2,0,2,True,0,{}
train_00070,src_58fc4f3ac3bbabdb298b,Bipolar,3,train,train_legacy,269,2,0,2,True,0,{}
train_00726,src_58ff778e47a86838a31f,Anxiety,2,train,train_legacy,681,2,0,2,True,0,{}
train_00717,src_590cd7ccd3e64fa7873c,Bipolar,3,train,train_legacy,419,2,0,2,True,0,{}
test_02136,src_59174ceda666836657bd,Depression,1,test,test_nested,532,0,2,2,True,0,{}
train_01819,src_5919795c21942c5d3b4f,Anxiety,2,train,train_legacy,1614,2,4,2,True,0,"{""meta_commentary"": 4}"
train_05113,src_591c6764f53b1598bae8,Anxiety,2,train,train_legacy,559,2,0,2,True,0,{}
train_04185,src_5928ced78f4f4dceacdf,Anxiety,2,train,train_legacy,505,2,1,2,True,0,"{""meta_commentary"": 1}"
train_03860,src_5929df4a9a720b0afecf,Bipolar,3,train,train_legacy,457,2,0,2,True,0,{}
test_00999,src_592cb9411b286d6594e2,Bipolar,3,test,test_nested,353,0,5,2,True,0,"{""meta_commentary"": 3}"
train_03549,src_593087b4e6d2773272bb,Normal,0,train,train_legacy,588,2,0,2,True,0,{}
train_03057,src_5932c3331f2c8b97a5eb,Bipolar,3,train,train_legacy,1145,2,1,2,True,0,"{""meta_commentary"": 1}"
test_00783,src_5939eec6a887b1214320,Normal,0,train,train_added,451,2,0,2,True,0,{}
train_03950,src_5945183669f8ec25b46c,Depression,1,train,train_legacy,1321,2,0,2,True,0,{}
train_03647,src_594bae33de61dd78f731,Normal,0,train,train_legacy,63,2,0,2,True,0,{}
train_01298,src_5978d84c519343f3a599,Bipolar,3,train,train_legacy,301,2,0,2,True,0,{}
test_00589,src_59817e1dd481985bdfec,Anxiety,2,test,test_nested,1465,0,2,2,True,0,{}
test_01248,src_5981a5e92d4556762c3c,Bipolar,3,test,test_nested,2194,0,2,2,True,0,{}
test_00278,src_59892aabf45deb39908f,Bipolar,3,test,test_nested,422,0,2,2,True,0,{}
train_00194,src_59a439e803a00a0ed6b4,Normal,0,train,train_legacy,127,2,0,2,True,0,{}
train_05739,src_59a567da7a2828bd15fb,Normal,0,train,train_legacy,92,2,0,2,True,0,{}
train_05658,src_59a78fd38dee5af05d1c,Anxiety,2,train,train_legacy,2526,2,1,2,True,0,"{""meta_commentary"": 1}"
train_04711,src_59e2b5ecc38b98229c24,Anxiety,2,train,train_legacy,826,2,0,2,True,0,{}
train_01109,src_59ef31e432bfbca69f22,Anxiety,2,train,train_legacy,499,2,0,2,True,0,{}
test_00396,src_59f77f4fcd6b723d5868,Normal,0,test,test_nested,17,0,5,1,False,1,"{""length_ratio"": 2, ""sbert"": 2}"
train_04563,src_59fa1986dda0090ba76e,Depression,1,train,train_legacy,261,2,0,2,True,0,{}
train_01713,src_59fe2ea4cb12f099c270,Bipolar,3,train,train_legacy,782,2,1,2,True,0,"{""meta_commentary"": 1}"
train_04425,src_5a01d800dc21ee87a048,Depression,1,train,train_legacy,757,2,0,2,True,0,{}
train_05492,src_5a04195653720ea62279,Anxiety,2,train,train_legacy,43,2,0,2,True,0,{}
train_00132,src_5a05e8828acb2dc86ee6,Depression,1,train,train_legacy,2581,2,1,2,True,0,"{""meta_commentary"": 1}"
train_05345,src_5a1d90d56c104c610dc5,Anxiety,2,train,train_legacy,557,2,0,2,True,0,{}
train_03195,src_5a208c5030d8441b5175,Anxiety,2,train,train_legacy,1083,2,0,2,True,0,{}
train_02260,src_5a2185be1d1e0ba238f8,Bipolar,3,train,train_legacy,370,2,0,2,True,0,{}
test_00448,src_5a2285a4ebb27875b1f6,Depression,1,test,test_nested,569,0,2,2,True,0,{}
test_01075,src_5a25b101506f577f5130,Bipolar,3,test,test_nested,976,0,2,2,True,0,{}
train_03413,src_5a29d36cd92417f9f762,Depression,1,train,train_legacy,801,2,5,0,False,2,"{""refusal"": 7}"
test_01236,src_5a35754fb2835e28cfd9,Bipolar,3,test,test_nested,951,0,2,2,True,0,{}
train_02133,src_5a361b414b1dc5540fab,Depression,1,train,train_legacy,162,2,5,0,False,2,"{""meta_commentary"": 5, ""refusal"": 2}"
train_00048,src_5a4022cfa52f28d05159,Normal,0,train,train_legacy,29,2,5,0,False,2,"{""refusal"": 7}"
train_01772,src_5a468421dc9b3290523f,Anxiety,2,train,train_legacy,1090,2,0,2,True,0,{}
test_00211,src_5a4be357aba15df75bb2,Normal,0,test,test_nested,24,0,5,0,False,2,"{""length_ratio"": 2, ""sbert"": 3}"
train_03115,src_5a4f29fc6b19cce70b35,Normal,0,train,train_legacy,385,2,1,2,True,0,"{""length_ratio"": 1}"
train_03368,src_5a5277d6e8852794e5e7,Anxiety,2,train,train_legacy,78,2,1,2,True,0,"{""sbert"": 1}"
train_02004,src_5a5edc155eb08ef73916,Bipolar,3,train,train_legacy,210,2,0,2,True,0,{}
train_01356,src_5a5f5e700099059bd4f9,Depression,1,train,train_legacy,1348,2,0,2,True,0,{}
train_03584,src_5a601448a50b9d2ec1ed,Normal,0,train,train_legacy,148,2,1,2,True,0,"{""sbert"": 1}"
train_03034,src_5a61ec23d810c00879d9,Depression,1,train,train_legacy,806,2,0,2,True,0,{}
train_01288,src_5a6cef0ba5e107bc5339,Anxiety,2,train,train_legacy,919,2,0,2,True,0,{}
train_02034,src_5a6fee5f195d88def338,Depression,1,train,train_legacy,896,2,0,2,True,0,{}
train_02092,src_5a705c454a8378bc4a7c,Normal,0,train,train_legacy,34,2,2,2,True,0,"{""length_ratio"": 2}"
test_02482,src_5a76744f3c89765a6e50,Anxiety,2,test,test_nested,2636,0,5,0,False,2,"{""meta_commentary"": 5}"
train_03935,src_5a79fc6f0361bb7c048f,Depression,1,train,train_legacy,269,2,4,2,True,0,"{""length_ratio"": 2, ""refusal"": 1, ""sbert"": 1}"
test_01259,src_5a7a92bd72060629642c,Depression,1,test,test_nested,1043,0,2,2,True,0,{}
train_04667,src_5a8a19a65b8ee7b8ac47,Anxiety,2,train,train_legacy,1213,2,0,2,True,0,{}
train_05701,src_5a90b0bfe70f9ed57c2e,Depression,1,train,train_legacy,132,2,5,1,False,1,"{""length_ratio"": 6}"
train_00003,src_5a96161e0e40a8e25c59,Normal,0,train,train_legacy,31,2,5,0,False,2,"{""length_ratio"": 3, ""sbert"": 4}"
train_02403,src_5a9f326e4e33ad65326b,Bipolar,3,train,train_legacy,752,2,0,2,True,0,{}
test_02269,src_5aa4ad497c7066d17468,Depression,1,train,train_added,359,2,0,2,True,0,{}
train_02919,src_5aaf187906afcabf09a3,Normal,0,train,train_legacy,98,2,0,2,True,0,{}
test_00171,src_5ababc6c238cd877f527,Anxiety,2,test,test_nested,933,0,4,2,True,0,"{""meta_commentary"": 2}"
val_confirm_01084,src_5ac16e5a4ce335a895c9,Bipolar,3,train,train_added,511,2,0,2,True,0,{}
train_03590,src_5ac1a914104076f0f454,Normal,0,train,train_legacy,21,2,5,0,False,2,"{""length_ratio"": 1, ""sbert"": 6}"
train_00197,src_5ac25766e4860bc7f462,Depression,1,train,train_legacy,1443,2,0,2,True,0,{}
train_02361,src_5ac4b9cac6be20ab2af9,Depression,1,train,train_legacy,137,2,0,2,True,0,{}
train_01902,src_5ac50e2626ceb99cbae5,Bipolar,3,train,train_legacy,562,2,0,2,True,0,{}
val_confirm_01048,src_5ad84c2762223fbe2c99,Normal,0,train,train_added,45,2,5,1,False,1,"{""length_ratio"": 2, ""sbert"": 4}"
train_00348,src_5add7e42c5c5ff37d108,Bipolar,3,train,train_legacy,562,2,0,2,True,0,{}
test_00827,src_5adf5788ed92499349a6,Depression,1,test,test_nested,283,0,3,2,True,0,"{""refusal"": 1}"
train_01355,src_5adff0006a0a4047ce93,Depression,1,train,train_legacy,667,2,0,2,True,0,{}
train_04472,src_5ae564360cdab61741a2,Bipolar,3,train,train_legacy,453,2,0,2,True,0,{}
test_01714,src_5af7e09069dd94b23c6c,Depression,1,test,test_nested,1074,0,2,2,True,0,{}
train_02298,src_5afeab5b7ecd0ef30aba,Normal,0,train,train_legacy,17,2,5,0,False,2,"{""length_ratio"": 7}"
train_03471,src_5b10a67e32a438ef8021,Depression,1,train,train_legacy,2023,2,0,2,True,0,{}
test_00756,src_5b18a49350bbb1afb963,Normal,0,test,test_nested,523,0,2,2,True,0,{}
train_04798,src_5b196b2eaca8ca1e7cf7,Depression,1,train,train_legacy,365,2,0,2,True,0,{}
train_05060,src_5b23174078790d17fb2a,Anxiety,2,train,train_legacy,920,2,0,2,True,0,{}
train_01488,src_5b236ae7782101075647,Normal,0,train,train_legacy,7,2,5,0,False,2,"{""length_ratio"": 2, ""meta_commentary"": 1, ""sbert"": 4}"
test_01187,src_5b2d9ed6b2d6b5512fdb,Bipolar,3,test,test_nested,421,0,2,2,True,0,{}
train_01904,src_5b2ff3397f8151188a1a,Depression,1,train,train_legacy,6253,2,0,2,True,0,{}
test_01816,src_5b3410978e997772f0d8,Normal,0,test,test_nested,54,0,5,0,False,2,"{""refusal"": 5}"
train_03128,src_5b35336759c998c28122,Depression,1,train,train_legacy,772,2,0,2,True,0,{}
train_04334,src_5b402544660a3b46ddc8,Anxiety,2,train,train_legacy,626,2,0,2,True,0,{}
train_04916,src_5b41371de717b437ade6,Bipolar,3,train,train_legacy,361,2,0,2,True,0,{}
test_00131,src_5b425342efabb0467387,Depression,1,test,test_nested,926,0,2,2,True,0,{}
train_01170,src_5b4ab8813b47b9fc336e,Anxiety,2,train,train_legacy,64,2,5,1,False,1,"{""length_ratio"": 2, ""sbert"": 4}"
train_05708,src_5b4ea0a6463fcba30edd,Normal,0,train,train_legacy,74,2,5,0,False,2,"{""length_ratio"": 6, ""sbert"": 1}"
train_02813,src_5b4f2bde9553de4e5460,Normal,0,train,train_legacy,23,2,5,0,False,2,"{""length_ratio"": 1, ""meta_commentary"": 1, ""refusal"": 5}"
train_04694,src_5b55a0bb211db0b33736,Anxiety,2,train,train_legacy,544,2,0,2,True,0,{}
train_02056,src_5b55d7744f00b0d2d8d5,Depression,1,train,train_legacy,690,2,0,2,True,0,{}
test_01876,src_5b5619b5742193a491cf,Anxiety,2,test,test_nested,1434,0,2,2,True,0,{}
train_04508,src_5b5b184575a2f274b157,Normal,0,train,train_legacy,109,2,0,2,True,0,{}
test_01399,src_5b6389bce9ec0018f417,Depression,1,test,test_nested,612,0,2,2,True,0,{}
val_confirm_00570,src_5b6f75055bfadbf99d98,Bipolar,3,train,train_added,381,2,0,2,True,0,{}
train_04771,src_5b96d8fd42d3212203f5,Bipolar,3,train,train_legacy,328,2,0,2,True,0,{}
test_02397,src_5ba2247710c418704b78,Bipolar,3,test,test_nested,435,0,2,2,True,0,{}
train_00654,src_5ba3d55068c12d88dadd,Normal,0,train,train_legacy,64,2,1,2,True,0,"{""length_ratio"": 1}"
train_01808,src_5bae62f8d210ec949992,Normal,0,train,train_legacy,21,2,5,0,False,2,"{""length_ratio"": 5, ""sbert"": 2}"
train_02837,src_5bb029ecb4c963d80b81,Depression,1,train,train_legacy,399,2,0,2,True,0,{}
test_00074,src_5bb5095b73832efea16e,Depression,1,test,test_nested,1016,0,2,2,True,0,{}
train_05414,src_5bb62d4b5a571917ff5a,Normal,0,train,train_legacy,436,2,0,2,True,0,{}
test_01088,src_5bbd00e4f594920dc70d,Bipolar,3,test,test_nested,541,0,2,2,True,0,{}
test_00403,src_5bbe01384e7a0a13f085,Anxiety,2,test,test_nested,1380,0,2,2,True,0,{}
test_00276,src_5bc051d21603350e280e,Normal,0,test,test_nested,18,0,5,0,False,2,"{""length_ratio"": 3, ""sbert"": 2}"
train_00620,src_5bc6020352f80e3ed6fb,Anxiety,2,train,train_legacy,194,2,0,2,True,0,{}
train_01869,src_5bf8f1210d2995cb9a88,Normal,0,train,train_legacy,39,2,5,0,False,2,"{""meta_commentary"": 4, ""sbert"": 3}"
test_01706,src_5c0a72072e3a1a8d33d6,Bipolar,3,test,test_nested,2614,0,3,2,True,0,"{""meta_commentary"": 1}"
test_02328,src_5c1e46f1baf58c4929e1,Depression,1,test,test_nested,324,0,2,2,True,0,{}
train_00429,src_5c213ff413dd3365c868,Normal,0,train,train_legacy,110,2,0,2,True,0,{}
train_03835,src_5c2d579f4dc3e93673aa,Depression,1,train,train_legacy,561,2,0,2,True,0,{}
train_04164,src_5c3e33d07bda84c63ad1,Anxiety,2,train,train_legacy,825,2,0,2,True,0,{}
test_01909,src_5c4439281acc59a090a4,Depression,1,test,test_nested,94,0,2,2,True,0,{}
val_search_00168,src_5c6396560c0ce2fac2c4,Anxiety,2,train,train_added,563,2,0,2,True,0,{}
train_02370,src_5c642f8c283998e4853b,Anxiety,2,train,train_legacy,946,2,1,2,True,0,"{""meta_commentary"": 1}"
train_00026,src_5c689648829a859da269,Anxiety,2,train,train_legacy,50,2,5,0,False,2,"{""length_ratio"": 3, ""sbert"": 4}"
train_05774,src_5c69f35e3c3608ee7319,Anxiety,2,train,train_legacy,723,2,0,2,True,0,{}
train_02697,src_5c6acdd4f14321149983,Anxiety,2,train,train_legacy,35,2,5,0,False,2,"{""length_ratio"": 2, ""sbert"": 5}"
train_02198,src_5c71dd248a9942afa515,Anxiety,2,train,train_legacy,305,2,0,2,True,0,{}
test_02028,src_5c73055309f82ae727f3,Normal,0,test,test_nested,30,0,2,2,True,0,{}
val_confirm_00584,src_5c7e1c3b4ae2b381b251,Bipolar,3,train,train_added,773,2,0,2,True,0,{}
train_03899,src_5c7e33ad6961ef2624bc,Normal,0,train,train_legacy,22,2,5,1,False,1,"{""duplicate"": 1, ""length_ratio"": 1, ""sbert"": 4}"
train_02614,src_5c9558ef48773aa5fdb6,Depression,1,train,train_legacy,423,2,0,2,True,0,{}
train_04718,src_5c95cfc3116db1594ab6,Anxiety,2,train,train_legacy,164,2,0,2,True,0,{}
train_03113,src_5c9ecec2f878a9bd561e,Anxiety,2,train,train_legacy,47,2,1,2,True,0,"{""sbert"": 1}"
train_04233,src_5ca43ecbef0ce4d3da0c,Normal,0,train,train_legacy,16,2,5,0,False,2,"{""length_ratio"": 4, ""sbert"": 3}"
test_02173,src_5cb9bc2d9513d3200f21,Bipolar,3,test,test_nested,676,0,2,2,True,0,{}
test_02492,src_5cbbca03fe25c0fbe747,Depression,1,test,test_nested,159,0,5,0,False,2,"{""refusal"": 5}"
train_05391,src_5cbdf7ac932ab06338e5,Bipolar,3,train,train_legacy,299,2,0,2,True,0,{}
test_02188,src_5ccf51e5c7ae7476d12f,Depression,1,train,train_added,975,2,3,2,True,0,"{""length_ratio"": 1, ""meta_commentary"": 1, ""refusal"": 1}"
train_04757,src_5cd897bdb1874e17751b,Bipolar,3,train,train_legacy,632,2,0,2,True,0,{}
train_00058,src_5ce4ff3b3ef78deb83d9,Depression,1,train,train_legacy,951,2,0,2,True,0,{}
train_01850,src_5ce6ed09ca8c318f4f76,Normal,0,train,train_legacy,31,2,5,0,False,2,"{""length_ratio"": 3, ""refusal"": 3, ""sbert"": 1}"
train_00904,src_5cf2639c9edadc788ca1,Depression,1,train,train_legacy,750,2,0,2,True,0,{}
train_05569,src_5cf8985e5e5cba83a0a7,Depression,1,train,train_legacy,677,2,0,2,True,0,{}
train_00666,src_5cfc83abaf5429a8d037,Normal,0,train,train_legacy,257,2,0,2,True,0,{}
val_confirm_00080,src_5d01612453868c15db77,Normal,0,train,train_added,17,2,5,0,False,2,"{""length_ratio"": 2, ""meta_commentary"": 3, ""refusal"": 1, ""sbert"": 1}"
train_00691,src_5d0511ea1f93f7b3f635,Bipolar,3,train,train_legacy,1067,2,4,2,True,0,"{""meta_commentary"": 4}"
test_01176,src_5d13b1f3423ea6f14add,Bipolar,3,test,test_nested,193,0,2,2,True,0,{}
train_02450,src_5d155d4921d74a368a34,Bipolar,3,train,train_legacy,827,2,0,2,True,0,{}
train_00872,src_5d16d3466e4190986874,Depression,1,train,train_legacy,1101,2,0,2,True,0,{}
train_00088,src_5d1e5c6d97c49de65fe8,Anxiety,2,train,train_legacy,1806,2,0,2,True,0,{}
train_02525,src_5d37e844dfa9564ea34b,Anxiety,2,train,train_legacy,617,2,0,2,True,0,{}
train_03954,src_5d3ad5b38c8632ea9ff9,Anxiety,2,train,train_legacy,3913,2,0,2,True,0,{}
train_05290,src_5d3dc13fd7ee1e5f38a8,Depression,1,train,train_legacy,219,2,1,2,True,0,"{""sbert"": 1}"
test_00657,src_5d4336b686a3c8806161,Anxiety,2,test,test_nested,653,0,5,0,False,2,"{""meta_commentary"": 5}"
train_05010,src_5d4452feca26aef4d4e8,Normal,0,train,train_legacy,28,2,1,2,True,0,"{""sbert"": 1}"
train_05409,src_5d49604714c55426f573,Depression,1,train,train_legacy,1390,2,0,2,True,0,{}
test_01062,src_5d4d38163060d076f171,Normal,0,test,test_nested,27,0,5,0,False,2,"{""length_ratio"": 4, ""sbert"": 1}"
train_01492,src_5d54c63ac0c4749736e6,Depression,1,train,train_legacy,149,2,4,2,True,0,"{""length_ratio"": 4}"
train_00561,src_5d55e0b3898c13524de6,Bipolar,3,train,train_legacy,1838,2,1,2,True,0,"{""meta_commentary"": 1}"
val_confirm_00583,src_5d57c629f14ad74087d0,Anxiety,2,train,train_added,314,2,0,2,True,0,{}
val_confirm_00612,src_5d59e6501305a0016a85,Bipolar,3,train,train_added,1928,2,0,2,True,0,{}
train_04431,src_5d5ff9e78d0dc2e66b40,Normal,0,train,train_legacy,15,2,5,0,False,2,"{""sbert"": 7}"
train_02628,src_5d61128eab97549f87eb,Bipolar,3,train,train_legacy,340,2,0,2,True,0,{}
test_02489,src_5d71c28419cddb097b8f,Bipolar,3,test,test_nested,546,0,2,2,True,0,{}
test_02383,src_5d777bcd18fbbc5e54c1,Bipolar,3,test,test_nested,316,0,2,2,True,0,{}
train_04345,src_5d79ef58cf1798d5def9,Depression,1,train,train_legacy,180,2,5,1,False,1,"{""length_ratio"": 1, ""sbert"": 5}"
train_00616,src_5d88b206265939f2cf2a,Anxiety,2,train,train_legacy,398,2,0,2,True,0,{}
test_00197,src_5d91ecd7ec7e1c43e770,Normal,0,test,test_nested,66,0,2,2,True,0,{}
train_00361,src_5d933c57b0d3c7812607,Bipolar,3,train,train_legacy,1468,2,0,2,True,0,{}
train_01683,src_5d9684a04f6d80ca7464,Normal,0,train,train_legacy,37,2,0,2,True,0,{}
train_00274,src_5d9a2bdc03cbe3422e7b,Anxiety,2,train,train_legacy,133,2,0,2,True,0,{}
train_04128,src_5d9bf5aeb9520ad34df1,Bipolar,3,train,train_legacy,3235,2,1,2,True,0,"{""meta_commentary"": 1}"
val_confirm_00555,src_5d9e8cce2f4e89e95176,Normal,0,train,train_added,39,2,1,2,True,0,"{""sbert"": 1}"
train_05725,src_5da9ae584a838b320fdf,Bipolar,3,train,train_legacy,826,2,0,2,True,0,{}
test_00976,src_5dac1871b77330a1dc65,Anxiety,2,train,train_added,1075,2,0,2,True,0,{}
test_01430,src_5db278b5bb1b347b83b9,Normal,0,test,test_nested,9,0,5,1,False,1,"{""length_ratio"": 4}"
test_01013,src_5db3f12469f593b5d6a7,Anxiety,2,test,test_nested,872,0,2,2,True,0,{}
test_01568,src_5dba4e585036070c1812,Normal,0,test,test_nested,129,0,2,2,True,0,{}
val_confirm_00601,src_5ddba5cddbc8a6f7bf96,Depression,1,train,train_added,1161,2,0,2,True,0,{}
train_01124,src_5df42dab2ba675c42720,Anxiety,2,train,train_legacy,471,2,0,2,True,0,{}
test_00715,src_5dfb68783442419dc6a0,Bipolar,3,test,test_nested,974,0,2,2,True,0,{}
train_01707,src_5dfb6f5edccfaf738bf3,Anxiety,2,train,train_legacy,751,2,0,2,True,0,{}
train_02624,src_5dfc3e20554d83a01b13,Normal,0,train,train_legacy,246,2,0,2,True,0,{}
train_05975,src_5e029148b17ea30d9c80,Anxiety,2,train,train_legacy,76,2,2,2,True,0,"{""length_ratio"": 1, ""sbert"": 1}"
test_02153,src_5e0f319bd85ecb591986,Depression,1,train,train_added,618,2,1,2,True,0,"{""meta_commentary"": 1}"
train_05353,src_5e1881fabf55f22c1bb6,Depression,1,train,train_legacy,345,2,5,0,False,2,"{""refusal"": 7}"
train_03760,src_5e1b0a8125c5b6b82fed,Bipolar,3,train,train_legacy,398,2,0,2,True,0,{}
test_02132,src_5e296c5cfb567af60ea9,Depression,1,test,test_nested,109,0,3,2,True,0,"{""length_ratio"": 1}"
train_04303,src_5e3680f53f3d1a0e2fca,Anxiety,2,train,train_legacy,192,2,0,2,True,0,{}
test_01452,src_5e383fa991ab41117a30,Bipolar,3,train,train_added,455,2,0,2,True,0,{}
test_02116,src_5e389635afdf1ca6a091,Normal,0,test,test_nested,89,0,5,2,True,0,"{""length_ratio"": 3}"
train_03202,src_5e38eca33651f622ff6d,Depression,1,train,train_legacy,544,2,0,2,True,0,{}
test_00427,src_5e40dc88e02464fb7a5d,Anxiety,2,test,test_nested,102,0,2,2,True,0,{}
test_02406,src_5e413d59647bee7f4899,Normal,0,test,test_nested,25,0,2,2,True,0,{}
test_00368,src_5e5e82163a9a2348ebd2,Depression,1,test,test_nested,559,0,2,2,True,0,{}
train_03155,src_5e62ad706450d0921cba,Depression,1,train,train_legacy,1168,2,0,2,True,0,{}
train_05002,src_5e62ea2fb08f6f56cb44,Bipolar,3,train,train_legacy,759,2,0,2,True,0,{}
train_01329,src_5e683713078eeb0b9f64,Bipolar,3,train,train_legacy,1364,2,4,2,True,0,"{""meta_commentary"": 4}"
train_05107,src_5e73bdb431079deb6091,Normal,0,train,train_legacy,99,2,0,2,True,0,{}
train_04209,src_5e7f33c5615c3796eaae,Anxiety,2,train,train_legacy,513,2,0,2,True,0,{}
train_01348,src_5e91ec94f4ae8b90a501,Depression,1,train,train_legacy,265,2,0,2,True,0,{}
train_02741,src_5e94620c522d2e2bb625,Bipolar,3,train,train_legacy,151,2,1,2,True,0,"{""length_ratio"": 1}"
train_00253,src_5e94a0035e42c9ad9f20,Bipolar,3,train,train_legacy,1899,2,0,2,True,0,{}
test_00177,src_5e9a895f9b188b679ce0,Bipolar,3,train,train_added,185,2,0,2,True,0,{}
test_01965,src_5ea49f0a098c1ea3ab5a,Depression,1,test,test_nested,1432,0,2,2,True,0,{}
test_01316,src_5eaaa6965dd08edd64c9,Depression,1,test,test_nested,229,0,2,2,True,0,{}
train_02385,src_5eb1a588463d06fc2f0b,Depression,1,train,train_legacy,433,2,0,2,True,0,{}
test_00458,src_5eb8ea56f5f999d99781,Bipolar,3,test,test_nested,1198,0,2,2,True,0,{}
train_00778,src_5eba9a7bd11307291bd0,Anxiety,2,train,train_legacy,65,2,0,2,True,0,{}
test_01622,src_5ebbe6f93bc15b25cc6c,Normal,0,test,test_nested,121,0,4,2,True,0,"{""length_ratio"": 1, ""sbert"": 1}"
test_00777,src_5ebd9fe5036703bf188e,Bipolar,3,test,test_nested,2011,0,2,2,True,0,{}
train_05138,src_5ed2a749a19a7a879286,Depression,1,train,train_legacy,722,2,0,2,True,0,{}
train_03669,src_5ed7c85d6c1f4d1e1da8,Depression,1,train,train_legacy,567,2,0,2,True,0,{}
train_03543,src_5ee99332306331198c82,Bipolar,3,train,train_legacy,1124,2,0,2,True,0,{}
train_01803,src_5eef8178002ea51e6508,Bipolar,3,train,train_legacy,699,2,0,2,True,0,{}
train_04404,src_5ef165f2a66621956d44,Depression,1,train,train_legacy,699,2,0,2,True,0,{}
train_04603,src_5ef5b55e2f860c48c44a,Depression,1,train,train_legacy,584,2,5,0,False,2,"{""refusal"": 7}"
train_05120,src_5f02e07f0ad46e046e1a,Depression,1,train,train_legacy,190,2,5,0,False,2,"{""refusal"": 7}"
train_03727,src_5f059e5f3a982be4d8a6,Anxiety,2,train,train_legacy,381,2,0,2,True,0,{}
test_00274,src_5f118d2d94f3884e7dd0,Depression,1,train,train_added,987,2,0,2,True,0,{}
train_02463,src_5f1b5b679df0dfe30684,Bipolar,3,train,train_legacy,1308,2,0,2,True,0,{}
val_confirm_00759,src_5f1fcecdaa56a8ac7e67,Bipolar,3,train,train_added,911,2,0,2,True,0,{}
train_02924,src_5f20de61777ecf8d9a09,Bipolar,3,train,train_legacy,585,2,1,2,True,0,"{""meta_commentary"": 1}"
train_04104,src_5f2732a64a41d034e600,Anxiety,2,train,train_legacy,1464,2,1,2,True,0,"{""meta_commentary"": 1}"
train_00078,src_5f295401657a1581cb23,Normal,0,train,train_legacy,78,2,0,2,True,0,{}
train_00814,src_5f31293983ca0493dd64,Bipolar,3,train,train_legacy,818,2,0,2,True,0,{}
test_01464,src_5f3178290b0362beff75,Anxiety,2,test,test_nested,311,0,2,2,True,0,{}
train_05879,src_5f45cbcc9bba87bf6603,Bipolar,3,train,train_legacy,307,2,0,2,True,0,{}
test_00683,src_5f500aa78b2ab6f14aa9,Bipolar,3,train,train_added,998,2,4,2,True,0,"{""meta_commentary"": 4}"
train_05159,src_5f5a043d0450193a1983,Normal,0,train,train_legacy,318,2,0,2,True,0,{}
train_01637,src_5f7440b4f77c4d193199,Bipolar,3,train,train_legacy,1703,2,0,2,True,0,{}
test_01599,src_5f7e7a0c1ef8843feaa1,Anxiety,2,test,test_nested,64,0,2,2,True,0,{}
test_00087,src_5f86ad8c5dcbefe4e243,Normal,0,test,test_nested,272,0,2,2,True,0,{}
train_01872,src_5f8c84e796c60995f760,Normal,0,train,train_legacy,29,2,5,0,False,2,"{""length_ratio"": 2, ""sbert"": 5}"
test_01982,src_5f908c9223830fec0555,Normal,0,test,test_nested,403,0,2,2,True,0,{}
train_04107,src_5f9f442222f0cc84fe4d,Anxiety,2,train,train_legacy,1118,2,1,2,True,0,"{""meta_commentary"": 1}"
train_04453,src_5fa081a6dab55bf5a0d4,Anxiety,2,train,train_legacy,193,2,0,2,True,0,{}
train_03567,src_5fa41e7f41702f4c3bcb,Bipolar,3,train,train_legacy,645,2,0,2,True,0,{}
test_01718,src_5fa4614b4e8087954552,Depression,1,test,test_nested,912,0,5,0,False,2,"{""refusal"": 5}"
test_01394,src_5fae1011ac68b222a1ea,Depression,1,train,train_added,240,2,5,1,False,1,"{""length_ratio"": 6}"
test_02061,src_5fae18b74e2254c245f1,Bipolar,3,test,test_nested,367,0,2,2,True,0,{}
train_00984,src_5fae2ff17ae269bb5cf0,Bipolar,3,train,train_legacy,1018,2,0,2,True,0,{}
train_02204,src_5fb793bf1e5d7ac8861a,Depression,1,train,train_legacy,437,2,0,2,True,0,{}
train_00252,src_5fc273cecf0dcd6e0d93,Normal,0,train,train_legacy,196,2,4,2,True,0,"{""meta_commentary"": 4}"
test_00146,src_5fc2cb0fcb4dda80bbce,Depression,1,train,train_added,822,2,1,2,True,0,"{""refusal"": 1}"
train_02901,src_5fd03d8ba0a08602f3b1,Anxiety,2,train,train_legacy,14,2,5,0,False,2,"{""length_ratio"": 1, ""sbert"": 6}"
val_confirm_00625,src_5fe60a9cb56c568cbef3,Depression,1,train,train_added,930,2,0,2,True,0,{}
train_01849,src_5fe9a174e34076737a38,Normal,0,train,train_legacy,20,2,0,2,True,0,{}
train_04640,src_5ff0da9fccdc60dbc9bd,Bipolar,3,train,train_legacy,98,2,0,2,True,0,{}
test_00802,src_5ff82c6d04004eb0ba56,Bipolar,3,test,test_nested,257,0,2,2,True,0,{}
train_04346,src_60174ebc6ede2e9ed11c,Depression,1,train,train_legacy,861,2,0,2,True,0,{}
train_05071,src_601813edc1513d56cf17,Anxiety,2,train,train_legacy,339,2,4,2,True,0,"{""length_ratio"": 4}"
test_02213,src_601e49a2a977acbd0fef,Normal,0,test,test_nested,49,0,2,2,True,0,{}
val_search_00105,src_601f4f853d3823adcbfb,Normal,0,train,train_added,12,2,5,0,False,2,"{""length_ratio"": 7}"
train_04993,src_6022efa0e49506615d3d,Bipolar,3,train,train_legacy,1596,2,0,2,True,0,{}
test_00745,src_6035f1bb22bd59a695a6,Bipolar,3,train,train_added,322,2,0,2,True,0,{}
train_05427,src_605113ee3032c26fb6fb,Anxiety,2,train,train_legacy,441,2,0,2,True,0,{}
test_01379,src_60513b5d45c72118b186,Depression,1,test,test_nested,1306,0,2,2,True,0,{}
train_04621,src_6060c90c6cb0d6348920,Anxiety,2,train,train_legacy,787,2,0,2,True,0,{}
train_04759,src_606ad7a94838db837e33,Bipolar,3,train,train_legacy,1001,2,0,2,True,0,{}
train_05102,src_607290ed5dba277bfa8c,Depression,1,train,train_legacy,19,2,5,0,False,2,"{""refusal"": 7}"
train_00379,src_6074259c4c29909fb134,Anxiety,2,train,train_legacy,653,2,5,1,False,1,"{""meta_commentary"": 6}"
train_00552,src_608716854c8826981a98,Anxiety,2,train,train_legacy,1185,2,0,2,True,0,{}
train_00231,src_608ae1c40557f16959a6,Bipolar,3,train,train_legacy,270,2,0,2,True,0,{}
train_03719,src_608cd3df3e24258a2bd9,Depression,1,train,train_legacy,415,2,0,2,True,0,{}
test_02053,src_608d278d8fb082389cca,Normal,0,test,test_nested,493,0,2,2,True,0,{}
test_02270,src_60942fab3360da8e7a62,Anxiety,2,test,test_nested,611,0,5,0,False,2,"{""meta_commentary"": 5}"
train_05489,src_60954c4f42f29e7a2c31,Depression,1,train,train_legacy,219,2,0,2,True,0,{}
train_02373,src_6096ca1e42d81e371c56,Normal,0,train,train_legacy,53,2,1,2,True,0,"{""sbert"": 1}"
test_02037,src_609823656e08fd75b6c1,Normal,0,test,test_nested,122,0,4,2,True,0,"{""meta_commentary"": 2}"
train_04359,src_609eb87f52ce156f19f4,Normal,0,train,train_legacy,122,2,5,0,False,2,"{""refusal"": 7}"
train_01289,src_609f04077767bdc643b7,Anxiety,2,train,train_legacy,1205,2,0,2,True,0,{}
train_01175,src_609fa50b794627c03e5d,Normal,0,train,train_legacy,130,2,5,0,False,2,"{""sbert"": 7}"
train_04395,src_60a8f612402b5457b475,Depression,1,train,train_legacy,504,2,0,2,True,0,{}
test_01887,src_60ae8dc88cdfdaa2706f,Bipolar,3,train,train_added,963,2,1,2,True,0,"{""meta_commentary"": 1}"
test_02426,src_60b983b2a62b6f917c12,Normal,0,test,test_nested,98,0,3,2,True,0,"{""meta_commentary"": 1}"
train_02015,src_60cdb8657cb3871b3377,Anxiety,2,train,train_legacy,56,2,0,2,True,0,{}
test_00541,src_60ceb0ff062cb057df99,Normal,0,test,test_nested,55,0,2,2,True,0,{}
val_confirm_00174,src_60cf7fa0b8d8ab6a97cb,Depression,1,train,train_added,742,2,0,2,True,0,{}
train_00606,src_60dac060096b29b78288,Depression,1,train,train_legacy,2044,2,0,2,True,0,{}
train_05141,src_60dc736df013b668fa48,Depression,1,train,train_legacy,1047,2,0,2,True,0,{}
train_04235,src_60e2f32c8d47a00b0590,Anxiety,2,train,train_legacy,229,2,0,2,True,0,{}
test_00629,src_60e4c9eeb8adffd66fb4,Anxiety,2,test,test_nested,167,0,2,2,True,0,{}
train_01976,src_60e5065fe788664b9548,Depression,1,train,train_legacy,717,2,0,2,True,0,{}
test_01368,src_60e66f72b380eca81fcf,Bipolar,3,test,test_nested,1655,0,2,2,True,0,{}
train_04076,src_60f803c28577b34a3ff3,Bipolar,3,train,train_legacy,452,2,0,2,True,0,{}
train_02879,src_60f9022db3a4c311f5db,Bipolar,3,train,train_legacy,546,2,0,2,True,0,{}
test_01655,src_60fab67e997a8114d776,Normal,0,test,test_nested,79,0,3,2,True,0,"{""length_ratio"": 1}"
train_02020,src_60fac9063e3689f844bc,Bipolar,3,train,train_legacy,818,2,0,2,True,0,{}
train_02157,src_60fc65d8e11836fd5b13,Bipolar,3,train,train_legacy,403,2,0,2,True,0,{}
train_02175,src_61004bfa1e13cac26337,Anxiety,2,train,train_legacy,251,2,0,2,True,0,{}
train_04536,src_61054d492e5458f7ee39,Normal,0,train,train_legacy,130,2,3,2,True,0,"{""length_ratio"": 3}"
test_00943,src_611bd90b288ac76a8883,Anxiety,2,test,test_nested,65,0,2,2,True,0,{}
train_05384,src_61206bf48d790ace1675,Bipolar,3,train,train_legacy,3267,2,1,2,True,0,"{""meta_commentary"": 1}"
test_02086,src_612594436c3cbf6c01a7,Anxiety,2,test,test_nested,126,0,4,2,True,0,"{""length_ratio"": 1, ""meta_commentary"": 1}"
test_00360,src_61288a7ec97fd8b8835e,Normal,0,train,train_added,23,2,5,0,False,2,"{""length_ratio"": 1, ""sbert"": 6}"
test_01747,src_612b6b68e77274c6195d,Anxiety,2,test,test_nested,500,0,2,2,True,0,{}
train_04572,src_612c895bbb746b55a65a,Depression,1,train,train_legacy,308,2,0,2,True,0,{}
train_05356,src_612fe611f3cb67345362,Normal,0,train,train_legacy,18,2,5,1,False,1,"{""length_ratio"": 6}"
train_03915,src_6134e5a6bfd0c18d41e6,Anxiety,2,train,train_legacy,180,2,0,2,True,0,{}
train_05344,src_613ee7df37d38190977c,Bipolar,3,train,train_legacy,2029,2,0,2,True,0,{}
train_01791,src_613f94c0d7fc505a53cd,Bipolar,3,train,train_legacy,482,2,0,2,True,0,{}
train_02100,src_61410be45728f88fec48,Normal,0,train,train_legacy,41,2,5,0,False,2,"{""sbert"": 7}"
val_confirm_00735,src_6142b2bf44cc427fa7c1,Normal,0,train,train_added,201,2,0,2,True,0,{}
train_02235,src_614a18493d2dae22f181,Anxiety,2,train,train_legacy,83,2,5,0,False,2,"{""length_ratio"": 7}"
test_01309,src_6153aacb8144d59f36bd,Bipolar,3,train,train_added,1997,2,0,2,True,0,{}
train_05148,src_6156641306d9eb1de31f,Normal,0,train,train_legacy,16,2,5,0,False,2,"{""meta_commentary"": 3, ""refusal"": 4}"
test_00168,src_616195d625c143f7465b,Anxiety,2,test,test_nested,459,0,2,2,True,0,{}
train_00178,src_61658f23c9c794f7898e,Normal,0,train,train_legacy,83,2,2,2,True,0,"{""length_ratio"": 2}"
test_00406,src_61692c5d7622a1aac544,Normal,0,test,test_nested,37,0,2,2,True,0,{}
train_04040,src_61701cefa01d4bedb051,Depression,1,train,train_legacy,1004,2,0,2,True,0,{}
train_00083,src_61796f9aaad3f0e61dd0,Normal,0,train,train_legacy,26,2,5,1,False,1,"{""length_ratio"": 6}"
test_00571,src_617e769686ea39a86557,Normal,0,test,test_nested,22,0,5,0,False,2,"{""length_ratio"": 5}"
train_03367,src_618204d49119c6f64237,Normal,0,train,train_legacy,240,2,0,2,True,0,{}
test_00337,src_618bb035eade068d88b0,Bipolar,3,test,test_nested,239,0,2,2,True,0,{}
train_04554,src_618c925e173c2f1f62cf,Normal,0,train,train_legacy,81,2,0,2,True,0,{}
test_02285,src_618d0156fbeb09d85c4c,Normal,0,test,test_nested,130,0,4,2,True,0,"{""sbert"": 2}"
train_03694,src_6198a25af3910e20ccf6,Anxiety,2,train,train_legacy,519,2,0,2,True,0,{}
train_05923,src_619b85df409c35c15669,Depression,1,train,train_legacy,313,2,0,2,True,0,{}
train_01201,src_619dd298a721c1654277,Anxiety,2,train,train_legacy,238,2,0,2,True,0,{}
test_01414,src_619f948ce59a174aca76,Depression,1,test,test_nested,331,0,2,2,True,0,{}
train_02405,src_61a65598e35c2a777207,Bipolar,3,train,train_legacy,599,2,1,2,True,0,"{""meta_commentary"": 1}"
train_03400,src_61ba70677e02494f4556,Anxiety,2,train,train_legacy,1585,2,0,2,True,0,{}
test_00686,src_61bda202561e9b082f30,Anxiety,2,train,train_added,190,2,0,2,True,0,{}
val_confirm_00050,src_61bedb407aabd3df5ecf,Anxiety,2,train,train_added,138,2,1,2,True,0,"{""sbert"": 1}"
test_00308,src_61c7e6ead3208c8cdddc,Anxiety,2,test,test_nested,557,0,2,2,True,0,{}
train_00709,src_61d1160431634ada205a,Depression,1,train,train_legacy,1942,2,1,2,True,0,"{""meta_commentary"": 1}"
train_04627,src_61d3153e0fcb808677c2,Normal,0,train,train_legacy,15,2,3,2,True,0,"{""sbert"": 3}"
train_05156,src_61d5c43009d770815c9b,Bipolar,3,train,train_legacy,559,2,0,2,True,0,{}
train_04202,src_61da941a0d8275c1fca1,Bipolar,3,train,train_legacy,711,2,0,2,True,0,{}
train_03597,src_61ef01987c5eeee36364,Depression,1,train,train_legacy,424,2,0,2,True,0,{}
train_05498,src_61f9dac68e3972d29498,Anxiety,2,train,train_legacy,28,2,5,0,False,2,"{""length_ratio"": 5, ""sbert"": 2}"
train_01926,src_61fb04081f0d2adeedd5,Normal,0,train,train_legacy,57,2,1,2,True,0,"{""sbert"": 1}"
train_04807,src_61fc15a40ea4b637d7ab,Bipolar,3,train,train_legacy,1151,2,0,2,True,0,{}
test_01678,src_6241e817356215942f0f,Normal,0,test,test_nested,44,0,5,0,False,2,"{""length_ratio"": 5}"
test_00477,src_624467d78099f4e2ceac,Anxiety,2,test,test_nested,131,0,2,2,True,0,{}
train_02348,src_62458fc9306cb1337df9,Anxiety,2,train,train_legacy,254,2,0,2,True,0,{}
train_00064,src_62486aa8101f61cdc34a,Bipolar,3,train,train_legacy,1522,2,0,2,True,0,{}
val_confirm_00111,src_624aa0c69216e74219fb,Depression,1,train,train_added,69,2,0,2,True,0,{}
test_00269,src_624b130a87eb7a26793b,Normal,0,test,test_nested,29,0,3,2,True,0,"{""sbert"": 1}"
train_04678,src_626e518d82384baa0d57,Bipolar,3,train,train_legacy,2708,2,1,2,True,0,"{""meta_commentary"": 1}"
train_05136,src_62722a2c09f80d961801,Depression,1,train,train_legacy,644,2,0,2,True,0,{}
test_00528,src_6276564feae5f0e52a1b,Normal,0,train,train_added,72,2,2,2,True,0,"{""length_ratio"": 1, ""sbert"": 1}"
val_search_00266,src_627df9afa8ddf92ce8e9,Bipolar,3,train,train_added,512,2,0,2,True,0,{}
test_01420,src_6297ebb2f58a6b3dedb0,Depression,1,test,test_nested,1814,0,2,2,True,0,{}
train_00142,src_6298495477cba9d6f180,Bipolar,3,train,train_legacy,1037,2,0,2,True,0,{}
train_00765,src_629a554a86ab55551860,Bipolar,3,train,train_legacy,1401,2,1,2,True,0,"{""meta_commentary"": 1}"
train_03345,src_629ff4112668cd2c79b7,Bipolar,3,train,train_legacy,1324,2,1,2,True,0,"{""meta_commentary"": 1}"
train_01049,src_62ad81aeebf5288a4c33,Depression,1,train,train_legacy,155,2,4,2,True,0,"{""length_ratio"": 4}"
train_01222,src_62b0fc8e7354332cd459,Depression,1,train,train_legacy,99,2,5,1,False,1,"{""refusal"": 5, ""sbert"": 1}"
train_05324,src_62b81c619465a14e34f3,Bipolar,3,train,train_legacy,1250,2,0,2,True,0,{}
val_confirm_00864,src_62c018088efc3dd7c6f8,Normal,0,train,train_added,39,2,1,2,True,0,"{""length_ratio"": 1}"
train_01784,src_62cd571e2763ce90903b,Depression,1,train,train_legacy,274,2,5,0,False,2,"{""refusal"": 7}"
train_01176,src_62d06c82492f7c1e3ff2,Anxiety,2,train,train_legacy,173,2,0,2,True,0,{}
test_00141,src_62d1eaa01f00ba3448c5,Depression,1,test,test_nested,227,0,2,2,True,0,{}
test_01010,src_62d313d70190bbee09f0,Bipolar,3,train,train_added,1188,2,1,2,True,0,"{""meta_commentary"": 1}"
train_02060,src_62e1dc7fb0ba00423bb9,Bipolar,3,train,train_legacy,767,2,0,2,True,0,{}
train_02130,src_62e6d237a5d0db156d58,Normal,0,train,train_legacy,102,2,0,2,True,0,{}
val_confirm_00582,src_62f108c34850b9015943,Normal,0,train,train_added,25,2,5,2,True,0,"{""length_ratio"": 5}"
train_02275,src_62f586028813b4162d1c,Normal,0,train,train_legacy,35,2,5,0,False,2,"{""length_ratio"": 2, ""sbert"": 5}"
train_03293,src_62f6a8c514f5064aa46f,Normal,0,train,train_legacy,52,2,1,2,True,0,"{""length_ratio"": 1}"
train_04555,src_62f84f4a62c6b5f4ab0d,Normal,0,train,train_legacy,30,2,1,2,True,0,"{""length_ratio"": 1}"
train_02508,src_62f9f60afc41b47e3582,Depression,1,train,train_legacy,581,2,0,2,True,0,{}
train_04528,src_62fe2ac3316d5d84244b,Normal,0,train,train_legacy,16,2,5,1,False,1,"{""length_ratio"": 6}"
train_05429,src_6300693e0663f53f2f3f,Bipolar,3,train,train_legacy,350,2,0,2,True,0,{}
test_00218,src_630bb48e07c3f9acdda5,Normal,0,test,test_nested,62,0,2,2,True,0,{}
train_01012,src_631c15caf508a60a16b5,Bipolar,3,train,train_legacy,661,2,0,2,True,0,{}
train_03834,src_631db9721aa65a1416f8,Normal,0,train,train_legacy,86,2,0,2,True,0,{}
test_02478,src_632670db5674f3015008,Bipolar,3,test,test_nested,1113,0,2,2,True,0,{}
test_01879,src_63295838207d0dc300f3,Normal,0,test,test_nested,24,0,5,0,False,2,"{""length_ratio"": 5}"
train_03082,src_63316740106f04ae0c4d,Bipolar,3,train,train_legacy,409,2,0,2,True,0,{}
train_04775,src_633246aed71970a37bc6,Anxiety,2,train,train_legacy,1318,2,2,2,True,0,"{""meta_commentary"": 2}"
train_02617,src_63327026cdc1e89b2fc3,Depression,1,train,train_legacy,2704,2,0,2,True,0,{}
test_02271,src_633b2b614d54ae656619,Bipolar,3,test,test_nested,634,0,2,2,True,0,{}
train_05182,src_634d3e6a1520de76d0a8,Depression,1,train,train_legacy,986,2,5,0,False,2,"{""length_ratio"": 1, ""refusal"": 6}"
test_02200,src_635333e5c3399c163f5b,Anxiety,2,train,train_added,813,2,0,2,True,0,{}
test_01513,src_635aba886477aba269b7,Anxiety,2,test,test_nested,109,0,2,2,True,0,{}
test_00719,src_635df0f369728cbf56b9,Depression,1,train,train_added,510,2,0,2,True,0,{}
val_confirm_00481,src_636781ae7f32a21eaa93,Depression,1,train,train_added,743,2,0,2,True,0,{}
test_00354,src_6374dd00e9f9267be621,Bipolar,3,test,test_nested,395,0,2,2,True,0,{}
train_05684,src_637511f6f59fc70cb9d0,Bipolar,3,train,train_legacy,315,2,0,2,True,0,{}
train_01236,src_637b2462d378fce22a33,Depression,1,train,train_legacy,2776,2,1,2,True,0,"{""meta_commentary"": 1}"
test_00388,src_6380356e21e839a1ddaf,Normal,0,test,test_nested,28,0,5,0,False,2,"{""sbert"": 5}"
train_05084,src_6381dbe9f523a645f36c,Depression,1,train,train_legacy,549,2,0,2,True,0,{}
train_04928,src_6382a84179b7616853fc,Anxiety,2,train,train_legacy,285,2,0,2,True,0,{}
train_03926,src_63903cd30d549bebfbc5,Normal,0,train,train_legacy,21,2,4,2,True,0,"{""length_ratio"": 2, ""sbert"": 2}"
train_02534,src_63923ade5355b9ced349,Normal,0,train,train_legacy,33,2,5,1,False,1,"{""length_ratio"": 6}"
train_03474,src_639935988cb835acc044,Normal,0,train,train_legacy,29,2,5,2,True,0,"{""length_ratio"": 5}"
train_00337,src_63afa7b0e6bca2892810,Bipolar,3,train,train_legacy,811,2,0,2,True,0,{}
train_02003,src_63bc4af4dde2c58146d1,Depression,1,train,train_legacy,1435,2,0,2,True,0,{}
train_00700,src_63cc8a63fa0e100c1eb7,Anxiety,2,train,train_legacy,433,2,1,2,True,0,"{""meta_commentary"": 1}"
train_00055,src_63d30d452d6a4cdc1009,Depression,1,train,train_legacy,658,2,0,2,True,0,{}
train_03254,src_63db3f3e748eabc46749,Normal,0,train,train_legacy,64,2,0,2,True,0,{}
train_02881,src_63df944c7b6ff45c9b11,Anxiety,2,train,train_legacy,205,2,0,2,True,0,{}
test_01012,src_63e41c3947ef9f98e46c,Bipolar,3,train,train_added,771,2,1,2,True,0,"{""meta_commentary"": 1}"
test_02309,src_63e6be2dca96a6e71b15,Bipolar,3,test,test_nested,362,0,2,2,True,0,{}
train_02016,src_63f146c6e497626485df,Bipolar,3,train,train_legacy,749,2,0,2,True,0,{}
test_02310,src_63f29914b4d58d728ced,Bipolar,3,test,test_nested,332,0,2,2,True,0,{}
train_00650,src_63f62e2b2802d5035865,Anxiety,2,train,train_legacy,313,2,0,2,True,0,{}
val_confirm_00005,src_63ff09d8e1e659356759,Bipolar,3,train,train_added,859,2,0,2,True,0,{}
test_01096,src_6407cc3d8bbcbf886d3e,Depression,1,test,test_nested,45,0,5,0,False,2,"{""refusal"": 5}"
train_02371,src_640d5daa3078c13090e3,Normal,0,train,train_legacy,79,2,5,1,False,1,"{""length_ratio"": 5, ""sbert"": 1}"
train_04492,src_641002d752154802f566,Anxiety,2,train,train_legacy,815,2,1,2,True,0,"{""meta_commentary"": 1}"
test_01189,src_641b015bdd800d4d7f09,Bipolar,3,test,test_nested,103,0,2,2,True,0,{}
test_01739,src_641bdf621d4a836b48ac,Depression,1,test,test_nested,501,0,2,2,True,0,{}
train_05130,src_641e9afc1174df2327c7,Depression,1,train,train_legacy,390,2,0,2,True,0,{}
test_00369,src_6421be77e16933c70f6e,Bipolar,3,train,train_added,551,2,0,2,True,0,{}
train_02553,src_6428b4e004a2c80fc014,Depression,1,train,train_legacy,1130,2,0,2,True,0,{}
train_04090,src_6440d08096db386c4d69,Depression,1,train,train_legacy,246,2,5,1,False,1,"{""refusal"": 6}"
test_00265,src_644615d21a018537c1f2,Bipolar,3,train,train_added,1641,2,0,2,True,0,{}
train_00878,src_64494157e2b56cadba5f,Normal,0,train,train_legacy,62,2,0,2,True,0,{}
train_00528,src_644965d88d595e510d47,Normal,0,train,train_legacy,33,2,5,0,False,2,"{""length_ratio"": 1, ""sbert"": 6}"
test_01213,src_645033e4e8b3ac0335f7,Anxiety,2,test,test_nested,408,0,2,2,True,0,{}
test_02093,src_645562a1edbd1ef88981,Anxiety,2,train,train_added,1427,2,0,2,True,0,{}
train_05927,src_6458bb7a69c381ff7a94,Normal,0,train,train_legacy,78,2,0,2,True,0,{}
test_01854,src_6459540c1e62839b7694,Anxiety,2,train,train_added,247,2,0,2,True,0,{}
train_05969,src_646029fe858294bcd3da,Bipolar,3,train,train_legacy,845,2,1,2,True,0,"{""meta_commentary"": 1}"
test_00994,src_6462005b157a89f28e5b,Depression,1,train,train_added,1081,2,0,2,True,0,{}
train_00907,src_646e8d9346a7ad01d841,Bipolar,3,train,train_legacy,452,2,0,2,True,0,{}
train_04600,src_64716ea934f8c89c7931,Anxiety,2,train,train_legacy,579,2,0,2,True,0,{}
train_02549,src_6477f219da078165ca13,Bipolar,3,train,train_legacy,1106,2,0,2,True,0,{}
train_04662,src_648619c62ed0ebe63ea5,Normal,0,train,train_legacy,69,2,0,2,True,0,{}
test_00011,src_6487b4b85fd47db950fd,Depression,1,test,test_nested,222,0,5,0,False,2,"{""length_ratio"": 5}"
train_01582,src_6491da9bfa250fd2571b,Bipolar,3,train,train_legacy,673,2,0,2,True,0,{}
train_00119,src_64944cefa6a0cba50d04,Anxiety,2,train,train_legacy,220,2,0,2,True,0,{}
train_01107,src_64a07e74881785b21b90,Normal,0,train,train_legacy,16,2,5,0,False,2,"{""length_ratio"": 5, ""sbert"": 2}"
train_01533,src_64a487f14aa4721d2eba,Normal,0,train,train_legacy,472,2,0,2,True,0,{}
train_01790,src_64b5828235f23c85d722,Anxiety,2,train,train_legacy,69,2,0,2,True,0,{}
train_01671,src_64bab65de2caa7967570,Normal,0,train,train_legacy,19,2,3,2,True,0,"{""length_ratio"": 2, ""sbert"": 1}"
train_00729,src_64bcbe87b7ce503561f1,Bipolar,3,train,train_legacy,901,2,5,1,False,1,"{""meta_commentary"": 6}"
train_02325,src_64bd5d982504653c4702,Normal,0,train,train_legacy,31,2,0,2,True,0,{}
train_01287,src_64c3aa704bfc8b6dfdb1,Bipolar,3,train,train_legacy,1744,2,0,2,True,0,{}
train_04990,src_64d8fe2c43272332dfa8,Anxiety,2,train,train_legacy,209,2,0,2,True,0,{}
test_01024,src_64db79f00e9b02e7dc4b,Anxiety,2,test,test_nested,410,0,2,2,True,0,{}
test_01079,src_64dedf8acb2a6180faff,Depression,1,test,test_nested,453,0,2,2,True,0,{}
train_01071,src_64e62d59a88ab758e601,Depression,1,train,train_legacy,873,2,5,0,False,2,"{""refusal"": 7}"
train_00428,src_64ea2230e0f49d15e174,Depression,1,train,train_legacy,282,2,0,2,True,0,{}
train_01490,src_64f5dea1ce3c8a6cfa97,Normal,0,train,train_legacy,28,2,0,2,True,0,{}
test_01713,src_64fcc109fedee85cb2f3,Depression,1,test,test_nested,231,0,4,2,True,0,"{""length_ratio"": 2}"
test_00076,src_650254ed6a6fee1669f9,Normal,0,test,test_nested,204,0,2,2,True,0,{}
train_00466,src_650bfcd2da9313856a74,Depression,1,train,train_legacy,1132,2,0,2,True,0,{}
train_02754,src_65129cd0d95c9b4111df,Anxiety,2,train,train_legacy,665,2,0,2,True,0,{}
train_02510,src_65141200b080717fe02f,Depression,1,train,train_legacy,1177,2,0,2,True,0,{}
train_03425,src_6515a714d1c71e0dc6ba,Bipolar,3,train,train_legacy,1825,2,0,2,True,0,{}
val_search_00178,src_6515f6e82e69054b5b70,Normal,0,train,train_added,29,2,2,2,True,0,"{""length_ratio"": 2}"
val_confirm_01006,src_651e4e45dc16cde99840,Anxiety,2,train,train_added,432,2,0,2,True,0,{}
train_00130,src_653051b79133392b9f76,Anxiety,2,train,train_legacy,1761,2,1,2,True,0,"{""meta_commentary"": 1}"
train_03373,src_65354f0c74433afe76f7,Bipolar,3,train,train_legacy,465,2,0,2,True,0,{}
train_05063,src_6535fed5ef0ae0c38816,Anxiety,2,train,train_legacy,578,2,5,0,False,2,"{""refusal"": 7}"
train_05362,src_655006cfc63bb987bc46,Bipolar,3,train,train_legacy,648,2,0,2,True,0,{}
test_00942,src_655210347d463e7bf37f,Bipolar,3,train,train_added,1455,2,3,2,True,0,"{""meta_commentary"": 3}"
train_00248,src_65635ca00d651229cdf4,Anxiety,2,train,train_legacy,442,2,0,2,True,0,{}
train_02245,src_658ffe2c3a1637ed1870,Normal,0,train,train_legacy,41,2,3,2,True,0,"{""length_ratio"": 1, ""sbert"": 2}"
train_03331,src_6591c8d70ff8c4a854ba,Normal,0,train,train_legacy,21,2,1,2,True,0,"{""length_ratio"": 1}"
train_05529,src_65966e6aefde7cc8bed0,Bipolar,3,train,train_legacy,1009,2,0,2,True,0,{}
train_04146,src_659e57675893965a32d7,Depression,1,train,train_legacy,1280,2,5,0,False,2,"{""refusal"": 7}"
test_01288,src_659f4bc839668d9cec1c,Normal,0,test,test_nested,495,0,2,2,True,0,{}
train_04893,src_65b683ff7908572118ea,Depression,1,train,train_legacy,313,2,0,2,True,0,{}
train_00596,src_65c0f91fb02063219e72,Normal,0,train,train_legacy,514,2,0,2,True,0,{}
train_00635,src_65cb82724fab56788015,Depression,1,train,train_legacy,600,2,0,2,True,0,{}
train_01906,src_65cc765a174e59d43776,Bipolar,3,train,train_legacy,1815,2,0,2,True,0,{}
train_05226,src_65cd6920398a12246202,Bipolar,3,train,train_legacy,311,2,1,2,True,0,"{""length_ratio"": 1}"
test_01981,src_65db4439cb1a1608e671,Depression,1,test,test_nested,711,0,2,2,True,0,{}
train_01407,src_65e5e66b5639fbf1359f,Bipolar,3,train,train_legacy,307,2,0,2,True,0,{}
train_02503,src_65e6e1de12a8ebf3fb76,Anxiety,2,train,train_legacy,993,2,0,2,True,0,{}
train_05069,src_65e7e87c80b7bda56969,Normal,0,train,train_legacy,63,2,0,2,True,0,{}
train_00129,src_65eebaa98e5108d3b049,Normal,0,train,train_legacy,109,2,2,2,True,0,"{""sbert"": 2}"
train_01593,src_65eed480f51c70f5accd,Bipolar,3,train,train_legacy,726,2,0,2,True,0,{}
train_05679,src_65f3c4f631a4497f88b2,Bipolar,3,train,train_legacy,845,2,0,2,True,0,{}
test_00645,src_65f47871c3974c844e5b,Anxiety,2,test,test_nested,329,0,2,2,True,0,{}
train_05046,src_65f6bb7895e448728d51,Depression,1,train,train_legacy,2757,2,0,2,True,0,{}
test_00934,src_65f944b11914901936b0,Anxiety,2,test,test_nested,1941,0,2,2,True,0,{}
train_01232,src_65fc7c3fbbd8de0b13dd,Anxiety,2,train,train_legacy,894,2,0,2,True,0,{}
train_01705,src_65fed5b67417677e6100,Depression,1,train,train_legacy,1515,2,0,2,True,0,{}
train_05913,src_6605949670314e026934,Depression,1,train,train_legacy,442,2,0,2,True,0,{}
train_00427,src_660ba00f9abb083c84e8,Normal,0,train,train_legacy,35,2,5,0,False,2,"{""length_ratio"": 1, ""sbert"": 6}"
train_02743,src_660ddce1503290966809,Normal,0,train,train_legacy,15,2,5,0,False,2,"{""length_ratio"": 5, ""sbert"": 2}"
train_03127,src_6611f5f2b660fa42767c,Normal,0,train,train_legacy,62,2,2,2,True,0,"{""length_ratio"": 1, ""sbert"": 1}"
test_00161,src_661f447e9650736c7f7d,Bipolar,3,test,test_nested,424,0,2,2,True,0,{}
test_02301,src_662cc10e442104bd5c7b,Anxiety,2,test,test_nested,1100,0,2,2,True,0,{}
val_confirm_00206,src_66345711d9d862ebc547,Normal,0,train,train_added,14,2,5,0,False,2,"{""length_ratio"": 3, ""meta_commentary"": 1, ""sbert"": 3}"
train_04578,src_663532b705557dd5f1a8,Bipolar,3,train,train_legacy,2252,2,0,2,True,0,{}
train_05195,src_664231869bd56d954e7f,Anxiety,2,train,train_legacy,50,2,1,2,True,0,"{""sbert"": 1}"
train_05995,src_66476fce2d56dd2ee83f,Normal,0,train,train_legacy,30,2,5,2,True,0,"{""length_ratio"": 2, ""sbert"": 3}"
test_00189,src_66477133348c1b3adddd,Normal,0,test,test_nested,296,0,5,0,False,2,"{""refusal"": 5}"
train_01241,src_66480362f47457faffa4,Bipolar,3,train,train_legacy,89,2,4,2,True,0,"{""length_ratio"": 3, ""sbert"": 1}"
train_05808,src_664ca394213c4567a202,Anxiety,2,train,train_legacy,30,2,5,0,False,2,"{""length_ratio"": 7}"
val_search_00339,src_664cde48432b9e408123,Bipolar,3,train,train_added,183,2,0,2,True,0,{}
train_02689,src_665aeb67d39484e06721,Bipolar,3,train,train_legacy,3260,2,5,0,False,2,"{""meta_commentary"": 7}"
test_00770,src_666121b8db0b371d3574,Anxiety,2,test,test_nested,441,0,2,2,True,0,{}
test_01105,src_6664f91d2191ddd3cc80,Anxiety,2,test,test_nested,699,0,2,2,True,0,{}
train_02854,src_66651c12476ed588ec6d,Bipolar,3,train,train_legacy,672,2,0,2,True,0,{}
train_05407,src_666637c527e3d06f97ef,Normal,0,train,train_legacy,26,2,5,1,False,1,"{""duplicate"": 1, ""length_ratio"": 3, ""sbert"": 2}"
train_04187,src_666b138a42bfb4d8ebbb,Normal,0,train,train_legacy,82,2,0,2,True,0,{}
train_02178,src_666d47d15e623590a9f4,Depression,1,train,train_legacy,76,2,5,0,False,2,"{""length_ratio"": 5, ""sbert"": 2}"
test_00475,src_666dd66b6efb86cbefa9,Normal,0,test,test_nested,45,0,5,2,True,0,"{""length_ratio"": 1, ""sbert"": 2}"
test_00489,src_667b8a1425bf90039c70,Normal,0,test,test_nested,27,0,2,2,True,0,{}
train_00402,src_668a2d454270df05fce0,Bipolar,3,train,train_legacy,2169,2,0,2,True,0,{}
train_01155,src_6690b0e0119f7b5afbdf,Normal,0,train,train_legacy,19,2,5,0,False,2,"{""refusal"": 7}"
test_00797,src_66b5be2fffebffd3bec4,Depression,1,train,train_added,509,2,5,0,False,2,"{""refusal"": 7}"
train_00956,src_66b6ab4af9b96e38cd47,Normal,0,train,train_legacy,24,2,1,2,True,0,"{""length_ratio"": 1}"
train_04236,src_66ba621a0788b003054c,Normal,0,train,train_legacy,615,2,0,2,True,0,{}
train_03573,src_66c7336bc342994d71de,Normal,0,train,train_legacy,34,2,3,2,True,0,"{""length_ratio"": 1, ""sbert"": 2}"
train_03771,src_66c750308dc60b88b2ba,Normal,0,train,train_legacy,135,2,0,2,True,0,{}
test_01046,src_66c7f256c7252a3d2148,Normal,0,train,train_added,39,2,1,2,True,0,"{""length_ratio"": 1}"
train_03201,src_66dcff1be79c8b35f6cf,Anxiety,2,train,train_legacy,1712,2,0,2,True,0,{}
train_02779,src_66e3618d92d053fc2f56,Bipolar,3,train,train_legacy,1288,2,0,2,True,0,{}
test_00811,src_66e3f67a44e503bb74f0,Anxiety,2,test,test_nested,109,0,2,2,True,0,{}
train_04078,src_66e8db51a83a2fb5de0b,Depression,1,train,train_legacy,178,2,3,2,True,0,"{""length_ratio"": 3}"
train_02939,src_66f5510d050ac490fabc,Anxiety,2,train,train_legacy,677,2,0,2,True,0,{}
train_05172,src_66f8f560a510e9f8ce00,Bipolar,3,train,train_legacy,353,2,0,2,True,0,{}
train_03133,src_6708edc521d5b71d4958,Normal,0,train,train_legacy,27,2,3,2,True,0,"{""length_ratio"": 2, ""sbert"": 1}"
val_confirm_01025,src_6719887e7bcce284f02a,Depression,1,train,train_added,987,2,0,2,True,0,{}
train_03509,src_671cad9fc9878de26155,Bipolar,3,train,train_legacy,282,2,1,2,True,0,"{""meta_commentary"": 1}"
train_00944,src_671cafa2d5bf8e97673f,Depression,1,train,train_legacy,1944,2,0,2,True,0,{}
train_05104,src_671cd6b5cc4e8d1a5044,Bipolar,3,train,train_legacy,747,2,0,2,True,0,{}
test_00462,src_671d7171df0b89a5ec5b,Depression,1,train,train_added,55,2,5,0,False,2,"{""refusal"": 7}"
test_02278,src_6731581f823e20141cf4,Depression,1,test,test_nested,441,0,5,0,False,2,"{""refusal"": 5}"
train_04978,src_6733e9e0956db15e608b,Normal,0,train,train_legacy,55,2,1,2,True,0,"{""length_ratio"": 1}"
train_00665,src_673756fb8248eac55ac4,Depression,1,train,train_legacy,40,2,2,2,True,0,"{""length_ratio"": 2}"
train_05076,src_67436ff1ad9a50edbcbc,Anxiety,2,train,train_legacy,652,2,0,2,True,0,{}
train_00692,src_67458314da6920059c3e,Normal,0,train,train_legacy,40,2,1,2,True,0,"{""length_ratio"": 1}"
val_confirm_00697,src_6747e08cf1fcab2a90c1,Normal,0,train,train_added,51,2,2,2,True,0,"{""length_ratio"": 1, ""sbert"": 1}"
train_00640,src_674c782be887141528d1,Depression,1,train,train_legacy,274,2,0,2,True,0,{}
train_04288,src_674d80c51e241fdb52d3,Depression,1,train,train_legacy,2198,2,0,2,True,0,{}
test_00145,src_6757631a922746363acc,Depression,1,test,test_nested,2812,0,2,2,True,0,{}
train_04826,src_6766a0c7f8d2d4560233,Bipolar,3,train,train_legacy,196,2,1,2,True,0,"{""sbert"": 1}"
train_01966,src_6769655485cb120e32ae,Depression,1,train,train_legacy,411,2,0,2,True,0,{}
train_04174,src_67711bf1bbcb949cee1e,Depression,1,train,train_legacy,734,2,0,2,True,0,{}
train_05279,src_6777b9e9d34441796571,Bipolar,3,train,train_legacy,219,2,0,2,True,0,{}
train_04452,src_677dfe2f46167fe084df,Anxiety,2,train,train_legacy,1275,2,0,2,True,0,{}
train_04653,src_6782843c35e87026944d,Normal,0,train,train_legacy,63,2,5,0,False,2,"{""sbert"": 7}"
train_05301,src_678be6ff0b7b54512a23,Depression,1,train,train_legacy,905,2,0,2,True,0,{}
val_confirm_00349,src_678edb8b0b879423a661,Bipolar,3,train,train_added,2548,2,0,2,True,0,{}
train_04863,src_6799d87c5eeaa46d5762,Normal,0,train,train_legacy,60,2,5,2,True,0,"{""length_ratio"": 2, ""meta_commentary"": 1, ""sbert"": 2}"
test_01170,src_679a5f9f35400910063d,Normal,0,test,test_nested,122,0,2,2,True,0,{}
train_01540,src_679fccf0d5a24d46ecf5,Depression,1,train,train_legacy,85,2,0,2,True,0,{}
test_02069,src_67a36223de11025a252e,Depression,1,test,test_nested,1275,0,2,2,True,0,{}
train_05372,src_67a3b60dbf69afa44518,Bipolar,3,train,train_legacy,156,2,0,2,True,0,{}
train_04182,src_67a8ae50dd788404a2e0,Anxiety,2,train,train_legacy,1759,2,0,2,True,0,{}
val_search_00389,src_67aec97c0b3b4719c8a5,Anxiety,2,train,train_added,58,2,3,2,True,0,"{""sbert"": 3}"
train_05225,src_67b38caad13eb7993400,Normal,0,train,train_legacy,25,2,2,2,True,0,"{""duplicate"": 1, ""sbert"": 1}"
train_02996,src_67b8f63b3bf7f6913efd,Depression,1,train,train_legacy,4810,2,5,0,False,2,"{""refusal"": 7}"
train_01326,src_67bc3e6a1a16cc6b230a,Depression,1,train,train_legacy,806,2,5,0,False,2,"{""refusal"": 7}"
train_04110,src_67ccdc8603df6d8d640b,Depression,1,train,train_legacy,930,2,0,2,True,0,{}
train_00390,src_67cd80db14b600ed08ea,Depression,1,train,train_legacy,774,2,0,2,True,0,{}
test_01144,src_67d3152fc3a07a707216,Depression,1,test,test_nested,643,0,2,2,True,0,{}
test_00928,src_67d3fa164d1de1c28b16,Depression,1,test,test_nested,560,0,2,2,True,0,{}
val_search_00104,src_67d9a266d00f8a837bf7,Bipolar,3,train,train_added,775,2,0,2,True,0,{}
train_01987,src_67da6a2823532ec668f0,Depression,1,train,train_legacy,211,2,5,2,True,0,"{""length_ratio"": 2, ""meta_commentary"": 2, ""sbert"": 1}"
test_01902,src_67ec597c689f17793ba0,Normal,0,train,train_added,448,2,0,2,True,0,{}
train_01516,src_67f21600a92f65eed079,Depression,1,train,train_legacy,332,2,1,2,True,0,"{""length_ratio"": 1}"
val_confirm_00249,src_67f3c5bacdd3a5403066,Bipolar,3,train,train_added,572,2,0,2,True,0,{}
test_00735,src_682c4290662a6a4d3a63,Depression,1,test,test_nested,548,0,2,2,True,0,{}
test_00966,src_68311d404bdb69f07fcf,Anxiety,2,test,test_nested,447,0,2,2,True,0,{}
train_02850,src_6849b6712e6320be8e4c,Anxiety,2,train,train_legacy,784,2,1,2,True,0,"{""meta_commentary"": 1}"
test_00798,src_684be47fd1c64195525b,Normal,0,test,test_nested,507,0,2,2,True,0,{}
train_05335,src_684cdbb588e000b8fb4e,Anxiety,2,train,train_legacy,41,2,5,0,False,2,"{""length_ratio"": 6, ""sbert"": 1}"
test_00136,src_685107200cf52ede8100,Anxiety,2,test,test_nested,1805,0,2,2,True,0,{}
train_00172,src_685c558d129c58e97c91,Bipolar,3,train,train_legacy,2331,2,0,2,True,0,{}
train_00151,src_685fe19e9f9c47beda29,Depression,1,train,train_legacy,238,2,2,2,True,0,"{""sbert"": 2}"
train_00330,src_6866cfa7315e4af01b48,Normal,0,train,train_legacy,166,2,0,2,True,0,{}
train_03575,src_686913e98a4b8f29ef49,Depression,1,train,train_legacy,653,2,0,2,True,0,{}
train_00793,src_6882b3a8e117a163213c,Bipolar,3,train,train_legacy,300,2,0,2,True,0,{}
train_00345,src_6888bb973e67d65ab1f9,Bipolar,3,train,train_legacy,547,2,0,2,True,0,{}
train_04504,src_6890ffd72059f260d3ac,Anxiety,2,train,train_legacy,1012,2,0,2,True,0,{}
train_04657,src_6891ad94e704ccb72f2b,Bipolar,3,train,train_legacy,1220,2,0,2,True,0,{}
train_01706,src_689f169e6eaeb2734c52,Normal,0,train,train_legacy,20,2,5,0,False,2,"{""length_ratio"": 7}"
train_02873,src_689f29a45399b1a06313,Normal,0,train,train_legacy,22,2,5,0,False,2,"{""sbert"": 7}"
train_01626,src_68a98bb72e5dffe7d896,Bipolar,3,train,train_legacy,566,2,0,2,True,0,{}
train_00758,src_68b33ea30ceac36724e3,Normal,0,train,train_legacy,111,2,0,2,True,0,{}
val_confirm_00373,src_68d6e082c885d4cce1d0,Anxiety,2,train,train_added,183,2,0,2,True,0,{}
test_02135,src_68db6cb515828bd94acc,Normal,0,train,train_added,43,2,1,2,True,0,"{""sbert"": 1}"
train_05902,src_68e018ed5d663e723591,Depression,1,train,train_legacy,60,2,5,0,False,2,"{""length_ratio"": 1, ""sbert"": 6}"
train_02320,src_68e29f15e4d443909d17,Depression,1,train,train_legacy,124,2,5,0,False,2,"{""meta_commentary"": 1, ""refusal"": 6}"
test_01353,src_68fb04f07063927c8db6,Normal,0,test,test_nested,71,0,2,2,True,0,{}
test_00287,src_68feb195f2dabd7c749d,Bipolar,3,train,train_added,491,2,0,2,True,0,{}
test_00793,src_6903df4d63eb8b451fce,Normal,0,test,test_nested,127,0,5,0,False,2,"{""refusal"": 3, ""sbert"": 2}"
test_00420,src_6911828a4492131f89fd,Normal,0,test,test_nested,60,0,2,2,True,0,{}
train_01001,src_69156ee51e1d97318ae0,Depression,1,train,train_legacy,1014,2,0,2,True,0,{}
test_02106,src_6916cc9b50da93153bac,Normal,0,test,test_nested,84,0,2,2,True,0,{}
train_05829,src_6917ef74388571177ef1,Depression,1,train,train_legacy,520,2,0,2,True,0,{}
test_00356,src_6920ceff3b374dcba996,Depression,1,test,test_nested,366,0,2,2,True,0,{}
train_04289,src_69283b9b0709fa0e54a9,Anxiety,2,train,train_legacy,701,2,1,2,True,0,"{""meta_commentary"": 1}"
train_04243,src_693681086d0e7598ab65,Depression,1,train,train_legacy,1951,2,0,2,True,0,{}
train_03340,src_693b5b3a9925d9516a50,Normal,0,train,train_legacy,97,2,4,2,True,0,"{""meta_commentary"": 4}"
train_03566,src_695211700ac42401e53a,Anxiety,2,train,train_legacy,334,2,0,2,True,0,{}
train_01648,src_695cb51f761cace52a72,Anxiety,2,train,train_legacy,342,2,0,2,True,0,{}
train_01439,src_695edc05f484a1bbe49f,Depression,1,train,train_legacy,1274,2,4,2,True,0,"{""meta_commentary"": 4}"
train_02261,src_6965a507eca19ea20707,Anxiety,2,train,train_legacy,36,2,5,0,False,2,"{""sbert"": 7}"
train_03374,src_696ea5cd5fefed5f5c65,Depression,1,train,train_legacy,713,2,0,2,True,0,{}
train_00744,src_69715969982e6d74a765,Depression,1,train,train_legacy,1455,2,0,2,True,0,{}
test_00366,src_69747fb25056f8507e87,Depression,1,test,test_nested,1020,0,5,0,False,2,"{""refusal"": 5}"
test_01729,src_69779a412867d4df9eba,Normal,0,test,test_nested,165,0,2,2,True,0,{}
val_confirm_00294,src_6988fb0964a86ded3d12,Normal,0,train,train_added,22,2,3,2,True,0,"{""length_ratio"": 3}"
val_search_00051,src_69a05113fa851021fc19,Depression,1,train,train_added,484,2,0,2,True,0,{}
train_05542,src_69a9297fdef04ac68a99,Bipolar,3,train,train_legacy,790,2,0,2,True,0,{}
test_02486,src_69aca869bb879642e5c5,Anxiety,2,test,test_nested,154,0,2,2,True,0,{}
train_05937,src_69ad52390e32ece5abad,Normal,0,train,train_legacy,88,2,0,2,True,0,{}
train_03432,src_69afd3dd17b3b978c689,Anxiety,2,train,train_legacy,91,2,0,2,True,0,{}
train_02393,src_69b51e1575610f770667,Depression,1,train,train_legacy,127,2,1,2,True,0,"{""sbert"": 1}"
train_05564,src_69c00201dd1275ed0cd2,Normal,0,train,train_legacy,111,2,1,2,True,0,"{""sbert"": 1}"
test_00733,src_69c6b4a682335a1dcf57,Anxiety,2,test,test_nested,3011,0,5,2,True,0,"{""meta_commentary"": 3}"
train_05810,src_69c7b1fb35b81a1f6fc8,Anxiety,2,train,train_legacy,326,2,0,2,True,0,{}
test_01169,src_69d124242080559d1ac5,Depression,1,train,train_added,431,2,1,2,True,0,"{""meta_commentary"": 1}"
train_02863,src_69d21e9febbe7b8b1eb7,Bipolar,3,train,train_legacy,1514,2,0,2,True,0,{}
train_03030,src_69d9ec2d7911b86aa658,Anxiety,2,train,train_legacy,27,2,3,2,True,0,"{""length_ratio"": 1, ""sbert"": 2}"
test_00373,src_69ed4b5dbfe2c8bb5a77,Depression,1,test,test_nested,179,0,3,2,True,0,"{""sbert"": 1}"
train_01959,src_69f479d85931b9efa11a,Bipolar,3,train,train_legacy,483,2,0,2,True,0,{}
train_03230,src_6a10ebf7b666029a3bf0,Depression,1,train,train_legacy,192,2,5,0,False,2,"{""refusal"": 7}"
test_01212,src_6a1297a3d6ab074963b2,Anxiety,2,test,test_nested,1872,0,2,2,True,0,{}
train_02205,src_6a37e032c6012877964d,Normal,0,train,train_legacy,23,2,2,2,True,0,"{""length_ratio"": 1, ""sbert"": 1}"
train_00284,src_6a423fbd5ba4e3be4140,Depression,1,train,train_legacy,483,2,0,2,True,0,{}
test_02076,src_6a449cf201acf952b72c,Depression,1,test,test_nested,1173,0,2,2,True,0,{}
train_01063,src_6a495de58d26ac1d4f69,Normal,0,train,train_legacy,28,2,5,0,False,2,"{""length_ratio"": 2, ""meta_commentary"": 1, ""sbert"": 4}"
train_05559,src_6a532f7670b9019cec26,Normal,0,train,train_legacy,35,2,0,2,True,0,{}
test_01023,src_6a5d5e8e5f578db6cd3e,Anxiety,2,test,test_nested,1536,0,2,2,True,0,{}
train_03986,src_6a6189bfd1d2c29c2b6b,Bipolar,3,train,train_legacy,1615,2,0,2,True,0,{}
train_01734,src_6a6351b4ca0fe1f440a7,Depression,1,train,train_legacy,142,2,5,1,False,1,"{""sbert"": 6}"
train_00205,src_6a64239e7a9a15e3cf76,Depression,1,train,train_legacy,538,2,5,0,False,2,"{""refusal"": 7}"
train_05934,src_6a64cdc6f7a38b7b93c7,Normal,0,train,train_legacy,247,2,0,2,True,0,{}
train_02160,src_6a675c01b59d9de79291,Depression,1,train,train_legacy,264,2,0,2,True,0,{}
train_00323,src_6a6f6b54cb9b858071b3,Anxiety,2,train,train_legacy,1224,2,4,2,True,0,"{""meta_commentary"": 4}"
train_04058,src_6a7326248aace57b5dce,Anxiety,2,train,train_legacy,1429,2,0,2,True,0,{}
train_02035,src_6a758f7c4ea5c5771b14,Normal,0,train,train_legacy,13,2,5,0,False,2,"{""length_ratio"": 6, ""sbert"": 1}"
test_02018,src_6a7a30e8db4f1c942ab6,Normal,0,test,test_nested,32,0,4,2,True,0,"{""length_ratio"": 2}"
train_03112,src_6a7cd190ce996875e666,Anxiety,2,train,train_legacy,1061,2,0,2,True,0,{}
val_confirm_00534,src_6a7e57a163a4f3542e97,Depression,1,train,train_added,693,2,0,2,True,0,{}
test_01820,src_6a89c18efe45301ff21d,Bipolar,3,train,train_added,734,2,0,2,True,0,{}
test_00408,src_6a8c442ea7d091dea143,Normal,0,test,test_nested,16,0,5,0,False,2,"{""length_ratio"": 5}"
train_04335,src_6a8ecf921d619f28920f,Normal,0,train,train_legacy,13,2,2,2,True,0,"{""duplicate"": 1, ""length_ratio"": 1}"
train_02473,src_6a99b8ef48c9637e1b26,Depression,1,train,train_legacy,364,2,0,2,True,0,{}
train_03840,src_6a9e5f58122868dc2c3e,Bipolar,3,train,train_legacy,1534,2,0,2,True,0,{}
test_01196,src_6a9f565e3ae9402de71c,Normal,0,test,test_nested,40,0,3,2,True,0,"{""length_ratio"": 1}"
train_02995,src_6aa8e78dedfd1f34ed80,Bipolar,3,train,train_legacy,291,2,0,2,True,0,{}
train_00618,src_6aae67e2b61abeef6b3d,Bipolar,3,train,train_legacy,99,2,0,2,True,0,{}
train_05834,src_6ab0237aa5004fb5a775,Depression,1,train,train_legacy,2356,2,0,2,True,0,{}
test_00461,src_6ab611756b9c11eaa507,Normal,0,train,train_added,27,2,5,0,False,2,"{""length_ratio"": 4, ""sbert"": 3}"
test_00757,src_6abc251b3b05b11ee7af,Depression,1,test,test_nested,121,0,2,2,True,0,{}
train_00935,src_6ace96d4a0360a2319cb,Normal,0,train,train_legacy,37,2,0,2,True,0,{}
test_00058,src_6ad3596e7a0756d78fe5,Bipolar,3,train,train_added,704,2,0,2,True,0,{}
train_03853,src_6adaee50d83a9abedc4f,Bipolar,3,train,train_legacy,1184,2,0,2,True,0,{}
train_02637,src_6ade0d1d653a009b1028,Anxiety,2,train,train_legacy,558,2,0,2,True,0,{}
val_confirm_00451,src_6ae7c01210a8cb18a2a6,Depression,1,train,train_added,193,2,4,2,True,0,"{""refusal"": 4}"
train_05539,src_6aeffaea798542f1a1c6,Bipolar,3,train,train_legacy,379,2,0,2,True,0,{}
train_05145,src_6af541f25da3eac13240,Anxiety,2,train,train_legacy,429,2,0,2,True,0,{}
train_05116,src_6af8831793d26437c7c0,Anxiety,2,train,train_legacy,396,2,0,2,True,0,{}
train_03665,src_6afb3228e2b022f30301,Anxiety,2,train,train_legacy,1433,2,0,2,True,0,{}
train_01197,src_6afc8bf940895b9e0ae2,Normal,0,train,train_legacy,31,2,0,2,True,0,{}
test_01676,src_6b002a3ab95f3645603a,Anxiety,2,test,test_nested,403,0,2,2,True,0,{}
train_05591,src_6b156aeba5b3439fd9c3,Depression,1,train,train_legacy,1238,2,0,2,True,0,{}
train_05802,src_6b16f65506f6f1a1badd,Depression,1,train,train_legacy,277,2,0,2,True,0,{}
train_00977,src_6b45a56c4dce745b2cea,Anxiety,2,train,train_legacy,730,2,0,2,True,0,{}
test_01393,src_6b4846cbdee0684935c2,Depression,1,test,test_nested,1314,0,2,2,True,0,{}
test_01780,src_6b4a2e4f5e224cf23849,Bipolar,3,test,test_nested,617,0,2,2,True,0,{}
train_05915,src_6b4c0a495afdedf7829b,Bipolar,3,train,train_legacy,613,2,0,2,True,0,{}
test_01633,src_6b5292f788863dd42433,Anxiety,2,test,test_nested,718,0,2,2,True,0,{}
test_01977,src_6b52e9ba84d3c5a19fd2,Bipolar,3,test,test_nested,1595,0,2,2,True,0,{}
test_01619,src_6b5afecd7f54977d657f,Depression,1,test,test_nested,115,0,2,2,True,0,{}
train_00837,src_6b64f1475962dd34fa6e,Depression,1,train,train_legacy,134,2,4,2,True,0,"{""length_ratio"": 4}"
train_01714,src_6b67b16bf127f6096065,Anxiety,2,train,train_legacy,59,2,2,2,True,0,"{""sbert"": 2}"
test_00418,src_6b6a1582371d9e00f4b1,Anxiety,2,test,test_nested,283,0,2,2,True,0,{}
test_02420,src_6b726f08540cf89f6603,Anxiety,2,test,test_nested,1007,0,2,2,True,0,{}
train_00389,src_6b737985544aedf01f63,Normal,0,train,train_legacy,79,2,1,2,True,0,"{""length_ratio"": 1}"
val_confirm_00305,src_6b7ac78dd8798ef141f1,Depression,1,train,train_added,265,2,5,1,False,1,"{""length_ratio"": 6}"
train_02592,src_6b8467b37623bcc0ab77,Bipolar,3,train,train_legacy,239,2,0,2,True,0,{}
train_00628,src_6b985587bc6c1fc03dc3,Bipolar,3,train,train_legacy,2790,2,1,2,True,0,"{""meta_commentary"": 1}"
train_03033,src_6ba08b0d6828e5208750,Bipolar,3,train,train_legacy,1169,2,0,2,True,0,{}
train_00104,src_6ba0d64fbfa202794e43,Anxiety,2,train,train_legacy,1508,2,5,0,False,2,"{""refusal"": 7}"
test_00499,src_6ba7e33e50a1c37cb9d3,Depression,1,test,test_nested,1195,0,2,2,True,0,{}
train_03074,src_6bab0308979ff928f515,Bipolar,3,train,train_legacy,616,2,0,2,True,0,{}
test_02065,src_6bb039ace0249d1f0766,Anxiety,2,train,train_added,118,2,0,2,True,0,{}
train_01118,src_6bb079f562a3155c6858,Bipolar,3,train,train_legacy,1664,2,0,2,True,0,{}
train_03883,src_6bb1044221aab0e2bad3,Anxiety,2,train,train_legacy,380,2,0,2,True,0,{}
train_04267,src_6bb8f87f1a8cf3bae403,Bipolar,3,train,train_legacy,626,2,0,2,True,0,{}
train_03301,src_6bbc23b19c60c0889753,Bipolar,3,train,train_legacy,945,2,0,2,True,0,{}
train_01371,src_6bbe7b6448ff3a7e135a,Anxiety,2,train,train_legacy,542,2,0,2,True,0,{}
test_01289,src_6bcd11b7899fc7ba7c35,Anxiety,2,test,test_nested,515,0,2,2,True,0,{}
test_02453,src_6bd1d8bf5f607292ba1b,Bipolar,3,test,test_nested,361,0,2,2,True,0,{}
train_05636,src_6be09316377604e34c30,Normal,0,train,train_legacy,29,2,5,0,False,2,"{""length_ratio"": 5, ""sbert"": 2}"
train_04882,src_6be752d2b24da701e85d,Anxiety,2,train,train_legacy,188,2,0,2,True,0,{}
train_01572,src_6bf49135bd3ceae8483a,Depression,1,train,train_legacy,663,2,0,2,True,0,{}
test_02138,src_6bfd0d77125003e0f8e5,Bipolar,3,test,test_nested,1409,0,2,2,True,0,{}
test_00508,src_6c02308e6a1402ce914e,Anxiety,2,test,test_nested,952,0,2,2,True,0,{}
train_03183,src_6c0b15e3d44443514c5c,Bipolar,3,train,train_legacy,1660,2,0,2,True,0,{}
train_04740,src_6c0ed45a69e83dc5d6ee,Normal,0,train,train_legacy,13,2,5,1,False,1,"{""length_ratio"": 6}"
train_03252,src_6c13decaa2d2208bb153,Normal,0,train,train_legacy,11,2,5,0,False,2,"{""length_ratio"": 7}"
test_02357,src_6c14998546710a726773,Anxiety,2,test,test_nested,1214,0,2,2,True,0,{}
train_00809,src_6c18cd63ac8e9ebcdfe9,Anxiety,2,train,train_legacy,32,2,5,0,False,2,"{""length_ratio"": 6, ""sbert"": 1}"
test_02197,src_6c19f05a759923efce06,Normal,0,test,test_nested,36,0,2,2,True,0,{}
test_01182,src_6c1fab0ade8cccc5b5ff,Anxiety,2,test,test_nested,644,0,2,2,True,0,{}
train_05574,src_6c28eb5f33c6f7ef72d8,Depression,1,train,train_legacy,1367,2,0,2,True,0,{}
test_00507,src_6c34d6b34504043fb7b2,Anxiety,2,train,train_added,369,2,0,2,True,0,{}
train_01680,src_6c4120f8e8e83ebe022c,Depression,1,train,train_legacy,616,2,0,2,True,0,{}
test_00866,src_6c49368c7673531d46d0,Normal,0,test,test_nested,36,0,5,0,False,2,"{""length_ratio"": 1, ""meta_commentary"": 4}"
test_01403,src_6c4e900b17504ee44c9f,Normal,0,test,test_nested,39,0,5,0,False,2,"{""refusal"": 5}"
train_01601,src_6c6076781aa725c03ee4,Bipolar,3,train,train_legacy,333,2,0,2,True,0,{}
train_01392,src_6c650b09074cc5f3a8b3,Depression,1,train,train_legacy,540,2,0,2,True,0,{}
test_00588,src_6c7036e6bf6c0808fff1,Depression,1,test,test_nested,395,0,2,2,True,0,{}
train_04788,src_6c72f22a4d99004fcb92,Depression,1,train,train_legacy,81,2,1,2,True,0,"{""length_ratio"": 1}"
train_02181,src_6c7b1d482bb6692f4e44,Bipolar,3,train,train_legacy,489,2,0,2,True,0,{}
test_01760,src_6c898b608f2c2428fa39,Normal,0,test,test_nested,16,0,5,0,False,2,"{""sbert"": 5}"
train_00755,src_6c925457d18e817266de,Anxiety,2,train,train_legacy,58,2,5,1,False,1,"{""length_ratio"": 2, ""sbert"": 4}"
train_00285,src_6c963c74265f301c871e,Normal,0,train,train_legacy,62,2,5,1,False,1,"{""length_ratio"": 4, ""sbert"": 2}"
test_02472,src_6c986f98a41983ad5674,Bipolar,3,train,train_added,252,2,0,2,True,0,{}
train_00716,src_6c9a55e6c5330ae904c4,Normal,0,train,train_legacy,54,2,5,0,False,2,"{""length_ratio"": 2, ""meta_commentary"": 2, ""sbert"": 3}"
train_05511,src_6c9fc49fa999c2c2880d,Depression,1,train,train_legacy,62,2,1,2,True,0,"{""length_ratio"": 1}"
train_03978,src_6caa3802bdf72e0aaf4e,Normal,0,train,train_legacy,40,2,0,2,True,0,{}
train_01022,src_6cb6d8266fff0c2539de,Normal,0,train,train_legacy,43,2,0,2,True,0,{}
val_confirm_00205,src_6cb7f519726b80896f56,Normal,0,train,train_added,65,2,0,2,True,0,{}
train_05131,src_6cc13948ba084ed05e04,Bipolar,3,train,train_legacy,1017,2,0,2,True,0,{}
train_05074,src_6cc42900e1a7f689f4ec,Depression,1,train,train_legacy,1072,2,0,2,True,0,{}
train_02731,src_6cce21f71760a64d3ca3,Depression,1,train,train_legacy,876,2,5,1,False,1,"{""meta_commentary"": 5, ""refusal"": 1}"
train_01231,src_6cd25627897d9eb9d037,Normal,0,train,train_legacy,73,2,0,2,True,0,{}
test_01469,src_6cd494bd1c5a0ec1cd8d,Bipolar,3,test,test_nested,681,0,2,2,True,0,{}
val_confirm_00041,src_6cdd82e45eea5421ba4a,Bipolar,3,train,train_added,269,2,0,2,True,0,{}
train_00164,src_6ce59d10c75aa9548c05,Normal,0,train,train_legacy,47,2,5,0,False,2,"{""sbert"": 7}"
train_00502,src_6cee6692b5906733bd05,Normal,0,train,train_legacy,462,2,0,2,True,0,{}
train_02843,src_6ceff729c54f12068986,Anxiety,2,train,train_legacy,445,2,0,2,True,0,{}
test_02465,src_6cf59791134a917a792d,Bipolar,3,test,test_nested,531,0,2,2,True,0,{}
test_00546,src_6cf6959cae8ed89256eb,Depression,1,test,test_nested,1340,0,2,2,True,0,{}
train_04407,src_6cfa57e4895e05241145,Bipolar,3,train,train_legacy,105,2,0,2,True,0,{}
train_02098,src_6cfddf09c595385db360,Depression,1,train,train_legacy,284,2,5,1,False,1,"{""length_ratio"": 5, ""sbert"": 1}"
train_01026,src_6d00f3f7c41987228ff6,Anxiety,2,train,train_legacy,227,2,0,2,True,0,{}
train_01995,src_6d1aef8fe9c16cfc6b6e,Normal,0,train,train_legacy,26,2,4,2,True,0,"{""length_ratio"": 2, ""sbert"": 2}"
test_00017,src_6d1f86c9c893b4747061,Depression,1,test,test_nested,1250,0,5,0,False,2,"{""refusal"": 5}"
test_00092,src_6d273e570455b6218b6f,Normal,0,train,train_added,94,2,5,0,False,2,"{""refusal"": 7}"
test_01491,src_6d29a7f1af8cbeef16ee,Normal,0,test,test_nested,23,0,5,2,True,0,"{""length_ratio"": 3}"
test_01827,src_6d2c2a88333d4ce552bc,Normal,0,test,test_nested,38,0,3,2,True,0,"{""length_ratio"": 1}"
test_01918,src_6d3420c4678d4ea46ea5,Bipolar,3,train,train_added,240,2,0,2,True,0,{}
test_01136,src_6d3602654ce0451823da,Normal,0,test,test_nested,30,0,5,0,False,2,"{""length_ratio"": 4, ""sbert"": 1}"
val_confirm_00266,src_6d39188825c5155a664a,Depression,1,train,train_added,289,2,0,2,True,0,{}
train_00340,src_6d426200cee5fee03fef,Normal,0,train,train_legacy,51,2,0,2,True,0,{}
train_05728,src_6d45144254fd8bda1595,Depression,1,train,train_legacy,1222,2,0,2,True,0,{}
train_04754,src_6d4f0a6a36e0e86bb310,Bipolar,3,train,train_legacy,284,2,0,2,True,0,{}
train_04411,src_6d57bf2eeacc0409de31,Depression,1,train,train_legacy,846,2,0,2,True,0,{}
train_01953,src_6d6ee744b5503e5dd2cd,Depression,1,train,train_legacy,6306,2,2,2,True,0,"{""length_ratio"": 2}"
train_00341,src_6d716a5b2b34388fecda,Anxiety,2,train,train_legacy,172,2,1,2,True,0,"{""sbert"": 1}"
train_01810,src_6d762d6ce9a63e7b637d,Anxiety,2,train,train_legacy,318,2,0,2,True,0,{}
val_confirm_00906,src_6d7e71184edfcddae0bd,Normal,0,train,train_added,22,2,5,1,False,1,"{""length_ratio"": 6}"
test_01166,src_6d8055fd894823e6ee42,Normal,0,test,test_nested,88,0,2,2,True,0,{}
test_01229,src_6d8a0e4646ccc5108ed5,Normal,0,test,test_nested,95,0,5,2,True,0,"{""sbert"": 3}"
train_05513,src_6d9462830edc8310338e,Bipolar,3,train,train_legacy,624,2,0,2,True,0,{}
test_01642,src_6d966db3b0b09dbc20da,Anxiety,2,test,test_nested,272,0,2,2,True,0,{}
train_01538,src_6db6418502be954eafb5,Depression,1,train,train_legacy,517,2,0,2,True,0,{}
test_00917,src_6db6711708b8a16ed163,Bipolar,3,test,test_nested,1270,0,2,2,True,0,{}
train_00296,src_6dbef732298a37946419,Anxiety,2,train,train_legacy,472,2,0,2,True,0,{}
train_02482,src_6dbf4c774b7657720e73,Depression,1,train,train_legacy,939,2,0,2,True,0,{}
train_01010,src_6dc34019c9df59335840,Anxiety,2,train,train_legacy,327,2,0,2,True,0,{}
test_02485,src_6dc6bea718ff40d48b91,Normal,0,test,test_nested,13,0,5,2,True,0,"{""duplicate"": 1, ""length_ratio"": 1, ""sbert"": 1}"
test_00970,src_6dc7f9a8414b615c0c4b,Bipolar,3,test,test_nested,1027,0,2,2,True,0,{}
train_01285,src_6dcb23da25be5d35af4d,Normal,0,train,train_legacy,58,2,0,2,True,0,{}
train_05422,src_6dd0529d98370c28ac91,Depression,1,train,train_legacy,163,2,0,2,True,0,{}
train_02383,src_6dd426f6dae13f844849,Normal,0,train,train_legacy,22,2,5,1,False,1,"{""length_ratio"": 3, ""sbert"": 3}"
train_02539,src_6dd553f4809856dc7413,Anxiety,2,train,train_legacy,283,2,0,2,True,0,{}
train_01778,src_6dd9fc8b578ed0856efe,Bipolar,3,train,train_legacy,156,2,0,2,True,0,{}
test_00397,src_6dec2736b2a948dc364c,Normal,0,test,test_nested,478,0,2,2,True,0,{}
train_01024,src_6def2a088278dfdaa514,Anxiety,2,train,train_legacy,367,2,0,2,True,0,{}
train_00722,src_6dfed7ab4b0603b57373,Anxiety,2,train,train_legacy,546,2,0,2,True,0,{}
train_04171,src_6e0193be412af939c14a,Depression,1,train,train_legacy,538,2,0,2,True,0,{}
train_00586,src_6e0253fdc1cf15003899,Bipolar,3,train,train_legacy,1479,2,0,2,True,0,{}
test_02362,src_6e03fafb278dc488514e,Anxiety,2,test,test_nested,342,0,2,2,True,0,{}
train_02067,src_6e0bca6e8a2466a25ff4,Normal,0,train,train_legacy,61,2,0,2,True,0,{}
train_02137,src_6e0e30c496a3c634bded,Depression,1,train,train_legacy,1339,2,0,2,True,0,{}
train_04149,src_6e0eb882678600589241,Anxiety,2,train,train_legacy,37,2,5,0,False,2,"{""length_ratio"": 4, ""sbert"": 3}"
train_01444,src_6e183d158519c1b50a6a,Depression,1,train,train_legacy,519,2,0,2,True,0,{}
train_00422,src_6e18924db848ed00c331,Bipolar,3,train,train_legacy,397,2,0,2,True,0,{}
train_04140,src_6e2513f772d268095ef9,Normal,0,train,train_legacy,37,2,1,2,True,0,"{""length_ratio"": 1}"
test_01636,src_6e3c54a10b26e2e167e5,Normal,0,test,test_nested,38,0,5,1,False,1,"{""sbert"": 4}"
train_03346,src_6e45a76fea4095043a81,Normal,0,train,train_legacy,120,2,0,2,True,0,{}
train_03248,src_6e52cc15eba833c5ffdf,Normal,0,train,train_legacy,53,2,0,2,True,0,{}
train_00086,src_6e5d121b111bbd6ac0eb,Depression,1,train,train_legacy,758,2,0,2,True,0,{}
train_00018,src_6e600387c4916761b628,Depression,1,train,train_legacy,137,2,1,2,True,0,"{""meta_commentary"": 1}"
train_03329,src_6e62de6ffb0fdae08552,Depression,1,train,train_legacy,104,2,5,0,False,2,"{""refusal"": 7}"
train_05812,src_6e65c04b4cc46a319246,Bipolar,3,train,train_legacy,643,2,0,2,True,0,{}
test_01065,src_6e6a25fbbc7fe8f18a8f,Bipolar,3,train,train_added,700,2,0,2,True,0,{}
test_02038,src_6e73106fadca119d31db,Depression,1,test,test_nested,4194,0,2,2,True,0,{}
train_00417,src_6e7924ab042b489ffe56,Normal,0,train,train_legacy,50,2,5,1,False,1,"{""length_ratio"": 4, ""sbert"": 2}"
train_00987,src_6e7c653076b9a1e2e410,Bipolar,3,train,train_legacy,6302,2,5,1,False,1,"{""length_ratio"": 5, ""meta_commentary"": 1}"
train_05206,src_6e7d1202210896fe8752,Depression,1,train,train_legacy,847,2,0,2,True,0,{}
train_00082,src_6e832c27d4229ab1e210,Bipolar,3,train,train_legacy,549,2,1,2,True,0,"{""length_ratio"": 1}"
test_00014,src_6e847bb096f5636c75c6,Anxiety,2,test,test_nested,4408,0,5,0,False,2,"{""meta_commentary"": 5}"
train_00760,src_6e8c041b732cf98afab3,Anxiety,2,train,train_legacy,156,2,0,2,True,0,{}
test_00107,src_6e8f6f9b7d6a17003d41,Anxiety,2,test,test_nested,233,0,2,2,True,0,{}
train_04682,src_6e9990505a8f3adb434e,Bipolar,3,train,train_legacy,1131,2,0,2,True,0,{}
test_00009,src_6ea585f163c1053ea942,Bipolar,3,test,test_nested,729,0,2,2,True,0,{}
train_04130,src_6ea76859fc3c83845ce6,Depression,1,train,train_legacy,247,2,5,1,False,1,"{""length_ratio"": 1, ""meta_commentary"": 2, ""sbert"": 3}"
train_03724,src_6ea8d186c75cc2695a70,Anxiety,2,train,train_legacy,122,2,0,2,True,0,{}
train_02558,src_6eab1c08bf1927e13c07,Depression,1,train,train_legacy,3225,2,0,2,True,0,{}
train_01324,src_6eaca1f103c5f387743d,Normal,0,train,train_legacy,12,2,5,0,False,2,"{""refusal"": 7}"
test_00004,src_6ead482a90873412b8a8,Depression,1,test,test_nested,3202,0,2,2,True,0,{}
train_00239,src_6ead5fee3968a918c173,Depression,1,train,train_legacy,744,2,0,2,True,0,{}
train_00995,src_6eae193a674a73df5b1e,Bipolar,3,train,train_legacy,1182,2,1,2,True,0,"{""meta_commentary"": 1}"
test_01650,src_6eb0bf5c5cfb303be531,Bipolar,3,test,test_nested,360,0,2,2,True,0,{}
test_00445,src_6eb7a1cc28380329586a,Depression,1,test,test_nested,2729,0,2,2,True,0,{}
train_05403,src_6eb83361f6156f1399f9,Normal,0,train,train_legacy,59,2,0,2,True,0,{}
train_03554,src_6ed9fae534bb75d22e7d,Bipolar,3,train,train_legacy,3818,2,5,1,False,1,"{""meta_commentary"": 6}"
val_search_00273,src_6edae55f7f3e1dcbd41c,Anxiety,2,train,train_added,128,2,4,2,True,0,"{""meta_commentary"": 1, ""sbert"": 3}"
test_01160,src_6edb2b62c3b7c15a784b,Bipolar,3,test,test_nested,1189,0,2,2,True,0,{}
train_04510,src_6ee789b370e15226e15d,Depression,1,train,train_legacy,1286,2,0,2,True,0,{}
test_02057,src_6ef611c839ce739ae423,Normal,0,test,test_nested,13,0,5,0,False,2,"{""length_ratio"": 4, ""sbert"": 1}"
test_00401,src_6efe9c3ff0e67cf6d4af,Bipolar,3,train,train_added,340,2,0,2,True,0,{}
train_02076,src_6f04c84e7f067d65a1d4,Normal,0,train,train_legacy,25,2,0,2,True,0,{}
test_02026,src_6f11ef56ab6599170eff,Normal,0,test,test_nested,66,0,4,2,True,0,"{""sbert"": 2}"
train_01499,src_6f13b798e428f42824e9,Bipolar,3,train,train_legacy,1654,2,0,2,True,0,{}
train_03577,src_6f228de11480dd10c062,Normal,0,train,train_legacy,129,2,2,2,True,0,"{""meta_commentary"": 1, ""sbert"": 1}"
train_03321,src_6f24a3624e935681edcf,Normal,0,train,train_legacy,29,2,5,1,False,1,"{""length_ratio"": 6}"
train_00910,src_6f2c6f1cc5c442abfcdb,Anxiety,2,train,train_legacy,2763,2,1,2,True,0,"{""meta_commentary"": 1}"
train_05418,src_6f38ade91ad6e7c85eed,Normal,0,train,train_legacy,23,2,5,1,False,1,"{""length_ratio"": 3, ""sbert"": 3}"
test_00908,src_6f3f0d1013c7c14dfcfb,Bipolar,3,train,train_added,2315,2,1,2,True,0,"{""meta_commentary"": 1}"
train_00407,src_6f418c604c05c63f7f46,Depression,1,train,train_legacy,725,2,0,2,True,0,{}
test_00478,src_6f452eb86dd68c469ca4,Anxiety,2,test,test_nested,42,0,3,2,True,0,"{""sbert"": 1}"
train_00728,src_6f47cdc7b5562c64b53d,Normal,0,train,train_legacy,54,2,4,2,True,0,"{""length_ratio"": 2, ""sbert"": 2}"
train_04690,src_6f53ceaed686d7369685,Anxiety,2,train,train_legacy,260,2,0,2,True,0,{}
train_02079,src_6f5a6168eec1b9ccc9db,Bipolar,3,train,train_legacy,822,2,1,2,True,0,"{""meta_commentary"": 1}"
train_04564,src_6f69a12adbbbfb61bc5b,Normal,0,train,train_legacy,28,2,5,1,False,1,"{""sbert"": 6}"
train_04249,src_6f789d18ec36489af5b3,Bipolar,3,train,train_legacy,739,2,0,2,True,0,{}
train_00357,src_6f7cb0def07fdaf6a115,Depression,1,train,train_legacy,897,2,0,2,True,0,{}
train_03411,src_6f7ec067a24cd414bea8,Normal,0,train,train_legacy,433,2,0,2,True,0,{}
val_confirm_00516,src_6f824bfcb4b4b775aafa,Anxiety,2,train,train_added,76,2,0,2,True,0,{}
train_04687,src_6f989c3df31db29ab9cb,Depression,1,train,train_legacy,118,2,0,2,True,0,{}
test_01954,src_6f9e44093e05365f41e7,Bipolar,3,test,test_nested,2227,0,2,2,True,0,{}
train_01629,src_6fb6c6ba2dc02212b157,Depression,1,train,train_legacy,1619,2,2,2,True,0,"{""refusal"": 2}"
train_05025,src_6fb745a998a9c73bed6e,Depression,1,train,train_legacy,661,2,4,2,True,0,"{""refusal"": 4}"
train_05219,src_6fb8845108cf539cec00,Normal,0,train,train_legacy,61,2,0,2,True,0,{}
train_02112,src_6fc46a1f23996f20958c,Normal,0,train,train_legacy,464,2,0,2,True,0,{}
train_05877,src_6fc84653244f631d4437,Depression,1,train,train_legacy,405,2,0,2,True,0,{}
train_03671,src_6fc881ac7c60164cc68e,Bipolar,3,train,train_legacy,423,2,0,2,True,0,{}
train_01385,src_6fd3223fcf5afe91dbdc,Anxiety,2,train,train_legacy,38,2,5,0,False,2,"{""length_ratio"": 3, ""sbert"": 4}"
train_04913,src_6fdcec020b49c1112d4a,Anxiety,2,train,train_legacy,104,2,3,2,True,0,"{""length_ratio"": 3}"
val_confirm_00536,src_6fee883a5639de703f19,Bipolar,3,train,train_added,954,2,4,2,True,0,"{""meta_commentary"": 4}"
test_02305,src_70015bf695d555a72889,Bipolar,3,train,train_added,308,2,0,2,True,0,{}
test_02175,src_7019682982b7e0a13ea0,Anxiety,2,test,test_nested,1379,0,2,2,True,0,{}
train_00943,src_701b01729619503ae5db,Normal,0,train,train_legacy,30,2,5,1,False,1,"{""length_ratio"": 6}"
train_03902,src_702094ba0d67de82bb29,Depression,1,train,train_legacy,1193,2,0,2,True,0,{}
train_03004,src_7025b23a5a7b80c74d98,Depression,1,train,train_legacy,508,2,0,2,True,0,{}
train_03582,src_702712e933ff1e7b6dfb,Anxiety,2,train,train_legacy,69,2,0,2,True,0,{}
val_confirm_01098,src_7030b4e4700e4ce51a08,Depression,1,train,train_added,2186,2,0,2,True,0,{}
val_search_00251,src_703b38b0f74f441dc9ba,Depression,1,train,train_added,257,2,5,1,False,1,"{""refusal"": 6}"
test_01862,src_70407b779c9186dedd10,Bipolar,3,test,test_nested,923,0,2,2,True,0,{}
train_04023,src_7045ba3f80bf775d110e,Depression,1,train,train_legacy,232,2,1,2,True,0,"{""length_ratio"": 1}"
test_02063,src_705e981a4537b648b497,Bipolar,3,train,train_added,248,2,0,2,True,0,{}
train_02321,src_7083feb268753f38598a,Bipolar,3,train,train_legacy,1796,2,0,2,True,0,{}
train_04862,src_7087e4b51a6d0d003a4e,Anxiety,2,train,train_legacy,30,2,5,1,False,1,"{""sbert"": 6}"
train_03773,src_70a316d687da2b3ccb37,Anxiety,2,train,train_legacy,138,2,0,2,True,0,{}
test_01174,src_70a995bcbc364202d4c2,Depression,1,train,train_added,258,2,0,2,True,0,{}
train_02615,src_70ae2820d7414c4e0cf8,Bipolar,3,train,train_legacy,795,2,0,2,True,0,{}
train_03775,src_70d3202b241b1b48fc35,Depression,1,train,train_legacy,588,2,0,2,True,0,{}
train_00619,src_70ddd7324c0fa7dde7b1,Normal,0,train,train_legacy,383,2,0,2,True,0,{}
test_01072,src_70f265423130537ca33b,Depression,1,test,test_nested,823,0,2,2,True,0,{}
train_05644,src_70f97b56f3accae1fcb7,Bipolar,3,train,train_legacy,513,2,0,2,True,0,{}
train_03580,src_70fb84820d8db42036fc,Normal,0,train,train_legacy,27,2,3,2,True,0,"{""length_ratio"": 3}"
test_00473,src_7109ba8e9e9d26d7f74e,Anxiety,2,test,test_nested,76,0,2,2,True,0,{}
train_00652,src_7112d75152242a3381a0,Bipolar,3,train,train_legacy,311,2,1,2,True,0,"{""length_ratio"": 1}"
train_00781,src_7113137bec2279fbb038,Anxiety,2,train,train_legacy,909,2,0,2,True,0,{}
test_01424,src_7113ea1885dbb22183e4,Depression,1,train,train_added,47,2,5,0,False,2,"{""length_ratio"": 3, ""sbert"": 4}"
train_04689,src_712b477e3b72ae3b16c4,Anxiety,2,train,train_legacy,431,2,0,2,True,0,{}
test_01161,src_712c98ca37689b13cae6,Anxiety,2,test,test_nested,2012,0,2,2,True,0,{}
val_confirm_00122,src_71353193924e3e12d451,Anxiety,2,train,train_added,16,2,5,1,False,1,"{""length_ratio"": 3, ""sbert"": 3}"
test_01321,src_713ec53fee0965b7e376,Bipolar,3,test,test_nested,686,0,2,2,True,0,{}
train_01801,src_7142f7336e562a104e69,Bipolar,3,train,train_legacy,224,2,3,2,True,0,"{""length_ratio"": 1, ""sbert"": 2}"
test_01324,src_715081dc7b53ee20a46d,Bipolar,3,train,train_added,236,2,0,2,True,0,{}
train_05052,src_7156ab1126612f732fd1,Depression,1,train,train_legacy,4146,2,0,2,True,0,{}
test_01761,src_71581e99f3c013ebe822,Anxiety,2,test,test_nested,2057,0,2,2,True,0,{}
train_03323,src_7160d7ef9bfc23b7d307,Normal,0,train,train_legacy,83,2,0,2,True,0,{}
test_01658,src_71613a7150e2dcbb7276,Depression,1,test,test_nested,228,0,2,2,True,0,{}
train_01278,src_7164146470000d52d0c3,Bipolar,3,train,train_legacy,1079,2,0,2,True,0,{}
train_03077,src_7166f00301aaf1711c39,Anxiety,2,train,train_legacy,49,2,1,2,True,0,"{""length_ratio"": 1}"
train_00111,src_716780ab6ba6ee506e74,Bipolar,3,train,train_legacy,1120,2,0,2,True,0,{}
train_04800,src_716bfcd946b609d9db79,Normal,0,train,train_legacy,25,2,2,2,True,0,"{""length_ratio"": 2}"
train_02494,src_716fdbcb4d78ef2301fe,Anxiety,2,train,train_legacy,629,2,0,2,True,0,{}
train_00779,src_71702c017fdbb3ab78b9,Bipolar,3,train,train_legacy,196,2,0,2,True,0,{}
train_01554,src_7180200f308146c1558a,Anxiety,2,train,train_legacy,462,2,0,2,True,0,{}
train_05203,src_7188006538da0352283d,Anxiety,2,train,train_legacy,391,2,0,2,True,0,{}
train_03219,src_718bbc880c98571005b8,Normal,0,train,train_legacy,101,2,3,2,True,0,"{""length_ratio"": 3}"
test_00299,src_7192c1e4ab3ef4770435,Normal,0,test,test_nested,19,0,5,0,False,2,"{""length_ratio"": 3, ""sbert"": 2}"
val_search_00195,src_71941c6662015409d861,Anxiety,2,train,train_added,252,2,0,2,True,0,{}
test_00355,src_719f39ef43eeb74e08cf,Bipolar,3,test,test_nested,448,0,2,2,True,0,{}
test_00640,src_71b04ec3836e8e85936e,Bipolar,3,test,test_nested,373,0,2,2,True,0,{}
train_01495,src_71b17bc7ce9e226600cb,Bipolar,3,train,train_legacy,95,2,0,2,True,0,{}
train_01168,src_71b86beb56021abddc51,Anxiety,2,train,train_legacy,51,2,3,2,True,0,"{""sbert"": 3}"
train_00646,src_71c20f774f1e01956f1b,Bipolar,3,train,train_legacy,739,2,0,2,True,0,{}
train_04752,src_71c430a670c785797da8,Anxiety,2,train,train_legacy,1501,2,1,2,True,0,"{""meta_commentary"": 1}"
train_02983,src_71c674ca5525bd73222c,Depression,1,train,train_legacy,905,2,0,2,True,0,{}
train_03701,src_71cfdbd677f4e997eca4,Bipolar,3,train,train_legacy,682,2,0,2,True,0,{}
test_00696,src_71d28304f0a5747dbc89,Anxiety,2,test,test_nested,1007,0,2,2,True,0,{}
train_00688,src_71d29f9ed3391330c4ce,Bipolar,3,train,train_legacy,448,2,0,2,True,0,{}
train_05634,src_71d2ae52508d78e1b031,Anxiety,2,train,train_legacy,2178,2,1,2,True,0,"{""meta_commentary"": 1}"
train_02886,src_71de9829ac9b60c13657,Depression,1,train,train_legacy,600,2,0,2,True,0,{}
test_01149,src_71df6ebc962ed3201c1d,Normal,0,test,test_nested,22,0,5,0,False,2,"{""length_ratio"": 4, ""sbert"": 1}"
train_04540,src_71e21ab95701816e99b6,Bipolar,3,train,train_legacy,950,2,0,2,True,0,{}
train_04446,src_71ec2a8635d7dbb42062,Bipolar,3,train,train_legacy,760,2,0,2,True,0,{}
train_01313,src_71efa1ad00c6bab86d86,Anxiety,2,train,train_legacy,43,2,0,2,True,0,{}
train_05952,src_71f83b4615caa4898e7c,Normal,0,train,train_legacy,30,2,5,0,False,2,"{""length_ratio"": 4, ""sbert"": 3}"
train_00545,src_7207871ccc9f1554757e,Depression,1,train,train_legacy,284,2,0,2,True,0,{}
train_03172,src_720e0a465818b9905441,Depression,1,train,train_legacy,322,2,0,2,True,0,{}
train_05931,src_720e80fa3b9323bec9f3,Anxiety,2,train,train_legacy,1708,2,0,2,True,0,{}
test_01882,src_720eb69c50054355bae1,Normal,0,test,test_nested,28,0,5,0,False,2,"{""length_ratio"": 5}"
test_01331,src_720ef8ac903531461268,Bipolar,3,test,test_nested,232,0,2,2,True,0,{}
train_05766,src_721201175839f1038385,Normal,0,train,train_legacy,91,2,0,2,True,0,{}
train_02511,src_721650c8016c441bcbad,Normal,0,train,train_legacy,25,2,5,0,False,2,"{""length_ratio"": 1, ""sbert"": 6}"
train_02274,src_7216d0d78f45b14b1369,Depression,1,train,train_legacy,742,2,0,2,True,0,{}
test_00184,src_721dc87840a8036a206e,Bipolar,3,test,test_nested,2773,0,2,2,True,0,{}
train_05186,src_7222834665ff2c15f884,Anxiety,2,train,train_legacy,284,2,0,2,True,0,{}
train_05379,src_72380fa702726507d99d,Depression,1,train,train_legacy,1452,2,0,2,True,0,{}
train_04498,src_723edf7ff7d5f649ce38,Depression,1,train,train_legacy,593,2,1,2,True,0,"{""length_ratio"": 1}"
train_04518,src_72405aea84def9b8863e,Normal,0,train,train_legacy,47,2,5,0,False,2,"{""length_ratio"": 1, ""sbert"": 6}"
train_04607,src_72420a5d9a6ee1dee513,Normal,0,train,train_legacy,19,2,5,0,False,2,"{""length_ratio"": 7}"
train_05222,src_72428a1f7e3427235730,Bipolar,3,train,train_legacy,341,2,0,2,True,0,{}
train_03410,src_7246ab3677b787277695,Normal,0,train,train_legacy,49,2,0,2,True,0,{}
train_01933,src_724ae33eaf4b7998bd00,Depression,1,train,train_legacy,446,2,0,2,True,0,{}
test_00227,src_725db8e364cddfdb992b,Anxiety,2,test,test_nested,180,0,2,2,True,0,{}
train_04903,src_7263e6ff9f6f49fe5f00,Bipolar,3,train,train_legacy,281,2,0,2,True,0,{}
train_00706,src_726760a27262afbee7d2,Anxiety,2,train,train_legacy,742,2,0,2,True,0,{}
train_05545,src_728637698fc2d1b3c94e,Normal,0,train,train_legacy,80,2,0,2,True,0,{}
train_02519,src_728894841d00e26c8c38,Depression,1,train,train_legacy,1030,2,0,2,True,0,{}
train_05086,src_728d0d418ce05f766924,Bipolar,3,train,train_legacy,594,2,1,2,True,0,"{""meta_commentary"": 1}"
train_01477,src_728f082545a491e7aaec,Bipolar,3,train,train_legacy,670,2,1,2,True,0,"{""meta_commentary"": 1}"
test_01938,src_72a2376ddeaba5217bfa,Normal,0,train,train_added,19,2,4,2,True,0,"{""length_ratio"": 4}"
test_00544,src_72a498f1a403e1bf8644,Anxiety,2,test,test_nested,375,0,3,2,True,0,"{""meta_commentary"": 1}"
train_04470,src_72a628f20e16df248279,Normal,0,train,train_legacy,91,2,3,2,True,0,"{""sbert"": 3}"
train_00293,src_72a69bf5709d1f6a2c2d,Normal,0,train,train_legacy,28,2,5,2,True,0,"{""length_ratio"": 5}"
train_02365,src_72b54932811ae420cf0b,Normal,0,train,train_legacy,126,2,0,2,True,0,{}
train_04015,src_72cac244d28a709dbdd8,Depression,1,train,train_legacy,634,2,0,2,True,0,{}
test_01709,src_72d4bcfcefc470ecd63d,Normal,0,test,test_nested,16,0,5,0,False,2,"{""sbert"": 5}"
train_02180,src_72d84cbef38658a71221,Depression,1,train,train_legacy,846,2,0,2,True,0,{}
train_05099,src_72da06bbeff4a490719b,Normal,0,train,train_legacy,100,2,0,2,True,0,{}
train_01401,src_72df6119a8c316e472a9,Anxiety,2,train,train_legacy,19,2,5,0,False,2,"{""length_ratio"": 7}"
train_03164,src_72e77d141138de847891,Bipolar,3,train,train_legacy,779,2,0,2,True,0,{}
train_05963,src_730076292dabbd6d1d23,Normal,0,train,train_legacy,123,2,1,2,True,0,"{""length_ratio"": 1}"
train_00349,src_730ca77b8f336a4597b5,Anxiety,2,train,train_legacy,100,2,0,2,True,0,{}
train_00791,src_7320e10b103a2b9dbae7,Bipolar,3,train,train_legacy,329,2,0,2,True,0,{}
test_01455,src_732595879aed0159d43f,Normal,0,test,test_nested,44,0,2,2,True,0,{}
test_01609,src_73265e4a15bc096eb4e1,Anxiety,2,test,test_nested,32,0,5,0,False,2,"{""sbert"": 5}"
test_01861,src_732980b0270536f04e16,Anxiety,2,train,train_added,4887,2,5,0,False,2,"{""length_ratio"": 7}"
train_02702,src_7331472082ce4d1fa1d8,Anxiety,2,train,train_legacy,2579,2,0,2,True,0,{}
train_00613,src_73392aad93bba1f94134,Anxiety,2,train,train_legacy,41,2,5,1,False,1,"{""sbert"": 6}"
train_00912,src_733e8a5acbc95d3133db,Depression,1,train,train_legacy,113,2,0,2,True,0,{}
val_confirm_00604,src_7348293650d7afedca05,Anxiety,2,train,train_added,1460,2,0,2,True,0,{}
train_00693,src_735febd49b10fbc83a06,Normal,0,train,train_legacy,39,2,1,2,True,0,"{""length_ratio"": 1}"
train_02791,src_73923fd4038a168cbd85,Anxiety,2,train,train_legacy,130,2,0,2,True,0,{}
train_05336,src_7393332f5f895d4391d0,Bipolar,3,train,train_legacy,1756,2,0,2,True,0,{}
test_02372,src_739e9c7578162faceef7,Normal,0,train,train_added,23,2,2,2,True,0,"{""length_ratio"": 1, ""sbert"": 1}"
train_03500,src_73b2bf7f66f90a4c6ddb,Anxiety,2,train,train_legacy,1869,2,0,2,True,0,{}
train_04278,src_73c58c73289e919ba251,Normal,0,train,train_legacy,48,2,0,2,True,0,{}
train_01838,src_73cdd714ceef3ac7de32,Anxiety,2,train,train_legacy,803,2,0,2,True,0,{}
test_02144,src_73e1987982fe70d86eb9,Depression,1,test,test_nested,1059,0,2,2,True,0,{}
train_05905,src_73ebfdab8ee9a138d105,Normal,0,train,train_legacy,132,2,0,2,True,0,{}
test_02084,src_73fd3c4f279c357631d6,Bipolar,3,test,test_nested,1764,0,2,2,True,0,{}
train_03021,src_740018fdcc9b17f7924a,Bipolar,3,train,train_legacy,738,2,1,2,True,0,"{""meta_commentary"": 1}"
test_01097,src_74183d889ecf1036dfc6,Depression,1,train,train_added,1148,2,0,2,True,0,{}
train_00120,src_741a0983a7514de80960,Anxiety,2,train,train_legacy,148,2,1,2,True,0,"{""length_ratio"": 1}"
train_03011,src_741b374a26ac52afae62,Anxiety,2,train,train_legacy,119,2,0,2,True,0,{}
val_confirm_00668,src_744fafb3e8ec9a16c952,Depression,1,train,train_added,176,2,1,2,True,0,"{""sbert"": 1}"
test_01930,src_745255721bcea721a155,Depression,1,train,train_added,112,2,5,1,False,1,"{""length_ratio"": 6}"
train_02602,src_7457ace0287014af879f,Depression,1,train,train_legacy,623,2,0,2,True,0,{}
val_confirm_00747,src_746929f2d86cac1945cc,Bipolar,3,train,train_added,453,2,0,2,True,0,{}
train_03478,src_74764b3e54957e3f74cf,Normal,0,train,train_legacy,38,2,1,2,True,0,"{""sbert"": 1}"
train_05956,src_7480fdf0b840b7dcd0bb,Anxiety,2,train,train_legacy,788,2,0,2,True,0,{}
test_00557,src_7482f6b461c9063cdacc,Depression,1,train,train_added,398,2,0,2,True,0,{}
train_01046,src_74891c291e9530b3fc70,Bipolar,3,train,train_legacy,867,2,0,2,True,0,{}
train_00714,src_748deed1c55d83ce0893,Depression,1,train,train_legacy,2992,2,0,2,True,0,{}
train_03849,src_74908b3555d20a348105,Normal,0,train,train_legacy,18,2,0,2,True,0,{}
train_05693,src_7494f97a2de4e44e26d9,Depression,1,train,train_legacy,549,2,0,2,True,0,{}
train_02123,src_7495792767734818fc4f,Depression,1,train,train_legacy,952,2,0,2,True,0,{}
train_01448,src_74ad37779b4e408f0f82,Normal,0,train,train_legacy,70,2,0,2,True,0,{}
train_03677,src_74bbd11ba097e4bc90dd,Normal,0,train,train_legacy,8,2,5,0,False,2,"{""meta_commentary"": 5, ""refusal"": 2}"
train_01912,src_74c19a0e162856709721,Anxiety,2,train,train_legacy,116,2,0,2,True,0,{}
train_03337,src_74c669ef7ccdf3e24f23,Anxiety,2,train,train_legacy,241,2,0,2,True,0,{}
test_00005,src_74cb193a14acda32e9c3,Normal,0,test,test_nested,29,0,5,1,False,1,"{""length_ratio"": 3, ""sbert"": 1}"
train_04980,src_74d1b241d28ea3aa42a6,Normal,0,train,train_legacy,35,2,5,0,False,2,"{""length_ratio"": 5, ""refusal"": 2}"
train_02448,src_74dbb8d0738a4277cba8,Anxiety,2,train,train_legacy,111,2,0,2,True,0,{}
train_02324,src_74e02ea6c93a42376916,Normal,0,train,train_legacy,66,2,5,2,True,0,"{""length_ratio"": 5}"
test_00518,src_74f36ed119b297c6a683,Anxiety,2,train,train_added,2729,2,0,2,True,0,{}
train_02545,src_74f919068530bc2dd209,Normal,0,train,train_legacy,34,2,0,2,True,0,{}
train_04483,src_74fc13629ba229820073,Anxiety,2,train,train_legacy,2475,2,1,2,True,0,"{""meta_commentary"": 1}"
train_03322,src_75041c3a5557148c0c5a,Normal,0,train,train_legacy,142,2,0,2,True,0,{}
train_00965,src_7519d39484ef84978a67,Anxiety,2,train,train_legacy,458,2,0,2,True,0,{}
train_01374,src_751a673bc308a8626b95,Bipolar,3,train,train_legacy,534,2,1,2,True,0,"{""meta_commentary"": 1}"
train_03839,src_751ed4a9a9e86aa9cc07,Normal,0,train,train_legacy,20,2,2,2,True,0,"{""length_ratio"": 2}"
train_04720,src_751feae803c5228687d4,Anxiety,2,train,train_legacy,2586,2,5,1,False,1,"{""meta_commentary"": 6}"
train_01198,src_752593fa3cccb1dd844f,Depression,1,train,train_legacy,754,2,0,2,True,0,{}
train_04125,src_7530bb1923d513498b16,Anxiety,2,train,train_legacy,701,2,0,2,True,0,{}
train_01622,src_753111b563d67eb29152,Anxiety,2,train,train_legacy,378,2,0,2,True,0,{}
train_05985,src_7535ab434cddd041bafe,Anxiety,2,train,train_legacy,916,2,0,2,True,0,{}
test_01066,src_7538d969940666036fd2,Anxiety,2,train,train_added,1021,2,0,2,True,0,{}
train_03914,src_7546f3999a9c67b6b709,Depression,1,train,train_legacy,353,2,5,0,False,2,"{""refusal"": 7}"
train_05309,src_7549d9b97ad11e3d9e54,Anxiety,2,train,train_legacy,186,2,1,2,True,0,"{""meta_commentary"": 1}"
test_01355,src_754fd2fc42df4fa9638a,Depression,1,test,test_nested,372,0,2,2,True,0,{}
train_01489,src_7555308adb781f9a092c,Anxiety,2,train,train_legacy,1483,2,0,2,True,0,{}
test_01117,src_755a1d2c38e14a39046a,Bipolar,3,test,test_nested,727,0,2,2,True,0,{}
train_01446,src_755c0ab641f3cedbb162,Bipolar,3,train,train_legacy,383,2,0,2,True,0,{}
train_01103,src_7560b2d1d33d13249892,Depression,1,train,train_legacy,190,2,0,2,True,0,{}
train_01909,src_7563ad3a8880f904c265,Anxiety,2,train,train_legacy,1216,2,0,2,True,0,{}
test_00825,src_75667694dac58e081384,Normal,0,test,test_nested,56,0,2,2,True,0,{}
train_05630,src_7566c888f5dea72a8a53,Normal,0,train,train_legacy,21,2,0,2,True,0,{}
train_04360,src_7573b7ea6b138074d587,Depression,1,train,train_legacy,978,2,0,2,True,0,{}
test_02296,src_757a4b3a1dc3632b86f0,Depression,1,train,train_added,778,2,0,2,True,0,{}
train_00456,src_757cfb1d750e60748399,Depression,1,train,train_legacy,5776,2,2,2,True,0,"{""length_ratio"": 2}"
test_01717,src_7584fd9057b315c7962c,Bipolar,3,test,test_nested,104,0,2,2,True,0,{}
train_05593,src_75a1a7d881d361bb08b9,Anxiety,2,train,train_legacy,428,2,0,2,True,0,{}
val_search_00184,src_75a409579723b7c16c08,Anxiety,2,train,train_added,45,2,0,2,True,0,{}
train_02412,src_75a83fbf141980d584c0,Bipolar,3,train,train_legacy,2153,2,0,2,True,0,{}
train_04965,src_75b321241763d0c84d12,Depression,1,train,train_legacy,530,2,1,2,True,0,"{""meta_commentary"": 1}"
train_05916,src_75b98b4b8926e0ef7d35,Bipolar,3,train,train_legacy,617,2,0,2,True,0,{}
train_02564,src_75ba375d0d09bbbbb16c,Normal,0,train,train_legacy,529,2,0,2,True,0,{}
train_00990,src_75ba397078407c970276,Bipolar,3,train,train_legacy,561,2,0,2,True,0,{}
train_01079,src_75bb9e2acc2ab4d382db,Anxiety,2,train,train_legacy,55,2,2,2,True,0,"{""length_ratio"": 2}"
train_00084,src_75c50e1c7c0133e9b4c0,Bipolar,3,train,train_legacy,943,2,0,2,True,0,{}
train_01437,src_75c697419ba7a961a1da,Bipolar,3,train,train_legacy,559,2,1,2,True,0,"{""meta_commentary"": 1}"
train_03489,src_75d781bccbd597b509c3,Anxiety,2,train,train_legacy,448,2,0,2,True,0,{}
train_05631,src_75e5efcb475fc0a3f970,Depression,1,train,train_legacy,259,2,0,2,True,0,{}
test_01365,src_75e872de6bd76f0995be,Bipolar,3,test,test_nested,831,0,2,2,True,0,{}
val_confirm_00501,src_75eba2aeef34778ba5c0,Anxiety,2,train,train_added,1551,2,0,2,True,0,{}
train_05924,src_75edf165c2626a54d6ed,Normal,0,train,train_legacy,111,2,5,1,False,1,"{""length_ratio"": 6}"
train_04515,src_75f17c55bfbee7dc4319,Bipolar,3,train,train_legacy,2762,2,0,2,True,0,{}
train_03958,src_75fab55c81b242af6788,Depression,1,train,train_legacy,2367,2,0,2,True,0,{}
val_confirm_00313,src_75fb974955fe0e2daed2,Bipolar,3,train,train_added,1109,2,0,2,True,0,{}
train_05751,src_761becbe0d64fbb72f27,Bipolar,3,train,train_legacy,1403,2,0,2,True,0,{}
test_01428,src_761e020323d782eab671,Anxiety,2,test,test_nested,486,0,2,2,True,0,{}
train_02821,src_761feb6924ec1973bb9c,Normal,0,train,train_legacy,33,2,0,2,True,0,{}
train_00244,src_7629a074dc75ffa462a2,Bipolar,3,train,train_legacy,2884,2,5,0,False,2,"{""meta_commentary"": 7}"
train_04906,src_76366ccda4cc81cc1ffd,Depression,1,train,train_legacy,401,2,0,2,True,0,{}
train_00477,src_764a15a84c0b50007795,Anxiety,2,train,train_legacy,205,2,0,2,True,0,{}
test_01846,src_764a9c5f8ee709acbec5,Normal,0,test,test_nested,17,0,2,2,True,0,{}
train_04108,src_764f8be88536fa91c243,Normal,0,train,train_legacy,25,2,5,0,False,2,"{""refusal"": 7}"
train_00069,src_765312ba0129fd8ded03,Depression,1,train,train_legacy,39,2,5,0,False,2,"{""refusal"": 7}"
test_00304,src_765de086d804f3a59828,Normal,0,test,test_nested,119,0,5,1,False,1,"{""length_ratio"": 3, ""sbert"": 1}"
train_02670,src_766ccf9aa136272d0965,Depression,1,train,train_legacy,2875,2,0,2,True,0,{}
train_01675,src_766d2160a3d7ac722856,Normal,0,train,train_legacy,43,2,5,0,False,2,"{""length_ratio"": 5, ""meta_commentary"": 2}"
train_00962,src_7679bf34d6f51c3b84e6,Bipolar,3,train,train_legacy,2330,2,0,2,True,0,{}
train_00219,src_767d0eb6e2162cd727a7,Bipolar,3,train,train_legacy,2521,2,1,2,True,0,"{""meta_commentary"": 1}"
test_00221,src_76868ba3ae7277191153,Anxiety,2,test,test_nested,963,0,2,2,True,0,{}
train_01031,src_76a7e8326351002a2487,Depression,1,train,train_legacy,103,2,0,2,True,0,{}
test_01860,src_76b816a89d86f5b22d28,Anxiety,2,train,train_added,653,2,0,2,True,0,{}
test_02035,src_76bc04c4198db4ac82c8,Depression,1,test,test_nested,202,0,2,2,True,0,{}
test_00560,src_76c9a137adaea96d5d81,Anxiety,2,test,test_nested,1260,0,4,2,True,0,"{""meta_commentary"": 2}"
train_02954,src_76d7f49f57f100732bc9,Bipolar,3,train,train_legacy,331,2,0,2,True,0,{}
test_02448,src_76d8bcddb2893f22ee49,Anxiety,2,test,test_nested,370,0,2,2,True,0,{}
test_00055,src_76dcfba46306b76657cb,Anxiety,2,test,test_nested,561,0,2,2,True,0,{}
train_04261,src_76dd7efe59540aa83e01,Bipolar,3,train,train_legacy,695,2,0,2,True,0,{}
train_03845,src_76e087e9c93c2bd2dd64,Normal,0,train,train_legacy,58,2,1,2,True,0,"{""length_ratio"": 1}"
test_02403,src_76e9949e17ded4355811,Normal,0,test,test_nested,83,0,3,2,True,0,"{""sbert"": 1}"
train_02262,src_76ff213adcb3e3db9ea3,Depression,1,train,train_legacy,140,2,0,2,True,0,{}
train_05503,src_7702a3ef2498d957fe0e,Depression,1,train,train_legacy,549,2,1,2,True,0,"{""meta_commentary"": 1}"
train_03014,src_7704a79fe6ba7b7a9c64,Depression,1,train,train_legacy,176,2,0,2,True,0,{}
train_00626,src_770deabff74bd7d74a26,Normal,0,train,train_legacy,515,2,0,2,True,0,{}
train_01021,src_770e31c9b88e667144f5,Bipolar,3,train,train_legacy,2557,2,0,2,True,0,{}
train_00815,src_771230582ef4c8d91fa8,Normal,0,train,train_legacy,129,2,0,2,True,0,{}
train_05523,src_771ab294fcd3047feeb9,Depression,1,train,train_legacy,1076,2,0,2,True,0,{}
train_00641,src_77200b63718aad141e7b,Depression,1,train,train_legacy,35,2,5,0,False,2,"{""length_ratio"": 6, ""sbert"": 1}"
train_04463,src_77234ea7bb646d8dd5f9,Bipolar,3,train,train_legacy,995,2,0,2,True,0,{}
train_01426,src_7731ac0d57024807387c,Anxiety,2,train,train_legacy,762,2,0,2,True,0,{}
train_05635,src_773cd5016f2626799b03,Depression,1,train,train_legacy,1142,2,0,2,True,0,{}
train_01984,src_774040138799884285d9,Normal,0,train,train_legacy,19,2,5,1,False,1,"{""duplicate"": 6}"
train_04444,src_7749bff22ff0faaf7749,Anxiety,2,train,train_legacy,801,2,1,2,True,0,"{""meta_commentary"": 1}"
train_01293,src_774d7b0f668282b04770,Anxiety,2,train,train_legacy,98,2,0,2,True,0,{}
train_02877,src_7750925599ec3b99d96f,Bipolar,3,train,train_legacy,134,2,0,2,True,0,{}
train_05058,src_7758c3529e3003e4ea6a,Bipolar,3,train,train_legacy,545,2,0,2,True,0,{}
train_04458,src_7761665f6b7f50a98c88,Depression,1,train,train_legacy,502,2,0,2,True,0,{}
test_00780,src_776e6ec188b40756ef1e,Normal,0,test,test_nested,24,0,5,0,False,2,"{""length_ratio"": 4, ""sbert"": 1}"
train_01070,src_77717c581088de230366,Normal,0,train,train_legacy,26,2,5,1,False,1,"{""length_ratio"": 3, ""sbert"": 3}"
test_01781,src_7772fbd5ea3a0d9c0ce6,Depression,1,test,test_nested,1182,0,2,2,True,0,{}
train_04632,src_77735117e7afda759018,Normal,0,train,train_legacy,19,2,5,0,False,2,"{""length_ratio"": 5, ""sbert"": 2}"
train_04045,src_778343f6d03a5c692ec8,Bipolar,3,train,train_legacy,427,2,0,2,True,0,{}
train_00838,src_77972f3e1f8879a0f686,Bipolar,3,train,train_legacy,825,2,0,2,True,0,{}
test_00791,src_779cc114f9977b5ccff6,Depression,1,test,test_nested,540,0,2,2,True,0,{}
train_03618,src_779f9f4c91023a265b9f,Bipolar,3,train,train_legacy,168,2,0,2,True,0,{}
test_00201,src_779fb46179c718af69de,Depression,1,test,test_nested,1789,0,5,0,False,2,"{""meta_commentary"": 2, ""refusal"": 3}"
train_05563,src_77af6acf59a420b6081f,Depression,1,train,train_legacy,1135,2,0,2,True,0,{}
test_00513,src_77b0f415070f77cf32c4,Depression,1,train,train_added,495,2,0,2,True,0,{}
test_00047,src_77bd4d1d2daa73aad12f,Bipolar,3,test,test_nested,865,0,5,2,True,0,"{""meta_commentary"": 3}"
train_04364,src_77c6423bcde588247f2c,Anxiety,2,train,train_legacy,584,2,0,2,True,0,{}
val_confirm_00592,src_77c818d01139c1181fc2,Anxiety,2,train,train_added,1730,2,0,2,True,0,{}
train_00557,src_77cda4b6f54117138407,Bipolar,3,train,train_legacy,4868,2,5,0,False,2,"{""length_ratio"": 5, ""meta_commentary"": 2}"
train_01700,src_77d7ead19aa8eb288540,Bipolar,3,train,train_legacy,804,2,0,2,True,0,{}
train_02523,src_77dac3f27536a3eb2988,Anxiety,2,train,train_legacy,181,2,0,2,True,0,{}
train_05940,src_77db2fbae216d2d9e61d,Bipolar,3,train,train_legacy,2300,2,1,2,True,0,"{""meta_commentary"": 1}"
train_02595,src_77dcf5338faa45e09dce,Normal,0,train,train_legacy,38,2,4,2,True,0,"{""length_ratio"": 4}"
train_01032,src_77e4ccf5ceb61b36753f,Depression,1,train,train_legacy,378,2,0,2,True,0,{}
train_04386,src_77e74a43fd8aba4d219b,Anxiety,2,train,train_legacy,1048,2,0,2,True,0,{}
train_05340,src_77e777bc0b6144d9658a,Bipolar,3,train,train_legacy,1374,2,0,2,True,0,{}
test_02258,src_77fd5f14edf63954bcc9,Normal,0,test,test_nested,135,0,3,2,True,0,"{""length_ratio"": 1}"
train_01771,src_780215d860225c7367a3,Anxiety,2,train,train_legacy,516,2,0,2,True,0,{}
train_01082,src_78042e421389441842b1,Bipolar,3,train,train_legacy,1246,2,0,2,True,0,{}
test_01677,src_7808512bcf61b0218eab,Depression,1,train,train_added,82,2,5,0,False,2,"{""length_ratio"": 7}"
train_04950,src_780ae5c06f5636270aac,Anxiety,2,train,train_legacy,1238,2,0,2,True,0,{}
train_02461,src_780db92d62c0fe3e5c0b,Normal,0,train,train_legacy,309,2,2,2,True,0,"{""sbert"": 2}"
train_05736,src_7816b5f9522f7ebff682,Depression,1,train,train_legacy,1860,2,0,2,True,0,{}
train_03709,src_78182fb2acd6773b7847,Depression,1,train,train_legacy,181,2,0,2,True,0,{}
train_02955,src_781b54c431eca93cb78e,Normal,0,train,train_legacy,75,2,0,2,True,0,{}
train_05119,src_781ba7d3774ea5a1670f,Normal,0,train,train_legacy,26,2,5,1,False,1,"{""length_ratio"": 2, ""meta_commentary"": 2, ""refusal"": 1, ""sbert"": 1}"
train_02451,src_781d7b8d35817ec56baa,Bipolar,3,train,train_legacy,708,2,0,2,True,0,{}
train_03854,src_7822238245e4e637bf0d,Bipolar,3,train,train_legacy,385,2,0,2,True,0,{}
test_02348,src_7826ca7399e51415aaea,Normal,0,test,test_nested,81,0,5,0,False,2,"{""refusal"": 5}"
val_search_00176,src_782b43bc51078a600a52,Bipolar,3,train,train_added,705,2,0,2,True,0,{}
test_00737,src_782d8518ae1a81640c92,Depression,1,test,test_nested,1544,0,2,2,True,0,{}
train_03831,src_7836f1049054655b1532,Bipolar,3,train,train_legacy,355,2,0,2,True,0,{}
train_03970,src_783786d16f843d00d1f2,Depression,1,train,train_legacy,1032,2,0,2,True,0,{}
train_03038,src_783a54763f77b0dbcc94,Bipolar,3,train,train_legacy,803,2,5,0,False,2,"{""refusal"": 7}"
train_04399,src_784196d61dfde757893a,Anxiety,2,train,train_legacy,655,2,0,2,True,0,{}
train_01307,src_7844ea9867ba957875f0,Anxiety,2,train,train_legacy,865,2,0,2,True,0,{}
test_00186,src_7846d79b9d3ab76410a9,Bipolar,3,test,test_nested,279,0,2,2,True,0,{}
train_05980,src_784a000d94bdefe17867,Normal,0,train,train_legacy,90,2,0,2,True,0,{}
test_01951,src_7860ca2f4cc0d6f4f7c6,Bipolar,3,test,test_nested,373,0,2,2,True,0,{}
train_04456,src_7863c8d352cef17e4daa,Bipolar,3,train,train_legacy,1429,2,0,2,True,0,{}
train_05932,src_786544c1ce68661a2bb1,Depression,1,train,train_legacy,378,2,1,2,True,0,"{""refusal"": 1}"
train_03371,src_7865f6323a9bb67db436,Anxiety,2,train,train_legacy,1088,2,0,2,True,0,{}
train_00425,src_786986408913f0839a20,Depression,1,train,train_legacy,201,2,0,2,True,0,{}
train_03892,src_786d8fbbec1aa9183038,Depression,1,train,train_legacy,846,2,0,2,True,0,{}
train_05394,src_7877c9c60bbd3957f444,Normal,0,train,train_legacy,18,2,5,0,False,2,"{""refusal"": 7}"
train_04969,src_78809fad0828ede473a3,Depression,1,train,train_legacy,991,2,0,2,True,0,{}
train_04803,src_7881088f96b0fad91b74,Anxiety,2,train,train_legacy,426,2,0,2,True,0,{}
train_05109,src_788111c2cc4116cd4160,Anxiety,2,train,train_legacy,947,2,0,2,True,0,{}
train_02871,src_7888b1e464083ae24f32,Normal,0,train,train_legacy,211,2,2,2,True,0,"{""length_ratio"": 2}"
train_04136,src_788ecb4992a08a66326d,Anxiety,2,train,train_legacy,995,2,1,2,True,0,"{""meta_commentary"": 1}"
train_04544,src_788fa1c905be7b1fae40,Depression,1,train,train_legacy,287,2,0,2,True,0,{}
test_00001,src_7897c74d24720f70afbb,Bipolar,3,test,test_nested,291,0,2,2,True,0,{}
train_00964,src_78a15fd1b2de45649bf5,Depression,1,train,train_legacy,4534,2,1,2,True,0,"{""length_ratio"": 1}"
train_02792,src_78abcf9c9d31e1cc8faf,Normal,0,train,train_legacy,97,2,1,2,True,0,"{""sbert"": 1}"
train_04190,src_78b94dcf41563730eef3,Anxiety,2,train,train_legacy,141,2,1,2,True,0,"{""sbert"": 1}"
train_03299,src_78c3981ac06a11d13269,Normal,0,train,train_legacy,51,2,3,2,True,0,"{""sbert"": 3}"
train_01523,src_78cc1c1281d22eda83c0,Depression,1,train,train_legacy,266,2,0,2,True,0,{}
test_02088,src_78db871e1baf44234b8a,Depression,1,test,test_nested,1570,0,2,2,True,0,{}
test_00454,src_78dce35cbaf94ee228c2,Anxiety,2,test,test_nested,305,0,2,2,True,0,{}
train_04183,src_78de9aa4b50ed6a3e133,Bipolar,3,train,train_legacy,501,2,0,2,True,0,{}
train_01732,src_78e00a251c58f72dd297,Anxiety,2,train,train_legacy,407,2,0,2,True,0,{}
test_00003,src_78f170c05ac6967b1ba5,Bipolar,3,test,test_nested,1350,0,2,2,True,0,{}
train_02336,src_78f90ce63626f3ff69f2,Anxiety,2,train,train_legacy,425,2,0,2,True,0,{}
test_00097,src_78facbb8cc55a570aecf,Bipolar,3,test,test_nested,1139,0,2,2,True,0,{}
train_01339,src_791243ad8413df39192c,Anxiety,2,train,train_legacy,244,2,0,2,True,0,{}
train_01965,src_791478283dc67f272ba9,Depression,1,train,train_legacy,355,2,0,2,True,0,{}
train_04770,src_7918b222846401aa4bbd,Normal,0,train,train_legacy,33,2,5,0,False,2,"{""length_ratio"": 5, ""sbert"": 2}"
test_00899,src_791b81fed6c9f1dd4928,Normal,0,test,test_nested,25,0,5,0,False,2,"{""refusal"": 5}"
train_04266,src_791b8dec84013d76d772,Anxiety,2,train,train_legacy,431,2,0,2,True,0,{}
val_confirm_00258,src_791e9cbbc4a31380a6dd,Bipolar,3,train,train_added,439,2,0,2,True,0,{}
train_01815,src_79289627f258c934cd32,Anxiety,2,train,train_legacy,179,2,0,2,True,0,{}
train_00158,src_792d0f1e9b9ae56968c3,Depression,1,train,train_legacy,653,2,0,2,True,0,{}
val_confirm_00071,src_793b8cc69c64e2630ac8,Anxiety,2,train,train_added,1163,2,0,2,True,0,{}
train_04106,src_7942934b203046277cd9,Bipolar,3,train,train_legacy,698,2,0,2,True,0,{}
train_01894,src_794853e0d7f4447a9154,Normal,0,train,train_legacy,267,2,0,2,True,0,{}
train_02327,src_794fe4df3626c2a28f02,Anxiety,2,train,train_legacy,879,2,0,2,True,0,{}
val_confirm_00257,src_795198da02809c010499,Bipolar,3,train,train_added,405,2,0,2,True,0,{}
train_05760,src_7952e36ee28c69a401ab,Anxiety,2,train,train_legacy,458,2,0,2,True,0,{}
train_02677,src_79540531c6da9562e32e,Anxiety,2,train,train_legacy,116,2,0,2,True,0,{}
test_01089,src_79672a25b41bfe8c31b5,Anxiety,2,test,test_nested,721,0,2,2,True,0,{}
test_02249,src_79691b14e98cff228ed2,Depression,1,test,test_nested,238,0,2,2,True,0,{}
val_confirm_00187,src_796c108b84ae7e014d04,Normal,0,train,train_added,57,2,3,2,True,0,"{""sbert"": 3}"
train_00936,src_796c9743c9aa1c529e76,Bipolar,3,train,train_legacy,309,2,0,2,True,0,{}
train_02675,src_796ee3ccf486ab3241a3,Anxiety,2,train,train_legacy,1440,2,0,2,True,0,{}
train_03173,src_7980672cf595a75522fe,Normal,0,train,train_legacy,61,2,1,2,True,0,"{""length_ratio"": 1}"
test_01565,src_798577f152e3e551548d,Bipolar,3,train,train_added,350,2,0,2,True,0,{}
val_search_00262,src_7986fb50488667ce2805,Depression,1,train,train_added,514,2,2,2,True,0,"{""length_ratio"": 1, ""meta_commentary"": 1}"
train_03427,src_798f29fe8ae93d244913,Bipolar,3,train,train_legacy,4301,2,1,2,True,0,"{""length_ratio"": 1}"
train_04310,src_7999a62fab340d9f8136,Bipolar,3,train,train_legacy,1094,2,0,2,True,0,{}
train_01354,src_79a29d0ad4264c94c44b,Normal,0,train,train_legacy,75,2,0,2,True,0,{}
train_04093,src_79a7d2ee94c31a573235,Depression,1,train,train_legacy,1283,2,0,2,True,0,{}
train_00363,src_79aabbd8a9b777c7f292,Normal,0,train,train_legacy,23,2,5,0,False,2,"{""sbert"": 7}"
train_05978,src_79ac18b6c8610ec22533,Normal,0,train,train_legacy,38,2,5,0,False,2,"{""length_ratio"": 1, ""sbert"": 6}"
train_04002,src_79b05e52046962878bc8,Depression,1,train,train_legacy,239,2,0,2,True,0,{}
train_05899,src_79bc642edfd0605be26d,Normal,0,train,train_legacy,13,2,5,1,False,1,"{""length_ratio"": 1, ""sbert"": 5}"
test_01260,src_79ca2bc34eaca4ee8f5d,Anxiety,2,test,test_nested,314,0,2,2,True,0,{}
test_01847,src_79e25f26535a53b2e5eb,Depression,1,train,train_added,1353,2,5,0,False,2,"{""meta_commentary"": 7}"
train_01886,src_79e7cfea6a2177823e61,Depression,1,train,train_legacy,1213,2,0,2,True,0,{}
test_01495,src_79fc95745aa5efef9d8f,Anxiety,2,train,train_added,265,2,0,2,True,0,{}
val_confirm_00578,src_79fe34ad9fd307c52e64,Depression,1,train,train_added,1242,2,0,2,True,0,{}
val_confirm_00547,src_7a0141efb25b83ab67e6,Anxiety,2,train,train_added,141,2,0,2,True,0,{}
train_04016,src_7a075630aabc9d2bc9bd,Bipolar,3,train,train_legacy,3057,2,1,2,True,0,"{""meta_commentary"": 1}"
train_03116,src_7a0e345c3b969026c73c,Anxiety,2,train,train_legacy,885,2,0,2,True,0,{}
train_02310,src_7a0eb6f6ccb69a97a870,Depression,1,train,train_legacy,408,2,0,2,True,0,{}
train_05715,src_7a0ed41337bc6da5f9ab,Depression,1,train,train_legacy,373,2,5,2,True,0,"{""refusal"": 5}"
test_01719,src_7a1201c56e1c41a9ca1d,Depression,1,test,test_nested,969,0,2,2,True,0,{}
test_02353,src_7a1645e0049414d97432,Bipolar,3,test,test_nested,885,0,2,2,True,0,{}
train_03262,src_7a18d5680252805ece63,Bipolar,3,train,train_legacy,34,2,2,2,True,0,"{""length_ratio"": 2}"
train_05953,src_7a1b98bf4e73bd1bede0,Bipolar,3,train,train_legacy,216,2,0,2,True,0,{}
train_02114,src_7a20db3d87d97ffbb16a,Depression,1,train,train_legacy,2595,2,0,2,True,0,{}
test_02102,src_7a27ead68266477bd1c7,Normal,0,test,test_nested,25,0,5,1,False,1,"{""length_ratio"": 4}"
test_01664,src_7a2e198e4b25a3122d57,Bipolar,3,test,test_nested,399,0,2,2,True,0,{}
train_05385,src_7a32001118d57917bde0,Normal,0,train,train_legacy,133,2,0,2,True,0,{}
test_00378,src_7a3d4434c0d413a9e9ce,Anxiety,2,test,test_nested,3067,0,2,2,True,0,{}
train_02596,src_7a3dfbfa600d93a19309,Bipolar,3,train,train_legacy,763,2,0,2,True,0,{}
train_03612,src_7a3e1d7d57de3dcba32e,Anxiety,2,train,train_legacy,159,2,0,2,True,0,{}
train_02059,src_7a3f18b54389103efcb5,Anxiety,2,train,train_legacy,815,2,0,2,True,0,{}
val_confirm_00200,src_7a52da82a97fda067059,Anxiety,2,train,train_added,98,2,0,2,True,0,{}
test_00558,src_7a5b6b1c8de860678d1f,Bipolar,3,test,test_nested,1320,0,2,2,True,0,{}
train_04043,src_7a5c96bb3ae34e1a9238,Anxiety,2,train,train_legacy,501,2,0,2,True,0,{}
train_05500,src_7a6337b8e61a79afb62e,Anxiety,2,train,train_legacy,1079,2,1,2,True,0,"{""meta_commentary"": 1}"
test_00881,src_7a65888803c55af99496,Bipolar,3,train,train_added,2190,2,0,2,True,0,{}
test_01216,src_7a7243bec93892f17f50,Normal,0,test,test_nested,32,0,3,2,True,0,"{""length_ratio"": 1}"
train_05433,src_7a758cc5925572b8b14f,Bipolar,3,train,train_legacy,1327,2,0,2,True,0,{}
train_05056,src_7a7db7d2473e5445c82e,Bipolar,3,train,train_legacy,566,2,0,2,True,0,{}
train_05180,src_7a8271e07faca8b07e7c,Depression,1,train,train_legacy,157,2,1,2,True,0,"{""sbert"": 1}"
train_01494,src_7a875cf98f2fd1e9fa4c,Normal,0,train,train_legacy,35,2,5,1,False,1,"{""length_ratio"": 1, ""sbert"": 5}"
train_02028,src_7a887693adda1c5dd1ca,Bipolar,3,train,train_legacy,833,2,0,2,True,0,{}
train_01837,src_7a9bcc170a8a8a81e2be,Bipolar,3,train,train_legacy,3369,2,0,2,True,0,{}
test_00327,src_7aa0bee8f2c288636e40,Anxiety,2,test,test_nested,167,0,2,2,True,0,{}
train_00434,src_7aa6424d86328f41409e,Depression,1,train,train_legacy,503,2,5,0,False,2,"{""refusal"": 7}"
train_02406,src_7aad00a32f2b1dd9d63c,Normal,0,train,train_legacy,131,2,5,0,False,2,"{""sbert"": 7}"
train_02917,src_7ab6953335b68e654670,Anxiety,2,train,train_legacy,872,2,0,2,True,0,{}
test_01689,src_7ab75103822c52b649c6,Bipolar,3,test,test_nested,218,0,5,1,False,1,"{""length_ratio"": 1, ""sbert"": 3}"
test_00025,src_7ab9d15b91bf085c78b0,Depression,1,test,test_nested,26,0,5,0,False,2,"{""length_ratio"": 4, ""sbert"": 1}"
train_05296,src_7ac70967fb5ff6387fc9,Normal,0,train,train_legacy,20,2,5,0,False,2,"{""length_ratio"": 1, ""meta_commentary"": 1, ""refusal"": 5}"
train_04954,src_7acc7ebc33cf5cdd8afe,Normal,0,train,train_legacy,43,2,0,2,True,0,{}
train_00228,src_7ae612068b44b7a26440,Depression,1,train,train_legacy,257,2,5,0,False,2,"{""length_ratio"": 1, ""meta_commentary"": 1, ""refusal"": 3, ""sbert"": 2}"
test_01939,src_7aebe110345161015368,Normal,0,test,test_nested,39,0,2,2,True,0,{}
train_05468,src_7afcab96d9e607f04df5,Depression,1,train,train_legacy,1448,2,0,2,True,0,{}
val_confirm_00736,src_7afcbc4d698ae8680ed2,Bipolar,3,train,train_added,815,2,0,2,True,0,{}
test_02379,src_7b014b5c4358fb349346,Depression,1,test,test_nested,1358,0,2,2,True,0,{}
train_05538,src_7b03fd4045638ffbc9aa,Anxiety,2,train,train_legacy,1449,2,0,2,True,0,{}
train_00933,src_7b1b800c00d7fbe89634,Anxiety,2,train,train_legacy,98,2,5,1,False,1,"{""length_ratio"": 6}"
train_04476,src_7b34e1c753cd35f311e4,Bipolar,3,train,train_legacy,2459,2,1,2,True,0,"{""meta_commentary"": 1}"
train_01472,src_7b44e95adcf0b576659e,Normal,0,train,train_legacy,119,2,0,2,True,0,{}
train_03349,src_7b53de706fc798a0a24e,Bipolar,3,train,train_legacy,72,2,2,2,True,0,"{""sbert"": 2}"
train_00549,src_7b5698a5b6deb57e55a3,Bipolar,3,train,train_legacy,287,2,0,2,True,0,{}
test_00646,src_7b5726839ec465143c97,Normal,0,test,test_nested,57,0,2,2,True,0,{}
train_05839,src_7b64c9ac0c932ce506b5,Bipolar,3,train,train_legacy,340,2,1,2,True,0,"{""meta_commentary"": 1}"
train_03932,src_7b708434bcadb9af1468,Bipolar,3,train,train_legacy,630,2,1,2,True,0,"{""meta_commentary"": 1}"
train_05654,src_7b7dbc65bc617169f956,Bipolar,3,train,train_legacy,1018,2,0,2,True,0,{}
train_05187,src_7b8028364a02c985b270,Normal,0,train,train_legacy,45,2,5,1,False,1,"{""length_ratio"": 6}"
test_00192,src_7b8148b5464675777ebe,Normal,0,train,train_added,86,2,5,1,False,1,"{""length_ratio"": 6}"
test_01843,src_7b826a457931e31faf11,Bipolar,3,train,train_added,275,2,0,2,True,0,{}
train_04707,src_7b8da3d235a53c007914,Normal,0,train,train_legacy,226,2,2,2,True,0,"{""sbert"": 2}"
test_00162,src_7ba4aaf5055b43b9c0fe,Bipolar,3,train,train_added,2956,2,0,2,True,0,{}
train_04270,src_7ba84308b4b48ea30087,Bipolar,3,train,train_legacy,885,2,1,2,True,0,"{""refusal"": 1}"
train_03997,src_7bad63a04dd6eb7826bd,Anxiety,2,train,train_legacy,991,2,0,2,True,0,{}
train_05517,src_7bafa2fd2d68787d2c2f,Anxiety,2,train,train_legacy,61,2,2,2,True,0,"{""sbert"": 2}"
train_03070,src_7bb950db48f3ef90ffea,Bipolar,3,train,train_legacy,601,2,0,2,True,0,{}
train_03309,src_7bb96c6046e8563edec4,Bipolar,3,train,train_legacy,1136,2,0,2,True,0,{}
train_03052,src_7bbd26e8c8d269336b63,Bipolar,3,train,train_legacy,575,2,1,2,True,0,"{""length_ratio"": 1}"
test_00509,src_7bc7952c5a5101378824,Bipolar,3,test,test_nested,776,0,2,2,True,0,{}
train_05140,src_7bc7ae88a59c3138eadf,Bipolar,3,train,train_legacy,656,2,0,2,True,0,{}
test_00858,src_7bcc52b946ff0fab0eda,Depression,1,test,test_nested,1339,0,2,2,True,0,{}
train_04857,src_7bd0be14831f0143c218,Depression,1,train,train_legacy,78,2,5,0,False,2,"{""length_ratio"": 6, ""sbert"": 1}"
val_search_00322,src_7bd23ee5ff0e49f61b4d,Anxiety,2,train,train_added,141,2,5,0,False,2,"{""length_ratio"": 7}"
train_02012,src_7bd8cc32e8f153e7c31e,Normal,0,train,train_legacy,109,2,0,2,True,0,{}
test_02006,src_7bddf6a4ff84ccd13127,Bipolar,3,test,test_nested,547,0,2,2,True,0,{}
train_04219,src_7be1a179c7f6c6d58fd0,Depression,1,train,train_legacy,25,2,5,0,False,2,"{""sbert"": 7}"
val_confirm_00113,src_7be916fdea4f22b62bcf,Anxiety,2,train,train_added,1277,2,4,2,True,0,"{""meta_commentary"": 4}"
test_00869,src_7bec65ab744aee10d10e,Depression,1,test,test_nested,200,0,3,2,True,0,"{""sbert"": 1}"
train_01366,src_7bf09829df61dccaef0c,Normal,0,train,train_legacy,75,2,0,2,True,0,{}
test_00213,src_7bf7d428c922ec32deae,Normal,0,test,test_nested,38,0,5,0,False,2,"{""sbert"": 5}"
test_01239,src_7bfab9a6f23146b91cf1,Anxiety,2,test,test_nested,601,0,2,2,True,0,{}
train_02255,src_7bfb74d38a7dc32ba54f,Normal,0,train,train_legacy,164,2,0,2,True,0,{}
train_01189,src_7c0281c79fb1f68c6cb4,Normal,0,train,train_legacy,37,2,0,2,True,0,{}
train_00713,src_7c0b0d8be228c8aab2ab,Anxiety,2,train,train_legacy,339,2,0,2,True,0,{}
train_03238,src_7c0cfbcb9e4c3c2415de,Anxiety,2,train,train_legacy,3201,2,4,2,True,0,"{""meta_commentary"": 4}"
val_search_00293,src_7c1c52df7906cc6f8d87,Normal,0,train,train_added,56,2,0,2,True,0,{}
train_02655,src_7c1fa73264baead3581c,Bipolar,3,train,train_legacy,457,2,0,2,True,0,{}
train_03050,src_7c24929f46c83fa11c1d,Anxiety,2,train,train_legacy,524,2,0,2,True,0,{}
train_00398,src_7c2bdf6110dc62b4df29,Bipolar,3,train,train_legacy,815,2,0,2,True,0,{}
train_05047,src_7c2cbec0daa5e6275fc2,Depression,1,train,train_legacy,1615,2,0,2,True,0,{}
test_00548,src_7c38dd5178f74ec488b6,Depression,1,test,test_nested,249,0,5,0,False,2,"{""refusal"": 5}"
train_02043,src_7c3b186701c692e7d5b2,Anxiety,2,train,train_legacy,860,2,1,2,True,0,"{""meta_commentary"": 1}"
test_00763,src_7c3c277c9e3b97fe60b6,Normal,0,test,test_nested,27,0,5,1,False,1,"{""duplicate"": 1, ""length_ratio"": 2, ""sbert"": 1}"
test_00504,src_7c52d87428ca94a519f1,Anxiety,2,test,test_nested,50,0,5,2,True,0,"{""sbert"": 3}"
test_00601,src_7c557b3c87299b9eaa5b,Bipolar,3,test,test_nested,514,0,2,2,True,0,{}
test_01859,src_7c64b66e6c647d2dca39,Bipolar,3,test,test_nested,963,0,2,2,True,0,{}
train_04583,src_7c682859f274367ff01e,Anxiety,2,train,train_legacy,335,2,0,2,True,0,{}
test_00429,src_7c861462b72ddcbfaefc,Bipolar,3,train,train_added,218,2,0,2,True,0,{}
train_02506,src_7c884caf793dc2ef9389,Normal,0,train,train_legacy,55,2,1,2,True,0,"{""length_ratio"": 1}"
test_02039,src_7c95cfed2bdf04dfe3b7,Depression,1,test,test_nested,454,0,5,0,False,2,"{""refusal"": 5}"
test_01139,src_7c9a23eb27f1e32ae171,Depression,1,test,test_nested,583,0,2,2,True,0,{}
train_02048,src_7ca43d41db0a8af9397f,Bipolar,3,train,train_legacy,1076,2,0,2,True,0,{}
test_00098,src_7ca7c2d909084672da05,Depression,1,test,test_nested,546,0,2,2,True,0,{}
train_04329,src_7cac4e101bd32d311e45,Depression,1,train,train_legacy,1064,2,0,2,True,0,{}
val_confirm_00688,src_7cad077f29e2bd2cbaad,Bipolar,3,train,train_added,1003,2,0,2,True,0,{}
train_05589,src_7cb1fae04c839bc714f1,Bipolar,3,train,train_legacy,373,2,0,2,True,0,{}
train_01857,src_7cc5bf6aa10b1b9a0ff9,Depression,1,train,train_legacy,284,2,0,2,True,0,{}
train_04066,src_7cd1e9e98840166dcf0e,Anxiety,2,train,train_legacy,530,2,0,2,True,0,{}
train_03544,src_7cd2a6db798a95d62b02,Normal,0,train,train_legacy,103,2,0,2,True,0,{}
val_confirm_00103,src_7cd4441a2d38559b6616,Depression,1,train,train_added,2730,2,1,2,True,0,"{""meta_commentary"": 1}"
train_00063,src_7cd47005cf394dd00b7b,Depression,1,train,train_legacy,5387,2,0,2,True,0,{}
train_03464,src_7cdd9e482e907af3d081,Anxiety,2,train,train_legacy,1201,2,0,2,True,0,{}
test_00659,src_7cddfa2cfd07cd869fd9,Normal,0,test,test_nested,21,0,5,0,False,2,"{""length_ratio"": 5}"
train_00467,src_7ce67685ef64387a0f0b,Normal,0,train,train_legacy,121,2,5,1,False,1,"{""sbert"": 6}"
train_03381,src_7cef0698e64956e264ab,Bipolar,3,train,train_legacy,260,2,5,0,False,2,"{""refusal"": 7}"
test_01593,src_7cf21ff3a2dcc47bc200,Normal,0,test,test_nested,59,0,2,2,True,0,{}
train_01666,src_7cf30ec55c3c0863f75b,Depression,1,train,train_legacy,17,2,5,2,True,0,"{""length_ratio"": 3, ""sbert"": 2}"
test_00926,src_7cf793bf00ff64225671,Anxiety,2,train,train_added,582,2,0,2,True,0,{}
val_confirm_00786,src_7cf872303e743d446d72,Anxiety,2,train,train_added,365,2,0,2,True,0,{}
test_00851,src_7cf8e556ac615ab55efb,Anxiety,2,train,train_added,3390,2,4,2,True,0,"{""meta_commentary"": 4}"
train_04176,src_7d019d24a9fd75e04ff9,Bipolar,3,train,train_legacy,201,2,0,2,True,0,{}
train_04032,src_7d13a8ad29b5d2c753a1,Depression,1,train,train_legacy,451,2,0,2,True,0,{}
train_02120,src_7d15e9a08742706cf67b,Normal,0,train,train_legacy,68,2,0,2,True,0,{}
train_05925,src_7d21a7b4367494915951,Bipolar,3,train,train_legacy,401,2,0,2,True,0,{}
train_04194,src_7d25cd52a9e3b129fd54,Normal,0,train,train_legacy,41,2,2,2,True,0,"{""length_ratio"": 2}"
train_00076,src_7d2a5435013aa22086f3,Bipolar,3,train,train_legacy,1483,2,4,2,True,0,"{""meta_commentary"": 4}"
test_02298,src_7d3ad26b50c9c8d4f2be,Normal,0,test,test_nested,29,0,5,0,False,2,"{""refusal"": 5}"
test_00130,src_7d402203a36e5fce40a7,Anxiety,2,test,test_nested,646,0,2,2,True,0,{}
train_05306,src_7d44aa1d56e7a77da7d0,Anxiety,2,train,train_legacy,1307,2,3,2,True,0,"{""meta_commentary"": 3}"
val_confirm_00403,src_7d4615f7c9a5846adf2c,Bipolar,3,train,train_added,425,2,0,2,True,0,{}
test_02415,src_7d50472b929bf8e69345,Depression,1,test,test_nested,99,0,2,2,True,0,{}
test_01173,src_7d52644fcfc86974a93f,Normal,0,train,train_added,69,2,5,0,False,2,"{""sbert"": 7}"
train_01948,src_7d56da44baa8d62a0a25,Bipolar,3,train,train_legacy,733,2,0,2,True,0,{}
train_02784,src_7d57f144903fe0bc5e83,Anxiety,2,train,train_legacy,1918,2,0,2,True,0,{}
train_04742,src_7d5a538144838990d688,Bipolar,3,train,train_legacy,571,2,0,2,True,0,{}
test_00006,src_7d5e9a4f592377ad0201,Depression,1,test,test_nested,2035,0,2,2,True,0,{}
train_05886,src_7d623742af48ea278b0e,Normal,0,train,train_legacy,56,2,5,1,False,1,"{""length_ratio"": 6}"
train_03533,src_7d628fdf30dd84768a41,Normal,0,train,train_legacy,48,2,1,2,True,0,"{""sbert"": 1}"
test_00937,src_7d62c4ef3ea8aea2c52f,Bipolar,3,test,test_nested,954,0,2,2,True,0,{}
train_03203,src_7d64227777123e8d0e05,Depression,1,train,train_legacy,1264,2,0,2,True,0,{}
train_02424,src_7d6e88e74f96d2d1fac0,Bipolar,3,train,train_legacy,418,2,0,2,True,0,{}
train_05935,src_7d8ad8e21ed89e3585c9,Bipolar,3,train,train_legacy,3105,2,2,2,True,0,"{""length_ratio"": 1, ""meta_commentary"": 1}"
train_02019,src_7d908da2c960ebc3bf54,Normal,0,train,train_legacy,86,2,2,2,True,0,"{""sbert"": 2}"
test_02015,src_7d953c993f9445c4121c,Anxiety,2,train,train_added,2750,2,1,2,True,0,"{""meta_commentary"": 1}"
train_03717,src_7d97d211599b88e71497,Bipolar,3,train,train_legacy,378,2,0,2,True,0,{}
test_01657,src_7d98f3f4926f4c1c0390,Bipolar,3,test,test_nested,428,0,2,2,True,0,{}
train_03562,src_7d9b109c2e972aa2549f,Normal,0,train,train_legacy,54,2,0,2,True,0,{}
train_00273,src_7d9cf4dd496771c8a0ca,Depression,1,train,train_legacy,956,2,0,2,True,0,{}
test_00740,src_7d9e05390594e7131ec1,Depression,1,test,test_nested,771,0,2,2,True,0,{}
train_03518,src_7da32267bbfe7289fa5f,Normal,0,train,train_legacy,138,2,0,2,True,0,{}
train_04922,src_7dab6f3e0662bfdb58e0,Anxiety,2,train,train_legacy,668,2,5,1,False,1,"{""meta_commentary"": 6}"
train_03972,src_7dc7f0baf6bb0863cad1,Bipolar,3,train,train_legacy,447,2,5,1,False,1,"{""refusal"": 6}"
train_05499,src_7dcce1ef77b66773a974,Bipolar,3,train,train_legacy,2162,2,0,2,True,0,{}
train_02231,src_7de0d9ae95213dabe3fc,Normal,0,train,train_legacy,4,2,5,0,False,2,"{""length_ratio"": 7}"
test_01665,src_7de761620e94750a7b0c,Depression,1,test,test_nested,1174,0,2,2,True,0,{}
val_confirm_00808,src_7deda9cd2fdccf66178d,Anxiety,2,train,train_added,300,2,1,2,True,0,"{""meta_commentary"": 1}"
test_00215,src_7df0385c1d37c6ff5712,Bipolar,3,test,test_nested,1090,0,2,2,True,0,{}
train_01885,src_7df284e544c731340621,Normal,0,train,train_legacy,248,2,0,2,True,0,{}
train_00203,src_7e01ac17d13afad7b556,Normal,0,train,train_legacy,83,2,3,2,True,0,"{""length_ratio"": 3}"
train_04999,src_7e093b53a44dabd3b463,Normal,0,train,train_legacy,59,2,0,2,True,0,{}
train_05090,src_7e0c34b30dfc8a75dc88,Normal,0,train,train_legacy,243,2,0,2,True,0,{}
val_search_00042,src_7e1f3f971f41d7c79aaa,Bipolar,3,train,train_added,425,2,0,2,True,0,{}
train_05322,src_7e211a5d7140b4ae81a6,Depression,1,train,train_legacy,253,2,0,2,True,0,{}
train_01946,src_7e21ead0fd97f51614cb,Anxiety,2,train,train_legacy,89,2,1,2,True,0,"{""sbert"": 1}"
test_01869,src_7e2b197d5c4362c1a69d,Depression,1,test,test_nested,213,0,2,2,True,0,{}
val_search_00328,src_7e3a402b57c5b116b281,Bipolar,3,train,train_added,7233,2,5,0,False,2,"{""length_ratio"": 1, ""meta_commentary"": 6}"
train_02471,src_7e443841e21864bdda20,Depression,1,train,train_legacy,2565,2,5,0,False,2,"{""refusal"": 7}"
test_02112,src_7e4dfc3414e87d84b2f4,Anxiety,2,test,test_nested,659,0,2,2,True,0,{}
train_01643,src_7e5c7d7e85ad76ed21b8,Bipolar,3,train,train_legacy,480,2,0,2,True,0,{}
train_01684,src_7e722e9a3873d942520e,Anxiety,2,train,train_legacy,380,2,0,2,True,0,{}
train_01264,src_7e735428500b382d151b,Anxiety,2,train,train_legacy,27,2,5,0,False,2,"{""length_ratio"": 1, ""sbert"": 6}"
test_01530,src_7e77109192f8dacac804,Anxiety,2,train,train_added,1033,2,0,2,True,0,{}
val_confirm_00456,src_7e78fdd17b0b547c4398,Normal,0,train,train_added,59,2,5,0,False,2,"{""length_ratio"": 1, ""sbert"": 6}"
test_01392,src_7e7db583179f6bf12270,Bipolar,3,train,train_added,758,2,0,2,True,0,{}
train_00369,src_7e95ed2fd6d724d5a22a,Normal,0,train,train_legacy,50,2,5,1,False,1,"{""sbert"": 6}"
train_03802,src_7e97418e160b04a7fa45,Normal,0,train,train_legacy,33,2,5,0,False,2,"{""length_ratio"": 1, ""meta_commentary"": 3, ""refusal"": 3}"
train_00918,src_7ea1db9a5b6c9a8564c5,Bipolar,3,train,train_legacy,244,2,0,2,True,0,{}
train_02480,src_7eac0365c89e5801716f,Bipolar,3,train,train_legacy,1158,2,0,2,True,0,{}
train_04641,src_7eafc0d29306803b630e,Anxiety,2,train,train_legacy,709,2,1,2,True,0,"{""meta_commentary"": 1}"
train_05436,src_7eb07d93f56ec837a1f7,Anxiety,2,train,train_legacy,1132,2,0,2,True,0,{}
test_00726,src_7ebb06a24e952957e73d,Normal,0,test,test_nested,108,0,2,2,True,0,{}
val_confirm_00685,src_7ebf3f6f6765bf70523b,Normal,0,train,train_added,51,2,2,2,True,0,"{""length_ratio"": 1, ""sbert"": 1}"
train_02316,src_7ec2307d5b648ed0b963,Depression,1,train,train_legacy,259,2,0,2,True,0,{}
train_00950,src_7eca0ffb8c63f9b8c5b8,Anxiety,2,train,train_legacy,511,2,0,2,True,0,{}
train_05121,src_7ed5b1673764a893aae7,Anxiety,2,train,train_legacy,878,2,0,2,True,0,{}
train_04985,src_7ed76bad4acd8e9059ba,Bipolar,3,train,train_legacy,518,2,0,2,True,0,{}
train_05944,src_7edc920c7d0218eaf191,Bipolar,3,train,train_legacy,474,2,0,2,True,0,{}
test_00863,src_7ee0ec91df958ae61f1b,Depression,1,train,train_added,122,2,0,2,True,0,{}
train_04286,src_7ee37794235622ad8e67,Anxiety,2,train,train_legacy,627,2,0,2,True,0,{}
train_01854,src_7ee5fa9b1f180a59a978,Bipolar,3,train,train_legacy,575,2,0,2,True,0,{}
test_00341,src_7ee9453ae5b72a2de6ff,Depression,1,test,test_nested,855,0,5,0,False,2,"{""refusal"": 5}"
train_01327,src_7ee98662b192c4efa9db,Depression,1,train,train_legacy,49,2,5,0,False,2,"{""length_ratio"": 6, ""sbert"": 1}"
train_04702,src_7eed9168ea109cac8ad8,Normal,0,train,train_legacy,124,2,0,2,True,0,{}
train_05196,src_7ef230523d77238dfb9b,Normal,0,train,train_legacy,83,2,0,2,True,0,{}
train_00306,src_7efe2090ef5f3647b472,Normal,0,train,train_legacy,38,2,5,0,False,2,"{""length_ratio"": 5, ""sbert"": 2}"
train_00068,src_7f0396197c0930c659d0,Normal,0,train,train_legacy,31,2,0,2,True,0,{}
train_03991,src_7f0e62478f51123b1c23,Normal,0,train,train_legacy,42,2,5,0,False,2,"{""length_ratio"": 3, ""sbert"": 4}"
val_search_00120,src_7f176bddca3761c1aa8e,Anxiety,2,train,train_added,382,2,0,2,True,0,{}
test_00086,src_7f182e2d02ccfd8e1b1b,Anxiety,2,test,test_nested,2026,0,2,2,True,0,{}
train_00297,src_7f184908d44f956729d9,Depression,1,train,train_legacy,327,2,0,2,True,0,{}
train_05062,src_7f18c40c700e776706fb,Anxiety,2,train,train_legacy,1127,2,1,2,True,0,"{""meta_commentary"": 1}"
train_04937,src_7f1fb866c41a25d03df0,Normal,0,train,train_legacy,48,2,0,2,True,0,{}
test_01875,src_7f4178601df64e23b00f,Bipolar,3,test,test_nested,830,0,2,2,True,0,{}
train_05942,src_7f464efccf771b14e8c0,Normal,0,train,train_legacy,80,2,0,2,True,0,{}
test_02230,src_7f55094c42bd554b136f,Normal,0,test,test_nested,161,0,2,2,True,0,{}
test_00402,src_7f55d6572d8505c2ddd6,Bipolar,3,test,test_nested,677,0,2,2,True,0,{}
train_01802,src_7f567f9ad57341917d85,Normal,0,train,train_legacy,37,2,5,1,False,1,"{""sbert"": 6}"
train_03416,src_7f64ee23fc1aae0b3333,Normal,0,train,train_legacy,31,2,5,1,False,1,"{""length_ratio"": 1, ""sbert"": 5}"
train_00783,src_7f68df88d0da3c071d8d,Bipolar,3,train,train_legacy,2285,2,0,2,True,0,{}
train_04054,src_7f6c9b1bea62b256360e,Depression,1,train,train_legacy,1622,2,0,2,True,0,{}
train_02075,src_7f76233b48312d7de701,Normal,0,train,train_legacy,69,2,2,2,True,0,"{""meta_commentary"": 2}"
test_00438,src_7f7edd7b16241fb0042c,Anxiety,2,test,test_nested,791,0,2,2,True,0,{}
test_01308,src_7f8d7141e8f99584c47a,Anxiety,2,test,test_nested,653,0,2,2,True,0,{}
test_01143,src_7f9a3d28628d70633bc8,Normal,0,test,test_nested,10,0,5,0,False,2,"{""length_ratio"": 4, ""sbert"": 1}"
train_02684,src_7f9edc0a4b7255bbd22a,Normal,0,train,train_legacy,46,2,2,2,True,0,"{""length_ratio"": 2}"
val_confirm_00203,src_7fa80aec34d23d9a3a77,Bipolar,3,train,train_added,89,2,5,2,True,0,"{""length_ratio"": 5}"
test_02422,src_7fae1a70862df9e5d57c,Anxiety,2,test,test_nested,436,0,2,2,True,0,{}
train_03947,src_7faea4f4953984c3b421,Depression,1,train,train_legacy,783,2,0,2,True,0,{}
train_04822,src_7fb3515a66b08d0e1a7e,Depression,1,train,train_legacy,316,2,0,2,True,0,{}
train_00027,src_7fbcc6fa4fb5b953cd89,Bipolar,3,train,train_legacy,179,2,0,2,True,0,{}
train_01081,src_7fc10c96f70e216126f7,Depression,1,train,train_legacy,552,2,0,2,True,0,{}
train_03645,src_7fdf0a069e26920c8ede,Depression,1,train,train_legacy,476,2,0,2,True,0,{}
test_00174,src_7fe396d8fe5666fd72c9,Bipolar,3,test,test_nested,400,0,2,2,True,0,{}
train_04656,src_7fe764bddd4960f79ec8,Normal,0,train,train_legacy,32,2,1,2,True,0,"{""sbert"": 1}"
train_04224,src_7ff43507bb6fddb90f9c,Bipolar,3,train,train_legacy,601,2,0,2,True,0,{}
train_00286,src_7ff5f50c05a11e212b1a,Depression,1,train,train_legacy,1196,2,0,2,True,0,{}
train_04944,src_7ffbb5126d730371df25,Bipolar,3,train,train_legacy,4854,2,0,2,True,0,{}
train_00113,src_801a894eefc9264a737d,Normal,0,train,train_legacy,24,2,5,0,False,2,"{""length_ratio"": 7}"
test_00094,src_801c14b936254b2c739e,Depression,1,test,test_nested,441,0,2,2,True,0,{}
train_00946,src_801c8e5bc8aa0a608741,Bipolar,3,train,train_legacy,1291,2,0,2,True,0,{}
train_05901,src_802bfd0b71f8a3c39f5d,Anxiety,2,train,train_legacy,430,2,0,2,True,0,{}
test_01335,src_803362447ed67accc662,Depression,1,test,test_nested,107,0,4,2,True,0,"{""length_ratio"": 2}"
train_01899,src_803932a01d1253aa8eda,Normal,0,train,train_legacy,25,2,0,2,True,0,{}
train_04939,src_80484e816b5967254999,Bipolar,3,train,train_legacy,312,2,0,2,True,0,{}
train_02341,src_8057a6ae2c3dc9cfc314,Bipolar,3,train,train_legacy,2447,2,0,2,True,0,{}
train_02911,src_805db0a000020daed18c,Anxiety,2,train,train_legacy,33,2,5,0,False,2,"{""length_ratio"": 1, ""sbert"": 6}"
train_00494,src_806300e5812342f9aec9,Bipolar,3,train,train_legacy,502,2,2,2,True,0,"{""length_ratio"": 1, ""meta_commentary"": 1}"
train_03569,src_8065ea4e37b892868974,Anxiety,2,train,train_legacy,2121,2,3,2,True,0,"{""meta_commentary"": 2, ""refusal"": 1}"
test_01188,src_806d578bc7b0c7ef474e,Depression,1,test,test_nested,53,0,3,2,True,0,"{""length_ratio"": 1}"
test_02333,src_807e5c0c49591d018c59,Depression,1,test,test_nested,819,0,2,2,True,0,{}
train_00507,src_808c8ecf5c5385ea348b,Normal,0,train,train_legacy,414,2,5,0,False,2,"{""refusal"": 7}"
train_03504,src_808d47632b1caf3a1a67,Anxiety,2,train,train_legacy,212,2,0,2,True,0,{}
train_00491,src_808d99108c849e5e38a5,Depression,1,train,train_legacy,270,2,0,2,True,0,{}
train_00658,src_809c43e86612b005dd9a,Depression,1,train,train_legacy,908,2,0,2,True,0,{}
test_01534,src_809efcf46338901477a2,Normal,0,test,test_nested,36,0,3,2,True,0,"{""length_ratio"": 1}"
test_02168,src_80c0ccebfe1b3a045047,Depression,1,test,test_nested,178,0,5,0,False,2,"{""refusal"": 5}"
train_03444,src_80d451d0153cd7bf3c4f,Anxiety,2,train,train_legacy,734,2,1,2,True,0,"{""meta_commentary"": 1}"
train_05783,src_80d517ea7f5f2115a98b,Depression,1,train,train_legacy,565,2,5,0,False,2,"{""refusal"": 7}"
train_04748,src_80da354d6cc93f9c7c38,Normal,0,train,train_legacy,34,2,5,1,False,1,"{""length_ratio"": 6}"
train_00733,src_80f3b92e524fc750fb94,Bipolar,3,train,train_legacy,510,2,0,2,True,0,{}
train_05233,src_80f96192f0151ff5af67,Anxiety,2,train,train_legacy,267,2,1,2,True,0,"{""meta_commentary"": 1}"
train_04086,src_80fee435f64a266f00d2,Depression,1,train,train_legacy,158,2,1,2,True,0,"{""length_ratio"": 1}"
train_02332,src_810174bad002908ace25,Depression,1,train,train_legacy,347,2,0,2,True,0,{}
train_04123,src_8106092633fc6fbae822,Normal,0,train,train_legacy,40,2,2,2,True,0,"{""length_ratio"": 2}"
train_03110,src_8116865f271effabff1a,Anxiety,2,train,train_legacy,41,2,5,0,False,2,"{""sbert"": 7}"
train_03886,src_81195ffe17aa7b3dca79,Bipolar,3,train,train_legacy,4780,2,1,2,True,0,"{""meta_commentary"": 1}"
test_01004,src_812d9e768bf51d06ad9b,Anxiety,2,test,test_nested,740,0,2,2,True,0,{}
train_05271,src_813770f323a6c56e7244,Depression,1,train,train_legacy,1055,2,0,2,True,0,{}
train_05819,src_813be2153a793c3c7e34,Normal,0,train,train_legacy,45,2,5,1,False,1,"{""length_ratio"": 2, ""refusal"": 4}"
train_04328,src_8141315eb702c414552b,Bipolar,3,train,train_legacy,763,2,0,2,True,0,{}
train_00999,src_81418ede290a3bc0c1ac,Depression,1,train,train_legacy,289,2,1,2,True,0,"{""length_ratio"": 1}"
test_01258,src_814903989d531f682110,Normal,0,train,train_added,35,2,5,0,False,2,"{""length_ratio"": 7}"
test_01806,src_814b5f432eb43657cbe4,Depression,1,test,test_nested,1199,0,2,2,True,0,{}
train_02883,src_814e93d4ce4315efb32c,Depression,1,train,train_legacy,754,2,0,2,True,0,{}
test_00535,src_8152d9b3c0b9602780b0,Bipolar,3,test,test_nested,301,0,2,2,True,0,{}
train_01923,src_81542822252a6c4883d8,Anxiety,2,train,train_legacy,368,2,0,2,True,0,{}
train_03259,src_815b0cddfbedfb99fd94,Depression,1,train,train_legacy,469,2,5,0,False,2,"{""refusal"": 7}"
train_01530,src_8160c0b80615ed576a75,Bipolar,3,train,train_legacy,845,2,0,2,True,0,{}
train_01215,src_816d2f8b01ad4e97aeec,Bipolar,3,train,train_legacy,1131,2,0,2,True,0,{}
train_00453,src_8170f3967174a578ecca,Bipolar,3,train,train_legacy,172,2,0,2,True,0,{}
train_00585,src_8177fa43cc865fe88e59,Anxiety,2,train,train_legacy,813,2,0,2,True,0,{}
train_00396,src_81829912106201a532d7,Depression,1,train,train_legacy,517,2,0,2,True,0,{}
test_00163,src_8188e2fff10a408778ae,Depression,1,test,test_nested,3060,0,2,2,True,0,{}
train_03955,src_81972a87fc229af857bf,Normal,0,train,train_legacy,137,2,0,2,True,0,{}
train_02597,src_81a173f3db0e6d517827,Bipolar,3,train,train_legacy,2741,2,4,2,True,0,"{""meta_commentary"": 4}"
train_03710,src_81a430e5af7b01d8657d,Depression,1,train,train_legacy,509,2,0,2,True,0,{}
train_05343,src_81b04df787d5288c402b,Bipolar,3,train,train_legacy,1154,2,1,2,True,0,"{""meta_commentary"": 1}"
train_05702,src_81b6a3e4eb32198ef458,Anxiety,2,train,train_legacy,645,2,0,2,True,0,{}
train_05527,src_81bd9c8d287a4861af2a,Depression,1,train,train_legacy,1099,2,0,2,True,0,{}
train_05019,src_81c47654426819ede712,Normal,0,train,train_legacy,34,2,1,2,True,0,"{""duplicate"": 1}"
train_01053,src_81c9aac7a7eea0cd9c99,Depression,1,train,train_legacy,2090,2,0,2,True,0,{}
train_05555,src_81cf14721e00acc50053,Anxiety,2,train,train_legacy,1470,2,0,2,True,0,{}
train_00856,src_81d454067f0416f1ca8b,Depression,1,train,train_legacy,3137,2,0,2,True,0,{}
test_01363,src_81d5f0af27648bf65304,Anxiety,2,test,test_nested,2067,0,2,2,True,0,{}
train_01519,src_81dc7df0590e4e854b8f,Depression,1,train,train_legacy,158,2,2,2,True,0,"{""length_ratio"": 2}"
test_02190,src_81dda7a446ed718f67c7,Depression,1,test,test_nested,892,0,2,2,True,0,{}
test_00096,src_81e18ba6d3681a48a817,Depression,1,train,train_added,65,2,5,0,False,2,"{""length_ratio"": 7}"
test_02229,src_81e5ea36d03be4d840ee,Anxiety,2,test,test_nested,115,0,2,2,True,0,{}
test_02008,src_81ebe74c466eba032d8b,Bipolar,3,test,test_nested,1005,0,2,2,True,0,{}
train_02462,src_81ec53faa7bcb160921e,Bipolar,3,train,train_legacy,531,2,0,2,True,0,{}
train_04910,src_81f3abab6c8ec70349cf,Bipolar,3,train,train_legacy,450,2,0,2,True,0,{}
val_confirm_00677,src_81f7e2bf52548d417824,Anxiety,2,train,train_added,607,2,0,2,True,0,{}
train_02384,src_81f9ddb7d82e4a76ddd8,Bipolar,3,train,train_legacy,728,2,0,2,True,0,{}
train_03780,src_820892b330503defdbcf,Bipolar,3,train,train_legacy,846,2,0,2,True,0,{}
test_00505,src_820f36d78cd4ae892218,Normal,0,train,train_added,31,2,1,2,True,0,"{""length_ratio"": 1}"
train_05745,src_821117e878cd33ff3b43,Normal,0,train,train_legacy,13,2,5,0,False,2,"{""length_ratio"": 4, ""sbert"": 3}"
test_00045,src_8211cf477c62ab526b51,Anxiety,2,test,test_nested,688,0,2,2,True,0,{}
test_00712,src_82143c76b31f2dc3c1ed,Anxiety,2,train,train_added,2621,2,0,2,True,0,{}
test_00523,src_8214ec944138e70ab022,Normal,0,test,test_nested,15,0,3,2,True,0,"{""sbert"": 1}"
train_03747,src_822a7fcb78fc33b47966,Bipolar,3,train,train_legacy,341,2,0,2,True,0,{}
train_04703,src_8241a854cc27b36b598b,Bipolar,3,train,train_legacy,1241,2,0,2,True,0,{}
train_01217,src_82501bdfcaf28aedcace,Bipolar,3,train,train_legacy,282,2,0,2,True,0,{}
val_search_00323,src_8254db9d2a39dad0cb77,Normal,0,train,train_added,69,2,4,2,True,0,"{""length_ratio"": 4}"
train_02824,src_825ebc492401a052e427,Normal,0,train,train_legacy,22,2,5,0,False,2,"{""length_ratio"": 6, ""sbert"": 1}"
train_01210,src_82603f2c495299da61c1,Anxiety,2,train,train_legacy,985,2,0,2,True,0,{}
train_02390,src_8261dfe08938e168825a,Normal,0,train,train_legacy,107,2,0,2,True,0,{}
val_confirm_00092,src_826c4beb2994ab53fed9,Depression,1,train,train_added,727,2,0,2,True,0,{}
train_05080,src_826cff7c09890accbaa1,Normal,0,train,train_legacy,36,2,1,2,True,0,"{""length_ratio"": 1}"
test_01209,src_826f02ff07e9b5f82fec,Anxiety,2,test,test_nested,544,0,2,2,True,0,{}
train_00609,src_8272470f769aaf28dd55,Depression,1,train,train_legacy,61,2,5,0,False,2,"{""length_ratio"": 1, ""refusal"": 6}"
train_05437,src_827cf5eb221dbe063cab,Anxiety,2,train,train_legacy,810,2,1,2,True,0,"{""meta_commentary"": 1}"
test_01247,src_8282bcfa7d2a98d66b4d,Depression,1,train,train_added,1006,2,0,2,True,0,{}
train_01580,src_82896c941bbd6f2dc8e2,Bipolar,3,train,train_legacy,1496,2,0,2,True,0,{}
train_05413,src_828f3b9833ebb18ba186,Bipolar,3,train,train_legacy,148,2,0,2,True,0,{}
train_03513,src_829097bdbf6e816bea58,Normal,0,train,train_legacy,31,2,1,2,True,0,"{""length_ratio"": 1}"
train_05946,src_82912b3edaa6a17d1b52,Normal,0,train,train_legacy,22,2,5,0,False,2,"{""length_ratio"": 7}"
train_03670,src_8298ff66993fe0a5b2ea,Depression,1,train,train_legacy,523,2,5,0,False,2,"{""refusal"": 7}"
train_05161,src_829f15584e7665079623,Depression,1,train,train_legacy,366,2,0,2,True,0,{}
train_00897,src_82ab4d07b54b8b68749a,Anxiety,2,train,train_legacy,294,2,0,2,True,0,{}
test_02007,src_82ad83bb27e53287d39e,Bipolar,3,test,test_nested,464,0,2,2,True,0,{}
train_05826,src_82b972b311f579b85a52,Normal,0,train,train_legacy,340,2,0,2,True,0,{}
train_00260,src_82c011544551b5b264be,Anxiety,2,train,train_legacy,321,2,0,2,True,0,{}
test_01753,src_82c24153aaee71488229,Bipolar,3,train,train_added,468,2,0,2,True,0,{}
train_00281,src_82cb6e2ff82f1602a958,Anxiety,2,train,train_legacy,772,2,0,2,True,0,{}
test_00531,src_82cd6769eacc8ca83c6a,Normal,0,test,test_nested,18,0,5,0,False,2,"{""length_ratio"": 5}"
train_04919,src_82d15b5c5f9415f514aa,Depression,1,train,train_legacy,1015,2,0,2,True,0,{}
test_02477,src_82d60a6771d88e12b554,Depression,1,test,test_nested,1505,0,2,2,True,0,{}
val_confirm_00714,src_82ef6e7f900392dbd862,Bipolar,3,train,train_added,242,2,0,2,True,0,{}
train_02026,src_82f02753327be1452b58,Depression,1,train,train_legacy,1685,2,0,2,True,0,{}
train_05846,src_82f2de428c13fa3d95b4,Depression,1,train,train_legacy,182,2,0,2,True,0,{}
val_confirm_00407,src_82f437fa467232e13a4c,Bipolar,3,train,train_added,299,2,0,2,True,0,{}
test_00643,src_82fbd70b8e1f42a8b8e3,Depression,1,test,test_nested,871,0,3,2,True,0,"{""meta_commentary"": 1}"
train_02773,src_830584f4c6c60659cc4f,Anxiety,2,train,train_legacy,84,2,0,2,True,0,{}
test_02081,src_830fc365f73f80a5fd8e,Anxiety,2,test,test_nested,70,0,2,2,True,0,{}
test_00405,src_83126512fb90c174ff33,Anxiety,2,train,train_added,509,2,0,2,True,0,{}
train_01039,src_83132c7a9ea1211b32f9,Depression,1,train,train_legacy,172,2,5,1,False,1,"{""length_ratio"": 2, ""refusal"": 4}"
train_03491,src_831907be92627881ada5,Anxiety,2,train,train_legacy,1155,2,0,2,True,0,{}
train_04548,src_832729009606870c5766,Depression,1,train,train_legacy,3032,2,5,0,False,2,"{""refusal"": 7}"
train_04214,src_8343d81b74b1eac23eea,Normal,0,train,train_legacy,163,2,0,2,True,0,{}
test_00704,src_8360ee11373a57a67786,Depression,1,test,test_nested,1028,0,2,2,True,0,{}
train_02355,src_836863037d0873759924,Bipolar,3,train,train_legacy,726,2,0,2,True,0,{}
train_01221,src_8368fa9fa57258818cfa,Depression,1,train,train_legacy,440,2,5,0,False,2,"{""refusal"": 7}"
test_01703,src_836b2253ad777cd603db,Normal,0,train,train_added,109,2,0,2,True,0,{}
train_02578,src_83840477bee9620c86fd,Anxiety,2,train,train_legacy,587,2,0,2,True,0,{}
train_04112,src_83896af3006a212f541e,Bipolar,3,train,train_legacy,401,2,0,2,True,0,{}
train_04331,src_83899e966e5e56f2f93d,Normal,0,train,train_legacy,29,2,2,2,True,0,"{""length_ratio"": 2}"
train_02141,src_838a1e94f97aa32ce754,Depression,1,train,train_legacy,259,2,0,2,True,0,{}
test_01390,src_838b6124281565bd5ae2,Bipolar,3,test,test_nested,1580,0,2,2,True,0,{}
train_00847,src_83947727f637e6694a5e,Anxiety,2,train,train_legacy,464,2,3,2,True,0,"{""meta_commentary"": 3}"
train_05904,src_83983428c1db94d559ba,Normal,0,train,train_legacy,76,2,1,2,True,0,"{""length_ratio"": 1}"
train_01213,src_83aa6a55e35595c79c4e,Depression,1,train,train_legacy,315,2,0,2,True,0,{}
train_04635,src_83b94f5ae8289ddc68e0,Anxiety,2,train,train_legacy,1585,2,0,2,True,0,{}
train_00633,src_83c36044e2cac3305dd4,Depression,1,train,train_legacy,968,2,0,2,True,0,{}
train_01007,src_83ce20ee695e8f8c76ea,Bipolar,3,train,train_legacy,1085,2,1,2,True,0,"{""meta_commentary"": 1}"
test_01546,src_83d3ee02485c16743c8a,Normal,0,test,test_nested,51,0,3,2,True,0,"{""length_ratio"": 1}"
train_01788,src_83d46bfa69c8e9fb48e2,Normal,0,train,train_legacy,89,2,1,2,True,0,"{""sbert"": 1}"
train_04403,src_83d707187b210a4b0a0e,Anxiety,2,train,train_legacy,212,2,0,2,True,0,{}
train_04144,src_83da075fc9af08e86241,Normal,0,train,train_legacy,556,2,0,2,True,0,{}
train_04292,src_83e959ba47e92af4c14f,Anxiety,2,train,train_legacy,610,2,0,2,True,0,{}
train_04238,src_83f0cf14a27ebe48ad19,Anxiety,2,train,train_legacy,41,2,5,1,False,1,"{""length_ratio"": 1, ""sbert"": 5}"
train_03868,src_83f4429d7bf47ef72a0a,Normal,0,train,train_legacy,464,2,0,2,True,0,{}
train_01255,src_83f759542356e1267520,Normal,0,train,train_legacy,436,2,0,2,True,0,{}
train_00921,src_83fc9119fcb7369a94a0,Depression,1,train,train_legacy,693,2,0,2,True,0,{}
test_02121,src_83fe18662c678e012b7e,Bipolar,3,test,test_nested,843,0,2,2,True,0,{}
train_00715,src_840a2c37879d64bdc874,Anxiety,2,train,train_legacy,1918,2,0,2,True,0,{}
test_02260,src_840a6e90e0bc83b609a3,Depression,1,test,test_nested,437,0,2,2,True,0,{}
test_01501,src_840cff0462afa2b97fa1,Bipolar,3,test,test_nested,415,0,2,2,True,0,{}
train_04975,src_841853728c588f859e71,Bipolar,3,train,train_legacy,705,2,0,2,True,0,{}
train_03553,src_8418907f64f3702afc83,Depression,1,train,train_legacy,587,2,0,2,True,0,{}
train_03131,src_841b2b7c6c2333bbac30,Bipolar,3,train,train_legacy,335,2,0,2,True,0,{}
train_00870,src_841f7ed1adecfea4940d,Depression,1,train,train_legacy,683,2,0,2,True,0,{}
train_02815,src_84278a5d19198248caeb,Bipolar,3,train,train_legacy,1902,2,0,2,True,0,{}
test_01312,src_842a4bbf8444624ea890,Anxiety,2,test,test_nested,694,0,4,2,True,0,"{""meta_commentary"": 2}"
train_00109,src_84368459aa5721eab8f7,Anxiety,2,train,train_legacy,1330,2,0,2,True,0,{}
train_00328,src_843c36fc649a7b1ab5f5,Depression,1,train,train_legacy,462,2,0,2,True,0,{}
train_00623,src_84437d39c5aaa9629dc5,Anxiety,2,train,train_legacy,1785,2,0,2,True,0,{}
train_01433,src_844d7b76bdce93877f08,Depression,1,train,train_legacy,2344,2,0,2,True,0,{}
test_02196,src_8459fc4cbaf2a0c9c006,Bipolar,3,test,test_nested,821,0,2,2,True,0,{}
train_01413,src_8460aabd7af0103b5a76,Depression,1,train,train_legacy,437,2,0,2,True,0,{}
test_01408,src_848c79357353fed5d432,Depression,1,test,test_nested,1177,0,2,2,True,0,{}
train_02156,src_848f1c5510e387ee1f00,Normal,0,train,train_legacy,55,2,1,2,True,0,"{""length_ratio"": 1}"
train_03012,src_848f5afc7886f5aea609,Anxiety,2,train,train_legacy,988,2,1,2,True,0,"{""meta_commentary"": 1}"
val_confirm_00522,src_84989d7d29e42acdf745,Normal,0,train,train_added,27,2,2,2,True,0,"{""length_ratio"": 2}"
train_00926,src_84c1fb7df58c85c4dbfc,Bipolar,3,train,train_legacy,263,2,0,2,True,0,{}
train_02711,src_84c2f378bc08198ff59a,Bipolar,3,train,train_legacy,1144,2,4,2,True,0,"{""meta_commentary"": 4}"
train_02032,src_84c9cbe984d5c48e5052,Bipolar,3,train,train_legacy,316,2,0,2,True,0,{}
train_04946,src_84cee9ddfe4a1a5863d9,Anxiety,2,train,train_legacy,842,2,0,2,True,0,{}
train_05968,src_84d47fbb2c2914430b95,Normal,0,train,train_legacy,41,2,5,1,False,1,"{""length_ratio"": 4, ""sbert"": 2}"
test_01293,src_84f78eb7d8cf671c4687,Normal,0,train,train_added,105,2,0,2,True,0,{}
test_01078,src_85218a3e5dfe03036ce5,Depression,1,test,test_nested,2215,0,3,2,True,0,"{""length_ratio"": 1}"
train_05843,src_8537d586ffdd4bcac6eb,Depression,1,train,train_legacy,1424,2,0,2,True,0,{}
test_00832,src_8538037689c066669fc9,Normal,0,test,test_nested,46,0,3,2,True,0,"{""length_ratio"": 1}"
train_00406,src_853a5edf0c93fd4ad685,Bipolar,3,train,train_legacy,841,2,0,2,True,0,{}
test_00512,src_853bca9e6d2041a7c405,Anxiety,2,test,test_nested,1590,0,2,2,True,0,{}
train_03536,src_855711f8004b2045b2de,Depression,1,train,train_legacy,482,2,0,2,True,0,{}
train_00538,src_856c54d75a12760b44f3,Normal,0,train,train_legacy,119,2,1,2,True,0,"{""meta_commentary"": 1}"
test_01850,src_856dbbd66a1e56a7f782,Depression,1,test,test_nested,1203,0,2,2,True,0,{}
train_00216,src_8577910a33b08a05c42e,Depression,1,train,train_legacy,2532,2,0,2,True,0,{}
train_04206,src_857aea29d74cf57cadb0,Depression,1,train,train_legacy,2118,2,5,0,False,2,"{""refusal"": 7}"
test_01833,src_8580f6aa6ef5e9bd2138,Depression,1,test,test_nested,215,0,2,2,True,0,{}
train_02248,src_858208e88e3a246db1d0,Depression,1,train,train_legacy,510,2,0,2,True,0,{}
test_00606,src_858dbdb140b7a7bc1735,Depression,1,train,train_added,946,2,0,2,True,0,{}
train_02083,src_8598b8872f44ed72689c,Normal,0,train,train_legacy,371,2,5,0,False,2,"{""length_ratio"": 1, ""refusal"": 6}"
train_04029,src_859c2858466b99a0021e,Depression,1,train,train_legacy,249,2,0,2,True,0,{}
train_03545,src_85c0c97e94a7d236cb1b,Anxiety,2,train,train_legacy,219,2,0,2,True,0,{}
train_03522,src_85c85c31ee4129668115,Normal,0,train,train_legacy,77,2,0,2,True,0,{}
train_00880,src_85d2554d44fb5c6ce6b9,Bipolar,3,train,train_legacy,540,2,0,2,True,0,{}
test_01764,src_85d3424db89d7d407a03,Depression,1,test,test_nested,588,0,2,2,True,0,{}
train_00376,src_85d99f867e7d4cf361fb,Bipolar,3,train,train_legacy,1500,2,0,2,True,0,{}
train_05765,src_85dde63bc4399becdf11,Normal,0,train,train_legacy,170,2,1,2,True,0,"{""sbert"": 1}"
train_02154,src_85e687910e5709002791,Anxiety,2,train,train_legacy,1097,2,3,2,True,0,"{""meta_commentary"": 3}"
test_01346,src_85f0db01acf86a4fbe17,Normal,0,test,test_nested,14,0,5,0,False,2,"{""length_ratio"": 5}"
train_05668,src_85f59e1ba5f18c09ecae,Bipolar,3,train,train_legacy,2618,2,0,2,True,0,{}
test_00316,src_85fb5ad9c1e6667c6ec2,Bipolar,3,test,test_nested,676,0,4,2,True,0,"{""meta_commentary"": 2}"
train_04295,src_85ffe8f3d96439874060,Anxiety,2,train,train_legacy,1843,2,0,2,True,0,{}
train_05459,src_860202e3c8cb2ffa4abe,Depression,1,train,train_legacy,409,2,0,2,True,0,{}
test_02021,src_86157d7f1686c56ecee1,Normal,0,test,test_nested,7,0,5,0,False,2,"{""length_ratio"": 5}"
test_01006,src_861c1a39ce5bbe0d8ee8,Anxiety,2,test,test_nested,2292,0,2,2,True,0,{}
train_01347,src_861e39bb89532cbb9ec6,Depression,1,train,train_legacy,1248,2,0,2,True,0,{}
train_00159,src_861e430dcba4be2c3d25,Anxiety,2,train,train_legacy,819,2,0,2,True,0,{}
train_00591,src_8625c4f426db20f87ef6,Depression,1,train,train_legacy,1537,2,1,2,True,0,"{""meta_commentary"": 1}"
val_search_00047,src_8629c81cfda0a48a8249,Bipolar,3,train,train_added,574,2,0,2,True,0,{}
val_confirm_00852,src_8636d4ed33f57368dbfe,Depression,1,train,train_added,156,2,0,2,True,0,{}
train_02148,src_863daf9875eb1462084a,Bipolar,3,train,train_legacy,500,2,0,2,True,0,{}
test_01508,src_86433cdfee67576529c1,Anxiety,2,train,train_added,57,2,4,2,True,0,"{""sbert"": 4}"
train_02271,src_8647e582ea119e7e2fee,Bipolar,3,train,train_legacy,825,2,0,2,True,0,{}
train_02073,src_864b3f4abf41210aa099,Depression,1,train,train_legacy,1890,2,0,2,True,0,{}
test_00036,src_8666def41bb513193291,Depression,1,test,test_nested,918,0,2,2,True,0,{}
train_04436,src_86707a03a79d98dff1be,Normal,0,train,train_legacy,22,2,5,2,True,0,"{""length_ratio"": 4, ""sbert"": 1}"
train_03454,src_86765ab8ebe8bc5252d7,Depression,1,train,train_legacy,143,2,0,2,True,0,{}
test_02367,src_86818bd7bbfaecea3b45,Depression,1,test,test_nested,337,0,2,2,True,0,{}
train_03434,src_8685dc036008c1d94301,Normal,0,train,train_legacy,81,2,5,1,False,1,"{""length_ratio"": 6}"
train_01853,src_868fcdc433d55ecec206,Anxiety,2,train,train_legacy,3243,2,1,2,True,0,"{""meta_commentary"": 1}"
train_02193,src_8699f540b7d239bc248e,Bipolar,3,train,train_legacy,563,2,1,2,True,0,"{""meta_commentary"": 1}"
train_03275,src_869beea473d73b5c3322,Anxiety,2,train,train_legacy,224,2,1,2,True,0,"{""sbert"": 1}"
train_05881,src_869e76acaedb4d7223b0,Normal,0,train,train_legacy,32,2,1,2,True,0,"{""length_ratio"": 1}"
test_01551,src_86b2591a6c069a4c760d,Normal,0,test,test_nested,105,0,2,2,True,0,{}
train_05675,src_86b3b94352c7dbbef403,Normal,0,train,train_legacy,86,2,0,2,True,0,{}
train_04180,src_86b93bf2c5f354295932,Normal,0,train,train_legacy,35,2,5,0,False,2,"{""sbert"": 7}"
train_00161,src_86b9e128ca6ffcc4a51a,Anxiety,2,train,train_legacy,1882,2,0,2,True,0,{}
test_00226,src_86c725d64a9552111785,Anxiety,2,test,test_nested,650,0,2,2,True,0,{}
train_04250,src_86c85e68144f446c60b7,Normal,0,train,train_legacy,26,2,5,1,False,1,"{""sbert"": 6}"
train_00923,src_86d1618e334957468bf0,Bipolar,3,train,train_legacy,1153,2,0,2,True,0,{}
test_00720,src_86d91d0195817d4ee62d,Bipolar,3,test,test_nested,586,0,2,2,True,0,{}
train_04817,src_86e16c8b9c830b42131b,Normal,0,train,train_legacy,27,2,5,0,False,2,"{""sbert"": 7}"
val_search_00305,src_86f0c0d268b73a8a21f7,Bipolar,3,train,train_added,828,2,0,2,True,0,{}
train_00764,src_86f139fcca849f05e324,Anxiety,2,train,train_legacy,786,2,0,2,True,0,{}
train_01202,src_86f9b448c04a2d2b93a0,Normal,0,train,train_legacy,744,2,1,2,True,0,"{""meta_commentary"": 1}"
test_01265,src_8701033147d1bbb98f24,Normal,0,train,train_added,8,2,0,2,True,0,{}
train_02851,src_8701a940b2679a09dbca,Normal,0,train,train_legacy,36,2,5,0,False,2,"{""length_ratio"": 5, ""sbert"": 2}"
train_00028,src_870a1ad115021978b6f2,Anxiety,2,train,train_legacy,729,2,0,2,True,0,{}
train_03361,src_870c10b8ea25b80ed517,Depression,1,train,train_legacy,1153,2,0,2,True,0,{}
test_00545,src_870d4a6eccec24cb1113,Bipolar,3,test,test_nested,457,0,2,2,True,0,{}
test_00566,src_8719bcfe27d86752f172,Normal,0,train,train_added,104,2,0,2,True,0,{}
train_05175,src_871aa6027cd0ce9ba997,Normal,0,train,train_legacy,32,2,5,0,False,2,"{""length_ratio"": 1, ""sbert"": 6}"
train_03968,src_871dfc7d11632e487910,Bipolar,3,train,train_legacy,755,2,0,2,True,0,{}
train_05857,src_872e02449047fb601ec7,Anxiety,2,train,train_legacy,336,2,0,2,True,0,{}
train_00338,src_8739ffc10a2a3f54b445,Depression,1,train,train_legacy,457,2,1,2,True,0,"{""sbert"": 1}"
test_02277,src_873cde5a005ab6bf8be6,Normal,0,test,test_nested,478,0,2,2,True,0,{}
train_00515,src_8740ecf01c89e11191d3,Depression,1,train,train_legacy,98,2,0,2,True,0,{}
test_01055,src_8749079142dc94754dab,Anxiety,2,train,train_added,1790,2,0,2,True,0,{}
train_01911,src_8755014aa02393be7a40,Normal,0,train,train_legacy,42,2,1,2,True,0,"{""length_ratio"": 1}"
test_00208,src_87609c86e3b4fbb3431a,Anxiety,2,train,train_added,110,2,3,2,True,0,"{""sbert"": 3}"
test_00974,src_87665378222442a25a85,Bipolar,3,test,test_nested,334,0,2,2,True,0,{}
train_04532,src_876e3186d21bb8fa6db4,Normal,0,train,train_legacy,107,2,0,2,True,0,{}
val_confirm_00417,src_87729f7d4ebaa5371eea,Bipolar,3,train,train_added,1783,2,0,2,True,0,{}
test_01280,src_87785a8a14830d0a8ea1,Anxiety,2,test,test_nested,231,0,4,2,True,0,"{""length_ratio"": 2}"
train_01633,src_877b1217139572d1b850,Anxiety,2,train,train_legacy,601,2,0,2,True,0,{}
train_03010,src_87854a7d3bb312839243,Depression,1,train,train_legacy,553,2,0,2,True,0,{}
train_00884,src_8790d6efb7254eadc9cc,Bipolar,3,train,train_legacy,556,2,0,2,True,0,{}
train_03308,src_8792bdc692aa6d3b30f0,Normal,0,train,train_legacy,26,2,5,0,False,2,"{""length_ratio"": 1, ""meta_commentary"": 5, ""refusal"": 1}"
test_01438,src_8793bd2c470fb83cbf7a,Bipolar,3,test,test_nested,335,0,2,2,True,0,{}
train_00825,src_879624020bd2fdc0c327,Normal,0,train,train_legacy,134,2,0,2,True,0,{}
val_search_00309,src_879aa9e8aa30eda9c946,Depression,1,train,train_added,1107,2,4,2,True,0,"{""meta_commentary"": 4}"
test_00267,src_879dee053a629b91c75e,Bipolar,3,test,test_nested,379,0,2,2,True,0,{}
val_confirm_00448,src_879f0f3cc87f8d2edae7,Anxiety,2,train,train_added,901,2,0,2,True,0,{}
train_00954,src_87b57acf0012df88fc2a,Depression,1,train,train_legacy,1832,2,0,2,True,0,{}
test_01852,src_87be5817d05adf7e4e10,Bipolar,3,test,test_nested,1761,0,2,2,True,0,{}
test_00194,src_87c23ff9e595b82c54b7,Depression,1,train,train_added,3341,2,5,0,False,2,"{""refusal"": 7}"
train_02478,src_87c468c4da9782621ceb,Depression,1,train,train_legacy,826,2,0,2,True,0,{}
test_00820,src_87c555e055f775e3cd95,Anxiety,2,test,test_nested,784,0,2,2,True,0,{}
train_05516,src_87ca617f2107ca0c6741,Depression,1,train,train_legacy,558,2,0,2,True,0,{}
test_00862,src_87d59856b21ffc67895d,Depression,1,train,train_added,259,2,0,2,True,0,{}
train_02233,src_87ec33dbc0eded370d35,Depression,1,train,train_legacy,1461,2,0,2,True,0,{}
train_00313,src_87ee701bfa973becc3fd,Depression,1,train,train_legacy,199,2,0,2,True,0,{}
train_03758,src_87ef1d2c5a4d3444b3f4,Normal,0,train,train_legacy,67,2,0,2,True,0,{}
train_00974,src_87f91bc9ccc97d4e5dd2,Normal,0,train,train_legacy,124,2,1,2,True,0,"{""length_ratio"": 1}"
train_03242,src_880eb784ec78662386d8,Anxiety,2,train,train_legacy,122,2,0,2,True,0,{}
test_01725,src_881027d86cc43670bebf,Depression,1,train,train_added,470,2,0,2,True,0,{}
train_01115,src_881d0986a17770836a86,Anxiety,2,train,train_legacy,463,2,0,2,True,0,{}
val_confirm_00358,src_8820b9b0e58b69abc3cd,Depression,1,train,train_added,1767,2,0,2,True,0,{}
train_02994,src_882154d90e595d248f6d,Anxiety,2,train,train_legacy,1417,2,0,2,True,0,{}
test_02110,src_88364eef661c5aecf456,Depression,1,test,test_nested,1290,0,2,2,True,0,{}
train_03020,src_8839725bb64798f9d01d,Normal,0,train,train_legacy,16,2,5,1,False,1,"{""length_ratio"": 5, ""refusal"": 1}"
val_confirm_00669,src_883d13e340079d61e7a0,Normal,0,train,train_added,11,2,5,0,False,2,"{""length_ratio"": 5, ""sbert"": 2}"
train_00803,src_883d67e96b6f100906e1,Bipolar,3,train,train_legacy,2398,2,5,1,False,1,"{""meta_commentary"": 6}"
train_02498,src_883ee83a6c364de680b1,Anxiety,2,train,train_legacy,211,2,0,2,True,0,{}
train_00108,src_88431f1413c092cb6bd6,Depression,1,train,train_legacy,378,2,0,2,True,0,{}
train_03394,src_8844ec21d47eb2515b2d,Bipolar,3,train,train_legacy,353,2,0,2,True,0,{}
train_00931,src_884948c727b732bfe9c2,Normal,0,train,train_legacy,509,2,0,2,True,0,{}
train_05198,src_884ba993a53176153bce,Anxiety,2,train,train_legacy,1435,2,0,2,True,0,{}
train_05369,src_8860bbc79b04d08d6860,Anxiety,2,train,train_legacy,54,2,1,2,True,0,"{""length_ratio"": 1}"
train_03229,src_887fecc896e41a6264aa,Bipolar,3,train,train_legacy,595,2,0,2,True,0,{}
train_04200,src_8886372841c9c27a33c6,Bipolar,3,train,train_legacy,370,2,0,2,True,0,{}
train_02466,src_8888c351f9d87404d73e,Anxiety,2,train,train_legacy,855,2,5,1,False,1,"{""meta_commentary"": 6}"
train_02949,src_888aff1b86450ae12717,Depression,1,train,train_legacy,629,2,0,2,True,0,{}
test_01215,src_889bce48e7fcfaff0215,Bipolar,3,test,test_nested,1425,0,2,2,True,0,{}
train_03735,src_889d2d762bef753815e1,Anxiety,2,train,train_legacy,81,2,5,1,False,1,"{""sbert"": 6}"
test_00997,src_889f5be70493ae99c257,Bipolar,3,test,test_nested,624,0,2,2,True,0,{}
test_00132,src_88a342db64031c255431,Depression,1,test,test_nested,234,0,2,2,True,0,{}
train_04514,src_88a4b89d33b979141690,Normal,0,train,train_legacy,16,2,4,2,True,0,"{""sbert"": 4}"
train_05919,src_88aaf0e69b258269016f,Anxiety,2,train,train_legacy,271,2,0,2,True,0,{}
train_01663,src_88af78b07ccb36cb2964,Anxiety,2,train,train_legacy,1634,2,0,2,True,0,{}
test_02290,src_88b576c5d62fe3c1febc,Normal,0,test,test_nested,66,0,5,2,True,0,"{""length_ratio"": 1, ""sbert"": 2}"
train_00449,src_88bcaf0eab815495d76a,Bipolar,3,train,train_legacy,281,2,0,2,True,0,{}
test_01370,src_88c2ebb8e17ca2b938f2,Anxiety,2,test,test_nested,327,0,2,2,True,0,{}
test_01788,src_88c421e86c280715419b,Bipolar,3,test,test_nested,356,0,2,2,True,0,{}
train_00883,src_88c749d2087079ad0090,Normal,0,train,train_legacy,43,2,5,1,False,1,"{""length_ratio"": 5, ""sbert"": 1}"
train_05851,src_88cb14c7e3708ccead60,Bipolar,3,train,train_legacy,255,2,0,2,True,0,{}
train_01080,src_88cf6461e4dc67e5a519,Anxiety,2,train,train_legacy,1731,2,1,2,True,0,"{""meta_commentary"": 1}"
train_03312,src_88d80eb3b1fc16293519,Bipolar,3,train,train_legacy,542,2,5,0,False,2,"{""meta_commentary"": 1, ""refusal"": 6}"
test_01617,src_88d9ae7fb550b59302a2,Normal,0,test,test_nested,95,0,5,0,False,2,"{""refusal"": 5}"
train_05536,src_88df0bd200024ee3b7f6,Normal,0,train,train_legacy,95,2,5,0,False,2,"{""length_ratio"": 1, ""sbert"": 6}"
test_00156,src_88e367ef440c258b26e0,Normal,0,test,test_nested,455,0,2,2,True,0,{}
val_confirm_00670,src_88e5ebe76cf3d04feab0,Bipolar,3,train,train_added,275,2,0,2,True,0,{}
train_02988,src_88fd5f20245c92a09672,Depression,1,train,train_legacy,457,2,0,2,True,0,{}
test_01993,src_8904082f6afa48723a55,Normal,0,test,test_nested,16,0,5,0,False,2,"{""length_ratio"": 2, ""sbert"": 3}"
val_confirm_00519,src_890a4633b055df0244b9,Bipolar,3,train,train_added,2144,2,0,2,True,0,{}
train_00751,src_890f08399cc9e71aca1f,Bipolar,3,train,train_legacy,229,2,0,2,True,0,{}
train_02359,src_89225045a265557bfabe,Bipolar,3,train,train_legacy,541,2,0,2,True,0,{}
train_01452,src_8922daba7f3390f0f994,Depression,1,train,train_legacy,3094,2,5,0,False,2,"{""meta_commentary"": 7}"
test_02029,src_892f256bd38887e7236f,Normal,0,test,test_nested,259,0,2,2,True,0,{}
train_01429,src_89363d5925b4b90b1c6c,Depression,1,train,train_legacy,360,2,3,2,True,0,"{""meta_commentary"": 2, ""refusal"": 1}"
train_01947,src_893d8fcdc81a4b22280d,Anxiety,2,train,train_legacy,395,2,0,2,True,0,{}
train_00394,src_894f27f549a958712c20,Bipolar,3,train,train_legacy,254,2,1,2,True,0,"{""meta_commentary"": 1}"
test_00910,src_8953550dd8eb36974c0b,Normal,0,train,train_added,128,2,0,2,True,0,{}
train_00578,src_89569db1a5784fe87d7d,Anxiety,2,train,train_legacy,649,2,0,2,True,0,{}
train_03806,src_89610b27e180099cd7d7,Depression,1,train,train_legacy,93,2,1,2,True,0,"{""sbert"": 1}"
train_05298,src_8961b8952c6d540c0737,Anxiety,2,train,train_legacy,102,2,3,2,True,0,"{""sbert"": 3}"
train_03473,src_896a3c21f88682997288,Bipolar,3,train,train_legacy,844,2,0,2,True,0,{}
test_01838,src_8971f11a1b7413558f4c,Anxiety,2,test,test_nested,61,0,5,1,False,1,"{""length_ratio"": 3, ""sbert"": 1}"
train_03642,src_897706ef0b22db8ce57a,Anxiety,2,train,train_legacy,86,2,5,1,False,1,"{""length_ratio"": 6}"
test_02459,src_897a2fbfe3a022317063,Normal,0,test,test_nested,54,0,5,0,False,2,"{""length_ratio"": 5}"
train_01833,src_897a74f47cb8e00a79d5,Depression,1,train,train_legacy,317,2,0,2,True,0,{}
train_03326,src_8986c4ac3c2e6923a71a,Depression,1,train,train_legacy,1695,2,0,2,True,0,{}
test_00540,src_89a03d304f35a9b0f8a8,Depression,1,test,test_nested,1080,0,2,2,True,0,{}
train_03446,src_89a527f52246eb58e631,Normal,0,train,train_legacy,24,2,5,1,False,1,"{""length_ratio"": 6}"
test_01671,src_89aed9e0d7eeab3ef053,Anxiety,2,test,test_nested,1586,0,5,0,False,2,"{""meta_commentary"": 5}"
train_04658,src_89b00a7d7b0c79fc1d08,Depression,1,train,train_legacy,1203,2,0,2,True,0,{}
train_04410,src_89b01d5781a038d64346,Depression,1,train,train_legacy,249,2,1,2,True,0,"{""refusal"": 1}"
train_02543,src_89c7441dcb35abda9ec6,Depression,1,train,train_legacy,456,2,0,2,True,0,{}
train_03494,src_89c8656feed68adc747a,Normal,0,train,train_legacy,24,2,0,2,True,0,{}
test_01384,src_89dcebc2837758765c39,Anxiety,2,test,test_nested,90,0,2,2,True,0,{}
train_00176,src_89dee0a9d3d0e2761bcc,Bipolar,3,train,train_legacy,199,2,0,2,True,0,{}
train_02832,src_89e36f0309bc87a924d6,Bipolar,3,train,train_legacy,1821,2,0,2,True,0,{}
train_03893,src_89e4fff90a948efef5e0,Bipolar,3,train,train_legacy,634,2,4,2,True,0,"{""meta_commentary"": 4}"
train_03538,src_89e644209516ad03f575,Bipolar,3,train,train_legacy,341,2,0,2,True,0,{}
train_00514,src_89ea757bf5a59689dcbb,Bipolar,3,train,train_legacy,885,2,0,2,True,0,{}
train_05789,src_89eac8c5727f925b599f,Anxiety,2,train,train_legacy,82,2,5,0,False,2,"{""sbert"": 7}"
test_02214,src_89f33aa3f117644d948a,Bipolar,3,test,test_nested,534,0,2,2,True,0,{}
test_01793,src_89f5b898b2736da98646,Depression,1,test,test_nested,1247,0,3,2,True,0,"{""meta_commentary"": 1}"
train_05355,src_89f8c70b0134b5830fbc,Bipolar,3,train,train_legacy,218,2,2,2,True,0,{}
test_01914,src_89fd897c3039763c0cd7,Bipolar,3,test,test_nested,816,0,2,2,True,0,{}
test_00619,src_8a08d794c66d99a3d4a3,Bipolar,3,train,train_added,535,2,0,2,True,0,{}
test_01771,src_8a0f5beb220eb6880aa7,Depression,1,test,test_nested,745,0,2,2,True,0,{}
test_01757,src_8a196752d628a7aff2da,Anxiety,2,test,test_nested,88,0,5,1,False,1,"{""length_ratio"": 4}"
test_01516,src_8a1ca6c9191ee6787ee4,Bipolar,3,test,test_nested,517,0,2,2,True,0,{}
test_00888,src_8a1fc99e23778d36d075,Depression,1,test,test_nested,1010,0,2,2,True,0,{}
val_confirm_00929,src_8a1fcbeb0b1f6acd3365,Anxiety,2,train,train_added,985,2,0,2,True,0,{}
test_01415,src_8a257d9d880b56259d54,Normal,0,test,test_nested,69,0,2,2,True,0,{}
train_04525,src_8a2a75c604029ed2cff3,Depression,1,train,train_legacy,420,2,0,2,True,0,{}
test_01960,src_8a2c8878accc254a2eb8,Bipolar,3,test,test_nested,635,0,2,2,True,0,{}
train_00210,src_8a3c661fcf600fc237ae,Normal,0,train,train_legacy,32,2,0,2,True,0,{}
test_02195,src_8a3d5417cd2224ebccff,Anxiety,2,test,test_nested,609,0,2,2,True,0,{}
train_04943,src_8a5571c3bdecfbd6e222,Depression,1,train,train_legacy,311,2,0,2,True,0,{}
train_01487,src_8a57bf3a863e7ad8f2eb,Normal,0,train,train_legacy,55,2,0,2,True,0,{}
train_02497,src_8a582df084852a245257,Bipolar,3,train,train_legacy,1205,2,0,2,True,0,{}
train_05859,src_8a5c098c2022a24c637a,Anxiety,2,train,train_legacy,39,2,5,1,False,1,"{""length_ratio"": 4, ""sbert"": 2}"
train_01209,src_8a6347c54bc441c7a57c,Normal,0,train,train_legacy,47,2,5,0,False,2,"{""length_ratio"": 3, ""meta_commentary"": 4}"
train_00213,src_8a6d4e2df9a0082de9e2,Normal,0,train,train_legacy,51,2,0,2,True,0,{}
train_00533,src_8a71181ea99050a0ed8e,Bipolar,3,train,train_legacy,1599,2,0,2,True,0,{}
test_02405,src_8a738395740d656b8e2a,Bipolar,3,train,train_added,965,2,0,2,True,0,{}
train_01559,src_8a7e2db5817853bb0948,Anxiety,2,train,train_legacy,533,2,0,2,True,0,{}
train_05554,src_8a8ae5a8885d34749f98,Normal,0,train,train_legacy,14,2,5,0,False,2,"{""length_ratio"": 4, ""sbert"": 3}"
test_02091,src_8a948e6356605bd4d552,Bipolar,3,test,test_nested,437,0,2,2,True,0,{}
train_05281,src_8a9d814787ec20eef2b9,Anxiety,2,train,train_legacy,76,2,5,0,False,2,"{""refusal"": 7}"
train_03548,src_8aa25f2d6a5794e9b5a6,Depression,1,train,train_legacy,724,2,0,2,True,0,{}
test_02262,src_8aad332e003ff8cf867c,Bipolar,3,test,test_nested,415,0,2,2,True,0,{}
test_02157,src_8ab76cf775634c0e27e3,Depression,1,test,test_nested,120,0,5,0,False,2,"{""meta_commentary"": 1, ""refusal"": 4}"
train_05987,src_8abc22065c0fb2d638de,Anxiety,2,train,train_legacy,76,2,2,2,True,0,"{""sbert"": 2}"
train_04098,src_8abdb98a368731e315fc,Normal,0,train,train_legacy,71,2,0,2,True,0,{}
train_04933,src_8ac3980d68932655a7bb,Anxiety,2,train,train_legacy,375,2,0,2,True,0,{}
test_00874,src_8ac5c38e14007c6f069a,Bipolar,3,test,test_nested,1652,0,2,2,True,0,{}
test_00434,src_8acb8578b3cb8da123cf,Bipolar,3,test,test_nested,596,0,2,2,True,0,{}
test_01190,src_8ad2a937d4abf81bbe4c,Depression,1,test,test_nested,885,0,2,2,True,0,{}
train_00611,src_8adae1f072973a98979e,Normal,0,train,train_legacy,207,2,0,2,True,0,{}
train_00072,src_8adcd28155e35bef0d0e,Anxiety,2,train,train_legacy,321,2,0,2,True,0,{}
test_01606,src_8adf94c13309015feefa,Anxiety,2,train,train_added,724,2,0,2,True,0,{}
train_01721,src_8aeae002f66d7aca0c4b,Depression,1,train,train_legacy,1212,2,5,0,False,2,"{""meta_commentary"": 2, ""refusal"": 5}"
train_00233,src_8aeb16324aa2216bb9de,Bipolar,3,train,train_legacy,90,2,2,2,True,0,"{""sbert"": 2}"
train_04247,src_8aefaf1bd4d39835220f,Anxiety,2,train,train_legacy,428,2,1,2,True,0,"{""meta_commentary"": 1}"
train_00710,src_8af1608ecccc70bad48f,Anxiety,2,train,train_legacy,867,2,0,2,True,0,{}
test_00212,src_8af6b9bebb19f1b60ecd,Normal,0,test,test_nested,71,0,2,2,True,0,{}
test_01917,src_8b060d12d5192a8ac9e6,Depression,1,test,test_nested,597,0,2,2,True,0,{}
train_03686,src_8b098f13853468a88bce,Anxiety,2,train,train_legacy,179,2,0,2,True,0,{}
test_02009,src_8b0baf2bf2511862ae7c,Anxiety,2,test,test_nested,101,0,2,2,True,0,{}
test_01672,src_8b0e5466f13e63f0e653,Bipolar,3,test,test_nested,478,0,2,2,True,0,{}
train_00383,src_8b0ee9edbc8af3838bec,Bipolar,3,train,train_legacy,3540,2,0,2,True,0,{}
test_00060,src_8b13c4226ea3d2d2f023,Anxiety,2,test,test_nested,463,0,2,2,True,0,{}
test_00519,src_8b14b3f5cb5a6d74404f,Normal,0,test,test_nested,134,0,5,1,False,1,"{""sbert"": 4}"
train_01506,src_8b15aabfb9e8ff43831b,Depression,1,train,train_legacy,450,2,0,2,True,0,{}
train_04556,src_8b15da4297754a618159,Normal,0,train,train_legacy,112,2,2,2,True,0,"{""length_ratio"": 1, ""sbert"": 1}"
test_01505,src_8b1b8ead94104ae46030,Normal,0,test,test_nested,122,0,2,2,True,0,{}
train_02311,src_8b1bdbf787483ca45759,Bipolar,3,train,train_legacy,925,2,0,2,True,0,{}
train_01783,src_8b1c4e0990818010c56e,Normal,0,train,train_legacy,155,2,0,2,True,0,{}
train_04314,src_8b25f8a50d36dd78f63c,Bipolar,3,train,train_legacy,2761,2,1,2,True,0,"{""meta_commentary"": 1}"
test_01320,src_8b29dc861a9b96590239,Normal,0,test,test_nested,111,0,2,2,True,0,{}
train_04982,src_8b2c19f6b0b1021d55c6,Bipolar,3,train,train_legacy,789,2,1,2,True,0,"{""meta_commentary"": 1}"
val_search_00379,src_8b2d6f436630da1aa20b,Depression,1,train,train_added,1185,2,0,2,True,0,{}
test_00370,src_8b2df700acf9b2df2650,Depression,1,test,test_nested,298,0,5,1,False,1,"{""refusal"": 4}"
train_04895,src_8b3e41bc57f426b94aca,Anxiety,2,train,train_legacy,181,2,2,2,True,0,"{""length_ratio"": 2}"
test_01220,src_8b49e6453afd64ebf737,Depression,1,test,test_nested,1152,0,2,2,True,0,{}
train_05189,src_8b562ff8b4ae4ac5becc,Anxiety,2,train,train_legacy,275,2,0,2,True,0,{}
test_00173,src_8b5adb66d52281abe2ef,Anxiety,2,test,test_nested,1418,0,2,2,True,0,{}
train_03298,src_8b5d6179193ee659b204,Anxiety,2,train,train_legacy,733,2,0,2,True,0,{}
train_01138,src_8b64d1245bcf2eeedede,Anxiety,2,train,train_legacy,508,2,0,2,True,0,{}
train_02616,src_8b66120efd325f7d96e6,Depression,1,train,train_legacy,855,2,3,2,True,0,"{""meta_commentary"": 3}"
test_02099,src_8b6b9198441bba9508fc,Anxiety,2,test,test_nested,123,0,2,2,True,0,{}
test_00603,src_8b6ded843f45288c5131,Depression,1,test,test_nested,1282,0,2,2,True,0,{}
train_03156,src_8b720fcda2ce4cb9131f,Normal,0,train,train_legacy,5,2,5,0,False,2,"{""length_ratio"": 4, ""meta_commentary"": 1, ""sbert"": 2}"
val_confirm_00204,src_8b7e65728f0dd949baec,Normal,0,train,train_added,35,2,5,0,False,2,"{""length_ratio"": 4, ""sbert"": 3}"
test_01524,src_8b7f10c4d3dee40ab19c,Anxiety,2,test,test_nested,1395,0,2,2,True,0,{}
train_00215,src_8b94418bdad31a30d50f,Anxiety,2,train,train_legacy,267,2,0,2,True,0,{}
train_01945,src_8b94ba8b7182be92985e,Normal,0,train,train_legacy,16,2,5,0,False,2,"{""length_ratio"": 7}"
train_03689,src_8b9b042bbe517b3e6858,Depression,1,train,train_legacy,1594,2,1,2,True,0,"{""meta_commentary"": 1}"
train_03187,src_8bb10fb25df4fec621c8,Bipolar,3,train,train_legacy,590,2,0,2,True,0,{}
val_confirm_00980,src_8bb1126d26d1c3f74bdc,Depression,1,train,train_added,1046,2,0,2,True,0,{}
test_00967,src_8bb3f767009245ad44db,Anxiety,2,test,test_nested,980,0,2,2,True,0,{}
train_01159,src_8bb8a91cd0fde3d3b9ce,Anxiety,2,train,train_legacy,716,2,0,2,True,0,{}
train_03916,src_8bbdbc1bf4e466008af3,Anxiety,2,train,train_legacy,209,2,0,2,True,0,{}
train_00015,src_8bcd9c98c4668e0a3c56,Normal,0,train,train_legacy,253,2,0,2,True,0,{}
train_02713,src_8bd1624b9d35ca0363ce,Depression,1,train,train_legacy,562,2,0,2,True,0,{}
train_03783,src_8bd1bb566c0b29b78b16,Bipolar,3,train,train_legacy,272,2,0,2,True,0,{}
train_05460,src_8bd570b2c8a8f3cc9b71,Depression,1,train,train_legacy,166,2,5,1,False,1,"{""refusal"": 6}"
test_00410,src_8bd580fceaf5319dace4,Bipolar,3,test,test_nested,396,0,2,2,True,0,{}
train_01008,src_8be6b6558af601422e35,Bipolar,3,train,train_legacy,646,2,0,2,True,0,{}
test_00764,src_8be767353893c0a71957,Bipolar,3,test,test_nested,310,0,2,2,True,0,{}
test_01602,src_8bee3d626f0d9faba729,Depression,1,test,test_nested,248,0,2,2,True,0,{}
test_01203,src_8bfa086a2e33a0ec051f,Normal,0,test,test_nested,13,0,3,2,True,0,"{""length_ratio"": 1}"
train_04014,src_8c05d34a9e56f4227671,Anxiety,2,train,train_legacy,799,2,0,2,True,0,{}
test_00069,src_8c0f8dc14e6540462e70,Normal,0,test,test_nested,17,0,5,0,False,2,"{""length_ratio"": 5}"
train_00539,src_8c133492dbf7aeb6da3d,Bipolar,3,train,train_legacy,4719,2,5,0,False,2,"{""length_ratio"": 1, ""meta_commentary"": 6}"
train_03130,src_8c1a5da4e1d2b2148ff3,Normal,0,train,train_legacy,26,2,5,1,False,1,"{""length_ratio"": 4, ""refusal"": 2}"
train_04751,src_8c28d00e45bcf4ef3b62,Depression,1,train,train_legacy,293,2,0,2,True,0,{}
train_02966,src_8c30278d52b3ffeb7b08,Normal,0,train,train_legacy,22,2,5,1,False,1,"{""length_ratio"": 1, ""sbert"": 5}"
train_00065,src_8c3474eee380f867b109,Anxiety,2,train,train_legacy,2400,2,2,2,True,0,"{""meta_commentary"": 2}"
test_01507,src_8c3814625108ae8033e1,Anxiety,2,test,test_nested,684,0,2,2,True,0,{}
train_02922,src_8c3b7e58928849fd5f7d,Depression,1,train,train_legacy,3448,2,0,2,True,0,{}
train_00720,src_8c447971515064e9af4d,Normal,0,train,train_legacy,40,2,0,2,True,0,{}
test_00915,src_8c5ed8f157993103de75,Depression,1,test,test_nested,203,0,2,2,True,0,{}
train_02404,src_8c6935bb3d999a3e26e9,Anxiety,2,train,train_legacy,3305,2,0,2,True,0,{}
train_03343,src_8c6b5b1d4a3f10c76cc2,Depression,1,train,train_legacy,3233,2,1,2,True,0,"{""length_ratio"": 1}"
train_01000,src_8c6ffdfd0b9d5bf3bc54,Depression,1,train,train_legacy,706,2,0,2,True,0,{}
test_00857,src_8c79684da97d8a0e3d6a,Normal,0,train,train_added,60,2,2,2,True,0,"{""length_ratio"": 1, ""sbert"": 1}"
train_01498,src_8c7cb20b058e49223be7,Bipolar,3,train,train_legacy,1049,2,0,2,True,0,{}
train_05057,src_8c7e0a45cc34fa671f7e,Depression,1,train,train_legacy,257,2,1,2,True,0,"{""length_ratio"": 1}"
train_00224,src_8c8328ed163394c6ff8a,Normal,0,train,train_legacy,212,2,5,1,False,1,"{""meta_commentary"": 2, ""sbert"": 4}"
train_01952,src_8c86b7cfd565e3b614d6,Bipolar,3,train,train_legacy,1329,2,0,2,True,0,{}
train_05448,src_8c884b76b06b96ce876c,Depression,1,train,train_legacy,563,2,0,2,True,0,{}
train_05828,src_8c891252c69fec144665,Anxiety,2,train,train_legacy,219,2,0,2,True,0,{}
train_02213,src_8c8d275adeb0d41cbf10,Depression,1,train,train_legacy,616,2,0,2,True,0,{}
train_00612,src_8c8e42b835915ea9d80d,Anxiety,2,train,train_legacy,177,2,0,2,True,0,{}
test_01484,src_8c952b268d0d04b55300,Normal,0,test,test_nested,73,0,3,2,True,0,"{""length_ratio"": 1}"
test_01234,src_8c983b087ed985e05718,Depression,1,test,test_nested,1536,0,2,2,True,0,{}
train_01237,src_8c9b0ee39f46e9e5d9ae,Normal,0,train,train_legacy,36,2,4,2,True,0,"{""sbert"": 4}"
val_confirm_00877,src_8c9d786f4e4e1a3cdbe2,Bipolar,3,train,train_added,337,2,0,2,True,0,{}
train_00743,src_8ca215611f5bf6f0e8fa,Bipolar,3,train,train_legacy,4215,2,0,2,True,0,{}
train_01731,src_8caf5bbc67232fd92170,Bipolar,3,train,train_legacy,424,2,0,2,True,0,{}
test_00951,src_8cb4bf9c646ce7bc08aa,Anxiety,2,train,train_added,783,2,0,2,True,0,{}
train_02619,src_8cb8ac185603820b720c,Normal,0,train,train_legacy,62,2,5,1,False,1,"{""length_ratio"": 4, ""sbert"": 2}"
train_02576,src_8cc62ca77f58722334b7,Anxiety,2,train,train_legacy,516,2,1,2,True,0,"{""meta_commentary"": 1}"
train_02312,src_8cc727caa4798592ec83,Normal,0,train,train_legacy,22,2,5,0,False,2,"{""length_ratio"": 1, ""refusal"": 6}"
train_04006,src_8cd18c57fc7cd9f6efc2,Depression,1,train,train_legacy,4092,2,0,2,True,0,{}
train_05869,src_8cd6d4e3e3854f59eb00,Normal,0,train,train_legacy,36,2,0,2,True,0,{}
test_01416,src_8cd9209afded48aa2cbb,Anxiety,2,test,test_nested,180,0,2,2,True,0,{}
train_04861,src_8ce02874b92b2a93aba7,Normal,0,train,train_legacy,92,2,5,0,False,2,"{""length_ratio"": 2, ""sbert"": 5}"
test_00729,src_8cf169bc209f00ea8f3e,Bipolar,3,test,test_nested,863,0,2,2,True,0,{}
val_search_00181,src_8cf331fbd992dda371d3,Depression,1,train,train_added,1506,2,0,2,True,0,{}
train_05263,src_8cf3847d9beb4f8f4347,Bipolar,3,train,train_legacy,1628,2,0,2,True,0,{}
train_04671,src_8cf4636452dbf0a1f48d,Anxiety,2,train,train_legacy,1382,2,0,2,True,0,{}
train_05552,src_8cf73392c10c04922dc6,Normal,0,train,train_legacy,63,2,0,2,True,0,{}
val_confirm_00100,src_8cfad287bf1d0321679b,Depression,1,train,train_added,330,2,0,2,True,0,{}
train_02401,src_8d0c3cf7b96028116fc7,Normal,0,train,train_legacy,46,2,0,2,True,0,{}
train_03661,src_8d190f53ef86f663bd1e,Depression,1,train,train_legacy,192,2,1,2,True,0,{}
test_00137,src_8d207755a0ea3a932a99,Anxiety,2,test,test_nested,92,0,4,2,True,0,"{""sbert"": 2}"
train_00000,src_8d278bb281321f65bf5c,Depression,1,train,train_legacy,3222,2,1,2,True,0,"{""meta_commentary"": 1}"
test_00242,src_8d2d9908f6ff1f734daa,Normal,0,train,train_added,47,2,5,0,False,2,"{""length_ratio"": 2, ""sbert"": 5}"
train_00927,src_8d3203f313f0f1a9be37,Depression,1,train,train_legacy,292,2,0,2,True,0,{}
train_00855,src_8d3f4ffd5425363f746c,Normal,0,train,train_legacy,128,2,0,2,True,0,{}
train_01635,src_8d5200d0a4b019574997,Depression,1,train,train_legacy,80,2,2,2,True,0,"{""length_ratio"": 2}"
test_01477,src_8d7a163af155ea69d9cc,Depression,1,train,train_added,248,2,5,1,False,1,"{""meta_commentary"": 2, ""refusal"": 4}"
train_02434,src_8d848ae2b19eaa2c1b49,Normal,0,train,train_legacy,356,2,0,2,True,0,{}
train_03596,src_8d859fef48c5331adebe,Depression,1,train,train_legacy,794,2,0,2,True,0,{}
test_01549,src_8d8e2773d475eb4d9036,Anxiety,2,test,test_nested,3324,0,4,2,True,0,"{""meta_commentary"": 2}"
train_05424,src_8d9fd450b5c1e1f6221d,Bipolar,3,train,train_legacy,1432,2,0,2,True,0,{}
train_01311,src_8da0ab0e3f583a07469a,Anxiety,2,train,train_legacy,594,2,0,2,True,0,{}
train_00571,src_8da707597fd0a8865053,Anxiety,2,train,train_legacy,268,2,0,2,True,0,{}
val_confirm_00035,src_8da78d4f48eda2a3345c,Normal,0,train,train_added,22,2,5,0,False,2,"{""meta_commentary"": 6, ""refusal"": 1}"
train_03730,src_8db6f7f4f1d55ea271e0,Anxiety,2,train,train_legacy,1635,2,4,2,True,0,"{""meta_commentary"": 4}"
test_01487,src_8dbe01c2b20138e65d1b,Anxiety,2,test,test_nested,584,0,2,2,True,0,{}
test_01418,src_8dc14cae6b80f8e203b3,Anxiety,2,train,train_added,1281,2,1,2,True,0,"{""meta_commentary"": 1}"
test_02464,src_8dca1a942162895a14de,Anxiety,2,test,test_nested,716,0,2,2,True,0,{}
test_01896,src_8dcbe6af7882c3b14dac,Normal,0,test,test_nested,220,0,2,2,True,0,{}
train_01132,src_8dcde1777da838fb727d,Normal,0,train,train_legacy,131,2,0,2,True,0,{}
val_confirm_00090,src_8ddea4872f1e90f6a114,Bipolar,3,train,train_added,150,2,0,2,True,0,{}
test_02046,src_8de903adcef9cb1c7bc4,Depression,1,test,test_nested,359,0,3,2,True,0,"{""sbert"": 1}"
train_02776,src_8dee0bc24fe43114b76d,Bipolar,3,train,train_legacy,323,2,0,2,True,0,{}
train_03352,src_8df1de87ced8c7f79442,Bipolar,3,train,train_legacy,314,2,0,2,True,0,{}
train_01956,src_8df37f37b24de4596f25,Depression,1,train,train_legacy,728,2,0,2,True,0,{}
test_00272,src_8df4022d5d8300cf7953,Normal,0,train,train_added,31,2,5,1,False,1,"{""length_ratio"": 4, ""sbert"": 2}"
train_01609,src_8e0351badc7ed555a723,Anxiety,2,train,train_legacy,382,2,0,2,True,0,{}
test_02377,src_8e049ad20a3c9d220b57,Depression,1,test,test_nested,1791,0,2,2,True,0,{}
train_05741,src_8e04f1f063d322f83afe,Normal,0,train,train_legacy,82,2,1,2,True,0,"{""length_ratio"": 1}"
test_02366,src_8e1679e8732b711d6647,Bipolar,3,train,train_added,918,2,0,2,True,0,{}
train_00405,src_8e1fb84ef899e7846640,Depression,1,train,train_legacy,330,2,0,2,True,0,{}
train_05207,src_8e259f5ae327a42e73ea,Depression,1,train,train_legacy,112,2,1,2,True,0,"{""length_ratio"": 1}"
train_02493,src_8e309ec35cc3b77e769a,Anxiety,2,train,train_legacy,1539,2,1,2,True,0,"{""meta_commentary"": 1}"
train_04282,src_8e3684c280c5d18584c8,Depression,1,train,train_legacy,589,2,0,2,True,0,{}
train_00460,src_8e3cb9dd314a4ba2fb89,Normal,0,train,train_legacy,72,2,1,2,True,0,"{""length_ratio"": 1}"
train_02721,src_8e49a3419cadc519abba,Normal,0,train,train_legacy,40,2,3,2,True,0,"{""duplicate"": 2, ""length_ratio"": 1}"
train_03111,src_8e5354fac99329c5fd7b,Bipolar,3,train,train_legacy,464,2,0,2,True,0,{}
test_02387,src_8e58747b2ec359223d94,Normal,0,test,test_nested,37,0,2,2,True,0,{}
train_05599,src_8e5958fddcfbdc5d7936,Anxiety,2,train,train_legacy,570,2,0,2,True,0,{}
train_04434,src_8e59dee80ba43222489c,Bipolar,3,train,train_legacy,176,2,0,2,True,0,{}
train_05227,src_8e61f3bdd7f92ffa8f72,Anxiety,2,train,train_legacy,1173,2,0,2,True,0,{}
train_01753,src_8e6f426b86a678524fc5,Anxiety,2,train,train_legacy,78,2,0,2,True,0,{}
train_00290,src_8e797002cf45a5cfe559,Normal,0,train,train_legacy,131,2,5,1,False,1,"{""length_ratio"": 6}"
test_01579,src_8e7ca1f61c16712d16ce,Anxiety,2,test,test_nested,71,0,2,2,True,0,{}
train_04414,src_8e801fd41f5dd065e2dc,Normal,0,train,train_legacy,122,2,0,2,True,0,{}
test_00705,src_8e84d41d4a508585fbe9,Anxiety,2,test,test_nested,1269,0,2,2,True,0,{}
test_02169,src_8e86dddfa5ec7ee9cb33,Depression,1,test,test_nested,192,0,3,2,True,0,"{""length_ratio"": 1}"
train_00236,src_8e8b9c583dbd2a7ab465,Depression,1,train,train_legacy,137,2,2,2,True,0,"{""length_ratio"": 1, ""sbert"": 1}"
val_confirm_00505,src_8e9145ac62e2e75c5f6a,Depression,1,train,train_added,558,2,0,2,True,0,{}
train_04279,src_8e99e167837dcc4d1abd,Anxiety,2,train,train_legacy,856,2,1,2,True,0,"{""meta_commentary"": 1}"
train_05380,src_8e9f0bb9e461836be84a,Bipolar,3,train,train_legacy,649,2,0,2,True,0,{}
test_01110,src_8eb054b19cbb4fae4134,Depression,1,test,test_nested,263,0,2,2,True,0,{}
val_confirm_00552,src_8eb6faf66a0a23629be9,Normal,0,train,train_added,27,2,5,0,False,2,"{""length_ratio"": 7}"
train_05771,src_8ec4122ae6275b3f52aa,Anxiety,2,train,train_legacy,3251,2,0,2,True,0,{}
test_00958,src_8ec517f5bd4778963efc,Normal,0,train,train_added,49,2,2,2,True,0,"{""sbert"": 2}"
train_04614,src_8ec52e7947205cb26407,Anxiety,2,train,train_legacy,2516,2,0,2,True,0,{}
val_confirm_00689,src_8ec6ecf6dfc488b4523e,Depression,1,train,train_added,4314,2,0,2,True,0,{}
train_02428,src_8ed133c59fef0414904f,Normal,0,train,train_legacy,23,2,5,1,False,1,"{""length_ratio"": 4, ""meta_commentary"": 1, ""sbert"": 1}"
test_01436,src_8ee352965bd9f4cbf19c,Bipolar,3,train,train_added,1571,2,0,2,True,0,{}
test_00333,src_8eea8ff38846dee7886f,Bipolar,3,test,test_nested,503,0,2,2,True,0,{}
val_confirm_00485,src_8eef55aebf823f83ebb3,Anxiety,2,train,train_added,3011,2,4,2,True,0,"{""meta_commentary"": 4}"
train_01501,src_8efc8078ff97571044d4,Anxiety,2,train,train_legacy,196,2,0,2,True,0,{}
train_01402,src_8f0ab95575734887905b,Bipolar,3,train,train_legacy,966,2,0,2,True,0,{}
train_02753,src_8f0cbff2017338e8b8ff,Bipolar,3,train,train_legacy,721,2,0,2,True,0,{}
train_02522,src_8f0e65573c0b4a1d24ae,Depression,1,train,train_legacy,117,2,5,2,True,0,"{""sbert"": 5}"
train_02063,src_8f1195154df3df6d3b21,Depression,1,train,train_legacy,224,2,0,2,True,0,{}
test_01362,src_8f1343978ed04e83e0d4,Normal,0,test,test_nested,140,0,2,2,True,0,{}
test_01296,src_8f18649f76c3bfe2f1d4,Normal,0,test,test_nested,21,0,5,0,False,2,"{""length_ratio"": 4, ""sbert"": 1}"
train_02552,src_8f2b8cd0a08e2db22eb0,Normal,0,train,train_legacy,69,2,5,1,False,1,"{""length_ratio"": 2, ""sbert"": 4}"
train_04372,src_8f2ea8b7b753a1617e2e,Bipolar,3,train,train_legacy,1030,2,1,2,True,0,"{""refusal"": 1}"
train_04873,src_8f2ecf9fdf148d9cea8a,Bipolar,3,train,train_legacy,6086,2,5,0,False,2,"{""length_ratio"": 6, ""meta_commentary"": 1}"
test_00241,src_8f3fbf39c10b07823a7f,Anxiety,2,test,test_nested,757,0,2,2,True,0,{}
train_00581,src_8f487664dc98ebb9acb6,Normal,0,train,train_legacy,23,2,0,2,True,0,{}
train_04204,src_8f4ea165668b9b2afcec,Bipolar,3,train,train_legacy,235,2,3,2,True,0,"{""length_ratio"": 3}"
val_confirm_00858,src_8f63199510f12de74a9b,Normal,0,train,train_added,62,2,3,2,True,0,"{""length_ratio"": 3}"
train_03945,src_8f6bf1c86f15de6275e7,Anxiety,2,train,train_legacy,535,2,0,2,True,0,{}
val_confirm_01083,src_8f6d06b51a811ddc41df,Bipolar,3,train,train_added,430,2,0,2,True,0,{}
train_02441,src_8f6d4a8a4c4a46b548b8,Depression,1,train,train_legacy,232,2,0,2,True,0,{}
val_confirm_00640,src_8f6e579520a610fd2f6a,Normal,0,train,train_added,47,2,3,2,True,0,"{""length_ratio"": 3}"
train_05254,src_8f6fa171f76b1ba8bf2e,Bipolar,3,train,train_legacy,763,2,1,2,True,0,"{""meta_commentary"": 1}"
train_05012,src_8f71d605c476fe608c50,Normal,0,train,train_legacy,42,2,0,2,True,0,{}
train_05755,src_8f73d786e93fa02b6792,Normal,0,train,train_legacy,414,2,0,2,True,0,{}
train_04485,src_8f8598dc0ac58ceab6b1,Bipolar,3,train,train_legacy,431,2,0,2,True,0,{}
train_05921,src_8f8d342adffecc28afa5,Normal,0,train,train_legacy,82,2,1,2,True,0,"{""meta_commentary"": 1}"
train_00945,src_8f94e5ff514742840d5a,Normal,0,train,train_legacy,23,2,5,0,False,2,"{""length_ratio"": 6, ""sbert"": 1}"
train_03768,src_8f9e13a734914b812148,Normal,0,train,train_legacy,66,2,2,2,True,0,"{""sbert"": 2}"
train_01424,src_8faf80df9e4fbb4803df,Bipolar,3,train,train_legacy,310,2,0,2,True,0,{}
train_03699,src_8fb55dfba80907e0c216,Normal,0,train,train_legacy,36,2,5,0,False,2,"{""length_ratio"": 2, ""sbert"": 5}"
test_01231,src_8fb998fbaa57e5879bbf,Anxiety,2,test,test_nested,91,0,5,0,False,2,"{""refusal"": 5}"
val_search_00006,src_8fb9b3656edfcd9948a3,Anxiety,2,train,train_added,603,2,1,2,True,0,"{""meta_commentary"": 1}"
train_01054,src_8fbd994cc920b63573f8,Depression,1,train,train_legacy,873,2,0,2,True,0,{}
train_02840,src_8fcebc27f3144e874c88,Bipolar,3,train,train_legacy,437,2,0,2,True,0,{}
test_01269,src_8fd2feb4b56853b9662e,Bipolar,3,test,test_nested,629,0,2,2,True,0,{}
test_02311,src_8fd68b8e0e788eec8727,Depression,1,test,test_nested,1939,0,5,0,False,2,"{""refusal"": 5}"
test_01330,src_8fda54e060c6412ff2e7,Normal,0,test,test_nested,37,0,2,2,True,0,{}
train_05123,src_8fe99fe822c99fc2000a,Normal,0,train,train_legacy,79,2,2,2,True,0,"{""length_ratio"": 1, ""meta_commentary"": 1}"
train_00702,src_8fef4275ae7fdb468b3d,Normal,0,train,train_legacy,152,2,1,2,True,0,"{""sbert"": 1}"
train_00314,src_8ff8f06bf027084d9139,Normal,0,train,train_legacy,30,2,5,0,False,2,"{""sbert"": 7}"
test_00872,src_8ff96e35db99d1d3156b,Anxiety,2,train,train_added,975,2,3,2,True,0,"{""meta_commentary"": 3}"
train_01148,src_8ffeae6f4f076c2624da,Normal,0,train,train_legacy,75,2,1,2,True,0,"{""length_ratio"": 1}"
train_05694,src_9000ca69d3eb497727a8,Bipolar,3,train,train_legacy,910,2,0,2,True,0,{}
train_04036,src_9010793809507464b124,Depression,1,train,train_legacy,1797,2,0,2,True,0,{}
train_03185,src_9013ef2645bf5c0a2788,Anxiety,2,train,train_legacy,702,2,0,2,True,0,{}
train_02382,src_90198effedba6ac4334b,Bipolar,3,train,train_legacy,718,2,0,2,True,0,{}
train_01485,src_901bb05fa3866b97fcb6,Depression,1,train,train_legacy,768,2,5,1,False,1,"{""meta_commentary"": 6}"
train_00025,src_901f5d81ff11a5016e9e,Depression,1,train,train_legacy,369,2,0,2,True,0,{}
train_00530,src_902359dd1f6f7c9a5e8c,Anxiety,2,train,train_legacy,1260,2,0,2,True,0,{}
train_02194,src_9023966fa836ad6acdcb,Depression,1,train,train_legacy,362,2,0,2,True,0,{}
train_03231,src_9026da9d59de308ad8d6,Bipolar,3,train,train_legacy,789,2,0,2,True,0,{}
val_search_00048,src_90296db92317d51d2be9,Anxiety,2,train,train_added,80,2,0,2,True,0,{}
test_01512,src_9030b20a35350d597f58,Bipolar,3,test,test_nested,4746,0,2,2,True,0,{}
train_04535,src_903681a14b83f88dcd98,Bipolar,3,train,train_legacy,704,2,0,2,True,0,{}
train_03842,src_9037f86be0db60630a39,Anxiety,2,train,train_legacy,866,2,0,2,True,0,{}
train_05402,src_903aee5e268b6d198e9d,Bipolar,3,train,train_legacy,1363,2,0,2,True,0,{}
train_00066,src_90417f4902f5320d7a0d,Depression,1,train,train_legacy,1016,2,0,2,True,0,{}
train_00782,src_90464722257b876e95b5,Depression,1,train,train_legacy,110,2,1,2,True,0,"{""length_ratio"": 1}"
train_01878,src_904889ec7d34fe0908e4,Bipolar,3,train,train_legacy,384,2,0,2,True,0,{}
train_00659,src_9053ad95d057597e542f,Bipolar,3,train,train_legacy,3193,2,0,2,True,0,{}
val_confirm_00226,src_905ea02e54fce3bf1bcf,Normal,0,train,train_added,29,2,5,0,False,2,"{""length_ratio"": 1, ""sbert"": 6}"
train_00877,src_906b4e16ba2eee2496e8,Anxiety,2,train,train_legacy,752,2,0,2,True,0,{}
test_00663,src_906dac30b9911fa20229,Anxiety,2,train,train_added,718,2,0,2,True,0,{}
train_01891,src_906dea9ef21ff764d999,Anxiety,2,train,train_legacy,77,2,5,0,False,2,"{""length_ratio"": 5, ""sbert"": 2}"
train_01577,src_906e1c6e3a5fe1ea61b5,Anxiety,2,train,train_legacy,1349,2,0,2,True,0,{}
train_02192,src_907bdd16d3cf3c58f703,Bipolar,3,train,train_legacy,684,2,0,2,True,0,{}
test_01500,src_908f1e2aa1fefccb1693,Normal,0,train,train_added,98,2,0,2,True,0,{}
train_01496,src_90916a779ac5c6960aa8,Bipolar,3,train,train_legacy,667,2,0,2,True,0,{}
test_02192,src_9094342df9283e933b46,Anxiety,2,test,test_nested,81,0,2,2,True,0,{}
test_02096,src_909b15993140b7658d7c,Anxiety,2,train,train_added,635,2,0,2,True,0,{}
train_03866,src_909cb0783275bb6c96e2,Depression,1,train,train_legacy,744,2,0,2,True,0,{}
train_02349,src_90a032498f6a8d1ef735,Anxiety,2,train,train_legacy,1754,2,2,2,True,0,"{""meta_commentary"": 2}"
train_04324,src_90a358670e1920545eb7,Bipolar,3,train,train_legacy,535,2,0,2,True,0,{}
train_04712,src_90a871c869f341a5c025,Anxiety,2,train,train_legacy,1958,2,0,2,True,0,{}
test_01591,src_90aa1b3dfb21015bad8c,Anxiety,2,test,test_nested,218,0,2,2,True,0,{}
train_02169,src_90b9f18dff3012efa06d,Normal,0,train,train_legacy,66,2,5,0,False,2,"{""length_ratio"": 7}"
train_05311,src_90bb7cab5b36950c9ac2,Anxiety,2,train,train_legacy,316,2,0,2,True,0,{}
train_03303,src_90cb69d3405c34be0ca4,Bipolar,3,train,train_legacy,256,2,1,2,True,0,"{""meta_commentary"": 1}"
val_search_00053,src_90d7e3af1af13b2c43a8,Anxiety,2,train,train_added,314,2,0,2,True,0,{}
train_02618,src_90e0922432864ed003d2,Anxiety,2,train,train_legacy,27,2,4,2,True,0,"{""length_ratio"": 2, ""sbert"": 2}"
train_03258,src_90e430e55d7b47d08218,Normal,0,train,train_legacy,99,2,0,2,True,0,{}
train_05628,src_90f13893e7ecee4efab5,Normal,0,train,train_legacy,17,2,5,1,False,1,"{""length_ratio"": 6}"
train_05453,src_90f2dd920fd628c163d4,Normal,0,train,train_legacy,27,2,5,1,False,1,"{""sbert"": 6}"
train_04370,src_90fd0b60ea6aac80fb67,Bipolar,3,train,train_legacy,345,2,0,2,True,0,{}
train_04960,src_910360275080b626f990,Depression,1,train,train_legacy,178,2,4,2,True,0,"{""length_ratio"": 4}"
train_05462,src_910d15af60add9c6bd23,Normal,0,train,train_legacy,76,2,5,1,False,1,"{""length_ratio"": 3, ""sbert"": 3}"
val_confirm_00221,src_91167a04212ca256ad96,Normal,0,train,train_added,28,2,5,0,False,2,"{""length_ratio"": 6, ""sbert"": 1}"
train_00601,src_9139efec99478bdf8331,Anxiety,2,train,train_legacy,270,2,0,2,True,0,{}
train_01483,src_913a84fc64cfd1f8c52b,Bipolar,3,train,train_legacy,460,2,0,2,True,0,{}
train_01088,src_9148724b0855f562ae41,Anxiety,2,train,train_legacy,180,2,4,2,True,0,"{""sbert"": 4}"
train_01774,src_915e6534f646d49997b9,Normal,0,train,train_legacy,53,2,3,2,True,0,"{""length_ratio"": 3}"
train_03815,src_9161d64fb1830225414c,Anxiety,2,train,train_legacy,769,2,0,2,True,0,{}
train_05809,src_916b536925f4a9ae852d,Normal,0,train,train_legacy,85,2,1,2,True,0,"{""sbert"": 1}"
test_02191,src_91700df2b85fc499b613,Anxiety,2,test,test_nested,556,0,2,2,True,0,{}
test_01525,src_9170abe6ca8238ae513c,Anxiety,2,train,train_added,1436,2,3,2,True,0,"{""meta_commentary"": 3}"
train_00235,src_91725c63eb0b1418889f,Bipolar,3,train,train_legacy,229,2,0,2,True,0,{}
train_03393,src_917f981ab99d9bb177f3,Depression,1,train,train_legacy,647,2,0,2,True,0,{}
train_02110,src_919b06f4ae17f0a33ea8,Bipolar,3,train,train_legacy,326,2,0,2,True,0,{}
val_confirm_00263,src_919efcd5b0b4bfdbfc53,Bipolar,3,train,train_added,792,2,0,2,True,0,{}
train_03530,src_91a8f15f310e4ce03f9e,Anxiety,2,train,train_legacy,1593,2,1,2,True,0,"{""meta_commentary"": 1}"
train_03016,src_91ad56fc01513813ba3d,Depression,1,train,train_legacy,600,2,0,2,True,0,{}
test_01927,src_91adfeed5aec845c659e,Anxiety,2,test,test_nested,140,0,2,2,True,0,{}
test_01113,src_91b767972c89f3d702bb,Bipolar,3,test,test_nested,482,0,2,2,True,0,{}
train_03534,src_91bc334a2f7c4b094705,Depression,1,train,train_legacy,692,2,0,2,True,0,{}
test_00748,src_91c428d2f254944ed6c3,Normal,0,test,test_nested,74,0,2,2,True,0,{}
train_02257,src_91c9611c7d2b74aabf9f,Bipolar,3,train,train_legacy,338,2,0,2,True,0,{}
train_04129,src_91e709184073551e99d7,Bipolar,3,train,train_legacy,293,2,0,2,True,0,{}
val_search_00234,src_91fbb479f513f531ea79,Normal,0,train,train_added,15,2,5,0,False,2,"{""length_ratio"": 3, ""sbert"": 4}"
train_02928,src_91fe09df2c2c3fed4967,Anxiety,2,train,train_legacy,152,2,0,2,True,0,{}
val_confirm_00000,src_9205ae2678be56282663,Normal,0,train,train_added,53,2,5,1,False,1,"{""meta_commentary"": 1, ""refusal"": 2, ""sbert"": 3}"
train_04201,src_92090087a9540d5b792f,Depression,1,train,train_legacy,305,2,0,2,True,0,{}
train_03515,src_92103b7b5fa005fe2c64,Depression,1,train,train_legacy,150,2,1,2,True,0,"{""length_ratio"": 1}"
train_02568,src_9216b77e854ef4ffe693,Normal,0,train,train_legacy,51,2,0,2,True,0,{}
train_02668,src_921d09eba503a1dc5359,Normal,0,train,train_legacy,50,2,0,2,True,0,{}
train_00630,src_922e9ca04d931fba09fe,Depression,1,train,train_legacy,73,2,1,2,True,0,"{""length_ratio"": 1}"
train_04480,src_923468e01f3a6c767999,Depression,1,train,train_legacy,1354,2,0,2,True,0,{}
train_04391,src_9235e8e01046e239c6da,Depression,1,train,train_legacy,646,2,0,2,True,0,{}
train_04332,src_9236374250cdd2b62c5f,Bipolar,3,train,train_legacy,383,2,0,2,True,0,{}
test_01828,src_9241f5f4b1745f2f89d2,Depression,1,test,test_nested,581,0,2,2,True,0,{}
test_00364,src_92453b852c12f65ca2a9,Depression,1,test,test_nested,339,0,2,2,True,0,{}
test_00490,src_924aeb8dfdc3ad4762c2,Normal,0,test,test_nested,58,0,4,2,True,0,"{""length_ratio"": 1, ""sbert"": 1}"
test_02025,src_924b2047cd16678e3df6,Anxiety,2,train,train_added,1737,2,0,2,True,0,{}
train_02704,src_925cd04a5efa0826da55,Depression,1,train,train_legacy,517,2,5,0,False,2,"{""refusal"": 7}"
train_00401,src_9266e908e923aa34b785,Normal,0,train,train_legacy,119,2,1,2,True,0,"{""length_ratio"": 1}"
train_02935,src_926887139256bf662745,Anxiety,2,train,train_legacy,342,2,0,2,True,0,{}
val_confirm_00959,src_9274378d7ee8c27ce89f,Bipolar,3,train,train_added,336,2,0,2,True,0,{}
test_00635,src_927594ac35c5bfaed9c0,Normal,0,test,test_nested,79,0,5,2,True,0,"{""sbert"": 3}"
val_confirm_00897,src_92765aec7aa58f30a85c,Depression,1,train,train_added,520,2,0,2,True,0,{}
train_05051,src_927786ee21ada53b5458,Bipolar,3,train,train_legacy,413,2,0,2,True,0,{}
train_05338,src_927e9431dd1a58032efb,Depression,1,train,train_legacy,508,2,0,2,True,0,{}
train_00002,src_928783961bf683050a4d,Bipolar,3,train,train_legacy,146,2,0,2,True,0,{}
train_00436,src_92891818a41b288f42f8,Bipolar,3,train,train_legacy,2883,2,0,2,True,0,{}
train_00960,src_9295d0c4cded693719a1,Anxiety,2,train,train_legacy,232,2,0,2,True,0,{}
train_01394,src_929c8eeeea7b82f53431,Depression,1,train,train_legacy,1755,2,0,2,True,0,{}
train_01925,src_92b0954a469eb439bdc1,Depression,1,train,train_legacy,1471,2,0,2,True,0,{}
train_05092,src_92b11bd22a67a32589d0,Depression,1,train,train_legacy,1628,2,0,2,True,0,{}
train_03846,src_92b213707a62cfd43598,Anxiety,2,train,train_legacy,72,2,5,0,False,2,"{""length_ratio"": 6, ""sbert"": 1}"
val_confirm_00661,src_92b34a92311033e641b4,Anxiety,2,train,train_added,772,2,1,2,True,0,"{""meta_commentary"": 1}"
train_01862,src_92b548235d04c39b859e,Depression,1,train,train_legacy,985,2,0,2,True,0,{}
train_04598,src_92ba6a5387b9b38602c4,Depression,1,train,train_legacy,922,2,0,2,True,0,{}
train_00400,src_92d2e4137e2ba455728e,Bipolar,3,train,train_legacy,454,2,0,2,True,0,{}
test_02183,src_92dcc2b237159f1afbeb,Normal,0,test,test_nested,116,0,3,2,True,0,"{""length_ratio"": 1}"
train_04570,src_92e562de91916869eef7,Depression,1,train,train_legacy,1485,2,0,2,True,0,{}
train_00524,src_92ee2cb2ea51afb1d3f6,Normal,0,train,train_legacy,36,2,0,2,True,0,{}
train_05395,src_92ee70778c2c728700b5,Normal,0,train,train_legacy,14,2,5,1,False,1,"{""length_ratio"": 6}"
train_05408,src_92eea63af5808863d5da,Normal,0,train,train_legacy,21,2,5,1,False,1,"{""length_ratio"": 5, ""sbert"": 1}"
train_04577,src_92fe5951200b70b4e1f0,Normal,0,train,train_legacy,22,2,5,1,False,1,"{""length_ratio"": 3, ""sbert"": 3}"
train_01546,src_930183f4d850ebe1ca7f,Normal,0,train,train_legacy,148,2,0,2,True,0,{}
train_05048,src_9316617f6fa3ce9b24c2,Bipolar,3,train,train_legacy,640,2,0,2,True,0,{}
train_01876,src_9333914d076584758528,Normal,0,train,train_legacy,115,2,5,0,False,2,"{""refusal"": 7}"
train_04836,src_9336733f45956ad83c9a,Bipolar,3,train,train_legacy,1956,2,0,2,True,0,{}
train_01751,src_9344ff4e441094bfe4d2,Depression,1,train,train_legacy,313,2,0,2,True,0,{}
train_00495,src_934744c849a3795d4403,Bipolar,3,train,train_legacy,1891,2,0,2,True,0,{}
val_search_00158,src_935822e9560c076cf15b,Bipolar,3,train,train_added,668,2,0,2,True,0,{}
train_01543,src_935adb54e16ad5fb4d8f,Normal,0,train,train_legacy,58,2,5,0,False,2,"{""length_ratio"": 1, ""meta_commentary"": 4, ""refusal"": 2}"
train_00668,src_935f17b2ca2def7f26a6,Anxiety,2,train,train_legacy,819,2,5,0,False,2,"{""meta_commentary"": 7}"
train_03344,src_93610095b662b5b24023,Depression,1,train,train_legacy,1431,2,0,2,True,0,{}
train_01777,src_9362343d5db45ef379d7,Anxiety,2,train,train_legacy,1701,2,0,2,True,0,{}
train_03032,src_93637cbc57cb352444ce,Anxiety,2,train,train_legacy,134,2,0,2,True,0,{}
train_04020,src_936f99b28a100545b314,Anxiety,2,train,train_legacy,322,2,0,2,True,0,{}
val_confirm_00374,src_936fc8ad0f86f3611d06,Anxiety,2,train,train_added,5492,2,5,0,False,2,"{""length_ratio"": 3, ""meta_commentary"": 4}"
train_05070,src_9374d402b07428708487,Anxiety,2,train,train_legacy,3384,2,2,2,True,0,"{""length_ratio"": 1, ""meta_commentary"": 1}"
train_03532,src_937b5f13901e1773ba30,Anxiety,2,train,train_legacy,52,2,5,1,False,1,"{""sbert"": 6}"
train_00915,src_937dca5e4a37ec680c96,Anxiety,2,train,train_legacy,35,2,5,2,True,0,"{""sbert"": 5}"
val_confirm_00411,src_937f249639eee7898b37,Anxiety,2,train,train_added,1993,2,0,2,True,0,{}
train_02088,src_9390d9d4b5ba8d1511fd,Anxiety,2,train,train_legacy,206,2,0,2,True,0,{}
test_00620,src_9396ed16898fb24eb446,Anxiety,2,test,test_nested,137,0,2,2,True,0,{}
test_01779,src_939d3fcf409f1b65416d,Bipolar,3,test,test_nested,816,0,2,2,True,0,{}
train_02152,src_93a40fe383026f894ef4,Bipolar,3,train,train_legacy,1142,2,0,2,True,0,{}
train_00754,src_93adcb7bc4dba790cf79,Bipolar,3,train,train_legacy,1745,2,0,2,True,0,{}
test_00984,src_93b02ea184832e640edc,Bipolar,3,train,train_added,823,2,0,2,True,0,{}
train_00671,src_93bc8b151c4c23368db6,Bipolar,3,train,train_legacy,251,2,0,2,True,0,{}
test_02291,src_93bdae9ec2a003bbdcf8,Bipolar,3,test,test_nested,340,0,2,2,True,0,{}
train_04511,src_93c77511e3b52e1be48e,Depression,1,train,train_legacy,1920,2,0,2,True,0,{}
train_03750,src_93d135a0700c04f260cd,Depression,1,train,train_legacy,397,2,0,2,True,0,{}
test_02134,src_93d59ff7cdaf7a125a2d,Bipolar,3,test,test_nested,2314,0,2,2,True,0,{}
val_search_00393,src_93dc28c05bea8df9eb77,Normal,0,train,train_added,29,2,5,1,False,1,"{""length_ratio"": 4, ""sbert"": 2}"
train_04191,src_93e0d9cdbd0cbf768a22,Anxiety,2,train,train_legacy,581,2,1,2,True,0,"{""meta_commentary"": 1}"
train_01534,src_93e62de8f8618de8db3d,Normal,0,train,train_legacy,261,2,0,2,True,0,{}
train_01083,src_9400fadca7168a3791a0,Anxiety,2,train,train_legacy,587,2,1,2,True,0,"{""meta_commentary"": 1}"
train_01979,src_941071ab0024e4e3b96b,Bipolar,3,train,train_legacy,951,2,0,2,True,0,{}
train_02638,src_94144333cc4a2abae701,Bipolar,3,train,train_legacy,1321,2,0,2,True,0,{}
test_01921,src_9417ff805f5bc2a68f61,Normal,0,train,train_added,16,2,5,0,False,2,"{""sbert"": 7}"
train_00738,src_941c39ddb18efeb55a3e,Anxiety,2,train,train_legacy,617,2,1,2,True,0,"{""meta_commentary"": 1}"
train_02991,src_942712575858984f845f,Anxiety,2,train,train_legacy,379,2,0,2,True,0,{}
train_00288,src_942aafb96b34d92ca8a9,Bipolar,3,train,train_legacy,1831,2,0,2,True,0,{}
test_00590,src_942d5765cbc989c81c4b,Anxiety,2,train,train_added,326,2,0,2,True,0,{}
train_04135,src_9435c7cd26cef4caca15,Anxiety,2,train,train_legacy,30,2,5,0,False,2,"{""length_ratio"": 2, ""sbert"": 5}"
train_03145,src_9440f0d66e91f216aa8e,Depression,1,train,train_legacy,615,2,0,2,True,0,{}
train_01829,src_9440fe1ad9f811665683,Normal,0,train,train_legacy,46,2,5,2,True,0,"{""length_ratio"": 1, ""sbert"": 2}"
train_02583,src_94451c9d85bc57355879,Normal,0,train,train_legacy,53,2,0,2,True,0,{}
val_confirm_00076,src_944a498039f5dbead11f,Bipolar,3,train,train_added,375,2,0,2,True,0,{}
train_05259,src_9456a57f854571b0f740,Anxiety,2,train,train_legacy,716,2,0,2,True,0,{}
train_03069,src_945e02c9319b3b75432d,Normal,0,train,train_legacy,107,2,0,2,True,0,{}
train_04664,src_945ed28f886eacdd395d,Anxiety,2,train,train_legacy,1854,2,0,2,True,0,{}
train_00415,src_9462311377ad9be0c44d,Bipolar,3,train,train_legacy,689,2,0,2,True,0,{}
train_03922,src_9464cbc5a46085e1b733,Depression,1,train,train_legacy,755,2,0,2,True,0,{}
train_02121,src_9469c5775875b8f5ce29,Normal,0,train,train_legacy,65,2,5,1,False,1,"{""sbert"": 6}"
train_00565,src_948313e165660cbb71d6,Depression,1,train,train_legacy,2060,2,0,2,True,0,{}
test_01855,src_948336652173adc509e9,Depression,1,test,test_nested,339,0,2,2,True,0,{}
test_00582,src_948a2157e565bc8a7a80,Normal,0,test,test_nested,103,0,2,2,True,0,{}
test_00476,src_948cddb569bbdf13dc1d,Depression,1,test,test_nested,442,0,2,2,True,0,{}
train_02798,src_948ec57449e634a342bf,Depression,1,train,train_legacy,1127,2,1,2,True,0,"{""meta_commentary"": 1}"
train_04298,src_949c3b4b51363471cfb8,Depression,1,train,train_legacy,1441,2,0,2,True,0,{}
train_01149,src_949da274dd3e40d08e1b,Bipolar,3,train,train_legacy,4222,2,4,2,True,0,"{""meta_commentary"": 4}"
train_04648,src_94a2a62c425bade040e2,Depression,1,train,train_legacy,249,2,1,2,True,0,"{""length_ratio"": 1}"
train_00951,src_94b6c2913105440c34c8,Anxiety,2,train,train_legacy,37,2,1,2,True,0,"{""length_ratio"": 1}"
train_03844,src_94b85bd3531c5b6f962b,Anxiety,2,train,train_legacy,564,2,0,2,True,0,{}
train_05417,src_94b94772f1fd4a5580a1,Depression,1,train,train_legacy,458,2,0,2,True,0,{}
train_05890,src_94c38a41ef151a313875,Bipolar,3,train,train_legacy,600,2,0,2,True,0,{}
test_01813,src_94c679edd4f3cd680fc5,Anxiety,2,train,train_added,2232,2,0,2,True,0,{}
train_02520,src_94c81f5b0c19956c2b7c,Depression,1,train,train_legacy,1562,2,0,2,True,0,{}
train_01259,src_94d9f898e642bcef245b,Bipolar,3,train,train_legacy,1506,2,0,2,True,0,{}
train_04652,src_94e249ba5e88470005e2,Depression,1,train,train_legacy,400,2,4,2,True,0,"{""meta_commentary"": 4}"
train_02738,src_94f24a71a36562ee107d,Bipolar,3,train,train_legacy,2901,2,5,0,False,2,"{""meta_commentary"": 7}"
train_02095,src_94fd2774121325e94fb1,Bipolar,3,train,train_legacy,628,2,0,2,True,0,{}
train_01563,src_9501cf98bdd716585168,Anxiety,2,train,train_legacy,1201,2,0,2,True,0,{}
train_03295,src_9506420ab792d7f00ded,Depression,1,train,train_legacy,80,2,5,1,False,1,"{""length_ratio"": 2, ""meta_commentary"": 2, ""refusal"": 2}"
train_04097,src_95078814f684e84d083f,Anxiety,2,train,train_legacy,984,2,0,2,True,0,{}
train_05567,src_95085a5f04cfbcfb6e4a,Depression,1,train,train_legacy,85,2,5,0,False,2,"{""refusal"": 7}"
train_03649,src_9512a4af24cdc1a13c5a,Bipolar,3,train,train_legacy,243,2,0,2,True,0,{}
train_04354,src_95161e3f5b298614f2c8,Depression,1,train,train_legacy,1103,2,0,2,True,0,{}
train_01308,src_951672ac2bab444027f1,Bipolar,3,train,train_legacy,1309,2,0,2,True,0,{}
train_00472,src_95170622aecf138e8354,Normal,0,train,train_legacy,79,2,0,2,True,0,{}
test_00203,src_9517912a2d69aef20932,Anxiety,2,test,test_nested,434,0,2,2,True,0,{}
train_02491,src_951a73c8bdae25753319,Normal,0,train,train_legacy,22,2,5,0,False,2,"{""length_ratio"": 4, ""meta_commentary"": 1, ""sbert"": 2}"
train_01971,src_951c7a5f572c431276b5,Anxiety,2,train,train_legacy,229,2,0,2,True,0,{}
train_05078,src_951e75f1008ddae851e5,Anxiety,2,train,train_legacy,187,2,1,2,True,0,"{""meta_commentary"": 1}"
train_04457,src_951ec543248c5b07d090,Depression,1,train,train_legacy,1644,2,1,2,True,0,"{""meta_commentary"": 1}"
train_02780,src_9521ae63cb28d332fbd2,Bipolar,3,train,train_legacy,1121,2,0,2,True,0,{}
test_02359,src_9523bf8afb66e32548c9,Depression,1,test,test_nested,827,0,5,0,False,2,"{""refusal"": 5}"
train_05696,src_952b9218dcb5bcc8ab19,Depression,1,train,train_legacy,433,2,0,2,True,0,{}
train_01969,src_952c7e35ef093a7d0466,Anxiety,2,train,train_legacy,295,2,0,2,True,0,{}
test_00959,src_9535e70ade9d4c12533f,Anxiety,2,test,test_nested,1104,0,5,1,False,1,"{""meta_commentary"": 4}"
train_01297,src_9541593a4ed837401b93,Depression,1,train,train_legacy,852,2,1,2,True,0,"{""meta_commentary"": 1}"
train_05031,src_954ddb43265d702d1891,Depression,1,train,train_legacy,999,2,0,2,True,0,{}
train_05836,src_956317720436d5b50194,Normal,0,train,train_legacy,55,2,4,2,True,0,"{""length_ratio"": 3, ""sbert"": 1}"
train_05903,src_95678513af4330916338,Normal,0,train,train_legacy,50,2,2,2,True,0,"{""sbert"": 2}"
train_05465,src_95843d3cbc3ba9a87011,Normal,0,train,train_legacy,74,2,5,1,False,1,"{""length_ratio"": 1, ""sbert"": 5}"
val_confirm_00133,src_9585d9db37bf2e480bc7,Depression,1,train,train_added,46,2,5,0,False,2,"{""length_ratio"": 7}"
train_01244,src_958fab4cd17dd6a5676b,Anxiety,2,train,train_legacy,193,2,0,2,True,0,{}
train_05043,src_958fbbd1b2b8ca7c4837,Anxiety,2,train,train_legacy,616,2,0,2,True,0,{}
train_02294,src_95972067e7141c460380,Anxiety,2,train,train_legacy,1575,2,4,2,True,0,"{""meta_commentary"": 4}"
train_01199,src_95a304c26491b72ab5e8,Bipolar,3,train,train_legacy,622,2,0,2,True,0,{}
train_00332,src_95affbcf8ef0ef555d05,Normal,0,train,train_legacy,49,2,1,2,True,0,"{""length_ratio"": 1}"
train_02958,src_95ca0c748eac26daf281,Anxiety,2,train,train_legacy,1986,2,0,2,True,0,{}
test_01375,src_95cb5ca71750e8302ed5,Bipolar,3,test,test_nested,398,0,2,2,True,0,{}
train_01997,src_95cdc2093a89e524d87f,Bipolar,3,train,train_legacy,495,2,0,2,True,0,{}
train_00005,src_95ce4838a4b31f241e68,Normal,0,train,train_legacy,32,2,2,2,True,0,"{""length_ratio"": 2}"
train_03604,src_95d0c621d70a59a4c376,Normal,0,train,train_legacy,154,2,1,2,True,0,"{""meta_commentary"": 1}"
test_00713,src_95d9ecb15f4dbf7306aa,Depression,1,test,test_nested,444,0,2,2,True,0,{}
train_02238,src_95e091d40c11fc4bf880,Anxiety,2,train,train_legacy,283,2,0,2,True,0,{}
test_01891,src_95e4af1f21ea712bf84d,Depression,1,test,test_nested,1203,0,2,2,True,0,{}
train_01566,src_95e6bf957ca56f3aaf06,Anxiety,2,train,train_legacy,1068,2,1,2,True,0,"{""meta_commentary"": 1}"
val_search_00186,src_95e94abe21d4d2175e6e,Normal,0,train,train_added,122,2,3,2,True,0,"{""length_ratio"": 3}"
test_02221,src_95ec966050eeb803e0d7,Anxiety,2,test,test_nested,590,0,2,2,True,0,{}
train_04935,src_95f5cade99d6a08517a0,Bipolar,3,train,train_legacy,1682,2,0,2,True,0,{}
train_04317,src_95f79c77346fe773cbae,Depression,1,train,train_legacy,1689,2,0,2,True,0,{}
train_01782,src_95f90752659c149ab200,Anxiety,2,train,train_legacy,254,2,0,2,True,0,{}
val_search_00180,src_960009013522d4131538,Anxiety,2,train,train_added,1014,2,1,2,True,0,"{""meta_commentary"": 1}"
test_00939,src_960d13cb64eeb00d4cb5,Bipolar,3,test,test_nested,1635,0,2,2,True,0,{}
train_05840,src_961b100526281ccfcff6,Depression,1,train,train_legacy,440,2,0,2,True,0,{}
train_02828,src_96259ee95e6c951bc95d,Depression,1,train,train_legacy,385,2,0,2,True,0,{}
test_01701,src_9627d7c5db6c8d90ff82,Normal,0,test,test_nested,14,0,5,0,False,2,"{""refusal"": 5}"
train_02023,src_962b8d68b089f3ad9a38,Depression,1,train,train_legacy,605,2,5,1,False,1,"{""meta_commentary"": 6}"
train_01228,src_96348173d465f8b9dbaa,Normal,0,train,train_legacy,62,2,1,2,True,0,"{""length_ratio"": 1}"
train_05719,src_964127914b836741fba1,Depression,1,train,train_legacy,4598,2,5,0,False,2,"{""refusal"": 7}"
test_01261,src_964e19a3bb4978715688,Normal,0,test,test_nested,27,0,2,2,True,0,{}
train_03510,src_9651e2b858f20fd9cd1e,Normal,0,train,train_legacy,76,2,5,1,False,1,"{""sbert"": 6}"
test_00444,src_965350341d81a0a02d9c,Depression,1,train,train_added,13,2,5,0,False,2,"{""length_ratio"": 7}"
test_00878,src_965593d019683bc5bc5f,Depression,1,test,test_nested,633,0,2,2,True,0,{}
train_02124,src_965ee93687b264d530d9,Normal,0,train,train_legacy,200,2,0,2,True,0,{}
test_01707,src_966058384ec60a00ba3a,Depression,1,train,train_added,273,2,0,2,True,0,{}
train_00922,src_966f4743bc83efd0384f,Depression,1,train,train_legacy,880,2,5,2,True,0,"{""refusal"": 5}"
train_04561,src_9675043c5c622f8de097,Normal,0,train,train_legacy,48,2,0,2,True,0,{}
train_03919,src_96816df069c735b8de65,Bipolar,3,train,train_legacy,629,2,0,2,True,0,{}
test_00861,src_96881ff79627dcf6c4c8,Normal,0,test,test_nested,18,0,5,1,False,1,"{""length_ratio"": 4}"
test_00104,src_9691baf2f7435f20c730,Normal,0,test,test_nested,124,0,3,2,True,0,"{""length_ratio"": 1}"
train_00570,src_96951e8cb49e8a55bfe0,Normal,0,train,train_legacy,16,2,5,0,False,2,"{""length_ratio"": 7}"
train_04065,src_9697f326534aa83f6e10,Anxiety,2,train,train_legacy,1684,2,0,2,True,0,{}
test_00574,src_969adb265ec3094aa03a,Depression,1,train,train_added,357,2,0,2,True,0,{}
train_04731,src_96c3a7ccf0cac74b4e36,Bipolar,3,train,train_legacy,445,2,0,2,True,0,{}
test_01001,src_96cf68789b25710fd9e6,Depression,1,test,test_nested,1357,0,2,2,True,0,{}
train_01776,src_96e147fb08774ed8fad3,Normal,0,train,train_legacy,37,2,5,1,False,1,"{""length_ratio"": 2, ""sbert"": 4}"
train_04988,src_96e41de5c92f323b9969,Anxiety,2,train,train_legacy,763,2,0,2,True,0,{}
train_03234,src_96f001086d66325c6374,Normal,0,train,train_legacy,64,2,5,1,False,1,"{""sbert"": 6}"
train_04094,src_96f35fdfa24211e5874c,Anxiety,2,train,train_legacy,28,2,5,0,False,2,"{""length_ratio"": 1, ""sbert"": 6}"
train_03995,src_96f66dc34a837aeb9bb2,Depression,1,train,train_legacy,482,2,0,2,True,0,{}
test_01492,src_9706b7c2296ae9c83298,Bipolar,3,test,test_nested,1924,0,2,2,True,0,{}
train_04356,src_970da88319b48af4a250,Bipolar,3,train,train_legacy,480,2,0,2,True,0,{}
test_02047,src_970e51bd1b935495d6e0,Depression,1,test,test_nested,326,0,2,2,True,0,{}
train_05265,src_971222ee5990716428c2,Bipolar,3,train,train_legacy,1141,2,0,2,True,0,{}
train_01019,src_971a7b50b1610f644f81,Depression,1,train,train_legacy,104,2,0,2,True,0,{}
train_04255,src_973be856428108ae0d0e,Bipolar,3,train,train_legacy,587,2,0,2,True,0,{}
test_00483,src_973d1e6173c559c81b73,Normal,0,test,test_nested,25,0,5,1,False,1,"{""length_ratio"": 4}"
test_01667,src_973fa2afea2dcc4daa2f,Normal,0,train,train_added,89,2,0,2,True,0,{}
train_01692,src_9742c37ab279096a417f,Bipolar,3,train,train_legacy,1410,2,0,2,True,0,{}
train_04674,src_97590c2dab1afdf853a5,Depression,1,train,train_legacy,616,2,0,2,True,0,{}
train_00509,src_975a527442c4ca6a25bf,Bipolar,3,train,train_legacy,207,2,0,2,True,0,{}
test_01181,src_97618b9cbb38a590acdd,Depression,1,test,test_nested,1304,0,2,2,True,0,{}
train_03822,src_9764ddb9c412312b2466,Depression,1,train,train_legacy,104,2,4,2,True,0,"{""length_ratio"": 2, ""sbert"": 2}"
train_04527,src_976d563590909aa576df,Normal,0,train,train_legacy,24,2,5,1,False,1,"{""length_ratio"": 2, ""sbert"": 4}"
train_04237,src_9779f203427263996a36,Depression,1,train,train_legacy,2073,2,0,2,True,0,{}
train_04865,src_978254a4845792ea6611,Normal,0,train,train_legacy,154,2,0,2,True,0,{}
train_03816,src_9791e982d299ef1540c4,Anxiety,2,train,train_legacy,549,2,0,2,True,0,{}
train_00835,src_97925250d9f0a472e97c,Anxiety,2,train,train_legacy,1845,2,0,2,True,0,{}
test_00694,src_97a49aac1f8196ec052d,Bipolar,3,train,train_added,756,2,0,2,True,0,{}
test_02032,src_97ac8eff8706379a9d54,Depression,1,test,test_nested,76,0,5,1,False,1,"{""length_ratio"": 4}"
val_confirm_00279,src_97af8ca32735c7808d31,Anxiety,2,train,train_added,1419,2,0,2,True,0,{}
test_00044,src_97b22aa4280bd0debeee,Normal,0,train,train_added,110,2,0,2,True,0,{}
test_00852,src_97c32669a0c24d809711,Anxiety,2,test,test_nested,109,0,3,2,True,0,"{""length_ratio"": 1}"
test_00693,src_97c4955f84ac6505ae1a,Bipolar,3,test,test_nested,1350,0,2,2,True,0,{}
test_00183,src_97cac17aac475c42a2bd,Depression,1,train,train_added,1323,2,0,2,True,0,{}
train_04471,src_97cdb5ea3eb052563d6e,Anxiety,2,train,train_legacy,1029,2,0,2,True,0,{}
train_01859,src_97d0f6fb0e066233af86,Depression,1,train,train_legacy,159,2,0,2,True,0,{}
train_02667,src_97d31cf37b0a63f42bae,Anxiety,2,train,train_legacy,833,2,0,2,True,0,{}
train_00603,src_97d5d1578aa609ba3286,Anxiety,2,train,train_legacy,296,2,0,2,True,0,{}
val_confirm_00753,src_97d8b2b61ebf44ed5060,Normal,0,train,train_added,156,2,4,2,True,0,"{""refusal"": 3, ""sbert"": 1}"
train_05390,src_97d90404694bdb78824d,Bipolar,3,train,train_legacy,1097,2,0,2,True,0,{}
test_01432,src_97da17b12c0c864045c0,Anxiety,2,train,train_added,1076,2,0,2,True,0,{}
train_01467,src_97dee84de435c70b1ecf,Normal,0,train,train_legacy,26,2,5,0,False,2,"{""length_ratio"": 2, ""sbert"": 5}"
val_search_00391,src_97e7530483b0c2fa0dcc,Depression,1,train,train_added,757,2,0,2,True,0,{}
train_05273,src_97ee86778d9e70343e49,Anxiety,2,train,train_legacy,775,2,0,2,True,0,{}
train_00145,src_9812a0e43dbe0078ef82,Anxiety,2,train,train_legacy,172,2,0,2,True,0,{}
test_00033,src_9827d41422e18636576a,Normal,0,test,test_nested,138,0,2,2,True,0,{}
train_02709,src_982c6b29200848bfa9f0,Anxiety,2,train,train_legacy,454,2,0,2,True,0,{}
train_02698,src_98381fede4563633244a,Normal,0,train,train_legacy,24,2,5,0,False,2,"{""length_ratio"": 2, ""sbert"": 5}"
train_05153,src_98411bec7cf7f2a73397,Bipolar,3,train,train_legacy,1002,2,0,2,True,0,{}
train_01659,src_984c1cf06bc2c6d6ed12,Depression,1,train,train_legacy,51,2,5,2,True,0,"{""length_ratio"": 3, ""sbert"": 2}"
train_01980,src_9858a64664032f7e4561,Depression,1,train,train_legacy,331,2,0,2,True,0,{}
test_00596,src_985ec40113d17a8d256b,Depression,1,test,test_nested,293,0,2,2,True,0,{}
train_04152,src_98640ba556ee8e66608f,Normal,0,train,train_legacy,101,2,1,2,True,0,"{""length_ratio"": 1}"
train_05929,src_9867b3e48ef5c6edfb8f,Depression,1,train,train_legacy,730,2,0,2,True,0,{}
train_03769,src_987294f17fa4413d6919,Depression,1,train,train_legacy,532,2,0,2,True,0,{}
test_02101,src_98748e54d67747fa8781,Depression,1,test,test_nested,279,0,2,2,True,0,{}
train_03191,src_9874b68fbd27fb711039,Depression,1,train,train_legacy,36,2,5,0,False,2,"{""length_ratio"": 2, ""sbert"": 5}"
train_01820,src_9878ea2135e7ff215da2,Anxiety,2,train,train_legacy,442,2,0,2,True,0,{}
test_00769,src_98792c248a53a2e9b9a7,Bipolar,3,test,test_nested,4226,0,5,1,False,1,"{""length_ratio"": 3, ""meta_commentary"": 1}"
train_00928,src_9881cca47bd6d6b4ec61,Bipolar,3,train,train_legacy,994,2,4,2,True,0,"{""meta_commentary"": 4}"
train_03171,src_988d6d32de02023968de,Bipolar,3,train,train_legacy,2276,2,5,1,False,1,"{""meta_commentary"": 6}"
train_01310,src_988e5f366b502a7ce894,Bipolar,3,train,train_legacy,1417,2,0,2,True,0,{}
train_00160,src_9895d3abe5a687ed8c35,Anxiety,2,train,train_legacy,461,2,0,2,True,0,{}
train_00860,src_989e846d93d0903cf053,Anxiety,2,train,train_legacy,396,2,0,2,True,0,{}
train_01108,src_98a4f7655958a385a066,Normal,0,train,train_legacy,6,2,5,0,False,2,"{""length_ratio"": 7}"
train_02369,src_98aaea958f9f7893e143,Depression,1,train,train_legacy,741,2,0,2,True,0,{}
train_02354,src_98b6d5da815049de7259,Normal,0,train,train_legacy,76,2,2,2,True,0,"{""sbert"": 2}"
train_03825,src_98cc4706baf4955ba82b,Depression,1,train,train_legacy,205,2,0,2,True,0,{}
test_02395,src_98cfadd8aab901ff3535,Normal,0,train,train_added,38,2,5,1,False,1,"{""length_ratio"": 2, ""sbert"": 4}"
test_02194,src_98d01bac326034924bf8,Bipolar,3,test,test_nested,1625,0,2,2,True,0,{}
test_01643,src_98d192cda7f271637028,Bipolar,3,test,test_nested,1478,0,2,2,True,0,{}
train_01644,src_98d2a1b2390634db0680,Bipolar,3,train,train_legacy,1260,2,0,2,True,0,{}
val_confirm_00940,src_98dde612e7c3e41f9edd,Bipolar,3,train,train_added,178,2,0,2,True,0,{}
test_00758,src_98ef3f94fa60d4f69696,Bipolar,3,test,test_nested,696,0,2,2,True,0,{}
train_03197,src_98efeb2720299f4c0a21,Depression,1,train,train_legacy,79,2,5,0,False,2,"{""length_ratio"": 5, ""meta_commentary"": 2}"
train_04126,src_98f420f7de0aa99d34d6,Anxiety,2,train,train_legacy,103,2,5,1,False,1,"{""length_ratio"": 1, ""refusal"": 1, ""sbert"": 4}"
test_00949,src_98fc25df2a72e79ca5e9,Bipolar,3,test,test_nested,1271,0,2,2,True,0,{}
train_05364,src_98fcd0167c0f27e9be68,Depression,1,train,train_legacy,7799,2,5,0,False,2,"{""length_ratio"": 7}"
train_04127,src_99005e6304c4e54a9057,Anxiety,2,train,train_legacy,216,2,0,2,True,0,{}
train_03961,src_9901323c13b033579486,Anxiety,2,train,train_legacy,1281,2,0,2,True,0,{}
train_04484,src_9906f28f3d184cf0046d,Anxiety,2,train,train_legacy,556,2,0,2,True,0,{}
test_02118,src_9907c4da3b2e037b3ae1,Depression,1,test,test_nested,47,0,5,0,False,2,"{""length_ratio"": 5}"
train_05081,src_990be136babb93ee54a9,Depression,1,train,train_legacy,414,2,0,2,True,0,{}
train_02569,src_9924338ff3140ead4264,Anxiety,2,train,train_legacy,2725,2,1,2,True,0,"{""meta_commentary"": 1}"
train_01936,src_9924412eba81cbb110b0,Depression,1,train,train_legacy,828,2,0,2,True,0,{}
train_03496,src_9929a0cf02ef79d977f4,Normal,0,train,train_legacy,16,2,5,0,False,2,"{""length_ratio"": 7}"
train_02431,src_994685da8f848f96a2f2,Normal,0,train,train_legacy,69,2,0,2,True,0,{}
train_05354,src_995dd15cdc9856155d80,Normal,0,train,train_legacy,29,2,5,0,False,2,"{""length_ratio"": 3, ""sbert"": 4}"
test_02090,src_997e6e33ed7f8e219fdc,Depression,1,test,test_nested,677,0,2,2,True,0,{}
test_00993,src_998ec8e17b47b930c798,Depression,1,test,test_nested,966,0,2,2,True,0,{}
test_02331,src_9998cd0cc4e3a829fc9c,Depression,1,test,test_nested,411,0,2,2,True,0,{}
train_01942,src_99a9cca96cdb25ccb18b,Depression,1,train,train_legacy,1240,2,0,2,True,0,{}
train_02733,src_99b2449140f79314e4a1,Bipolar,3,train,train_legacy,683,2,0,2,True,0,{}
train_02299,src_99b92f2965fd15a966c9,Normal,0,train,train_legacy,12,2,5,0,False,2,"{""length_ratio"": 7}"
test_00960,src_99c2e47000512f99aaa7,Bipolar,3,test,test_nested,396,0,2,2,True,0,{}
train_01238,src_99c615999bb9efb2b2fe,Depression,1,train,train_legacy,1063,2,0,2,True,0,{}
test_00031,src_99c7e744ba524adea764,Bipolar,3,test,test_nested,977,0,2,2,True,0,{}
train_01281,src_99ccad4ba011aa53bc52,Bipolar,3,train,train_legacy,1139,2,0,2,True,0,{}
train_00304,src_99ccc36dfa6d482f4585,Bipolar,3,train,train_legacy,355,2,0,2,True,0,{}
train_00414,src_99cdc32ea6e2a137991e,Bipolar,3,train,train_legacy,1172,2,0,2,True,0,{}
train_04055,src_99cea3c2a7690fb7170e,Depression,1,train,train_legacy,1275,2,1,2,True,0,"{""meta_commentary"": 1}"
test_01762,src_99d167798d0736c18e30,Depression,1,test,test_nested,197,0,2,2,True,0,{}
train_02287,src_99dc5b9180537cf8534f,Depression,1,train,train_legacy,964,2,0,2,True,0,{}
test_00280,src_99deeb48f8b12df014a6,Bipolar,3,test,test_nested,908,0,2,2,True,0,{}
train_05469,src_99e019819ba9fc32e2a8,Bipolar,3,train,train_legacy,264,2,0,2,True,0,{}
train_02021,src_99e650d121c82ef0a429,Anxiety,2,train,train_legacy,1434,2,3,2,True,0,"{""meta_commentary"": 3}"
train_02790,src_99fd7346c193c1688da1,Normal,0,train,train_legacy,32,2,4,2,True,0,"{""length_ratio"": 3, ""sbert"": 1}"
train_05990,src_99fee09e4287c212d045,Bipolar,3,train,train_legacy,1379,2,0,2,True,0,{}
train_01497,src_9a0b159034832ea7fd39,Depression,1,train,train_legacy,1106,2,0,2,True,0,{}
test_01245,src_9a0d3fb37e9998e37bd7,Depression,1,test,test_nested,354,0,2,2,True,0,{}
test_00419,src_9a170c0d727836787549,Depression,1,train,train_added,170,2,2,2,True,0,"{""length_ratio"": 1, ""sbert"": 1}"
train_01069,src_9a1c8f218a95d938d329,Bipolar,3,train,train_legacy,224,2,5,0,False,2,"{""length_ratio"": 2, ""meta_commentary"": 5}"
train_05602,src_9a23ebf40837601dee58,Normal,0,train,train_legacy,51,2,5,1,False,1,"{""length_ratio"": 1, ""sbert"": 5}"
train_03638,src_9a26aecbb6d29fff45d0,Normal,0,train,train_legacy,28,2,3,2,True,0,"{""length_ratio"": 3}"
train_03002,src_9a29fe73986f9d75795d,Anxiety,2,train,train_legacy,315,2,0,2,True,0,{}
train_02608,src_9a2f9f3a5abed561e645,Depression,1,train,train_legacy,624,2,1,2,True,0,"{""refusal"": 1}"
train_02622,src_9a3a9398c3fbaa69041c,Bipolar,3,train,train_legacy,1159,2,0,2,True,0,{}
test_02304,src_9a3b1bb4511810ed586f,Anxiety,2,test,test_nested,107,0,2,2,True,0,{}
train_02001,src_9a4261de5e524303ccf5,Bipolar,3,train,train_legacy,389,2,0,2,True,0,{}
test_01227,src_9a4c6e5f37681c4bb525,Depression,1,test,test_nested,1905,0,2,2,True,0,{}
train_02460,src_9a51fc9951ebfe4aa43a,Bipolar,3,train,train_legacy,879,2,0,2,True,0,{}
train_01697,src_9a61981e04d8b992eea8,Anxiety,2,train,train_legacy,762,2,1,2,True,0,"{""meta_commentary"": 1}"
train_03906,src_9a6dfda277c79d7a91fb,Bipolar,3,train,train_legacy,900,2,0,2,True,0,{}
train_02207,src_9a7b9d15b5379b14b49d,Normal,0,train,train_legacy,44,2,5,2,True,0,"{""length_ratio"": 5}"
train_03698,src_9a7d712b9868ea2bb0d6,Depression,1,train,train_legacy,856,2,0,2,True,0,{}
train_02119,src_9a9c98b9f9997fd18344,Anxiety,2,train,train_legacy,1768,2,1,2,True,0,"{""meta_commentary"": 1}"
train_04812,src_9aadf2506f4fe1e27bd7,Bipolar,3,train,train_legacy,1412,2,1,2,True,0,"{""meta_commentary"": 1}"
train_03882,src_9ab0d2787ca97489d659,Depression,1,train,train_legacy,518,2,0,2,True,0,{}
test_01130,src_9ab20f4d3e03865f9604,Depression,1,test,test_nested,2476,0,2,2,True,0,{}
train_02392,src_9acae93268d3c09196c8,Anxiety,2,train,train_legacy,357,2,0,2,True,0,{}
train_04850,src_9adf194234749e77ad00,Bipolar,3,train,train_legacy,2235,2,5,0,False,2,"{""meta_commentary"": 7}"
train_03572,src_9ae46f342fb03a548c3c,Anxiety,2,train,train_legacy,952,2,0,2,True,0,{}
train_03247,src_9ae56e618eac08199966,Normal,0,train,train_legacy,352,2,0,2,True,0,{}
test_02336,src_9ae7a6bbb85abbf0f714,Normal,0,test,test_nested,24,0,5,1,False,1,"{""duplicate"": 3, ""sbert"": 1}"
test_00169,src_9aef4f8e7b274565bb7c,Anxiety,2,train,train_added,359,2,0,2,True,0,{}
train_04845,src_9af604d2320a415e8920,Anxiety,2,train,train_legacy,865,2,0,2,True,0,{}
train_04226,src_9afbc1a7792681952eb9,Bipolar,3,train,train_legacy,983,2,0,2,True,0,{}
train_00391,src_9b0e2a3a407a01836576,Bipolar,3,train,train_legacy,888,2,0,2,True,0,{}
train_02138,src_9b11c444eebaad5ff785,Normal,0,train,train_legacy,91,2,0,2,True,0,{}
val_confirm_00807,src_9b17b236424bf89d838c,Normal,0,train,train_added,12,2,5,1,False,1,"{""duplicate"": 4, ""length_ratio"": 2}"
train_04507,src_9b22c4b208e8fb6794b2,Normal,0,train,train_legacy,38,2,3,2,True,0,"{""length_ratio"": 3}"
train_04837,src_9b2434552bafba08682a,Bipolar,3,train,train_legacy,1001,2,0,2,True,0,{}
test_00623,src_9b2d53aded53c71fdfed,Bipolar,3,test,test_nested,315,0,2,2,True,0,{}
train_03118,src_9b31af505ad1a6c4b9db,Anxiety,2,train,train_legacy,409,2,0,2,True,0,{}
test_01193,src_9b46acaf74c7dd745a71,Depression,1,test,test_nested,751,0,2,2,True,0,{}
train_03971,src_9b4de0590ea4d6af25fd,Normal,0,train,train_legacy,50,2,2,2,True,0,"{""length_ratio"": 2}"
train_03256,src_9b57e963d4b0905fc2be,Anxiety,2,train,train_legacy,1069,2,1,2,True,0,"{""meta_commentary"": 1}"
train_01403,src_9b57f4f978ba4c849595,Anxiety,2,train,train_legacy,62,2,0,2,True,0,{}
train_02465,src_9b6780d9d741e01d875d,Anxiety,2,train,train_legacy,1591,2,0,2,True,0,{}
train_04371,src_9b6fa6669efe32d7c54a,Anxiety,2,train,train_legacy,938,2,0,2,True,0,{}
test_00655,src_9b7047f3d0b3ecdc4725,Anxiety,2,test,test_nested,82,0,2,2,True,0,{}
train_00240,src_9b74e67754e9db6fb84a,Anxiety,2,train,train_legacy,1071,2,0,2,True,0,{}
train_03481,src_9b8083f4e0c64f7b5dd3,Bipolar,3,train,train_legacy,776,2,0,2,True,0,{}
train_05747,src_9b8923dbf52ef21aaa22,Bipolar,3,train,train_legacy,333,2,1,2,True,0,"{""meta_commentary"": 1}"
train_00139,src_9b9107304a540e1694c0,Depression,1,train,train_legacy,80,2,5,1,False,1,"{""length_ratio"": 3, ""sbert"": 3}"
train_00206,src_9b9b4486cc1b70dea154,Normal,0,train,train_legacy,47,2,2,2,True,0,"{""sbert"": 2}"
test_00030,src_9b9c3f10c4cc393f0c2c,Depression,1,train,train_added,2476,2,0,2,True,0,{}
train_02808,src_9b9fe9ac1dc6aee06407,Anxiety,2,train,train_legacy,261,2,0,2,True,0,{}
train_03631,src_9baa29bd7cf7a3d26bd2,Anxiety,2,train,train_legacy,7171,2,5,0,False,2,"{""length_ratio"": 5, ""meta_commentary"": 2}"
test_01980,src_9babeb9ba28ef877b199,Depression,1,test,test_nested,1778,0,2,2,True,0,{}
train_01985,src_9bb3aedd57c4fe247e06,Anxiety,2,train,train_legacy,459,2,0,2,True,0,{}
train_04142,src_9bd6a1a0c906bfc3ac9a,Depression,1,train,train_legacy,360,2,0,2,True,0,{}
train_03043,src_9be5a410e097146edd85,Bipolar,3,train,train_legacy,692,2,0,2,True,0,{}
train_02158,src_9bf255f577727ccf666a,Bipolar,3,train,train_legacy,1440,2,1,2,True,0,"{""meta_commentary"": 1}"
train_05549,src_9bf443b67c62a222c08b,Anxiety,2,train,train_legacy,1729,2,0,2,True,0,{}
train_03744,src_9bfc3b1a7fe4825d6266,Normal,0,train,train_legacy,34,2,1,2,True,0,"{""length_ratio"": 1}"
test_00892,src_9c00047cea0f12698a79,Anxiety,2,test,test_nested,897,0,2,2,True,0,{}
train_05660,src_9c07546472d3d3b86a62,Depression,1,train,train_legacy,234,2,1,2,True,0,"{""sbert"": 1}"
test_00228,src_9c08bb787bfa8fdb3ae6,Bipolar,3,test,test_nested,749,0,4,2,True,0,"{""meta_commentary"": 2}"
val_search_00023,src_9c0c22a9014f66149870,Normal,0,train,train_added,108,2,0,2,True,0,{}
test_01863,src_9c106509530dc5362cab,Depression,1,train,train_added,1678,2,0,2,True,0,{}
train_05801,src_9c111d82ca418d3cca5e,Bipolar,3,train,train_legacy,469,2,0,2,True,0,{}
train_04927,src_9c1d5d005a9935124046,Depression,1,train,train_legacy,1964,2,0,2,True,0,{}
test_00790,src_9c1d75c8a1bc4f60f1de,Normal,0,test,test_nested,102,0,2,2,True,0,{}
train_05664,src_9c20c9f77eba652f8fff,Normal,0,train,train_legacy,91,2,0,2,True,0,{}
val_confirm_00824,src_9c2151adba1515ac7f8f,Bipolar,3,train,train_added,1313,2,0,2,True,0,{}
test_00073,src_9c30d244c42bec54fa63,Depression,1,train,train_added,217,2,0,2,True,0,{}
test_02155,src_9c4d315a2570859a36b5,Bipolar,3,test,test_nested,2037,0,2,2,True,0,{}
train_00022,src_9c5a173f331dc837b2e2,Depression,1,train,train_legacy,320,2,0,2,True,0,{}
train_02087,src_9c5e599b9e3242a7f35a,Bipolar,3,train,train_legacy,581,2,0,2,True,0,{}
test_00602,src_9c649ea6d36a5bf1cf57,Anxiety,2,test,test_nested,255,0,2,2,True,0,{}
train_02400,src_9c6d2f2f928c99cc07c4,Normal,0,train,train_legacy,63,2,1,2,True,0,"{""sbert"": 1}"
test_00677,src_9c6ffe9e6fc2eef16f5b,Anxiety,2,train,train_added,709,2,0,2,True,0,{}
val_confirm_00833,src_9c8773d78b0c5f60a17b,Anxiety,2,train,train_added,122,2,1,2,True,0,"{""sbert"": 1}"
val_confirm_00943,src_9c8e5c4da1068073b711,Normal,0,train,train_added,85,2,5,0,False,2,"{""sbert"": 7}"
train_03327,src_9c9045676c83f860c61c,Bipolar,3,train,train_legacy,1522,2,0,2,True,0,{}
train_00739,src_9c934f5943f63ebf18b6,Anxiety,2,train,train_legacy,855,2,0,2,True,0,{}
train_01469,src_9ca5770af49d04448f82,Bipolar,3,train,train_legacy,1741,2,1,2,True,0,"{""meta_commentary"": 1}"
train_01842,src_9ca902229613a9882cb8,Bipolar,3,train,train_legacy,340,2,0,2,True,0,{}
test_02184,src_9cb0102b9b53e35d7a4a,Depression,1,test,test_nested,462,0,2,2,True,0,{}
train_02691,src_9cb8c03b6f8132078434,Bipolar,3,train,train_legacy,779,2,0,2,True,0,{}
train_04547,src_9cb9cb82d93fe1762b56,Bipolar,3,train,train_legacy,1984,2,1,2,True,0,"{""meta_commentary"": 1}"
train_00767,src_9ccde32cad6912cbf18d,Depression,1,train,train_legacy,3367,2,0,2,True,0,{}
train_03463,src_9cd4970984689022a9e7,Normal,0,train,train_legacy,33,2,0,2,True,0,{}
train_01595,src_9cd79e718350b3fbc772,Depression,1,train,train_legacy,417,2,0,2,True,0,{}
train_01919,src_9ce5c5ed2c9044d7ee77,Depression,1,train,train_legacy,581,2,0,2,True,0,{}
train_02027,src_9ced579affc37f41afab,Normal,0,train,train_legacy,57,2,1,2,True,0,"{""length_ratio"": 1}"
train_03457,src_9cf9fe2d4ebd20f55f21,Normal,0,train,train_legacy,41,2,5,0,False,2,"{""length_ratio"": 7}"
train_03668,src_9d004c746e78edcbc1b6,Depression,1,train,train_legacy,811,2,0,2,True,0,{}
train_01699,src_9d0067d9e49ab790a0e4,Anxiety,2,train,train_legacy,269,2,0,2,True,0,{}
train_04881,src_9d0250ec965ab01f6c13,Bipolar,3,train,train_legacy,1413,2,0,2,True,0,{}
train_05690,src_9d0331ce9a16a3433de8,Bipolar,3,train,train_legacy,1085,2,0,2,True,0,{}
test_01014,src_9d0365060e60fbd333ef,Depression,1,test,test_nested,378,0,2,2,True,0,{}
train_03819,src_9d039c0b368194946523,Depression,1,train,train_legacy,789,2,5,2,True,0,"{""meta_commentary"": 4, ""refusal"": 1}"
test_01972,src_9d0519e3482e8145042c,Depression,1,test,test_nested,314,0,2,2,True,0,{}
train_04103,src_9d0663a0be39cbd1c989,Depression,1,train,train_legacy,437,2,0,2,True,0,{}
train_01553,src_9d0afc3e3f08c9b0f8fa,Depression,1,train,train_legacy,172,2,5,1,False,1,"{""sbert"": 6}"
test_00381,src_9d0c56e51c673b09c11b,Bipolar,3,train,train_added,694,2,0,2,True,0,{}
test_00864,src_9d0e9ed89e2accf60f81,Depression,1,test,test_nested,266,0,2,2,True,0,{}
test_00992,src_9d16ce7604e0b490ed6e,Bipolar,3,test,test_nested,649,0,2,2,True,0,{}
train_05451,src_9d239c6a227687a34503,Anxiety,2,train,train_legacy,504,2,0,2,True,0,{}
train_04338,src_9d2488a008757fd9781e,Bipolar,3,train,train_legacy,754,2,0,2,True,0,{}
train_05425,src_9d2672cea7642acff8a8,Anxiety,2,train,train_legacy,234,2,1,2,True,0,"{""length_ratio"": 1}"
train_04767,src_9d383d425746cffa38fc,Bipolar,3,train,train_legacy,387,2,0,2,True,0,{}
train_04606,src_9d3d3f504552df6f852d,Bipolar,3,train,train_legacy,525,2,0,2,True,0,{}
test_02238,src_9d3f2e0c97ffa5e6e54d,Anxiety,2,test,test_nested,99,0,2,2,True,0,{}
train_03408,src_9d5f89ee79f24993a7b9,Depression,1,train,train_legacy,1183,2,0,2,True,0,{}
test_01631,src_9d64f00aa0bc7a3b6fe5,Anxiety,2,test,test_nested,501,0,2,2,True,0,{}
train_05241,src_9d75afc02565fd7ce187,Bipolar,3,train,train_legacy,562,2,1,2,True,0,"{""meta_commentary"": 1}"
test_01465,src_9d79e1006e6cd512f4e8,Anxiety,2,test,test_nested,19,0,5,0,False,2,"{""length_ratio"": 4, ""sbert"": 1}"
train_04551,src_9d89dfe38df96a112495,Depression,1,train,train_legacy,1063,2,0,2,True,0,{}
train_05396,src_9db06d62a4f0c115737d,Anxiety,2,train,train_legacy,1608,2,1,2,True,0,"{""meta_commentary"": 1}"
test_01821,src_9db7a830c26d62bd1418,Normal,0,test,test_nested,12,0,5,0,False,2,"{""length_ratio"": 4, ""sbert"": 1}"
train_01193,src_9dbaf7e5ff425320c6c3,Normal,0,train,train_legacy,267,2,0,2,True,0,{}
train_05216,src_9dc1df8b485030b3538d,Bipolar,3,train,train_legacy,878,2,0,2,True,0,{}
train_00686,src_9dc53ee1a68cb7083696,Anxiety,2,train,train_legacy,2228,2,1,2,True,0,"{""meta_commentary"": 1}"
train_03480,src_9dce670245b8b80d6770,Bipolar,3,train,train_legacy,409,2,0,2,True,0,{}
train_01717,src_9dcf1d26a674fcd404b9,Normal,0,train,train_legacy,73,2,0,2,True,0,{}
train_03973,src_9dcf9b42c112d39dd4ff,Bipolar,3,train,train_legacy,223,2,0,2,True,0,{}
test_02164,src_9ddad3dca357820d585c,Bipolar,3,test,test_nested,295,0,2,2,True,0,{}
train_00006,src_9dea47ea475441a00eae,Anxiety,2,train,train_legacy,507,2,1,2,True,0,"{""meta_commentary"": 1}"
test_01589,src_9dee4a58d072eb15edc6,Depression,1,test,test_nested,340,0,2,2,True,0,{}
train_04223,src_9df85b27400573b57478,Normal,0,train,train_legacy,129,2,0,2,True,0,{}
train_03271,src_9e02621d338be07c91dd,Anxiety,2,train,train_legacy,397,2,0,2,True,0,{}
train_03552,src_9e044f5c1b20c29fb70c,Bipolar,3,train,train_legacy,562,2,0,2,True,0,{}
train_05887,src_9e17fe29463698ad7b32,Bipolar,3,train,train_legacy,994,2,0,2,True,0,{}
train_01061,src_9e29d445743869458bc3,Anxiety,2,train,train_legacy,318,2,1,2,True,0,"{""meta_commentary"": 1}"
train_05866,src_9e32c905cf7ecbc7263e,Bipolar,3,train,train_legacy,152,2,0,2,True,0,{}
train_04898,src_9e44f2306b0da3d44172,Normal,0,train,train_legacy,28,2,1,2,True,0,"{""length_ratio"": 1}"
train_03024,src_9e4e73979a4ac40035ab,Depression,1,train,train_legacy,262,2,1,2,True,0,"{""length_ratio"": 1}"
train_05275,src_9e4ee592a2905bdda5e6,Bipolar,3,train,train_legacy,322,2,0,2,True,0,{}
train_00195,src_9e5273ae77d131eaca99,Normal,0,train,train_legacy,20,2,5,0,False,2,"{""sbert"": 7}"
test_00762,src_9e59466f42ae621bf785,Depression,1,train,train_added,99,2,5,0,False,2,"{""length_ratio"": 5, ""sbert"": 2}"
test_01715,src_9e5e14441548da0c8420,Depression,1,test,test_nested,72,0,2,2,True,0,{}
train_01558,src_9e607a0d498768cb5a30,Bipolar,3,train,train_legacy,218,2,0,2,True,0,{}
train_03502,src_9e69fd6f7b6fb4b99e7f,Normal,0,train,train_legacy,389,2,0,2,True,0,{}
train_05294,src_9e793845c0869a1f1029,Anxiety,2,train,train_legacy,2120,2,1,2,True,0,"{""meta_commentary"": 1}"
train_00280,src_9e83f5e04b64a43fd2cb,Anxiety,2,train,train_legacy,153,2,0,2,True,0,{}
train_03589,src_9e8c1926521ea66d255f,Depression,1,train,train_legacy,37,2,5,0,False,2,"{""length_ratio"": 3, ""meta_commentary"": 1, ""refusal"": 3}"
test_00973,src_9e8c3991bf69f3970adf,Normal,0,test,test_nested,88,0,3,2,True,0,"{""length_ratio"": 1}"
test_01755,src_9e8cd8feeb23f079b459,Normal,0,test,test_nested,15,0,5,1,False,1,"{""length_ratio"": 1, ""sbert"": 3}"
train_04956,src_9e9d3ad3b613a2ce7e3e,Bipolar,3,train,train_legacy,1350,2,0,2,True,0,{}
val_confirm_00268,src_9ea0849a25c29c5c0d23,Bipolar,3,train,train_added,1165,2,0,2,True,0,{}
test_02171,src_9ea1d6dfca471afa6395,Normal,0,test,test_nested,18,0,5,0,False,2,"{""length_ratio"": 5}"
train_04222,src_9ea8abd08eedcb2f68be,Normal,0,train,train_legacy,28,2,0,2,True,0,{}
train_03885,src_9ea983425974436a64bf,Normal,0,train,train_legacy,21,2,5,1,False,1,"{""length_ratio"": 4, ""sbert"": 2}"
train_04211,src_9eac4c6365d34602ad91,Bipolar,3,train,train_legacy,864,2,0,2,True,0,{}
test_00860,src_9eafc2ab14519878e566,Bipolar,3,test,test_nested,586,0,5,2,True,0,"{""meta_commentary"": 3}"
train_02736,src_9eb7f8392856052c2dc2,Normal,0,train,train_legacy,6,2,5,0,False,2,"{""length_ratio"": 7}"
test_01339,src_9ec1bb752969e886032e,Depression,1,test,test_nested,3651,0,2,2,True,0,{}
train_03988,src_9ec1dca044919353dc44,Bipolar,3,train,train_legacy,469,2,0,2,True,0,{}
test_01583,src_9ec1eacabc8133b7d127,Depression,1,test,test_nested,722,0,2,2,True,0,{}
train_03072,src_9ec9e1682d905be7d80a,Anxiety,2,train,train_legacy,266,2,0,2,True,0,{}
test_01628,src_9ece885240d6b9a7b5b9,Depression,1,test,test_nested,607,0,2,2,True,0,{}
train_04601,src_9ed49b059b7eafd14282,Normal,0,train,train_legacy,46,2,2,2,True,0,"{""length_ratio"": 2}"
train_01321,src_9edef2f1bbdf1baf4846,Anxiety,2,train,train_legacy,1704,2,0,2,True,0,{}
train_03813,src_9edf017be898b2e5645b,Bipolar,3,train,train_legacy,1105,2,0,2,True,0,{}
train_00537,src_9ee01ef9192912db348d,Normal,0,train,train_legacy,52,2,5,0,False,2,"{""length_ratio"": 5, ""sbert"": 2}"
train_03888,src_9eeb499380997b05c06e,Depression,1,train,train_legacy,151,2,5,0,False,2,"{""length_ratio"": 7}"
train_02495,src_9ef0f59270bffdb4fee5,Bipolar,3,train,train_legacy,1710,2,0,2,True,0,{}
test_01778,src_9ef8844aba452bcbf5b5,Normal,0,test,test_nested,40,0,5,0,False,2,"{""length_ratio"": 3, ""sbert"": 2}"
train_00085,src_9efc028acc1c8a58dc7c,Depression,1,train,train_legacy,200,2,0,2,True,0,{}
train_02422,src_9f1513dddbf6c861692c,Depression,1,train,train_legacy,698,2,0,2,True,0,{}
train_00621,src_9f165ce45b2b44328158,Anxiety,2,train,train_legacy,941,2,0,2,True,0,{}
train_01143,src_9f1ed0fee7f7d86bd29e,Bipolar,3,train,train_legacy,761,2,0,2,True,0,{}
test_00565,src_9f1fb5311fd666068ad7,Bipolar,3,test,test_nested,709,0,2,2,True,0,{}
test_00665,src_9f227a86a86c3b825b5f,Anxiety,2,test,test_nested,1351,0,2,2,True,0,{}
train_00217,src_9f2f9ea2da68a45f58f4,Anxiety,2,train,train_legacy,302,2,0,2,True,0,{}
train_04168,src_9f34cd2225f069dcc699,Normal,0,train,train_legacy,54,2,1,2,True,0,"{""length_ratio"": 1}"
train_02399,src_9f3631eb74d3917599b9,Depression,1,train,train_legacy,104,2,5,1,False,1,"{""length_ratio"": 2, ""sbert"": 4}"
train_01967,src_9f37a799a7db570728d7,Anxiety,2,train,train_legacy,71,2,5,2,True,0,"{""length_ratio"": 4, ""sbert"": 1}"
test_00329,src_9f486a41818cf9b0f7ef,Normal,0,test,test_nested,80,0,5,0,False,2,"{""length_ratio"": 1, ""sbert"": 4}"
test_01886,src_9f542a5091851ccd76c4,Normal,0,test,test_nested,133,0,2,2,True,0,{}
train_04102,src_9f5504c7dfa5cf2e8215,Depression,1,train,train_legacy,504,2,5,0,False,2,"{""refusal"": 7}"
train_04502,src_9f64d8c2146f6ab7978b,Bipolar,3,train,train_legacy,2355,2,0,2,True,0,{}
test_00344,src_9f6e983cb9c8abc59855,Normal,0,test,test_nested,106,0,2,2,True,0,{}
train_05318,src_9f6ef2f6d22a33ba75bf,Bipolar,3,train,train_legacy,4854,2,5,1,False,1,"{""meta_commentary"": 6}"
train_02957,src_9f6f0352e196f215c5b6,Bipolar,3,train,train_legacy,2037,2,0,2,True,0,{}
train_00812,src_9f72f32751baf973133c,Normal,0,train,train_legacy,40,2,0,2,True,0,{}
train_02459,src_9f8410168162ec27b57a,Bipolar,3,train,train_legacy,5002,2,1,2,True,0,"{""length_ratio"": 1}"
train_00920,src_9f8441c040431dc9dcea,Normal,0,train,train_legacy,28,2,0,2,True,0,{}
train_01677,src_9f90f659e671402fda37,Depression,1,train,train_legacy,1094,2,4,2,True,0,"{""meta_commentary"": 4}"
train_04599,src_9f9ba10f5982bc1800f7,Depression,1,train,train_legacy,147,2,1,2,True,0,"{""sbert"": 1}"
train_05495,src_9fa23965f07a37aaab02,Normal,0,train,train_legacy,44,2,0,2,True,0,{}
train_01589,src_9faf88355754d1435136,Depression,1,train,train_legacy,277,2,2,2,True,0,"{""length_ratio"": 2}"
train_02258,src_9fb056a9cd76ca9149ad,Anxiety,2,train,train_legacy,98,2,3,2,True,0,"{""length_ratio"": 3}"
train_04421,src_9fb8775e0e7ee894ff10,Anxiety,2,train,train_legacy,426,2,0,2,True,0,{}
test_02066,src_9fc5a4e40fd504698483,Anxiety,2,test,test_nested,514,0,2,2,True,0,{}
train_02678,src_9fc9bf8c216701a54050,Bipolar,3,train,train_legacy,706,2,0,2,True,0,{}
train_05485,src_9fcd115b768934aab4a0,Bipolar,3,train,train_legacy,258,2,1,2,True,0,"{""length_ratio"": 1}"
train_02696,src_9fe8240e60d56efc0b6e,Bipolar,3,train,train_legacy,1379,2,0,2,True,0,{}
test_02019,src_9fec3a6247d6bc7597fe,Anxiety,2,test,test_nested,660,0,2,2,True,0,{}
train_03980,src_9fed4039bc883d7560ca,Anxiety,2,train,train_legacy,39,2,5,0,False,2,"{""sbert"": 7}"
train_00947,src_9fed76a1f24b28b9352f,Depression,1,train,train_legacy,57,2,5,0,False,2,"{""length_ratio"": 5, ""sbert"": 2}"
val_confirm_00722,src_9fedaf15d7bcc666ab14,Normal,0,train,train_added,27,2,1,2,True,0,"{""sbert"": 1}"
train_05835,src_9ff14caf55e6c5592f6b,Depression,1,train,train_legacy,162,2,0,2,True,0,{}
train_04239,src_9ff917d5b1ed25bb9cdf,Normal,0,train,train_legacy,19,2,4,2,True,0,"{""length_ratio"": 4}"
val_confirm_00183,src_9ffa6f786761ce521900,Bipolar,3,train,train_added,345,2,0,2,True,0,{}
train_05268,src_a0014af9b5cc82ca086b,Anxiety,2,train,train_legacy,1147,2,0,2,True,0,{}
train_04012,src_a00f948c9320b610e061,Depression,1,train,train_legacy,904,2,0,2,True,0,{}
train_04639,src_a01215baa7bc5673eb49,Depression,1,train,train_legacy,1097,2,5,0,False,2,"{""refusal"": 7}"
train_04660,src_a012502d18f43e485919,Anxiety,2,train,train_legacy,35,2,5,1,False,1,"{""length_ratio"": 4, ""sbert"": 2}"
test_01944,src_a015305a37d07d2aca27,Normal,0,test,test_nested,42,0,2,2,True,0,{}
train_04499,src_a0189602c573bcf4f1a6,Bipolar,3,train,train_legacy,629,2,0,2,True,0,{}
test_01618,src_a0244a5caab41a94e38d,Anxiety,2,test,test_nested,293,0,2,2,True,0,{}
test_00114,src_a027575da2d3087808de,Bipolar,3,test,test_nested,488,0,2,2,True,0,{}
train_02409,src_a02ef61993607516dffa,Bipolar,3,train,train_legacy,3405,2,0,2,True,0,{}
train_02481,src_a02f6ef57f4ae51638f6,Anxiety,2,train,train_legacy,133,2,0,2,True,0,{}
train_00254,src_a036b77922bf87cf93dd,Anxiety,2,train,train_legacy,783,2,0,2,True,0,{}
test_02312,src_a04d4fd0d8b0658fd06c,Bipolar,3,test,test_nested,1542,0,2,2,True,0,{}
train_02418,src_a05979b9e2ffeecc9933,Depression,1,train,train_legacy,810,2,1,2,True,0,"{""meta_commentary"": 1}"
train_03772,src_a0624b96b45bf901e666,Depression,1,train,train_legacy,589,2,0,2,True,0,{}
test_02148,src_a065335768d2323ef1b0,Normal,0,test,test_nested,70,0,5,1,False,1,"{""length_ratio"": 4}"
train_00241,src_a065e8d0693a5b017f28,Depression,1,train,train_legacy,1654,2,0,2,True,0,{}
train_05632,src_a06a3b7bd3315314c947,Anxiety,2,train,train_legacy,271,2,0,2,True,0,{}
test_00985,src_a06ed221132bfd887a27,Depression,1,train,train_added,687,2,4,2,True,0,"{""meta_commentary"": 4}"
test_02282,src_a06f458d60405bdfa082,Bipolar,3,test,test_nested,166,0,2,2,True,0,{}
train_03086,src_a074adb4f3a4dcae1f30,Depression,1,train,train_legacy,427,2,0,2,True,0,{}
train_00490,src_a07b96ffdbf0bbdf00c5,Bipolar,3,train,train_legacy,227,2,0,2,True,0,{}
train_05767,src_a08b8d57cb159ef5491f,Anxiety,2,train,train_legacy,419,2,0,2,True,0,{}
train_05358,src_a08f786a0d23a4ab8fe7,Depression,1,train,train_legacy,377,2,0,2,True,0,{}
train_00833,src_a09912e6a97494b828d2,Anxiety,2,train,train_legacy,573,2,4,2,True,0,"{""meta_commentary"": 4}"
train_04705,src_a09b2f3e8511d7fd7f09,Anxiety,2,train,train_legacy,251,2,0,2,True,0,{}
train_04642,src_a0a5a61dcf0c445c197e,Normal,0,train,train_legacy,116,2,5,1,False,1,"{""length_ratio"": 1, ""sbert"": 5}"
train_05383,src_a0b309bf012139c19e31,Depression,1,train,train_legacy,2359,2,0,2,True,0,{}
train_03599,src_a0b46ae4490c60c1dc5a,Bipolar,3,train,train_legacy,490,2,1,2,True,0,"{""meta_commentary"": 1}"
train_04824,src_a0b612f15b5539ffec4c,Normal,0,train,train_legacy,121,2,3,2,True,0,"{""length_ratio"": 3}"
train_02151,src_a0bf8f32fe9dcaa88cbc,Anxiety,2,train,train_legacy,466,2,0,2,True,0,{}
train_00997,src_a0c27c57cb0e5b3ad6e4,Depression,1,train,train_legacy,575,2,0,2,True,0,{}
val_confirm_00284,src_a0c44dc875a8ab2a2554,Anxiety,2,train,train_added,544,2,0,2,True,0,{}
train_01300,src_a0da5ae3f67bfd886266,Normal,0,train,train_legacy,27,2,0,2,True,0,{}
test_00718,src_a0daedd2e7db26d217a1,Anxiety,2,train,train_added,536,2,0,2,True,0,{}
test_02438,src_a0dcab9b4b391d15e282,Depression,1,test,test_nested,436,0,2,2,True,0,{}
train_04723,src_a0e21a36a78c5678811c,Bipolar,3,train,train_legacy,2455,2,0,2,True,0,{}
train_00071,src_a0e878ab5f607583d6f0,Anxiety,2,train,train_legacy,597,2,1,2,True,0,"{""meta_commentary"": 1}"
train_03134,src_a101feb04af7f6562873,Depression,1,train,train_legacy,764,2,0,2,True,0,{}
train_03125,src_a103cded87d7d8886efa,Bipolar,3,train,train_legacy,557,2,0,2,True,0,{}
val_search_00289,src_a107f12d933df545a969,Normal,0,train,train_added,53,2,5,0,False,2,"{""meta_commentary"": 2, ""sbert"": 5}"
train_00375,src_a1087a49010b93775140,Depression,1,train,train_legacy,134,2,0,2,True,0,{}
train_00485,src_a11130a403b2ede0abc0,Bipolar,3,train,train_legacy,958,2,0,2,True,0,{}
train_05202,src_a114cb754c4b27bb4871,Anxiety,2,train,train_legacy,522,2,0,2,True,0,{}
test_02209,src_a120ca6ca7f03ea94dfd,Normal,0,test,test_nested,10,0,5,0,False,2,"{""length_ratio"": 3, ""meta_commentary"": 1, ""sbert"": 1}"
train_05893,src_a127f931279e615b7e63,Bipolar,3,train,train_legacy,1073,2,1,2,True,0,"{""meta_commentary"": 1}"
train_03124,src_a14e1db89e979b2d27e9,Anxiety,2,train,train_legacy,703,2,0,2,True,0,{}
train_00932,src_a16d995541c2604a5049,Depression,1,train,train_legacy,385,2,0,2,True,0,{}
val_confirm_00193,src_a180b2e8c46e0ac22a08,Depression,1,train,train_added,617,2,0,2,True,0,{}
train_01921,src_a1887f12e5f998f4d95b,Depression,1,train,train_legacy,2272,2,0,2,True,0,{}
test_00522,src_a18e65f2bf0660f50ce7,Bipolar,3,train,train_added,1318,2,0,2,True,0,{}
test_02458,src_a1902ca8f099a1fa762c,Depression,1,test,test_nested,481,0,2,2,True,0,{}
train_00869,src_a1952940f1aa4cd9d207,Anxiety,2,train,train_legacy,648,2,0,2,True,0,{}
train_03023,src_a1a4c6ec11b471230859,Normal,0,train,train_legacy,81,2,0,2,True,0,{}
val_confirm_00049,src_a1a628d5ab461bb0b25d,Depression,1,train,train_added,602,2,0,2,True,0,{}
train_00397,src_a1a7e91ac436c26e38b4,Anxiety,2,train,train_legacy,773,2,0,2,True,0,{}
train_05687,src_a1b47e7aeeebfca8811c,Bipolar,3,train,train_legacy,1609,2,0,2,True,0,{}
train_00663,src_a1c4dd488989597935e1,Anxiety,2,train,train_legacy,303,2,5,0,False,2,"{""refusal"": 7}"
train_00320,src_a1ce856f27d9dfe486af,Depression,1,train,train_legacy,1252,2,0,2,True,0,{}
train_03983,src_a1d801ea20c03dec1bcb,Depression,1,train,train_legacy,527,2,0,2,True,0,{}
train_03053,src_a1d88d7297f644cc9623,Anxiety,2,train,train_legacy,10,2,5,0,False,2,"{""length_ratio"": 3, ""sbert"": 4}"
test_01069,src_a1f08315afc053085b1d,Depression,1,test,test_nested,3985,0,2,2,True,0,{}
test_00840,src_a1fd17dbd8ae2d2e8b90,Normal,0,test,test_nested,73,0,5,0,False,2,"{""length_ratio"": 5}"
train_05543,src_a205cc03ada386c215ea,Anxiety,2,train,train_legacy,461,2,0,2,True,0,{}
train_03001,src_a20bc5c168a4efef497a,Anxiety,2,train,train_legacy,456,2,0,2,True,0,{}
test_00813,src_a213f55c3b4a574c5c25,Normal,0,train,train_added,25,2,2,2,True,0,"{""length_ratio"": 2}"
train_00843,src_a2217354f7cde325ccfa,Depression,1,train,train_legacy,502,2,0,2,True,0,{}
test_00716,src_a22c2338e84d3153369b,Anxiety,2,test,test_nested,76,0,5,2,True,0,"{""length_ratio"": 3}"
train_02915,src_a22c64d147d1f2b788e5,Anxiety,2,train,train_legacy,17,2,5,0,False,2,"{""length_ratio"": 6, ""sbert"": 1}"
train_04120,src_a22e882035134b564947,Normal,0,train,train_legacy,22,2,5,0,False,2,"{""sbert"": 7}"
train_00563,src_a234470334c4c160f398,Bipolar,3,train,train_legacy,1488,2,0,2,True,0,{}
test_00282,src_a239651002b4d8914fd3,Bipolar,3,test,test_nested,136,0,2,2,True,0,{}
test_00254,src_a23f409c821b5c65a48b,Normal,0,test,test_nested,40,0,5,0,False,2,"{""length_ratio"": 5}"
test_01754,src_a246e0a3a6cb4f78238f,Normal,0,test,test_nested,43,0,2,2,True,0,{}
train_02221,src_a248fdc54a987b1c1ae3,Bipolar,3,train,train_legacy,406,2,0,2,True,0,{}
train_03163,src_a24a5d96f323ad2438f8,Bipolar,3,train,train_legacy,1393,2,0,2,True,0,{}
train_02229,src_a254ee165ab466e6c42b,Bipolar,3,train,train_legacy,582,2,0,2,True,0,{}
test_00235,src_a2693b45d9499946b48c,Normal,0,test,test_nested,41,0,5,0,False,2,"{""meta_commentary"": 3, ""sbert"": 2}"
train_02591,src_a2753d1285d76de554e3,Bipolar,3,train,train_legacy,219,2,0,2,True,0,{}
train_00675,src_a276c4e1747f331e4612,Anxiety,2,train,train_legacy,16,2,5,0,False,2,"{""length_ratio"": 6, ""sbert"": 1}"
train_05230,src_a28533571bb933156ef8,Normal,0,train,train_legacy,55,2,1,2,True,0,"{""sbert"": 1}"
train_04859,src_a28ef61876788e17d1b7,Depression,1,train,train_legacy,1140,2,1,2,True,0,"{""meta_commentary"": 1}"
test_01195,src_a29618175e6cb69bcb5b,Depression,1,test,test_nested,251,0,2,2,True,0,{}
train_02727,src_a29f01480b631176597e,Depression,1,train,train_legacy,130,2,0,2,True,0,{}
train_01491,src_a2a081d54e1573ac0b0d,Depression,1,train,train_legacy,1038,2,1,2,True,0,"{""meta_commentary"": 1}"
train_04351,src_a2b6948af719b1f80e1b,Normal,0,train,train_legacy,52,2,5,2,True,0,"{""length_ratio"": 3, ""sbert"": 2}"
train_00211,src_a2bcc0524bffe4373f96,Anxiety,2,train,train_legacy,45,2,0,2,True,0,{}
train_04828,src_a2bd85b73f62b7898e45,Depression,1,train,train_legacy,625,2,0,2,True,0,{}
test_01286,src_a2ca0ac40ddda7dea9dc,Depression,1,test,test_nested,1409,0,5,0,False,2,"{""refusal"": 5}"
test_00321,src_a2d188271de2eb64fd24,Anxiety,2,test,test_nested,809,0,2,2,True,0,{}
train_02066,src_a2d73514cdbe38d64db5,Bipolar,3,train,train_legacy,523,2,1,2,True,0,"{""meta_commentary"": 1}"
train_05775,src_a2e02b1c47fcb61e715c,Normal,0,train,train_legacy,80,2,5,1,False,1,"{""length_ratio"": 3, ""sbert"": 3}"
train_02562,src_a2e2ac0776c3ef410e87,Depression,1,train,train_legacy,517,2,0,2,True,0,{}
test_01675,src_a2f0d9d0ac2251cf2bb2,Anxiety,2,train,train_added,6121,2,5,0,False,2,"{""length_ratio"": 6, ""meta_commentary"": 1}"
test_01156,src_a2f3f0cc59c88baacbca,Anxiety,2,test,test_nested,830,0,2,2,True,0,{}
train_01917,src_a2f82783854ab9e4d499,Anxiety,2,train,train_legacy,617,2,1,2,True,0,"{""meta_commentary"": 1}"
train_00370,src_a2feb88a7bd612380d5f,Depression,1,train,train_legacy,300,2,0,2,True,0,{}
train_02570,src_a301161e4b0d01b01176,Bipolar,3,train,train_legacy,1765,2,3,2,True,0,"{""meta_commentary"": 3}"
test_00112,src_a303d8c6f119bead6a12,Normal,0,test,test_nested,46,0,5,1,False,1,"{""sbert"": 4}"
train_00443,src_a3071ae68c485ad0b0fd,Anxiety,2,train,train_legacy,621,2,0,2,True,0,{}
train_03040,src_a30adb49d0b05dab6038,Depression,1,train,train_legacy,546,2,1,2,True,0,"{""meta_commentary"": 1}"
train_04709,src_a318342a39c724738839,Anxiety,2,train,train_legacy,170,2,0,2,True,0,{}
train_03606,src_a31a4811e68019971add,Bipolar,3,train,train_legacy,238,2,0,2,True,0,{}
test_01200,src_a3243c028c9548dd9145,Anxiety,2,test,test_nested,486,0,2,2,True,0,{}
train_01585,src_a32739e9c17382dd75a4,Anxiety,2,train,train_legacy,1476,2,0,2,True,0,{}
train_00454,src_a3290bf347ecf65fc477,Anxiety,2,train,train_legacy,1355,2,0,2,True,0,{}
test_01114,src_a32b1413152372ee605a,Anxiety,2,test,test_nested,2141,0,5,0,False,2,"{""meta_commentary"": 5}"
train_05637,src_a32d8a4def6ef3f8406e,Anxiety,2,train,train_legacy,429,2,0,2,True,0,{}
train_00541,src_a32eb03518714acee432,Depression,1,train,train_legacy,3008,2,0,2,True,0,{}
train_00354,src_a32fd684b4e88fa008b8,Depression,1,train,train_legacy,1025,2,0,2,True,0,{}
test_00453,src_a3345602116bb4dd3e3a,Normal,0,train,train_added,130,2,0,2,True,0,{}
train_02927,src_a33489152e103966ca6a,Bipolar,3,train,train_legacy,1557,2,0,2,True,0,{}
train_03884,src_a3379ea942cc3f4e9401,Bipolar,3,train,train_legacy,877,2,0,2,True,0,{}
test_00129,src_a33990bbd8f9ce320646,Normal,0,test,test_nested,67,0,4,2,True,0,"{""length_ratio"": 2}"
train_03863,src_a33f545bfcf0baaf7603,Anxiety,2,train,train_legacy,270,2,0,2,True,0,{}
test_01612,src_a34deb7d1643ae3c69fc,Normal,0,test,test_nested,82,0,2,2,True,0,{}
val_search_00287,src_a35125d7ad9e97e391a0,Anxiety,2,train,train_added,396,2,0,2,True,0,{}
train_04301,src_a3577614549d690d63e2,Bipolar,3,train,train_legacy,704,2,0,2,True,0,{}
train_01905,src_a35d6e3b61a0ef6b0914,Bipolar,3,train,train_legacy,364,2,0,2,True,0,{}
train_05371,src_a3666fcc635c070eeab1,Normal,0,train,train_legacy,92,2,0,2,True,0,{}
test_00261,src_a3698c2ce7813a7cd08e,Depression,1,test,test_nested,983,0,2,2,True,0,{}
train_04917,src_a3715b95123038c603e2,Bipolar,3,train,train_legacy,984,2,0,2,True,0,{}
train_03224,src_a37f6e5b34666f5b1b53,Bipolar,3,train,train_legacy,697,2,0,2,True,0,{}
train_03940,src_a387a5134263d7c6b8d0,Normal,0,train,train_legacy,17,2,5,0,False,2,"{""length_ratio"": 3, ""sbert"": 4}"
train_05870,src_a38bd6ffb6f3b3e4f3dd,Bipolar,3,train,train_legacy,752,2,0,2,True,0,{}
train_05958,src_a38d68b7734278335b66,Normal,0,train,train_legacy,123,2,0,2,True,0,{}
test_00049,src_a391d66ef95ea4669329,Bipolar,3,test,test_nested,515,0,2,2,True,0,{}
train_02292,src_a3a13ecb04d14a1d661c,Bipolar,3,train,train_legacy,755,2,0,2,True,0,{}
train_00627,src_a3ab68cf5ed3602ea2c1,Normal,0,train,train_legacy,430,2,0,2,True,0,{}
train_04208,src_a3c552923131e517a71d,Anxiety,2,train,train_legacy,26,2,5,0,False,2,"{""length_ratio"": 5, ""meta_commentary"": 1, ""sbert"": 1}"
test_00584,src_a3e35b57e4db03e8e573,Normal,0,test,test_nested,83,0,5,1,False,1,"{""length_ratio"": 3, ""sbert"": 1}"
train_05231,src_a3e3f3c0ee7741133ded,Bipolar,3,train,train_legacy,677,2,0,2,True,0,{}
test_00338,src_a3e7e976577cc09909ef,Depression,1,test,test_nested,746,0,3,2,True,0,"{""refusal"": 1}"
train_01248,src_a3eb0aba5f5c02fab5d3,Bipolar,3,train,train_legacy,410,2,0,2,True,0,{}
train_04538,src_a3eb1049e1458743d8c8,Depression,1,train,train_legacy,268,2,0,2,True,0,{}
train_05532,src_a3f8539d218096af1e65,Anxiety,2,train,train_legacy,91,2,0,2,True,0,{}
test_00536,src_a3f93d3e16d8dab6ae11,Bipolar,3,train,train_added,563,2,0,2,True,0,{}
test_00923,src_a3fb645e246ff291a36d,Normal,0,test,test_nested,15,0,4,2,True,0,"{""duplicate"": 2}"
train_02168,src_a40ecd0daf0d266580ff,Normal,0,train,train_legacy,42,2,1,2,True,0,"{""length_ratio"": 1}"
train_03873,src_a41d4ee7fea5134339a7,Anxiety,2,train,train_legacy,927,2,0,2,True,0,{}
train_05334,src_a41d6b39a1bdf02824b9,Normal,0,train,train_legacy,147,2,0,2,True,0,{}
train_01798,src_a42f829d6a900f17a1a6,Bipolar,3,train,train_legacy,1290,2,1,2,True,0,"{""meta_commentary"": 1}"
train_03798,src_a439ac79f948b3f095bb,Depression,1,train,train_legacy,152,2,0,2,True,0,{}
train_02421,src_a43b6c9e3125b6376641,Anxiety,2,train,train_legacy,370,2,1,2,True,0,"{""meta_commentary"": 1}"
test_00814,src_a4410665fe4622f91726,Depression,1,test,test_nested,278,0,2,2,True,0,{}
test_00612,src_a44d8fc33a4127f2792e,Bipolar,3,test,test_nested,899,0,2,2,True,0,{}
train_02621,src_a455c6ee3873238fb7cf,Bipolar,3,train,train_legacy,384,2,0,2,True,0,{}
test_01526,src_a456b48cabb1c6791060,Bipolar,3,test,test_nested,717,0,5,0,False,2,"{""refusal"": 5}"
val_confirm_00322,src_a4572e63c646f97f48ec,Anxiety,2,train,train_added,34,2,1,2,True,0,"{""sbert"": 1}"
train_03249,src_a45e34269da7e16abc61,Anxiety,2,train,train_legacy,845,2,0,2,True,0,{}
train_00057,src_a4604dfae1712be587da,Normal,0,train,train_legacy,22,2,1,2,True,0,"{""duplicate"": 1}"
val_confirm_00234,src_a462dc9bbbd3ee5eaa0a,Normal,0,train,train_added,58,2,0,2,True,0,{}
train_05009,src_a47aaa25a66dfb5f961f,Normal,0,train,train_legacy,9,2,2,2,True,0,"{""duplicate"": 1, ""sbert"": 1}"
test_02316,src_a47be63924bd27951f00,Anxiety,2,train,train_added,1537,2,4,2,True,0,"{""meta_commentary"": 4}"
test_01011,src_a47c876dcfb572c7796a,Normal,0,test,test_nested,101,0,2,2,True,0,{}
train_05914,src_a48ab2bcce39d11e330d,Depression,1,train,train_legacy,2076,2,0,2,True,0,{}
train_01592,src_a49021441ee91db17716,Anxiety,2,train,train_legacy,2279,2,5,1,False,1,"{""meta_commentary"": 6}"
train_05974,src_a49631ef049a956ae53b,Bipolar,3,train,train_legacy,301,2,5,0,False,2,"{""meta_commentary"": 7}"
train_02364,src_a498234f7ee82a0c7168,Normal,0,train,train_legacy,44,2,0,2,True,0,{}
train_05348,src_a4a5451eba4e86835ba6,Normal,0,train,train_legacy,68,2,2,2,True,0,"{""sbert"": 2}"
train_03081,src_a4aef9dc3d004cf5460f,Anxiety,2,train,train_legacy,270,2,0,2,True,0,{}
train_03872,src_a4b3fc3a7063f50d2a0d,Anxiety,2,train,train_legacy,561,2,0,2,True,0,{}
train_01763,src_a4bc1f4cef32c467bb23,Normal,0,train,train_legacy,84,2,5,0,False,2,"{""sbert"": 7}"
train_03528,src_a4bdb35257562de5630d,Bipolar,3,train,train_legacy,286,2,0,2,True,0,{}
train_00471,src_a4bdd8ef0f31a9ca67b9,Anxiety,2,train,train_legacy,739,2,0,2,True,0,{}
test_02232,src_a4be4250c2b1a6c72af4,Normal,0,train,train_added,34,2,2,2,True,0,"{""length_ratio"": 2}"
train_05452,src_a4c4fdec3bc7fb4b385e,Bipolar,3,train,train_legacy,988,2,0,2,True,0,{}
train_05308,src_a4c5a95c06029f887cce,Normal,0,train,train_legacy,26,2,0,2,True,0,{}
train_03439,src_a4c7e1d5c3b630eb5a27,Depression,1,train,train_legacy,361,2,0,2,True,0,{}
val_confirm_00450,src_a4c84cf611276d813d34,Depression,1,train,train_added,1279,2,0,2,True,0,{}
train_01617,src_a4d2dca475a35cdbd950,Anxiety,2,train,train_legacy,1308,2,0,2,True,0,{}
train_02484,src_a4e3642254d0d5546e9e,Depression,1,train,train_legacy,2198,2,0,2,True,0,{}
val_search_00160,src_a4e3bf9dec40d75afc02,Anxiety,2,train,train_added,396,2,0,2,True,0,{}
train_03414,src_a4e69eda566211c4a207,Bipolar,3,train,train_legacy,1234,2,0,2,True,0,{}
train_01599,src_a4eb37cad6c4acdc32b3,Normal,0,train,train_legacy,50,2,0,2,True,0,{}
test_01039,src_a50af772eb65a4a33019,Bipolar,3,train,train_added,223,2,0,2,True,0,{}
val_confirm_00851,src_a519b8849805da5498f7,Anxiety,2,train,train_added,890,2,0,2,True,0,{}
train_03557,src_a52080da4d094d790b5f,Depression,1,train,train_legacy,74,2,5,0,False,2,"{""length_ratio"": 4, ""sbert"": 3}"
train_00079,src_a525a93a925e36d16df9,Anxiety,2,train,train_legacy,524,2,0,2,True,0,{}
train_04838,src_a5283f1507a13f37c5fa,Depression,1,train,train_legacy,1042,2,0,2,True,0,{}
train_01075,src_a52964e7d818546e5aac,Anxiety,2,train,train_legacy,719,2,0,2,True,0,{}
train_05399,src_a54891a958b4e214393a,Anxiety,2,train,train_legacy,191,2,0,2,True,0,{}
train_01903,src_a54b459e66568f6ea841,Depression,1,train,train_legacy,943,2,5,0,False,2,"{""refusal"": 7}"
train_03291,src_a5512526b473fc48d292,Depression,1,train,train_legacy,583,2,1,2,True,0,"{""meta_commentary"": 1}"
test_01768,src_a55626e028af25059bc2,Normal,0,test,test_nested,23,0,2,2,True,0,{}
test_02198,src_a55d75c3ca06874e4ddf,Anxiety,2,test,test_nested,277,0,2,2,True,0,{}
train_04401,src_a56a14a0e43b010d7c68,Normal,0,train,train_legacy,65,2,5,0,False,2,"{""length_ratio"": 3, ""sbert"": 4}"
test_00709,src_a57e459a784d35ff13de,Depression,1,test,test_nested,670,0,2,2,True,0,{}
test_01605,src_a585cc213272da92b402,Bipolar,3,test,test_nested,339,0,2,2,True,0,{}
test_00409,src_a58ae3663aedac01aa5a,Depression,1,test,test_nested,95,0,5,1,False,1,"{""length_ratio"": 4}"
train_03426,src_a5921d6c3fd0fcda45ef,Anxiety,2,train,train_legacy,2156,2,0,2,True,0,{}
test_02080,src_a59e398ccb0d041bd622,Bipolar,3,test,test_nested,2103,0,2,2,True,0,{}
train_04991,src_a5a4b20fe7ae8b4a4e9a,Depression,1,train,train_legacy,318,2,5,2,True,0,"{""length_ratio"": 1, ""sbert"": 2}"
train_05370,src_a5a678740a92859cca47,Normal,0,train,train_legacy,6,2,5,0,False,2,"{""length_ratio"": 7}"
train_00008,src_a5a719262a2fa7d8b658,Anxiety,2,train,train_legacy,971,2,0,2,True,0,{}
val_confirm_00588,src_a5a82374256a48d1aee9,Depression,1,train,train_added,458,2,1,2,True,0,"{""meta_commentary"": 1}"
train_04340,src_a5b7ca439073fe912406,Anxiety,2,train,train_legacy,929,2,0,2,True,0,{}
train_01761,src_a5b8efdfff08240321bd,Anxiety,2,train,train_legacy,331,2,0,2,True,0,{}
train_05096,src_a5bdfa5f749d95a0b19c,Normal,0,train,train_legacy,32,2,5,0,False,2,"{""length_ratio"": 5, ""sbert"": 2}"
train_02483,src_a5c18c311688c72d65f4,Anxiety,2,train,train_legacy,1025,2,0,2,True,0,{}
train_02475,src_a5c22262c13cbb22d774,Bipolar,3,train,train_legacy,397,2,0,2,True,0,{}
test_01684,src_a5c256fe1b339548e140,Bipolar,3,test,test_nested,1553,0,2,2,True,0,{}
train_00245,src_a5c5c9b7263d1f0aadf5,Bipolar,3,train,train_legacy,1017,2,0,2,True,0,{}
train_04971,src_a5ca9cd1ee6d0180c48c,Normal,0,train,train_legacy,26,2,5,0,False,2,"{""length_ratio"": 6, ""sbert"": 1}"
train_02963,src_a5d747b15eafe41806e0,Anxiety,2,train,train_legacy,1019,2,0,2,True,0,{}
train_04256,src_a5ec648daa0cfb580ff9,Depression,1,train,train_legacy,1101,2,0,2,True,0,{}
test_02216,src_a6091becd7c3cb55f0d4,Normal,0,test,test_nested,35,0,4,2,True,0,"{""length_ratio"": 1, ""sbert"": 1}"
val_confirm_00156,src_a6116e78c97526263234,Depression,1,train,train_added,20,2,3,2,True,0,"{""length_ratio"": 3}"
train_00037,src_a61eb3543aaac233d81f,Normal,0,train,train_legacy,52,2,0,2,True,0,{}
test_00038,src_a61f20962848e0a03326,Normal,0,test,test_nested,22,0,5,0,False,2,"{""length_ratio"": 3, ""sbert"": 2}"
train_01738,src_a628183c2c8d54fa9ed6,Normal,0,train,train_legacy,19,2,2,2,True,0,"{""length_ratio"": 1, ""sbert"": 1}"
train_04934,src_a63889f3551b1258c521,Normal,0,train,train_legacy,124,2,0,2,True,0,{}
test_00891,src_a63b6728357f068a3e0d,Anxiety,2,test,test_nested,932,0,2,2,True,0,{}
test_00191,src_a647aafd332cc0a4c736,Depression,1,test,test_nested,233,0,3,2,True,0,"{""length_ratio"": 1}"
train_02302,src_a64f9c26bcd3e4cdccc7,Anxiety,2,train,train_legacy,145,2,0,2,True,0,{}
train_01624,src_a66ee8b079c5fa5757a9,Normal,0,train,train_legacy,19,2,5,1,False,1,"{""length_ratio"": 6}"
train_05710,src_a672d11fe96f9d7c81fd,Normal,0,train,train_legacy,284,2,0,2,True,0,{}
train_05537,src_a6761660ecb24936b3fa,Anxiety,2,train,train_legacy,716,2,0,2,True,0,{}
val_search_00084,src_a67ddea400617eb2807b,Depression,1,train,train_added,1467,2,0,2,True,0,{}
train_00200,src_a688eaca228485068499,Normal,0,train,train_legacy,80,2,0,2,True,0,{}
test_00980,src_a68917f6ad1b67ba8f59,Anxiety,2,test,test_nested,312,0,2,2,True,0,{}
test_02034,src_a68eb4291acee681c16c,Bipolar,3,test,test_nested,442,0,4,2,True,0,"{""meta_commentary"": 2}"
train_02627,src_a6a26b5952727f508bf2,Normal,0,train,train_legacy,19,2,5,0,False,2,"{""length_ratio"": 2, ""meta_commentary"": 2, ""sbert"": 3}"
test_01057,src_a6a79397066bf181c437,Bipolar,3,test,test_nested,1036,0,5,2,True,0,"{""meta_commentary"": 3}"
train_01978,src_a6af13c4e7e2ecf25c8f,Bipolar,3,train,train_legacy,287,2,0,2,True,0,{}
train_04313,src_a6b3b3e2800273c2165e,Depression,1,train,train_legacy,1036,2,0,2,True,0,{}
test_01894,src_a6b4e023902886f0c5f2,Normal,0,test,test_nested,28,0,5,1,False,1,"{""length_ratio"": 4}"
test_00217,src_a6b73dfddb6ba007b756,Depression,1,test,test_nested,390,0,3,2,True,0,"{""length_ratio"": 1}"
val_confirm_00598,src_a6c0897eee5deedf7e08,Anxiety,2,train,train_added,504,2,0,2,True,0,{}
train_01283,src_a6cfa9523455213ea34f,Depression,1,train,train_legacy,809,2,0,2,True,0,{}
train_00271,src_a6d10c88bd726dccd7f3,Depression,1,train,train_legacy,1410,2,0,2,True,0,{}
test_01442,src_a6d53b3bdff6333e7e23,Anxiety,2,test,test_nested,759,0,2,2,True,0,{}
test_01383,src_a6d8328233732bbfa173,Normal,0,test,test_nested,389,0,2,2,True,0,{}
test_00828,src_a6e4cd2cb02e3a5ccb32,Bipolar,3,test,test_nested,899,0,2,2,True,0,{}
train_05442,src_a6eb8f96c9d477198316,Depression,1,train,train_legacy,328,2,5,0,False,2,"{""refusal"": 7}"
train_02878,src_a6ed8784e47706ce1185,Bipolar,3,train,train_legacy,715,2,1,2,True,0,"{""meta_commentary"": 1}"
train_00020,src_a6f5df1291548f0c075c,Anxiety,2,train,train_legacy,804,2,1,2,True,0,"{""meta_commentary"": 1}"
test_01679,src_a700c189810651d8a0b6,Depression,1,train,train_added,259,2,3,2,True,0,"{""length_ratio"": 2, ""refusal"": 1}"
train_01928,src_a7132a8e4959b386196b,Bipolar,3,train,train_legacy,2301,2,0,2,True,0,{}
test_00805,src_a717feb6e765c233d60c,Normal,0,test,test_nested,74,0,2,2,True,0,{}
test_02454,src_a7202c3cc4c7481fe5d6,Bipolar,3,test,test_nested,418,0,2,2,True,0,{}
train_00486,src_a7219678216e2f15f524,Depression,1,train,train_legacy,1180,2,0,2,True,0,{}
train_03739,src_a722dff1a8d07e95afaf,Anxiety,2,train,train_legacy,365,2,1,2,True,0,"{""length_ratio"": 1}"
train_02517,src_a72ec1e946310738b313,Depression,1,train,train_legacy,165,2,1,2,True,0,"{""sbert"": 1}"
train_04336,src_a738f7dc3e5d5acb3e01,Bipolar,3,train,train_legacy,1111,2,0,2,True,0,{}
test_00741,src_a73be7bae0c60b09ca45,Anxiety,2,test,test_nested,368,0,2,2,True,0,{}
train_02938,src_a73f3267c1f97e789233,Depression,1,train,train_legacy,428,2,0,2,True,0,{}
val_search_00012,src_a74f4b2c12fc6f15326d,Normal,0,train,train_added,53,2,4,2,True,0,"{""sbert"": 4}"
train_01122,src_a750925bd81ba88303e3,Anxiety,2,train,train_legacy,414,2,0,2,True,0,{}
test_00093,src_a759853a1c6b017b63ed,Normal,0,test,test_nested,10,0,5,0,False,2,"{""length_ratio"": 3, ""meta_commentary"": 2}"
train_04649,src_a76585f73b05d42b4c14,Bipolar,3,train,train_legacy,1103,2,0,2,True,0,{}
train_01041,src_a785ab56fecffa6d0e20,Normal,0,train,train_legacy,32,2,0,2,True,0,{}
train_05853,src_a788f76d8cf35e600959,Anxiety,2,train,train_legacy,1189,2,0,2,True,0,{}
train_00183,src_a790124996a62c49e143,Depression,1,train,train_legacy,1258,2,0,2,True,0,{}
test_00996,src_a79374136bc20ee3bd6b,Anxiety,2,test,test_nested,176,0,2,2,True,0,{}
train_00893,src_a794f2b23372a675a7fb,Anxiety,2,train,train_legacy,377,2,1,2,True,0,"{""meta_commentary"": 1}"
train_02109,src_a79d09356ef52eb8c220,Normal,0,train,train_legacy,395,2,1,2,True,0,"{""meta_commentary"": 1}"
train_01052,src_a7a1aa9fbd35d53ba7b0,Normal,0,train,train_legacy,38,2,3,2,True,0,"{""length_ratio"": 3}"
train_04835,src_a7a47c7e0823d5b03147,Depression,1,train,train_legacy,255,2,0,2,True,0,{}
train_00128,src_a7aeefb55bc11c0bf962,Depression,1,train,train_legacy,347,2,3,2,True,0,"{""refusal"": 3}"
test_02449,src_a7b289123f7480b7e221,Normal,0,test,test_nested,16,0,5,0,False,2,"{""length_ratio"": 4, ""sbert"": 1}"
train_04365,src_a7b5dfd9b7bf8015ad4a,Bipolar,3,train,train_legacy,581,2,0,2,True,0,{}
train_03498,src_a7c09f8e4dfbdff36ee6,Depression,1,train,train_legacy,940,2,1,2,True,0,"{""meta_commentary"": 1}"
train_05813,src_a7d297948f7324f8dbb8,Normal,0,train,train_legacy,500,2,0,2,True,0,{}
test_00848,src_a7e96339bab86c24dae8,Depression,1,test,test_nested,264,0,2,2,True,0,{}
train_01388,src_a7eaeef5064500cf62e0,Depression,1,train,train_legacy,339,2,0,2,True,0,{}
train_05959,src_a7f2051958538ca08895,Depression,1,train,train_legacy,475,2,0,2,True,0,{}
test_00088,src_a7f37033b244c29d48c0,Normal,0,train,train_added,33,2,5,0,False,2,"{""length_ratio"": 6, ""sbert"": 1}"
train_03007,src_a7f6c2ba967420aff713,Bipolar,3,train,train_legacy,586,2,0,2,True,0,{}
test_00061,src_a7f77acd0f84b3796d4e,Bipolar,3,test,test_nested,288,0,5,2,True,0,"{""refusal"": 3}"
train_02342,src_a7fb3628b0158d344ea5,Bipolar,3,train,train_legacy,432,2,0,2,True,0,{}
train_01834,src_a7fbc3735bce29d88ced,Bipolar,3,train,train_legacy,575,2,1,2,True,0,"{""meta_commentary"": 1}"
train_05251,src_a8089c2260f64e53eb6b,Normal,0,train,train_legacy,38,2,1,2,True,0,"{""length_ratio"": 1}"
train_03429,src_a80a464bdf65b299d733,Normal,0,train,train_legacy,24,2,0,2,True,0,{}
test_01604,src_a8116deacb0ae659c630,Normal,0,test,test_nested,39,0,5,1,False,1,"{""length_ratio"": 4}"
train_00831,src_a8176a33a9e66bee234f,Normal,0,train,train_legacy,665,2,0,2,True,0,{}
val_confirm_01037,src_a81ff4125a7a3ee0a7b1,Anxiety,2,train,train_added,713,2,0,2,True,0,{}
test_02455,src_a82b8eff0b4a7a48e7f9,Anxiety,2,train,train_added,141,2,0,2,True,0,{}
train_01018,src_a82ce7ad42291dd2da41,Bipolar,3,train,train_legacy,2822,2,4,2,True,0,"{""meta_commentary"": 4}"
train_02982,src_a840504b32d3eb540f6c,Bipolar,3,train,train_legacy,282,2,1,2,True,0,"{""length_ratio"": 1}"
train_04668,src_a84e9d179535238b8095,Bipolar,3,train,train_legacy,350,2,0,2,True,0,{}
train_01451,src_a855083b5f22d361e573,Bipolar,3,train,train_legacy,1637,2,5,1,False,1,"{""meta_commentary"": 6}"
test_00232,src_a857415bfb0f105185d8,Bipolar,3,train,train_added,231,2,1,2,True,0,"{""length_ratio"": 1}"
train_04866,src_a85f32fa9beba68a4d20,Depression,1,train,train_legacy,814,2,0,2,True,0,{}
train_01528,src_a86797a35222d3a162e0,Anxiety,2,train,train_legacy,159,2,0,2,True,0,{}
train_02010,src_a86eb3510678b2341b9d,Bipolar,3,train,train_legacy,1573,2,0,2,True,0,{}
train_02708,src_a87d0731532a8daafcb6,Normal,0,train,train_legacy,211,2,5,0,False,2,"{""refusal"": 7}"
train_02860,src_a88350ec2617a730e434,Depression,1,train,train_legacy,560,2,0,2,True,0,{}
test_00786,src_a88bac4fa407a37eabf2,Normal,0,train,train_added,20,2,5,0,False,2,"{""length_ratio"": 7}"
test_01184,src_a892d20a08ef08ce7e1b,Bipolar,3,test,test_nested,537,0,2,2,True,0,{}
train_04996,src_a8955365aef63d5d499b,Bipolar,3,train,train_legacy,181,2,2,2,True,0,"{""sbert"": 2}"
test_02433,src_a8a1956c1931e53f6f52,Anxiety,2,test,test_nested,460,0,2,2,True,0,{}
test_00347,src_a8b2adb1117ffb5e3d8b,Anxiety,2,test,test_nested,1573,0,2,2,True,0,{}
val_confirm_01031,src_a8b9c6e75af3738a7b26,Anxiety,2,train,train_added,1290,2,0,2,True,0,{}
train_04007,src_a8be085e5c9cec225903,Bipolar,3,train,train_legacy,1071,2,0,2,True,0,{}
train_05066,src_a8c7ab459cba366b4f8d,Depression,1,train,train_legacy,22,2,4,2,True,0,"{""sbert"": 4}"
train_05039,src_a8ce1770e6efb0f8532c,Normal,0,train,train_legacy,11,2,5,0,False,2,"{""length_ratio"": 6, ""sbert"": 1}"
train_02830,src_a8d16cccf49e163997ad,Anxiety,2,train,train_legacy,1386,2,0,2,True,0,{}
train_03141,src_a8d578f4c8b7d740ee00,Bipolar,3,train,train_legacy,343,2,0,2,True,0,{}
train_01055,src_a8d88939a018df75b860,Depression,1,train,train_legacy,2827,2,0,2,True,0,{}
train_00844,src_a8e0dd070e293bd91654,Normal,0,train,train_legacy,23,2,5,0,False,2,"{""length_ratio"": 2, ""refusal"": 1, ""sbert"": 4}"
train_03676,src_a8e4738edd2a508621b1,Depression,1,train,train_legacy,148,2,0,2,True,0,{}
test_00971,src_a8ffe05fb843fd7be527,Anxiety,2,test,test_nested,100,0,2,2,True,0,{}
train_00442,src_a9066f8f4475d4210381,Bipolar,3,train,train_legacy,4307,2,0,2,True,0,{}
test_01880,src_a90839acd59cfff2aac0,Bipolar,3,test,test_nested,175,0,2,2,True,0,{}
test_00457,src_a91bb9c7313438615055,Bipolar,3,test,test_nested,159,0,2,2,True,0,{}
train_02797,src_a91e4e67690ce45d13a9,Depression,1,train,train_legacy,443,2,1,2,True,0,"{""length_ratio"": 1}"
test_01439,src_a92671d2526709d9f880,Bipolar,3,test,test_nested,506,0,2,2,True,0,{}
train_00014,src_a927c61719349513a277,Anxiety,2,train,train_legacy,794,2,5,1,False,1,"{""meta_commentary"": 6}"
test_02490,src_a95c3c4ef789f69f2fb9,Anxiety,2,test,test_nested,928,0,2,2,True,0,{}
test_00968,src_a964148bc495a4685b65,Normal,0,train,train_added,61,2,1,2,True,0,"{""length_ratio"": 1}"
test_02114,src_a967a85466a155668d11,Depression,1,test,test_nested,146,0,2,2,True,0,{}
train_05472,src_a96a46abe86d7211aca5,Normal,0,train,train_legacy,23,2,5,2,True,0,"{""length_ratio"": 5}"
test_00342,src_a96d2b54329c07854093,Depression,1,test,test_nested,96,0,5,1,False,1,"{""length_ratio"": 1, ""refusal"": 2, ""sbert"": 1}"
train_02467,src_a9700638f4032ab022dc,Depression,1,train,train_legacy,544,2,0,2,True,0,{}
train_01003,src_a98579934aab465bb849,Depression,1,train,train_legacy,512,2,0,2,True,0,{}
test_01537,src_a989206ddb5ba3989980,Depression,1,test,test_nested,738,0,2,2,True,0,{}
train_01436,src_a99136f46ab09eb28f6c,Bipolar,3,train,train_legacy,701,2,0,2,True,0,{}
test_02133,src_a99400cbe719e6bc2519,Bipolar,3,test,test_nested,762,0,2,2,True,0,{}
train_00891,src_a9a18bd01523a1ee79da,Anxiety,2,train,train_legacy,2715,2,1,2,True,0,"{""meta_commentary"": 1}"
train_03286,src_a9a6676998f5a4cdacdb,Bipolar,3,train,train_legacy,248,2,0,2,True,0,{}
train_04062,src_a9b5f762c809f50a6329,Anxiety,2,train,train_legacy,257,2,0,2,True,0,{}
test_00428,src_a9b8120c49f3981a94ea,Anxiety,2,test,test_nested,1908,0,5,2,True,0,"{""meta_commentary"": 3}"
train_00074,src_a9bc5f92b09c0c284f33,Bipolar,3,train,train_legacy,361,2,0,2,True,0,{}
train_03213,src_a9bd506a3c043375dd57,Normal,0,train,train_legacy,28,2,5,1,False,1,"{""length_ratio"": 5, ""sbert"": 1}"
train_05245,src_a9c9a28b9e37457da798,Bipolar,3,train,train_legacy,1373,2,4,2,True,0,"{""meta_commentary"": 4}"
train_03725,src_a9cd104a4ecca94927ac,Anxiety,2,train,train_legacy,34,2,5,0,False,2,"{""length_ratio"": 1, ""refusal"": 2, ""sbert"": 4}"
test_00032,src_a9cfccb1c29dcb5aa1f9,Bipolar,3,train,train_added,541,2,0,2,True,0,{}
train_00480,src_a9d06d3663aaf84d0768,Normal,0,train,train_legacy,40,2,3,2,True,0,"{""length_ratio"": 2, ""refusal"": 1}"
train_03421,src_a9d1fd756216da944135,Anxiety,2,train,train_legacy,1374,2,0,2,True,0,{}
test_02273,src_a9d2d9eef7e1ec3b3d74,Normal,0,train,train_added,11,2,5,0,False,2,"{""length_ratio"": 7}"
train_00542,src_a9dacf9e087618d9b748,Anxiety,2,train,train_legacy,1247,2,1,2,True,0,"{""meta_commentary"": 1}"
train_04297,src_a9e1d1072e136b087963,Anxiety,2,train,train_legacy,198,2,0,2,True,0,{}
train_00961,src_a9e79c7647da0abe77fa,Normal,0,train,train_legacy,15,2,5,0,False,2,"{""length_ratio"": 7}"
test_01249,src_a9ebfd19e6cc2e710bbb,Anxiety,2,test,test_nested,155,0,4,2,True,0,"{""length_ratio"": 1, ""sbert"": 1}"
train_05000,src_a9ef199031eecc8a104a,Bipolar,3,train,train_legacy,694,2,0,2,True,0,{}
train_03685,src_a9f12f4e5d616fffa30c,Depression,1,train,train_legacy,4422,2,5,0,False,2,"{""refusal"": 7}"
train_03793,src_a9fde29809c364656a75,Anxiety,2,train,train_legacy,1385,2,0,2,True,0,{}
train_05494,src_aa2901697a1acee1db46,Bipolar,3,train,train_legacy,861,2,5,1,False,1,"{""meta_commentary"": 6}"
train_05807,src_aa38c49ec050ee5be0b7,Normal,0,train,train_legacy,51,2,0,2,True,0,{}
train_04061,src_aa3cd8f5fb40aeb009c2,Anxiety,2,train,train_legacy,1226,2,0,2,True,0,{}
train_00854,src_aa5c53a46e522e47525c,Depression,1,train,train_legacy,648,2,0,2,True,0,{}
train_03006,src_aa64b18388240cdeb5f7,Bipolar,3,train,train_legacy,411,2,0,2,True,0,{}
test_00496,src_aa6b04cad3e33dd0d49a,Bipolar,3,test,test_nested,1586,0,2,2,True,0,{}
test_00247,src_aa775152b29af507c7d9,Anxiety,2,test,test_nested,112,0,4,2,True,0,"{""length_ratio"": 2}"
train_04160,src_aa79b64459e026fbd96f,Anxiety,2,train,train_legacy,644,2,0,2,True,0,{}
test_01007,src_aa7a2d26efd94c220b92,Bipolar,3,test,test_nested,66,0,5,1,False,1,"{""length_ratio"": 1, ""sbert"": 3}"
train_05885,src_aa7b6fbaad4039feb7e6,Anxiety,2,train,train_legacy,1058,2,1,2,True,0,"{""meta_commentary"": 1}"
train_02561,src_aa8063444fb1df5431b9,Bipolar,3,train,train_legacy,212,2,0,2,True,0,{}
train_00275,src_aa8c4e2455237536955f,Bipolar,3,train,train_legacy,387,2,0,2,True,0,{}
test_02349,src_aa9df7ce158afb24b32b,Normal,0,test,test_nested,17,0,5,0,False,2,"{""length_ratio"": 1, ""sbert"": 4}"
train_00174,src_aaa9320c43e57d1cfd91,Bipolar,3,train,train_legacy,871,2,1,2,True,0,"{""meta_commentary"": 1}"
train_02379,src_aaa95171cb9e4eec820f,Normal,0,train,train_legacy,21,2,5,1,False,1,"{""length_ratio"": 1, ""sbert"": 5}"
train_04552,src_aab3d8c67cbe94313cce,Normal,0,train,train_legacy,25,2,0,2,True,0,{}
train_00351,src_aab57059418ec7f14cbd,Normal,0,train,train_legacy,445,2,0,2,True,0,{}
train_02960,src_aaba2913cc2876599ecb,Bipolar,3,train,train_legacy,704,2,0,2,True,0,{}
train_00474,src_aac35902f5ecd93296c3,Bipolar,3,train,train_legacy,257,2,0,2,True,0,{}
test_00856,src_aac69383504982f246e8,Depression,1,test,test_nested,232,0,4,2,True,0,"{""length_ratio"": 2}"
train_01893,src_aac6ac0d02abce6548d5,Depression,1,train,train_legacy,688,2,0,2,True,0,{}
train_05479,src_aaca84597d5f5d4b5522,Normal,0,train,train_legacy,28,2,5,0,False,2,"{""length_ratio"": 3, ""sbert"": 4}"
train_05691,src_aacbc2ed97f16428c98d,Depression,1,train,train_legacy,207,2,1,2,True,0,"{""sbert"": 1}"
train_05330,src_aaefe88f5415e93c21ad,Bipolar,3,train,train_legacy,544,2,0,2,True,0,{}
train_03169,src_aafecc2f207ce1ec440e,Depression,1,train,train_legacy,494,2,0,2,True,0,{}
train_01484,src_ab07bc5459c08e663ca9,Anxiety,2,train,train_legacy,64,2,0,2,True,0,{}
train_00444,src_ab1601f703d0dafb58a8,Depression,1,train,train_legacy,640,2,0,2,True,0,{}
val_confirm_00109,src_ab1709a350ce98a9c572,Anxiety,2,train,train_added,1096,2,0,2,True,0,{}
val_confirm_01050,src_ab1dd152b83502a253fc,Normal,0,train,train_added,136,2,5,1,False,1,"{""length_ratio"": 6}"
train_00790,src_ab247d1a6e94a61edca8,Depression,1,train,train_legacy,604,2,0,2,True,0,{}
train_05464,src_ab29437a96e594667373,Depression,1,train,train_legacy,3569,2,1,2,True,0,"{""meta_commentary"": 1}"
train_05165,src_ab2c49bad949e2dccd0f,Depression,1,train,train_legacy,1013,2,0,2,True,0,{}
train_05641,src_ab421dbcc8f943b1a640,Normal,0,train,train_legacy,35,2,5,2,True,0,"{""length_ratio"": 1, ""sbert"": 4}"
train_03832,src_ab42eb78ce40bcfebd4d,Depression,1,train,train_legacy,27,2,5,0,False,2,"{""length_ratio"": 7}"
train_05507,src_ab4559cc5b1c35577ec7,Depression,1,train,train_legacy,113,2,2,2,True,0,"{""sbert"": 2}"
train_04746,src_ab46f9f7c2d4bea92c21,Normal,0,train,train_legacy,70,2,5,1,False,1,"{""length_ratio"": 3, ""meta_commentary"": 2, ""sbert"": 1}"
train_03936,src_ab48f10ce2f86e1fec5e,Depression,1,train,train_legacy,41,2,5,0,False,2,"{""sbert"": 7}"
train_01266,src_ab4c85fa944e4c9ad886,Normal,0,train,train_legacy,92,2,0,2,True,0,{}
train_02055,src_ab625329f04fc15fd65e,Depression,1,train,train_legacy,387,2,0,2,True,0,{}
test_00779,src_ab62eaa96122fe43f0b6,Anxiety,2,train,train_added,424,2,0,2,True,0,{}
train_02472,src_ab63192396e26b421eaa,Normal,0,train,train_legacy,12,2,2,2,True,0,"{""length_ratio"": 2}"
train_04271,src_ab6506894aa837aafc80,Normal,0,train,train_legacy,116,2,0,2,True,0,{}
train_04342,src_ab6f71acd14a6b8c198e,Bipolar,3,train,train_legacy,760,2,1,2,True,0,"{""meta_commentary"": 1}"
test_00469,src_ab7347cf5b4b11c25def,Bipolar,3,test,test_nested,815,0,2,2,True,0,{}
train_01192,src_ab8366904296a7b0521a,Anxiety,2,train,train_legacy,516,2,1,2,True,0,"{""meta_commentary"": 1}"
train_03611,src_ab87dc76c1e85bde5168,Bipolar,3,train,train_legacy,515,2,0,2,True,0,{}
test_00143,src_ab8d67421b095c08cecc,Normal,0,test,test_nested,67,0,5,1,False,1,"{""length_ratio"": 4}"
train_01770,src_ab90eca77134443cee2b,Depression,1,train,train_legacy,5222,2,2,2,True,0,"{""length_ratio"": 2}"
train_00719,src_ab9419daaef5bcccd187,Depression,1,train,train_legacy,40,2,5,0,False,2,"{""refusal"": 7}"
train_02630,src_ab9c35b986b5cbab0fa5,Bipolar,3,train,train_legacy,2327,2,1,2,True,0,"{""meta_commentary"": 1}"
train_04366,src_abb05d2bdc12ec9c9941,Depression,1,train,train_legacy,244,2,3,2,True,0,"{""length_ratio"": 3}"
val_search_00327,src_abbd9b41d5e7eb6f8dd3,Normal,0,train,train_added,31,2,4,2,True,0,"{""length_ratio"": 3, ""meta_commentary"": 1}"
train_00911,src_abd1d1c892ed764c2bd5,Depression,1,train,train_legacy,465,2,0,2,True,0,{}
train_01065,src_abd52e41eeca5e87e7d0,Anxiety,2,train,train_legacy,93,2,0,2,True,0,{}
train_00392,src_abdebc77f972c25bdb2e,Depression,1,train,train_legacy,250,2,3,2,True,0,"{""refusal"": 2, ""sbert"": 1}"
test_02253,src_abe398b5e48ce504ad6f,Normal,0,test,test_nested,37,0,5,0,False,2,"{""length_ratio"": 3, ""sbert"": 2}"
train_03635,src_abede17dd0ff706be517,Anxiety,2,train,train_legacy,119,2,1,2,True,0,"{""sbert"": 1}"
train_05174,src_abf56580d95bbcbaffb8,Anxiety,2,train,train_legacy,2359,2,0,2,True,0,{}
train_00766,src_ac0962d790b67012b51d,Anxiety,2,train,train_legacy,507,2,0,2,True,0,{}
train_05508,src_ac09dca69d2dfcddf9ac,Normal,0,train,train_legacy,120,2,0,2,True,0,{}
train_04262,src_ac0b4c4e9df0c565fc46,Bipolar,3,train,train_legacy,1146,2,0,2,True,0,{}
train_02858,src_ac0e2214bed88c01b6f4,Anxiety,2,train,train_legacy,808,2,0,2,True,0,{}
test_00918,src_ac0f95db89709a89167b,Bipolar,3,test,test_nested,688,0,2,2,True,0,{}
train_03095,src_ac1792c1b89ffc491b7a,Depression,1,train,train_legacy,875,2,0,2,True,0,{}
train_01524,src_ac195d256989b4ab7fd6,Normal,0,train,train_legacy,179,2,0,2,True,0,{}
train_01391,src_ac1b17d126647e3323ac,Anxiety,2,train,train_legacy,1107,2,1,2,True,0,"{""meta_commentary"": 1}"
train_03626,src_ac1f41dc95e2290af3bf,Bipolar,3,train,train_legacy,414,2,0,2,True,0,{}
test_01263,src_ac2bb0f742f2597c053b,Anxiety,2,test,test_nested,350,0,2,2,True,0,{}
test_01319,src_ac2c4f85d4182a1f77e4,Bipolar,3,test,test_nested,663,0,2,2,True,0,{}
train_01291,src_ac30165fce81b9eceec8,Depression,1,train,train_legacy,417,2,0,2,True,0,{}
train_05443,src_ac346740a360bd08ad23,Normal,0,train,train_legacy,62,2,5,0,False,2,"{""length_ratio"": 3, ""sbert"": 4}"
train_01996,src_ac3aad98642cfeee7dbc,Depression,1,train,train_legacy,832,2,0,2,True,0,{}
train_04482,src_ac54adc95087d35b42fb,Bipolar,3,train,train_legacy,349,2,0,2,True,0,{}
train_01126,src_ac57659d3fe1d69b89af,Bipolar,3,train,train_legacy,388,2,0,2,True,0,{}
test_00315,src_ac57708473748378cdbd,Anxiety,2,test,test_nested,165,0,2,2,True,0,{}
train_00030,src_ac5d03031cf367bd7040,Anxiety,2,train,train_legacy,68,2,5,1,False,1,"{""length_ratio"": 3, ""sbert"": 3}"
test_02218,src_ac5d6537d7c6f3ceacb3,Anxiety,2,test,test_nested,101,0,2,2,True,0,{}
test_02412,src_ac60e6fa48ffd96515f1,Anxiety,2,test,test_nested,41,0,2,2,True,0,{}
train_00597,src_ac65ebc6089da717fae9,Normal,0,train,train_legacy,37,2,1,2,True,0,"{""meta_commentary"": 1}"
train_00976,src_ac771062a577de4e68f8,Bipolar,3,train,train_legacy,2021,2,1,2,True,0,"{""meta_commentary"": 1}"
train_02801,src_ac800699bdf654a62fad,Normal,0,train,train_legacy,6,2,5,0,False,2,"{""length_ratio"": 7}"
test_01275,src_ac8f278c231c3d4bc311,Normal,0,train,train_added,56,2,0,2,True,0,{}
train_03424,src_ac93f77d77375ce9fc9f,Depression,1,train,train_legacy,909,2,0,2,True,0,{}
train_00223,src_ac947f07911694fda40b,Bipolar,3,train,train_legacy,1215,2,0,2,True,0,{}
test_01128,src_acb00db8d669c38d6348,Normal,0,test,test_nested,45,0,5,0,False,2,"{""refusal"": 5}"
train_05531,src_acb9e5f579782439238b,Anxiety,2,train,train_legacy,4327,2,2,2,True,0,"{""meta_commentary"": 2}"
train_05361,src_acc6c30728f37db66a2d,Depression,1,train,train_legacy,1837,2,0,2,True,0,{}
test_01978,src_acc9e1830c1a8d72bd2c,Bipolar,3,train,train_added,680,2,4,2,True,0,"{""meta_commentary"": 4}"
train_05400,src_acca85510739e2855dee,Normal,0,train,train_legacy,44,2,2,2,True,0,"{""length_ratio"": 2}"
train_00190,src_acd112db09151af1c309,Anxiety,2,train,train_legacy,520,2,0,2,True,0,{}
train_03964,src_acd31ec46fc10dad3c23,Bipolar,3,train,train_legacy,373,2,1,2,True,0,"{""sbert"": 1}"
train_04048,src_acdbc4cab226d063aa69,Anxiety,2,train,train_legacy,499,2,0,2,True,0,{}
train_00794,src_ace79bb3501d883c5d20,Bipolar,3,train,train_legacy,278,2,0,2,True,0,{}
train_03107,src_ace80cadcdfbbe36eb29,Depression,1,train,train_legacy,348,2,0,2,True,0,{}
train_02656,src_acecc23abaeba137a102,Anxiety,2,train,train_legacy,106,2,1,2,True,0,"{""sbert"": 1}"
test_02408,src_aced78a0bf060ea268f9,Normal,0,train,train_added,147,2,0,2,True,0,{}
train_02690,src_acf5c6d57d7b61379ff1,Depression,1,train,train_legacy,1221,2,0,2,True,0,{}
train_02413,src_acf85157ab67bcb918cd,Normal,0,train,train_legacy,25,2,5,0,False,2,"{""length_ratio"": 1, ""sbert"": 6}"
train_02438,src_acf872404863c4272cf6,Bipolar,3,train,train_legacy,269,2,0,2,True,0,{}
test_01864,src_acffa359999fa50d68da,Depression,1,test,test_nested,763,0,2,2,True,0,{}
test_00904,src_ad043e15e4836651048e,Normal,0,test,test_nested,18,0,5,0,False,2,"{""length_ratio"": 5}"
test_01087,src_ad11fbce075483413ad9,Normal,0,test,test_nested,30,0,5,0,False,2,"{""length_ratio"": 5}"
train_05197,src_ad1b34c6b66a9bc024f5,Anxiety,2,train,train_legacy,931,2,0,2,True,0,{}
train_01730,src_ad1d9ef22b1b15617c7a,Depression,1,train,train_legacy,105,2,2,2,True,0,"{""sbert"": 2}"
train_05014,src_ad305971a171f3c13264,Anxiety,2,train,train_legacy,260,2,0,2,True,0,{}
test_02463,src_ad32e50147dba1a34600,Normal,0,train,train_added,58,2,0,2,True,0,{}
train_02852,src_ad3cfa24b2d8fae636a7,Depression,1,train,train_legacy,221,2,3,2,True,0,"{""length_ratio"": 3}"
train_02571,src_ad453830bc6bd3ade87a,Normal,0,train,train_legacy,32,2,5,0,False,2,"{""length_ratio"": 3, ""sbert"": 4}"
train_02528,src_ad4a00b6acc92ba3b375,Depression,1,train,train_legacy,928,2,0,2,True,0,{}
train_03994,src_ad4ce6b85dbe34c15cab,Anxiety,2,train,train_legacy,80,2,5,0,False,2,"{""sbert"": 7}"
train_05522,src_ad4fb8f6b6c8cdb30b5b,Depression,1,train,train_legacy,207,2,1,2,True,0,"{""refusal"": 1}"
train_05678,src_ad5892a855c1b0da32ae,Bipolar,3,train,train_legacy,168,2,0,2,True,0,{}
train_00703,src_ad5ef4e033561ef57e32,Normal,0,train,train_legacy,46,2,0,2,True,0,{}
train_03091,src_ad5f26fd8569ad3c797c,Anxiety,2,train,train_legacy,569,2,0,2,True,0,{}
test_02297,src_ad61a142cdc129b7cbe4,Bipolar,3,test,test_nested,1027,0,2,2,True,0,{}
val_confirm_00140,src_ad66ad0c7e86c755b8e5,Depression,1,train,train_added,69,2,5,0,False,2,"{""refusal"": 7}"
train_01084,src_ad681fbe93ea50e033bb,Normal,0,train,train_legacy,55,2,0,2,True,0,{}
train_04347,src_ad6828e785fd0880d170,Bipolar,3,train,train_legacy,339,2,0,2,True,0,{}
train_05435,src_ad815fc2f322eae48e24,Normal,0,train,train_legacy,62,2,0,2,True,0,{}
test_00109,src_ad844c2caaa5f08b7aa0,Anxiety,2,test,test_nested,645,0,2,2,True,0,{}
train_02695,src_ad86c9509ebf20f41d7c,Anxiety,2,train,train_legacy,1802,2,0,2,True,0,{}
train_03148,src_ad8dfc73d68961cf46d3,Bipolar,3,train,train_legacy,412,2,0,2,True,0,{}
train_00862,src_adb1b7d8524575b66689,Normal,0,train,train_legacy,60,2,0,2,True,0,{}
test_00684,src_adb901944c55e9f03663,Anxiety,2,test,test_nested,549,0,2,2,True,0,{}
train_04796,src_adbad0d3eda0f7e8a770,Bipolar,3,train,train_legacy,1140,2,0,2,True,0,{}
train_00350,src_adbfe962bbde1dc6c51a,Anxiety,2,train,train_legacy,347,2,0,2,True,0,{}
test_00075,src_add0a9789d32daad2cc9,Normal,0,test,test_nested,58,0,2,2,True,0,{}
train_05221,src_add607afcaa24a30acd4,Anxiety,2,train,train_legacy,942,2,0,2,True,0,{}
test_00653,src_add93b434d8fef7d48ae,Bipolar,3,test,test_nested,1098,0,2,2,True,0,{}
train_02013,src_ade2cec4dde64d802bb7,Depression,1,train,train_legacy,1041,2,0,2,True,0,{}
train_02391,src_adfe13d53027188579f6,Normal,0,train,train_legacy,89,2,0,2,True,0,{}
train_00687,src_ae1702f5c0fc3610f461,Anxiety,2,train,train_legacy,245,2,0,2,True,0,{}
train_01190,src_ae208cc141142167b8a8,Anxiety,2,train,train_legacy,1552,2,0,2,True,0,{}
train_01723,src_ae2cf0ed14c58cc178b0,Depression,1,train,train_legacy,655,2,0,2,True,0,{}
train_00958,src_ae519e41fee279253499,Normal,0,train,train_legacy,35,2,1,2,True,0,"{""duplicate"": 1}"
train_01349,src_ae51d9e410eb5cc4aea7,Anxiety,2,train,train_legacy,510,2,0,2,True,0,{}
val_confirm_00491,src_ae5333cc7a331189963a,Normal,0,train,train_added,386,2,0,2,True,0,{}
test_00081,src_ae54d26724f8275fa2a4,Depression,1,test,test_nested,88,0,5,0,False,2,"{""refusal"": 5}"
train_02101,src_ae559883cd50b3616788,Depression,1,train,train_legacy,965,2,0,2,True,0,{}
train_02479,src_ae6049c36f5f27426eb0,Depression,1,train,train_legacy,130,2,2,2,True,0,"{""length_ratio"": 2}"
train_03617,src_ae67ce5134acd4aa72fa,Depression,1,train,train_legacy,823,2,0,2,True,0,{}
val_confirm_00434,src_ae6987e6a136dafc32d7,Anxiety,2,train,train_added,437,2,0,2,True,0,{}
train_03791,src_ae6c290f0f3f25cda52e,Anxiety,2,train,train_legacy,308,2,0,2,True,0,{}
train_01884,src_ae6fb8ce3fac5900f084,Depression,1,train,train_legacy,1392,2,0,2,True,0,{}
train_04840,src_ae71d5299fb373478dd6,Anxiety,2,train,train_legacy,749,2,0,2,True,0,{}
test_00062,src_ae92bf55d444f93bf54c,Depression,1,test,test_nested,3097,0,2,2,True,0,{}
train_05577,src_ae9d48367af6346b11e3,Anxiety,2,train,train_legacy,763,2,0,2,True,0,{}
test_00255,src_ae9ea192b93fcdd7ee3b,Depression,1,test,test_nested,1113,0,2,2,True,0,{}
train_02605,src_aeb85f9edfc54251fc7d,Bipolar,3,train,train_legacy,3076,2,0,2,True,0,{}
test_00700,src_aeba3aa09f112ba09ba7,Normal,0,test,test_nested,58,0,5,2,True,0,"{""length_ratio"": 1, ""sbert"": 2}"
val_search_00119,src_aec3dc090fe6ff2f097d,Anxiety,2,train,train_added,319,2,0,2,True,0,{}
train_04597,src_aec569fec03c1de2a1dd,Normal,0,train,train_legacy,37,2,0,2,True,0,{}
test_00426,src_aedc608f1daa8d736483,Normal,0,test,test_nested,55,0,5,1,False,1,"{""length_ratio"": 1, ""sbert"": 3}"
test_02073,src_aee12d6deb5ae5a6c450,Bipolar,3,test,test_nested,2425,0,2,2,True,0,{}
train_00506,src_aee728b37d4a9dbdfa10,Anxiety,2,train,train_legacy,793,2,0,2,True,0,{}
train_03403,src_aeef10a18f44e33e8205,Depression,1,train,train_legacy,122,2,5,0,False,2,"{""refusal"": 7}"
train_03297,src_aef773c8a94a983a826c,Depression,1,train,train_legacy,5805,2,5,2,True,0,"{""length_ratio"": 5}"
test_01133,src_af05097e6c98eb0d2b22,Normal,0,test,test_nested,50,0,5,0,False,2,"{""length_ratio"": 1, ""sbert"": 4}"
train_02560,src_af0b2cac04723de61ca3,Bipolar,3,train,train_legacy,530,2,1,2,True,0,"{""meta_commentary"": 1}"
train_02430,src_af332ac896d2c75c1218,Depression,1,train,train_legacy,145,2,2,2,True,0,"{""length_ratio"": 1, ""sbert"": 1}"
train_00438,src_af36de1635183dea2714,Normal,0,train,train_legacy,28,2,4,2,True,0,"{""length_ratio"": 3, ""sbert"": 1}"
train_02344,src_af3748061bbd88ba8dd0,Normal,0,train,train_legacy,94,2,3,2,True,0,"{""length_ratio"": 3}"
train_03814,src_af4781045f09af352f9b,Bipolar,3,train,train_legacy,485,2,0,2,True,0,{}
test_01988,src_af4ed46fa40dbbfa0347,Depression,1,test,test_nested,1200,0,2,2,True,0,{}
val_confirm_00676,src_af51c460d5639e9aa7fa,Normal,0,train,train_added,61,2,5,2,True,0,"{""length_ratio"": 5}"
train_05135,src_af5eb8bf6e028a2a9287,Normal,0,train,train_legacy,60,2,3,2,True,0,"{""sbert"": 3}"
train_05581,src_af6976c82b53f9cf6eb6,Bipolar,3,train,train_legacy,342,2,0,2,True,0,{}
train_00165,src_af6baccfb96df3946793,Depression,1,train,train_legacy,67,2,5,0,False,2,"{""length_ratio"": 5, ""sbert"": 2}"
train_05758,src_af6e05ba43408357e3b2,Depression,1,train,train_legacy,349,2,1,2,True,0,"{""meta_commentary"": 1}"
train_05454,src_af7ba3e8182dd867e21e,Depression,1,train,train_legacy,509,2,0,2,True,0,{}
test_00441,src_afa93ea7f735d62571a0,Normal,0,test,test_nested,56,0,5,2,True,0,"{""length_ratio"": 3}"
train_02394,src_afa9b3291666aa927eb9,Bipolar,3,train,train_legacy,932,2,0,2,True,0,{}
train_00934,src_afab461dfe1111fab8a9,Anxiety,2,train,train_legacy,2698,2,1,2,True,0,"{""meta_commentary"": 1}"
train_05248,src_afadca0bf133fbd3e3c8,Anxiety,2,train,train_legacy,54,2,0,2,True,0,{}
train_03253,src_afb5f31d534c3a02d340,Depression,1,train,train_legacy,95,2,2,2,True,0,"{""length_ratio"": 1, ""meta_commentary"": 1}"
train_03729,src_afb693c99e97ca4e88bb,Anxiety,2,train,train_legacy,117,2,1,2,True,0,"{""length_ratio"": 1}"
train_05093,src_afbd24ca97705627014c,Depression,1,train,train_legacy,1731,2,0,2,True,0,{}
val_search_00224,src_afd387a98da625c06357,Normal,0,train,train_added,102,2,1,2,True,0,"{""sbert"": 1}"
train_04520,src_afd48b8b2079857debd0,Normal,0,train,train_legacy,50,2,2,2,True,0,"{""length_ratio"": 2}"
train_00193,src_afd79951583835e46636,Normal,0,train,train_legacy,30,2,0,2,True,0,{}
train_03682,src_afece99e2621a6286f38,Anxiety,2,train,train_legacy,92,2,0,2,True,0,{}
train_01351,src_afede268fe76972e148a,Normal,0,train,train_legacy,25,2,5,1,False,1,"{""length_ratio"": 6}"
train_02899,src_aff01dcedee1399c8686,Bipolar,3,train,train_legacy,172,2,0,2,True,0,{}
train_01181,src_aff4edb0f8d50e986127,Bipolar,3,train,train_legacy,719,2,0,2,True,0,{}
test_00302,src_b007242770b74a70d671,Normal,0,test,test_nested,413,0,2,2,True,0,{}
train_05984,src_b012eaf7ffa6b88c5cb8,Anxiety,2,train,train_legacy,317,2,0,2,True,0,{}
test_00672,src_b01a6105fb94c5fa9a0f,Normal,0,test,test_nested,138,0,2,2,True,0,{}
train_03330,src_b029d6666eaef7378ff9,Depression,1,train,train_legacy,274,2,0,2,True,0,{}
train_02908,src_b02abccc15fe1a7b4ea4,Bipolar,3,train,train_legacy,923,2,0,2,True,0,{}
train_02111,src_b02e8882e31c90b514b6,Normal,0,train,train_legacy,10,2,5,0,False,2,"{""length_ratio"": 4, ""sbert"": 3}"
train_05387,src_b02f1da89b0315313494,Bipolar,3,train,train_legacy,537,2,0,2,True,0,{}
train_01729,src_b03319386bb4d3ab0198,Bipolar,3,train,train_legacy,1048,2,0,2,True,0,{}
test_01564,src_b0379c47c5874c6fc26d,Depression,1,test,test_nested,271,0,5,2,True,0,"{""length_ratio"": 2, ""sbert"": 1}"
train_02694,src_b03f01630953929a3cc9,Normal,0,train,train_legacy,54,2,0,2,True,0,{}
train_03591,src_b0419debddcfebabe6e2,Anxiety,2,train,train_legacy,424,2,0,2,True,0,{}
test_00708,src_b0573dbec6fc0c75601a,Normal,0,test,test_nested,35,0,2,2,True,0,{}
train_00865,src_b05c89093818f65bd69b,Anxiety,2,train,train_legacy,51,2,5,0,False,2,"{""length_ratio"": 7}"
test_01646,src_b05ffa6b9903aed0609c,Anxiety,2,train,train_added,370,2,0,2,True,0,{}
val_search_00383,src_b061b6cdabf26357979a,Normal,0,train,train_added,70,2,1,2,True,0,"{""length_ratio"": 1}"
train_02710,src_b073fb199ed781d1dde6,Anxiety,2,train,train_legacy,1796,2,0,2,True,0,{}
train_00412,src_b07479d2c0393b96de8f,Anxiety,2,train,train_legacy,326,2,0,2,True,0,{}
test_01142,src_b0825986eacd752e5720,Anxiety,2,test,test_nested,582,0,2,2,True,0,{}
train_03976,src_b087c9f2a309fafd6b18,Depression,1,train,train_legacy,861,2,0,2,True,0,{}
test_01727,src_b08a09aea2d40cefe1df,Bipolar,3,test,test_nested,249,0,2,2,True,0,{}
test_01769,src_b0a7231e9399ef81e1da,Normal,0,test,test_nested,41,0,2,2,True,0,{}
train_02129,src_b0abdf24c327d300efc0,Normal,0,train,train_legacy,101,2,3,2,True,0,"{""length_ratio"": 2, ""sbert"": 1}"
train_01552,src_b0c6d2e681a249cdedfc,Normal,0,train,train_legacy,45,2,0,2,True,0,{}
train_03874,src_b0d3cda8476b0a9d0390,Bipolar,3,train,train_legacy,616,2,0,2,True,0,{}
train_03650,src_b0d450eb05f816963ff3,Anxiety,2,train,train_legacy,1238,2,0,2,True,0,{}
test_01137,src_b0e6ab099332c8a77721,Depression,1,test,test_nested,195,0,5,1,False,1,"{""length_ratio"": 1, ""sbert"": 3}"
val_search_00248,src_b0ea6b3cf5800ab924d1,Depression,1,train,train_added,234,2,0,2,True,0,{}
train_04542,src_b0ee7de90448651d3074,Bipolar,3,train,train_legacy,413,2,0,2,True,0,{}
train_01337,src_b0eef8575f654489f953,Normal,0,train,train_legacy,61,2,0,2,True,0,{}
train_04729,src_b0f76017d6bbcd2e9e20,Anxiety,2,train,train_legacy,22,2,5,1,False,1,"{""length_ratio"": 5, ""sbert"": 1}"
train_05320,src_b0ff8d59ea7eac8bcbee,Anxiety,2,train,train_legacy,132,2,0,2,True,0,{}
test_01733,src_b1062958b6594e2a13ce,Bipolar,3,test,test_nested,1148,0,2,2,True,0,{}
train_03000,src_b107e9ee2ed43b029eb0,Bipolar,3,train,train_legacy,696,2,0,2,True,0,{}
train_02777,src_b108d898d940a88fc310,Bipolar,3,train,train_legacy,2125,2,0,2,True,0,{}
train_01476,src_b10ebfcb72530c2c8490,Normal,0,train,train_legacy,18,2,4,2,True,0,"{""length_ratio"": 4}"
train_05349,src_b10fe88ec5d964e6659a,Bipolar,3,train,train_legacy,290,2,1,2,True,0,"{""length_ratio"": 1}"
val_confirm_00579,src_b11b337f6670ee3748cb,Anxiety,2,train,train_added,215,2,0,2,True,0,{}
train_05038,src_b11d862951ab70ae9dae,Depression,1,train,train_legacy,79,2,5,0,False,2,"{""refusal"": 7}"
test_00583,src_b12319421e860a52dd5e,Anxiety,2,test,test_nested,1209,0,2,2,True,0,{}
train_01662,src_b12c0d47bd9bb02ef0bf,Anxiety,2,train,train_legacy,335,2,0,2,True,0,{}
train_02974,src_b134722d954cd5db1440,Depression,1,train,train_legacy,3319,2,0,2,True,0,{}
train_02051,src_b13c4d3844ee702291bf,Anxiety,2,train,train_legacy,554,2,3,2,True,0,"{""meta_commentary"": 3}"
test_00463,src_b1420e5dd083eea36367,Bipolar,3,train,train_added,263,2,0,2,True,0,{}
train_01954,src_b143480a5fcd2899d5ac,Anxiety,2,train,train_legacy,2690,2,0,2,True,0,{}
test_02248,src_b146a950c93ed30feb58,Bipolar,3,test,test_nested,4308,0,4,2,True,0,"{""length_ratio"": 1, ""meta_commentary"": 1}"
test_01961,src_b14787f9b8cb6feb26be,Anxiety,2,test,test_nested,4295,0,5,1,False,1,"{""length_ratio"": 1, ""meta_commentary"": 3}"
train_05772,src_b14956d4a9f604efd1f7,Normal,0,train,train_legacy,33,2,0,2,True,0,{}
train_03433,src_b162c74baa8eebe33746,Bipolar,3,train,train_legacy,1384,2,5,1,False,1,"{""meta_commentary"": 6}"
train_02315,src_b163c6ac18ffad42f3d9,Normal,0,train,train_legacy,17,2,5,0,False,2,"{""length_ratio"": 3, ""meta_commentary"": 1, ""sbert"": 3}"
train_02237,src_b16607ebf638df584b13,Bipolar,3,train,train_legacy,852,2,0,2,True,0,{}
train_03283,src_b16967ff276b6a243745,Anxiety,2,train,train_legacy,60,2,3,2,True,0,"{""sbert"": 3}"
train_04867,src_b16b45845b33022ee715,Normal,0,train,train_legacy,49,2,5,0,False,2,"{""sbert"": 7}"
train_02559,src_b17428ae0ee3ebbd238d,Anxiety,2,train,train_legacy,307,2,0,2,True,0,{}
train_02191,src_b175652eaac25637c7c2,Bipolar,3,train,train_legacy,937,2,1,2,True,0,"{""refusal"": 1}"
train_00685,src_b1791ed75d4106782228,Normal,0,train,train_legacy,47,2,1,2,True,0,"{""sbert"": 1}"
train_03703,src_b1797cb2ac849b9c9af6,Depression,1,train,train_legacy,1318,2,1,2,True,0,"{""meta_commentary"": 1}"
val_confirm_00433,src_b1812767375c03ed288e,Anxiety,2,train,train_added,2028,2,0,2,True,0,{}
train_03524,src_b18855b8f0a0a9b2ce0e,Anxiety,2,train,train_legacy,1687,2,0,2,True,0,{}
train_03623,src_b18f3c8fed453968acd3,Anxiety,2,train,train_legacy,213,2,0,2,True,0,{}
val_confirm_00336,src_b19f39af9f9e3ba02a44,Bipolar,3,train,train_added,966,2,0,2,True,0,{}
train_04355,src_b1a9516f4a00cc7c498c,Anxiety,2,train,train_legacy,1393,2,0,2,True,0,{}
train_00262,src_b1b1089c305c9e591a67,Depression,1,train,train_legacy,119,2,2,2,True,0,"{""length_ratio"": 1, ""sbert"": 1}"
test_00956,src_b1b13279dfdd7715c5c7,Bipolar,3,test,test_nested,1384,0,2,2,True,0,{}
train_01695,src_b1cccf09b9d893525a34,Normal,0,train,train_legacy,334,2,0,2,True,0,{}
train_02179,src_b1cebb56769be04538da,Normal,0,train,train_legacy,67,2,5,1,False,1,"{""length_ratio"": 4, ""sbert"": 2}"
train_00316,src_b1d29cc6aed4919c5268,Normal,0,train,train_legacy,44,2,2,2,True,0,"{""sbert"": 2}"
train_02556,src_b1d39dc3d7e7069df1e9,Anxiety,2,train,train_legacy,396,2,0,2,True,0,{}
train_05796,src_b1d406837d2b63eb755d,Depression,1,train,train_legacy,874,2,1,2,True,0,"{""meta_commentary"": 1}"
train_04938,src_b1d593ef6222d970229c,Normal,0,train,train_legacy,92,2,0,2,True,0,{}
test_01817,src_b1d59e241522fdcf0327,Anxiety,2,test,test_nested,690,0,2,2,True,0,{}
train_02362,src_b1dbb1575f18bde07f56,Anxiety,2,train,train_legacy,470,2,0,2,True,0,{}
train_01805,src_b1deda9dc2dcbac9879c,Depression,1,train,train_legacy,2275,2,0,2,True,0,{}
train_02176,src_b1ee6667dedcdc7aff34,Depression,1,train,train_legacy,871,2,0,2,True,0,{}
train_03948,src_b1f3753422e856859808,Depression,1,train,train_legacy,329,2,0,2,True,0,{}
train_04760,src_b1fb1637728c28b54869,Normal,0,train,train_legacy,113,2,0,2,True,0,{}
train_00395,src_b1ff62cb05e9fb2bae5a,Depression,1,train,train_legacy,579,2,0,2,True,0,{}
test_00736,src_b211cb4a490969ea4ec5,Depression,1,test,test_nested,2964,0,3,2,True,0,"{""length_ratio"": 1}"
test_00944,src_b2125936baa7b83a8f87,Bipolar,3,test,test_nested,485,0,5,0,False,2,"{""refusal"": 5}"
val_confirm_00439,src_b2150c8d97fc2cd6552a,Bipolar,3,train,train_added,2883,2,5,1,False,1,"{""meta_commentary"": 6}"
test_00413,src_b2174fd6a190e9f733f5,Anxiety,2,test,test_nested,1009,0,2,2,True,0,{}
val_confirm_00656,src_b218f2dabb587bc62d60,Bipolar,3,train,train_added,1344,2,1,2,True,0,"{""meta_commentary"": 1}"
test_00688,src_b21a50eaafd5576be63e,Normal,0,train,train_added,61,2,3,2,True,0,"{""length_ratio"": 3}"
test_01034,src_b21c28f736d804457842,Normal,0,test,test_nested,14,0,5,0,False,2,"{""length_ratio"": 5}"
test_02440,src_b220cc20ff079768a016,Bipolar,3,train,train_added,462,2,0,2,True,0,{}
train_00529,src_b230c583479049f3b6eb,Bipolar,3,train,train_legacy,256,2,0,2,True,0,{}
train_02006,src_b2354bef2d9a4c288edb,Depression,1,train,train_legacy,316,2,0,2,True,0,{}
train_04039,src_b2368007a0ff95ce4fd2,Depression,1,train,train_legacy,394,2,0,2,True,0,{}
train_03418,src_b23db29e86405b7c7dec,Bipolar,3,train,train_legacy,83,2,0,2,True,0,{}
train_01929,src_b24790f2a6938b3dea2d,Normal,0,train,train_legacy,22,2,4,2,True,0,"{""sbert"": 4}"
train_00836,src_b24c23ebff56053bbb6d,Normal,0,train,train_legacy,40,2,5,1,False,1,"{""length_ratio"": 3, ""sbert"": 3}"
val_confirm_00377,src_b24cc2f0cbf08ed538ab,Depression,1,train,train_added,774,2,0,2,True,0,{}
train_05861,src_b25e1a6356c4911e9cca,Bipolar,3,train,train_legacy,890,2,1,2,True,0,"{""meta_commentary"": 1}"
train_02217,src_b2635698b433a10ba982,Anxiety,2,train,train_legacy,785,2,5,0,False,2,"{""meta_commentary"": 7}"
test_02012,src_b2693a2339bc15784b43,Normal,0,train,train_added,52,2,0,2,True,0,{}
train_04064,src_b26b14b0a614515b7b70,Normal,0,train,train_legacy,83,2,0,2,True,0,{}
train_00096,src_b278794df23a884c7071,Normal,0,train,train_legacy,34,2,5,1,False,1,"{""length_ratio"": 6}"
val_search_00275,src_b27ae0caae5749edd299,Depression,1,train,train_added,314,2,0,2,True,0,{}
train_01950,src_b284726e29ddb3f1a04b,Depression,1,train,train_legacy,288,2,0,2,True,0,{}
train_02978,src_b2967fa1a7fd55dbd235,Anxiety,2,train,train_legacy,1246,2,1,2,True,0,"{""meta_commentary"": 1}"
train_02611,src_b29bab310535c2d5fb29,Bipolar,3,train,train_legacy,1244,2,0,2,True,0,{}
test_00941,src_b29fec10604b02c5dba9,Depression,1,test,test_nested,547,0,2,2,True,0,{}
train_03419,src_b2a3e833864d4096b5a6,Depression,1,train,train_legacy,354,2,0,2,True,0,{}
train_03529,src_b2a7536fa997497d4ea7,Bipolar,3,train,train_legacy,1489,2,0,2,True,0,{}
test_00734,src_b2a8e33ba06d80bfa9e6,Bipolar,3,train,train_added,1924,2,0,2,True,0,{}
test_01206,src_b2ab52f44c09cf2987e1,Normal,0,test,test_nested,31,0,5,0,False,2,"{""length_ratio"": 3, ""sbert"": 2}"
val_confirm_00709,src_b2bb6f0a2666f13d90ea,Depression,1,train,train_added,272,2,0,2,True,0,{}
train_00980,src_b2c1497ff52b25b00679,Depression,1,train,train_legacy,296,2,0,2,True,0,{}
test_02172,src_b2c961e74d1ed1f43943,Normal,0,test,test_nested,338,0,2,2,True,0,{}
train_03319,src_b2ce6316d28f12a6d28b,Anxiety,2,train,train_legacy,387,2,0,2,True,0,{}
test_01033,src_b2d2fb77577da82a8cb0,Normal,0,train,train_added,519,2,0,2,True,0,{}
test_01307,src_b2d55daa2482edccfc22,Anxiety,2,test,test_nested,702,0,3,2,True,0,"{""meta_commentary"": 1}"
test_00821,src_b2d8c018233e2e32282b,Anxiety,2,train,train_added,123,2,0,2,True,0,{}
train_03875,src_b2e67c98110d1dec9ad9,Bipolar,3,train,train_legacy,465,2,1,2,True,0,"{""meta_commentary"": 1}"
test_01158,src_b2e764a67668c036ef3d,Bipolar,3,test,test_nested,370,0,2,2,True,0,{}
train_01636,src_b2f4c6e2f4312de4c48a,Depression,1,train,train_legacy,725,2,0,2,True,0,{}
train_04024,src_b2f6d40a28dcf674d53d,Anxiety,2,train,train_legacy,1157,2,0,2,True,0,{}
train_00138,src_b2f6ee7e21a74a254f97,Normal,0,train,train_legacy,818,2,1,2,True,0,"{""meta_commentary"": 1}"
test_01153,src_b30873ede56e9099f513,Bipolar,3,test,test_nested,479,0,5,1,False,1,"{""meta_commentary"": 4}"
train_00202,src_b321728d3c7a021513bc,Anxiety,2,train,train_legacy,286,2,1,2,True,0,"{""length_ratio"": 1}"
test_02159,src_b326c74b974910927c34,Normal,0,test,test_nested,20,0,5,0,False,2,"{""length_ratio"": 3, ""sbert"": 2}"
test_00534,src_b33643d9ff471c920b9a,Anxiety,2,test,test_nested,22,0,5,0,False,2,"{""sbert"": 5}"
test_00447,src_b336bc10bc0e508491e6,Anxiety,2,test,test_nested,789,0,2,2,True,0,{}
train_02134,src_b341dfa1241f50f2e9d7,Bipolar,3,train,train_legacy,271,2,1,2,True,0,"{""length_ratio"": 1}"
train_01319,src_b3440c4b41d041ec024e,Anxiety,2,train,train_legacy,84,2,4,2,True,0,"{""sbert"": 4}"
val_confirm_00327,src_b34c4df599e3451ea272,Depression,1,train,train_added,505,2,0,2,True,0,{}
test_01700,src_b34dcc2f8d14feb02d84,Depression,1,train,train_added,682,2,0,2,True,0,{}
train_01376,src_b360a90ff85bad94d9ac,Depression,1,train,train_legacy,684,2,0,2,True,0,{}
train_02216,src_b378ddc2aafd170d5b3c,Anxiety,2,train,train_legacy,473,2,0,2,True,0,{}
train_03160,src_b37ce561d060ebeb9e1d,Anxiety,2,train,train_legacy,114,2,0,2,True,0,{}
train_03479,src_b37e27293348f250c1a5,Normal,0,train,train_legacy,26,2,5,0,False,2,"{""length_ratio"": 7}"
val_confirm_00372,src_b380f3901f5f5eb84902,Anxiety,2,train,train_added,719,2,0,2,True,0,{}
train_02188,src_b381f3197d6353943e62,Anxiety,2,train,train_legacy,1132,2,1,2,True,0,"{""meta_commentary"": 1}"
train_05876,src_b385574a7c24ee3febdf,Depression,1,train,train_legacy,1535,2,0,2,True,0,{}
train_00924,src_b389f2da31935a7909fd,Bipolar,3,train,train_legacy,1803,2,0,2,True,0,{}
test_00245,src_b3928c09feb80bb784ff,Normal,0,train,train_added,17,2,5,0,False,2,"{""length_ratio"": 5, ""sbert"": 2}"
test_01328,src_b3950cad754167b7354c,Normal,0,train,train_added,87,2,0,2,True,0,{}
test_00210,src_b3a6f10d95d00da0be4a,Bipolar,3,test,test_nested,1177,0,2,2,True,0,{}
test_01382,src_b3b20d932f897ec42a4e,Depression,1,test,test_nested,441,0,5,0,False,2,"{""refusal"": 5}"
test_00600,src_b3be247da747d23c85f1,Depression,1,train,train_added,1940,2,5,0,False,2,"{""refusal"": 7}"
test_00794,src_b3be2c47c55d188159f1,Normal,0,test,test_nested,48,0,5,1,False,1,"{""sbert"": 4}"
train_01686,src_b3c5c976e508a90193f5,Bipolar,3,train,train_legacy,955,2,0,2,True,0,{}
train_00848,src_b3d79bb19c89f9a06eb1,Bipolar,3,train,train_legacy,1058,2,0,2,True,0,{}
train_01779,src_b3e1e195b980fb3b0616,Normal,0,train,train_legacy,132,2,0,2,True,0,{}
train_01769,src_b3e26c3d27587ed2b01e,Bipolar,3,train,train_legacy,1082,2,0,2,True,0,{}
train_02423,src_b3e50f542dbc1ed2290f,Normal,0,train,train_legacy,86,2,0,2,True,0,{}
train_03812,src_b3e775ef046005cae15d,Depression,1,train,train_legacy,128,2,3,2,True,0,"{""meta_commentary"": 2, ""refusal"": 1}"
train_01135,src_b3ea36774af9755c56ee,Anxiety,2,train,train_legacy,347,2,0,2,True,0,{}
test_01533,src_b3f95c378d6c1ff2abe7,Normal,0,test,test_nested,50,0,2,2,True,0,{}
train_01067,src_b3fbf7964c5dc48c9dfd,Bipolar,3,train,train_legacy,684,2,1,2,True,0,"{""meta_commentary"": 1}"
train_03475,src_b40509801837c73940d1,Bipolar,3,train,train_legacy,173,2,1,2,True,0,"{""length_ratio"": 1}"
train_04858,src_b40a4ba7b38b6357bdb6,Anxiety,2,train,train_legacy,589,2,1,2,True,0,"{""meta_commentary"": 1}"
train_03182,src_b41070c9de7dff15c05f,Normal,0,train,train_legacy,27,2,4,2,True,0,"{""length_ratio"": 4}"
test_02374,src_b41dd1a9a342c2c6dc07,Anxiety,2,test,test_nested,1724,0,2,2,True,0,{}
test_01558,src_b4207da98c36d16c373c,Anxiety,2,test,test_nested,658,0,2,2,True,0,{}
train_01513,src_b4251f15bd25481baf79,Anxiety,2,train,train_legacy,841,2,0,2,True,0,{}
test_01584,src_b4259476dbfe7d0e9715,Normal,0,test,test_nested,85,0,2,2,True,0,{}
val_confirm_00723,src_b428f1d5ce88abc9f311,Anxiety,2,train,train_added,781,2,0,2,True,0,{}
test_00480,src_b42d25c809cd482f4d7e,Bipolar,3,test,test_nested,345,0,2,2,True,0,{}
train_00957,src_b42db517b74e3dcf50ab,Depression,1,train,train_legacy,155,2,5,0,False,2,"{""length_ratio"": 7}"
val_search_00198,src_b43356c12dcd27d98b8f,Anxiety,2,train,train_added,84,2,1,2,True,0,"{""length_ratio"": 1}"
test_01831,src_b4398a4630a5f8e0d172,Depression,1,test,test_nested,605,0,2,2,True,0,{}
test_01966,src_b43c6e03fa053571c5c0,Anxiety,2,test,test_nested,745,0,2,2,True,0,{}
val_confirm_00484,src_b43fcd0f90c2eaa7665e,Anxiety,2,train,train_added,480,2,0,2,True,0,{}
train_00094,src_b4436539c1c6f13c8fbf,Anxiety,2,train,train_legacy,463,2,0,2,True,0,{}
train_00413,src_b44e1ed82aae412cfed6,Bipolar,3,train,train_legacy,264,2,0,2,True,0,{}
val_confirm_00017,src_b44eac2df86bdd362ef6,Bipolar,3,train,train_added,2010,2,0,2,True,0,{}
test_00301,src_b45369195d96c372f4f2,Anxiety,2,train,train_added,98,2,2,2,True,0,"{""length_ratio"": 1, ""sbert"": 1}"
train_04912,src_b4538812ca5fc5f32a20,Normal,0,train,train_legacy,56,2,0,2,True,0,{}
train_01317,src_b45a4088bda8423dde6c,Depression,1,train,train_legacy,280,2,0,2,True,0,{}
train_03672,src_b46a29b0612ba69e853f,Normal,0,train,train_legacy,55,2,3,2,True,0,"{""length_ratio"": 1, ""sbert"": 2}"
train_00655,src_b46f4edc91f004dd0f43,Anxiety,2,train,train_legacy,394,2,0,2,True,0,{}
test_02212,src_b4736b277a7eceb8fc16,Bipolar,3,test,test_nested,354,0,2,2,True,0,{}
train_01934,src_b484973c0572d42acc2b,Bipolar,3,train,train_legacy,625,2,1,2,True,0,"{""meta_commentary"": 1}"
train_03265,src_b49ed0e9b80839cf1010,Anxiety,2,train,train_legacy,258,2,0,2,True,0,{}
train_04920,src_b4a65cacad090c6bfb56,Bipolar,3,train,train_legacy,683,2,0,2,True,0,{}
train_04730,src_b4b5e033dea7f130eab3,Bipolar,3,train,train_legacy,993,2,0,2,True,0,{}
train_03738,src_b4c87a322d2bd936de52,Bipolar,3,train,train_legacy,1373,2,0,2,True,0,{}
train_00175,src_b4d56b3fcebacd78c37c,Depression,1,train,train_legacy,627,2,0,2,True,0,{}
val_confirm_00840,src_b4db7746f69e055d5701,Depression,1,train,train_added,502,2,1,2,True,0,"{""meta_commentary"": 1}"
val_search_00346,src_b4e47c759a11345c67e6,Anxiety,2,train,train_added,441,2,1,2,True,0,"{""meta_commentary"": 1}"
train_01093,src_b4e7922870742322fae0,Anxiety,2,train,train_legacy,380,2,0,2,True,0,{}
val_search_00079,src_b4eab9ee69ef7f085e1d,Normal,0,train,train_added,46,2,0,2,True,0,{}
test_02115,src_b4f6fad2b63c74a63c66,Anxiety,2,train,train_added,887,2,0,2,True,0,{}
train_03208,src_b4fc64c45a38bb65402f,Depression,1,train,train_legacy,787,2,5,0,False,2,"{""refusal"": 7}"
test_01334,src_b507f8317418b95d1c26,Normal,0,train,train_added,46,2,2,2,True,0,"{""length_ratio"": 2}"
train_05016,src_b50e9c828c93a163fd1e,Bipolar,3,train,train_legacy,890,2,0,2,True,0,{}
test_01848,src_b50f1c1c19d90e01b20f,Bipolar,3,test,test_nested,961,0,2,2,True,0,{}
train_04726,src_b50ff62438707d0e02d2,Anxiety,2,train,train_legacy,875,2,0,2,True,0,{}
train_01276,src_b5110f032ab45c45af6c,Anxiety,2,train,train_legacy,1010,2,3,2,True,0,"{""meta_commentary"": 3}"
train_00269,src_b514a09862808bba5eb6,Anxiety,2,train,train_legacy,35,2,5,2,True,0,"{""sbert"": 4}"
train_02469,src_b525f27ddaa909cf30eb,Anxiety,2,train,train_legacy,130,2,0,2,True,0,{}
train_01332,src_b5282982e512a0de7f4d,Normal,0,train,train_legacy,67,2,0,2,True,0,{}
train_00582,src_b52c0cfe45f07abfcf18,Depression,1,train,train_legacy,284,2,0,2,True,0,{}
test_01107,src_b5317645c5c851b39ff3,Normal,0,train,train_added,71,2,0,2,True,0,{}
val_confirm_00023,src_b534b026642ea9d6ef9b,Bipolar,3,train,train_added,1980,2,0,2,True,0,{}
train_05603,src_b537ec12686d98e47992,Depression,1,train,train_legacy,773,2,0,2,True,0,{}
train_01672,src_b546b94b93d8eb5a8d12,Bipolar,3,train,train_legacy,1665,2,0,2,True,0,{}
train_00873,src_b54ae0682e1ae37bb428,Normal,0,train,train_legacy,127,2,0,2,True,0,{}
train_01895,src_b54fefe58119978c9b93,Bipolar,3,train,train_legacy,1031,2,0,2,True,0,{}
val_confirm_01099,src_b5533a670dea0196308c,Depression,1,train,train_added,1207,2,0,2,True,0,{}
test_00880,src_b559b284d0911a4c774f,Bipolar,3,test,test_nested,2339,0,2,2,True,0,{}
test_00570,src_b55c227ff2d90bcbc5d2,Normal,0,test,test_nested,12,0,5,0,False,2,"{""length_ratio"": 5}"
val_search_00283,src_b55ecfbb795712ade1a0,Bipolar,3,train,train_added,1008,2,0,2,True,0,{}
test_00442,src_b5760efdd666cb0ebfed,Anxiety,2,test,test_nested,442,0,2,2,True,0,{}
train_05700,src_b576a2d7cb563779240f,Bipolar,3,train,train_legacy,324,2,0,2,True,0,{}
test_00792,src_b579c441b6b4df98dcea,Anxiety,2,test,test_nested,1218,0,4,2,True,0,"{""meta_commentary"": 2}"
test_02031,src_b586b7ab13b1e7ff6142,Depression,1,test,test_nested,351,0,2,2,True,0,{}
train_01249,src_b598fb770d8ce5f01c2d,Normal,0,train,train_legacy,113,2,0,2,True,0,{}
train_00177,src_b5a5a5f5c6cb34947600,Depression,1,train,train_legacy,1031,2,0,2,True,0,{}
train_05455,src_b5b32e934f62a31e96e8,Anxiety,2,train,train_legacy,88,2,1,2,True,0,"{""sbert"": 1}"
train_05386,src_b5bd576ef9365fb30da4,Depression,1,train,train_legacy,187,2,0,2,True,0,{}
test_00841,src_b5c23840e2b399395a62,Depression,1,test,test_nested,754,0,2,2,True,0,{}
test_00627,src_b5c3e2fbcce89318922e,Normal,0,test,test_nested,127,0,2,2,True,0,{}
test_01421,src_b5c650a8eff424310303,Bipolar,3,train,train_added,1163,2,0,2,True,0,{}
train_03765,src_b5c6d709b6f261087d8f,Bipolar,3,train,train_legacy,1473,2,0,2,True,0,{}
test_01691,src_b5c9ded32fc70738c24d,Normal,0,test,test_nested,82,0,2,2,True,0,{}
test_01699,src_b5d8245ca20973c103fa,Anxiety,2,train,train_added,151,2,5,0,False,2,"{""length_ratio"": 2, ""sbert"": 5}"
train_02139,src_b5df1a60e527516a92e0,Bipolar,3,train,train_legacy,1812,2,1,2,True,0,"{""meta_commentary"": 1}"
train_05378,src_b5e03ec9cbbd5f781350,Anxiety,2,train,train_legacy,589,2,0,2,True,0,{}
train_00504,src_b5fa4f34d22f43adb783,Depression,1,train,train_legacy,312,2,0,2,True,0,{}
train_00756,src_b5fc94789483b07c7d10,Anxiety,2,train,train_legacy,166,2,0,2,True,0,{}
test_00224,src_b5fe3d06a400321a85b0,Depression,1,test,test_nested,2393,0,2,2,True,0,{}
val_confirm_00261,src_b6006c85a0534e2f8c63,Anxiety,2,train,train_added,50,2,3,2,True,0,"{""length_ratio"": 3}"
train_02664,src_b61ebc25141c11492e23,Bipolar,3,train,train_legacy,137,2,0,2,True,0,{}
train_04363,src_b621c855443f0526e22e,Bipolar,3,train,train_legacy,1031,2,1,2,True,0,"{""meta_commentary"": 1}"
train_00842,src_b627cb5b6ce5c262bd71,Bipolar,3,train,train_legacy,710,2,0,2,True,0,{}
train_02541,src_b62eec56d398b0b4183b,Bipolar,3,train,train_legacy,836,2,0,2,True,0,{}
train_00757,src_b630ad4c8c20d9ad8586,Anxiety,2,train,train_legacy,106,2,5,0,False,2,"{""length_ratio"": 2, ""sbert"": 5}"
test_00691,src_b63ea33e810e969fc1c4,Normal,0,test,test_nested,58,0,5,1,False,1,"{""length_ratio"": 3, ""sbert"": 1}"
test_01692,src_b63f045c8a7c9504432a,Bipolar,3,test,test_nested,1006,0,2,2,True,0,{}
train_03104,src_b643157a4b814ea1f4c6,Anxiety,2,train,train_legacy,302,2,0,2,True,0,{}
train_04440,src_b649f9008aa6b5b26579,Bipolar,3,train,train_legacy,3238,2,0,2,True,0,{}
train_04634,src_b65fdaef950d4a597df4,Anxiety,2,train,train_legacy,312,2,0,2,True,0,{}
test_02424,src_b6611d5541538b78db05,Bipolar,3,test,test_nested,1232,0,2,2,True,0,{}
train_04428,src_b6641c7954d9ec282e89,Normal,0,train,train_legacy,55,2,2,2,True,0,"{""length_ratio"": 2}"
test_02130,src_b6644ec8f37d419ca0bc,Depression,1,test,test_nested,858,0,2,2,True,0,{}
val_confirm_00543,src_b66c04c8fc47cde0de1d,Bipolar,3,train,train_added,1689,2,0,2,True,0,{}
train_00141,src_b66d863692e54b2b4074,Depression,1,train,train_legacy,103,2,0,2,True,0,{}
train_03270,src_b6723ebb52a483b647f7,Anxiety,2,train,train_legacy,223,2,0,2,True,0,{}
train_04268,src_b675ed4679bc1b5fb024,Bipolar,3,train,train_legacy,809,2,0,2,True,0,{}
train_04449,src_b67b130376a532e9550f,Depression,1,train,train_legacy,994,2,0,2,True,0,{}
train_00157,src_b67cdbc829f19874f633,Normal,0,train,train_legacy,55,2,0,2,True,0,{}
train_02210,src_b680812e52c936743cba,Anxiety,2,train,train_legacy,1017,2,0,2,True,0,{}
test_00079,src_b689d437d9c7adbb08d5,Bipolar,3,test,test_nested,969,0,2,2,True,0,{}
train_03486,src_b69a3bdcbc1e54b9ad60,Normal,0,train,train_legacy,508,2,0,2,True,0,{}
test_00273,src_b69e2fda6406e83bd646,Anxiety,2,test,test_nested,310,0,2,2,True,0,{}
train_05797,src_b6af627bd1ef3f19ae7e,Normal,0,train,train_legacy,315,2,0,2,True,0,{}
train_04018,src_b6b33fda449ce16bea54,Depression,1,train,train_legacy,826,2,0,2,True,0,{}
train_00292,src_b6b643cb1fde681743a6,Normal,0,train,train_legacy,67,2,0,2,True,0,{}
train_04725,src_b6b7e758c7bddc38abff,Anxiety,2,train,train_legacy,621,2,0,2,True,0,{}
train_02408,src_b6c697d9a34cfa9389b1,Depression,1,train,train_legacy,271,2,0,2,True,0,{}
train_05540,src_b6ca0f83dff262a04265,Normal,0,train,train_legacy,54,2,2,2,True,0,"{""length_ratio"": 2}"
train_05262,src_b6d0e839e1e01602b106,Depression,1,train,train_legacy,1773,2,0,2,True,0,{}
test_00198,src_b70c271a2db202df4566,Bipolar,3,test,test_nested,263,0,2,2,True,0,{}
test_00258,src_b711ed3311d59a9c5f68,Bipolar,3,train,train_added,242,2,0,2,True,0,{}
train_00975,src_b724b215bf922359d0d3,Normal,0,train,train_legacy,35,2,5,0,False,2,"{""length_ratio"": 2, ""sbert"": 5}"
val_confirm_01055,src_b728282c4b18b11808da,Normal,0,train,train_added,19,2,5,0,False,2,"{""meta_commentary"": 5, ""refusal"": 1, ""sbert"": 1}"
train_05173,src_b7472a00314c14c66318,Bipolar,3,train,train_legacy,379,2,0,2,True,0,{}
train_00949,src_b74a96098174dc42c31c,Bipolar,3,train,train_legacy,1769,2,0,2,True,0,{}
train_03723,src_b752be09a63bb8ef71c4,Depression,1,train,train_legacy,214,2,0,2,True,0,{}
val_search_00028,src_b7580a7d971fc6c46793,Anxiety,2,train,train_added,27,2,5,1,False,1,"{""sbert"": 6}"
test_01801,src_b75d797dacb722a0ff8d,Anxiety,2,test,test_nested,313,0,2,2,True,0,{}
train_04789,src_b7607f1058d9930523c7,Anxiety,2,train,train_legacy,373,2,0,2,True,0,{}
train_03992,src_b76accf80385abd66f69,Normal,0,train,train_legacy,78,2,1,2,True,0,"{""length_ratio"": 1}"
test_01450,src_b76c073d957c63879801,Depression,1,test,test_nested,2433,0,2,2,True,0,{}
train_00737,src_b76efd1e5214d2f3600e,Bipolar,3,train,train_legacy,743,2,0,2,True,0,{}
train_02070,src_b773e0779041692b4ea2,Bipolar,3,train,train_legacy,2177,2,5,0,False,2,"{""meta_commentary"": 7}"
train_02297,src_b77b564d2eb6a7192917,Bipolar,3,train,train_legacy,716,2,0,2,True,0,{}
train_00365,src_b782a65cff79930616a2,Normal,0,train,train_legacy,50,2,5,0,False,2,"{""length_ratio"": 2, ""meta_commentary"": 1, ""sbert"": 4}"
test_02404,src_b78961fbb1bf94b0fb50,Anxiety,2,train,train_added,1487,2,0,2,True,0,{}
train_01668,src_b789665a1b9035e29abf,Normal,0,train,train_legacy,251,2,5,0,False,2,"{""sbert"": 7}"
train_01334,src_b78fbabc1f0f3fa6e6db,Normal,0,train,train_legacy,93,2,1,2,True,0,"{""sbert"": 1}"
train_04629,src_b7a698e58747ccb74665,Normal,0,train,train_legacy,118,2,0,2,True,0,{}
test_01829,src_b7a6ddf892843ea0a405,Depression,1,test,test_nested,759,0,2,2,True,0,{}
test_00562,src_b7aa88ed518398951068,Bipolar,3,test,test_nested,765,0,2,2,True,0,{}
train_00508,src_b7ab1a5a785b9cffc8d8,Anxiety,2,train,train_legacy,182,2,1,2,True,0,"{""length_ratio"": 1}"
train_03211,src_b7ac97c7652f466ac53d,Depression,1,train,train_legacy,653,2,0,2,True,0,{}
train_01098,src_b7b61a643a60868f89ff,Bipolar,3,train,train_legacy,139,2,0,2,True,0,{}
val_confirm_00794,src_b7ba72de99092d207080,Normal,0,train,train_added,36,2,0,2,True,0,{}
train_01034,src_b7bd99876fe0e9042331,Anxiety,2,train,train_legacy,719,2,0,2,True,0,{}
test_00877,src_b7c22564d01ec9a4caed,Depression,1,test,test_nested,564,0,2,2,True,0,{}
train_03017,src_b7c25b117f8a0afdf13c,Bipolar,3,train,train_legacy,720,2,0,2,True,0,{}
test_02210,src_b7ca5b6f8c6b1b3802cf,Anxiety,2,test,test_nested,860,0,2,2,True,0,{}
test_00806,src_b7ce0087845dc4c683ef,Bipolar,3,test,test_nested,356,0,2,2,True,0,{}
train_00511,src_b7d0f566162557879254,Depression,1,train,train_legacy,378,2,0,2,True,0,{}
train_02334,src_b7d1745396f23d5988b7,Depression,1,train,train_legacy,593,2,5,0,False,2,"{""refusal"": 7}"
train_02455,src_b7d41ce04209d20bf7bd,Anxiety,2,train,train_legacy,219,2,0,2,True,0,{}
train_03060,src_b7d7c18ee0e88e1deab7,Bipolar,3,train,train_legacy,252,2,0,2,True,0,{}
test_01979,src_b7e2aef8f72651260e89,Bipolar,3,test,test_nested,373,0,2,2,True,0,{}
train_05685,src_b7e51264297cca94d232,Depression,1,train,train_legacy,556,2,0,2,True,0,{}
test_01663,src_b7e68736622210448d55,Anxiety,2,test,test_nested,199,0,2,2,True,0,{}
val_confirm_00757,src_b7f050e841b787f53199,Bipolar,3,train,train_added,613,2,0,2,True,0,{}
train_02094,src_b7f41febda978cda3bd2,Normal,0,train,train_legacy,44,2,2,2,True,0,"{""length_ratio"": 2}"
train_02846,src_b801789f2cf60f9146e7,Anxiety,2,train,train_legacy,673,2,0,2,True,0,{}
train_00647,src_b80b3cebabff974a30bd,Depression,1,train,train_legacy,255,2,0,2,True,0,{}
train_04304,src_b8177892ffe5adef42c2,Normal,0,train,train_legacy,436,2,0,2,True,0,{}
train_02172,src_b81f14590a7f845eb332,Normal,0,train,train_legacy,127,2,5,0,False,2,"{""length_ratio"": 5, ""sbert"": 2}"
test_00350,src_b82f0d2b4b7cffa16ee3,Depression,1,test,test_nested,2247,0,2,2,True,0,{}
test_00067,src_b830dd725edd37ab291c,Bipolar,3,test,test_nested,2292,0,2,2,True,0,{}
train_05101,src_b83998a2a4f6f246a7b4,Anxiety,2,train,train_legacy,4409,2,1,2,True,0,"{""meta_commentary"": 1}"
test_01630,src_b839c15761e3c04bcc48,Anxiety,2,test,test_nested,623,0,5,0,False,2,"{""refusal"": 5}"
train_02772,src_b85ab6cd80a13b7b5c0b,Normal,0,train,train_legacy,75,2,1,2,True,0,"{""length_ratio"": 1}"
train_00786,src_b85bf318e165f69d3f35,Normal,0,train,train_legacy,20,2,5,1,False,1,"{""length_ratio"": 6}"
test_01230,src_b85d04e25fc9999f114f,Depression,1,test,test_nested,1889,0,2,2,True,0,{}
train_03537,src_b863fe89fabe5cf4a07d,Anxiety,2,train,train_legacy,1162,2,1,2,True,0,"{""meta_commentary"": 1}"
test_00834,src_b865501fcbda710768e8,Bipolar,3,test,test_nested,700,0,2,2,True,0,{}
train_03741,src_b871e3e9693e645c1df4,Normal,0,train,train_legacy,14,2,5,1,False,1,"{""length_ratio"": 4, ""sbert"": 2}"
train_04734,src_b875509ba385f1b71dd4,Anxiety,2,train,train_legacy,512,2,0,2,True,0,{}
train_05981,src_b87b0b301880aef687ec,Bipolar,3,train,train_legacy,1352,2,1,2,True,0,"{""meta_commentary"": 1}"
train_00896,src_b8873bb3faf7a0f209f6,Anxiety,2,train,train_legacy,933,2,0,2,True,0,{}
train_01077,src_b88b95a9ea2ceedf07bb,Bipolar,3,train,train_legacy,1570,2,0,2,True,0,{}
test_01377,src_b88da3d81c3e78d7780d,Normal,0,test,test_nested,28,0,5,0,False,2,"{""length_ratio"": 1, ""refusal"": 2, ""sbert"": 2}"
test_02355,src_b89897040c964e2f6596,Depression,1,test,test_nested,1068,0,2,2,True,0,{}
train_01765,src_b8abfa820447c2242f5e,Depression,1,train,train_legacy,154,2,0,2,True,0,{}
train_00310,src_b8b7b7cc66f131b038fe,Bipolar,3,train,train_legacy,515,2,0,2,True,0,{}
test_01538,src_b8b8c232ae590ca66d80,Bipolar,3,test,test_nested,1070,0,2,2,True,0,{}
train_02407,src_b8bdb62e29197a7e3f9b,Normal,0,train,train_legacy,13,2,5,0,False,2,"{""length_ratio"": 7}"
train_03369,src_b8bec1d44a573588fd78,Anxiety,2,train,train_legacy,47,2,3,2,True,0,"{""length_ratio"": 2, ""sbert"": 1}"
train_04311,src_b8c320a49d8c16cb5384,Depression,1,train,train_legacy,601,2,0,2,True,0,{}
test_01042,src_b8cb1c53fa4b0c3e9584,Bipolar,3,test,test_nested,762,0,4,2,True,0,"{""meta_commentary"": 2}"
train_02398,src_b8d02aa8d5af4e534014,Normal,0,train,train_legacy,98,2,0,2,True,0,{}
train_01174,src_b8d6db2fa5e97a5c067f,Bipolar,3,train,train_legacy,751,2,1,2,True,0,"{""meta_commentary"": 1}"
test_01603,src_b8d7ff3ea9c4c039b9a9,Bipolar,3,test,test_nested,1473,0,2,2,True,0,{}
train_01964,src_b8e66e5bc40b839adbc4,Anxiety,2,train,train_legacy,2419,2,1,2,True,0,"{""meta_commentary"": 1}"
train_02913,src_b8ef42ae2c79ac68b1ce,Normal,0,train,train_legacy,44,2,1,2,True,0,"{""length_ratio"": 1}"
train_00095,src_b8f686a902ce39f8fdeb,Anxiety,2,train,train_legacy,357,2,0,2,True,0,{}
train_01927,src_b8fbfe46effdb084a1fc,Normal,0,train,train_legacy,25,2,5,0,False,2,"{""length_ratio"": 4, ""sbert"": 3}"
test_02052,src_b916943b4454a45f5cb2,Bipolar,3,test,test_nested,1113,0,2,2,True,0,{}
train_00967,src_b916f6560d1cebc5b1b6,Normal,0,train,train_legacy,46,2,0,2,True,0,{}
train_05103,src_b91db6df25650aac3170,Normal,0,train,train_legacy,20,2,4,2,True,0,"{""length_ratio"": 3, ""sbert"": 1}"
test_00650,src_b926f1b9fb646697837e,Depression,1,test,test_nested,957,0,2,2,True,0,{}
train_02882,src_b92a3a66fe8f753943c0,Bipolar,3,train,train_legacy,326,2,0,2,True,0,{}
train_04153,src_b932f6461e1c1a55f4e0,Anxiety,2,train,train_legacy,4507,2,5,0,False,2,"{""meta_commentary"": 7}"
train_03193,src_b9347fd5292a82f732e4,Normal,0,train,train_legacy,541,2,0,2,True,0,{}
train_03143,src_b93b7bfcb29d434a5b22,Anxiety,2,train,train_legacy,1078,2,0,2,True,0,{}
test_00839,src_b9407fe80928afa168e4,Depression,1,test,test_nested,149,0,5,1,False,1,"{""length_ratio"": 3, ""sbert"": 1}"
train_01825,src_b941789199191f5f0891,Bipolar,3,train,train_legacy,2400,2,1,2,True,0,"{""meta_commentary"": 1}"
train_05753,src_b942cc6fd2e9216f8f25,Anxiety,2,train,train_legacy,194,2,0,2,True,0,{}
val_confirm_00166,src_b94d73399f950392609c,Depression,1,train,train_added,306,2,0,2,True,0,{}
test_00054,src_b96bd7e8bd5f9c70d310,Normal,0,test,test_nested,524,0,2,2,True,0,{}
train_01017,src_b96d71cf861862514887,Depression,1,train,train_legacy,289,2,0,2,True,0,{}
train_04417,src_b9729db3bfe24a6ad247,Normal,0,train,train_legacy,16,2,3,2,True,0,"{""length_ratio"": 3}"
test_01721,src_b9743f331daef3e45d84,Normal,0,test,test_nested,48,0,2,2,True,0,{}
train_01412,src_b976ddce3f72cf433634,Anxiety,2,train,train_legacy,2483,2,1,2,True,0,"{""meta_commentary"": 1}"
test_01254,src_b97b2598259df88b3a98,Anxiety,2,test,test_nested,1741,0,2,2,True,0,{}
test_00608,src_b98344c5c6c897127a00,Anxiety,2,test,test_nested,393,0,2,2,True,0,{}
train_04618,src_b989dbb4d2a276640fca,Bipolar,3,train,train_legacy,280,2,0,2,True,0,{}
train_05872,src_b99ef9cbb5d670c28fdc,Bipolar,3,train,train_legacy,682,2,4,2,True,0,"{""meta_commentary"": 4}"
train_04967,src_b9bd7d9fa7ef9d183d3d,Normal,0,train,train_legacy,14,2,5,1,False,1,"{""length_ratio"": 3, ""sbert"": 3}"
train_03733,src_b9c0c35b2f8c35c221b6,Depression,1,train,train_legacy,51,2,5,0,False,2,"{""refusal"": 7}"
test_01680,src_b9ca3c9700926c2ec18b,Bipolar,3,test,test_nested,1106,0,2,2,True,0,{}
test_00662,src_b9cdeefac2f6a7d7b983,Bipolar,3,test,test_nested,2157,0,3,2,True,0,"{""length_ratio"": 1}"
train_01998,src_b9dc2133d4a738be196d,Normal,0,train,train_legacy,64,2,0,2,True,0,{}
train_01991,src_b9f1140a72dd88c9b38f,Bipolar,3,train,train_legacy,603,2,0,2,True,0,{}
train_04217,src_b9fcc6f239c6af0affa5,Depression,1,train,train_legacy,7087,2,5,1,False,1,"{""length_ratio"": 4, ""meta_commentary"": 2}"
train_04612,src_b9fe2851cce2bf84a864,Normal,0,train,train_legacy,66,2,0,2,True,0,{}
train_04257,src_ba03d978aa06dce5e49a,Normal,0,train,train_legacy,84,2,5,1,False,1,"{""sbert"": 6}"
test_01020,src_ba0534b0119b775f0f7f,Anxiety,2,test,test_nested,299,0,2,2,True,0,{}
train_02529,src_ba1008fa833984073c10,Anxiety,2,train,train_legacy,1793,2,1,2,True,0,"{""meta_commentary"": 1}"
test_01681,src_ba2f1ed147cc4473f96b,Normal,0,test,test_nested,75,0,2,2,True,0,{}
train_01279,src_ba39b6d513767cc631e9,Bipolar,3,train,train_legacy,1093,2,0,2,True,0,{}
train_03688,src_ba40f55f15302e5f35de,Depression,1,train,train_legacy,788,2,0,2,True,0,{}
train_05139,src_ba4e00dd8f86819bcc0c,Bipolar,3,train,train_legacy,1439,2,0,2,True,0,{}
test_01266,src_ba4e6090cd2cc3305f06,Depression,1,train,train_added,762,2,2,2,True,0,"{""refusal"": 2}"
test_02340,src_ba4f037af21bd0379fe0,Anxiety,2,test,test_nested,44,0,5,0,False,2,"{""length_ratio"": 2, ""sbert"": 3}"
train_05204,src_ba5098514827a274699a,Normal,0,train,train_legacy,828,2,0,2,True,0,{}
train_00868,src_ba59eba06d0675461986,Normal,0,train,train_legacy,32,2,2,2,True,0,"{""sbert"": 2}"
train_03005,src_ba677b9959737f247767,Bipolar,3,train,train_legacy,612,2,0,2,True,0,{}
train_00828,src_ba6c61d69edb2f95bd6c,Anxiety,2,train,train_legacy,561,2,0,2,True,0,{}
train_04133,src_ba79ef3386a2ae05d6dc,Normal,0,train,train_legacy,49,2,5,1,False,1,"{""length_ratio"": 2, ""sbert"": 4}"
train_02923,src_ba8177f15e90cdac483d,Normal,0,train,train_legacy,136,2,0,2,True,0,{}
train_02339,src_ba81dc1b4badf85f959d,Normal,0,train,train_legacy,121,2,0,2,True,0,{}
train_03601,src_ba82459925d19fc0a767,Anxiety,2,train,train_legacy,100,2,0,2,True,0,{}
train_00258,src_ba964727b11feda8d76e,Normal,0,train,train_legacy,29,2,1,2,True,0,"{""length_ratio"": 1}"
test_00894,src_ba96d9d8427682ce4b93,Bipolar,3,test,test_nested,1306,0,2,2,True,0,{}
test_01963,src_ba975c12d927d99c492d,Normal,0,test,test_nested,6,0,3,2,True,0,"{""length_ratio"": 1}"
train_03120,src_bab19496374650edb039,Bipolar,3,train,train_legacy,353,2,0,2,True,0,{}
train_00846,src_bac664d210b98b1d82c4,Depression,1,train,train_legacy,223,2,5,0,False,2,"{""meta_commentary"": 1, ""refusal"": 6}"
train_03015,src_bad210421fcd0b1d6210,Anxiety,2,train,train_legacy,1813,2,1,2,True,0,"{""meta_commentary"": 1}"
test_01480,src_bad2efed241870352e63,Normal,0,train,train_added,481,2,0,2,True,0,{}
test_00008,src_bad5a591f549de785118,Anxiety,2,test,test_nested,172,0,2,2,True,0,{}
train_05117,src_bad80b1575d5eee3a2ae,Anxiety,2,train,train_legacy,86,2,1,2,True,0,"{""sbert"": 1}"
train_03714,src_bae173af4d52ea14e963,Anxiety,2,train,train_legacy,263,2,0,2,True,0,{}
train_03721,src_bae805b974f7baf63014,Normal,0,train,train_legacy,84,2,0,2,True,0,{}
test_01832,src_bb06d9e18dc6584f95d6,Anxiety,2,train,train_added,239,2,0,2,True,0,{}
test_01506,src_bb1c20467c1a809d28b5,Depression,1,test,test_nested,1302,0,2,2,True,0,{}
train_03732,src_bb1ebb82ec1747c8f8b4,Anxiety,2,train,train_legacy,967,2,0,2,True,0,{}
train_02303,src_bb1efbf5cfa026ca2ee0,Normal,0,train,train_legacy,200,2,0,2,True,0,{}
test_01708,src_bb1fe4627b0d300d6c01,Bipolar,3,train,train_added,1457,2,0,2,True,0,{}
train_01698,src_bb20d60ce5bb9901da87,Depression,1,train,train_legacy,441,2,0,2,True,0,{}
train_01736,src_bb2b8cd837f350b0622f,Normal,0,train,train_legacy,222,2,0,2,True,0,{}
train_05566,src_bb39c964d30e5d0ddc37,Depression,1,train,train_legacy,1557,2,0,2,True,0,{}
train_02164,src_bb4320a80c5f53309194,Normal,0,train,train_legacy,284,2,2,2,True,0,"{""sbert"": 2}"
test_00319,src_bb45be271927391565a7,Anxiety,2,test,test_nested,66,0,2,2,True,0,{}
train_01570,src_bb4c3c1676ba73e7e8b5,Depression,1,train,train_legacy,990,2,0,2,True,0,{}
val_search_00070,src_bb59930b9118c96f0dfa,Normal,0,train,train_added,18,2,5,1,False,1,"{""length_ratio"": 4, ""sbert"": 2}"
train_05811,src_bb612cfa104f12d3c85f,Bipolar,3,train,train_legacy,406,2,0,2,True,0,{}
train_04613,src_bb7a10431896d825fadf,Depression,1,train,train_legacy,1059,2,0,2,True,0,{}
train_02930,src_bb7ef7a544699a96194c,Bipolar,3,train,train_legacy,197,2,0,2,True,0,{}
val_search_00057,src_bb874bf3e67c54a33378,Normal,0,train,train_added,29,2,5,0,False,2,"{""length_ratio"": 1, ""refusal"": 5, ""sbert"": 1}"
train_05160,src_bb9243b4fdbe9e95494b,Depression,1,train,train_legacy,570,2,0,2,True,0,{}
train_00047,src_bb9b6fba7800cb2464ef,Bipolar,3,train,train_legacy,1932,2,0,2,True,0,{}
train_02166,src_bba2ee81f09f7c5e9eb9,Depression,1,train,train_legacy,1233,2,0,2,True,0,{}
train_01914,src_bba7696abb869b578119,Depression,1,train,train_legacy,738,2,1,2,True,0,"{""meta_commentary"": 1}"
train_00053,src_bbae2d8251b35220104e,Depression,1,train,train_legacy,716,2,0,2,True,0,{}
val_confirm_00708,src_bbb1b3d03615218e52e7,Depression,1,train,train_added,355,2,0,2,True,0,{}
train_03415,src_bbb9bb08567e80dc103a,Anxiety,2,train,train_legacy,345,2,0,2,True,0,{}
train_00730,src_bbd0ad0eeace01f576f8,Depression,1,train,train_legacy,110,2,5,1,False,1,"{""length_ratio"": 2, ""sbert"": 4}"
test_00615,src_bbd25ebbd722b67b1657,Depression,1,test,test_nested,1743,0,5,0,False,2,"{""refusal"": 5}"
train_04609,src_bbdb1485137dd4f23e93,Anxiety,2,train,train_legacy,325,2,0,2,True,0,{}
train_04003,src_bbe2f9619484c6cf20f3,Bipolar,3,train,train_legacy,1272,2,0,2,True,0,{}
train_05966,src_bc0f547a60e7eb5352b4,Normal,0,train,train_legacy,20,2,4,2,True,0,"{""duplicate"": 1, ""sbert"": 3}"
train_03294,src_bc1f6c613b46f3f0c41e,Depression,1,train,train_legacy,767,2,0,2,True,0,{}
val_confirm_00324,src_bc3a75937d13b5b936ea,Depression,1,train,train_added,137,2,5,1,False,1,"{""meta_commentary"": 2, ""sbert"": 4}"
test_00636,src_bc3d40e09dfa39315e73,Normal,0,train,train_added,95,2,4,2,True,0,"{""length_ratio"": 4}"
val_search_00395,src_bc489f6a88c362d12b31,Anxiety,2,train,train_added,318,2,0,2,True,0,{}
train_01977,src_bc52f5aeaeedeb010ecf,Depression,1,train,train_legacy,688,2,0,2,True,0,{}
train_05833,src_bc570f99a15ffc43cc94,Anxiety,2,train,train_legacy,192,2,0,2,True,0,{}
train_02859,src_bc573ead72f395e92957,Depression,1,train,train_legacy,442,2,5,0,False,2,"{""refusal"": 7}"
train_03048,src_bc5cf45be040990adcc4,Anxiety,2,train,train_legacy,502,2,0,2,True,0,{}
test_02141,src_bc5f995c4daf56e7f626,Bipolar,3,test,test_nested,373,0,5,1,False,1,"{""length_ratio"": 4}"
test_02451,src_bc67ed97adc76a4fb859,Depression,1,test,test_nested,362,0,2,2,True,0,{}
train_04101,src_bc744f9416a925fc5d2e,Bipolar,3,train,train_legacy,700,2,0,2,True,0,{}
train_02501,src_bc764d8285529cf87475,Normal,0,train,train_legacy,11,2,2,2,True,0,"{""sbert"": 2}"
train_02717,src_bc78896e7cdf1573264e,Normal,0,train,train_legacy,106,2,0,2,True,0,{}
train_03894,src_bc7b5a97fe9ea5e0785f,Depression,1,train,train_legacy,306,2,0,2,True,0,{}
test_01690,src_bc8891be3bb173d38851,Depression,1,test,test_nested,943,0,2,2,True,0,{}
train_05746,src_bc926605f692a6262a0d,Bipolar,3,train,train_legacy,662,2,0,2,True,0,{}
train_02992,src_bc97bf2c8a9ebb4d80fa,Depression,1,train,train_legacy,281,2,0,2,True,0,{}
train_04070,src_bc9996cb4674b78882c2,Depression,1,train,train_legacy,528,2,0,2,True,0,{}
train_04081,src_bc99e6816a93f644f90e,Depression,1,train,train_legacy,183,2,0,2,True,0,{}
test_01352,src_bc9faff65db2bb1d10f8,Normal,0,test,test_nested,125,0,5,0,False,2,"{""refusal"": 5}"
train_03918,src_bca880ad92f884a3420f,Normal,0,train,train_legacy,11,2,5,0,False,2,"{""length_ratio"": 7}"
train_03711,src_bcaf8522976c8e220008,Bipolar,3,train,train_legacy,874,2,0,2,True,0,{}
train_05646,src_bcb1ca8fa66c38d1a1ae,Anxiety,2,train,train_legacy,1267,2,0,2,True,0,{}
train_03633,src_bcb45e6838b6d05bb407,Bipolar,3,train,train_legacy,817,2,0,2,True,0,{}
val_confirm_00087,src_bcbd985b1975c7833fcc,Depression,1,train,train_added,1842,2,0,2,True,0,{}
train_05300,src_bcbe3dd3ce1704a8fb1f,Depression,1,train,train_legacy,490,2,0,2,True,0,{}
train_00073,src_bccd9e31127deb33b65d,Normal,0,train,train_legacy,34,2,2,2,True,0,"{""length_ratio"": 1, ""sbert"": 1}"
train_03990,src_bcce9461e0c79e7842ea,Anxiety,2,train,train_legacy,1293,2,0,2,True,0,{}
train_02347,src_bcd018c3b16bbf8b4035,Depression,1,train,train_legacy,540,2,0,2,True,0,{}
test_01095,src_bcd36b74fb8d5fe859a3,Depression,1,train,train_added,1649,2,0,2,True,0,{}
test_01009,src_bcdd2044da8aa54b419a,Normal,0,train,train_added,151,2,1,2,True,0,"{""sbert"": 1}"
train_02590,src_bcdefb902b87bf6646c6,Depression,1,train,train_legacy,630,2,0,2,True,0,{}
train_00824,src_bce1e7439b120dfa48c1,Bipolar,3,train,train_legacy,374,2,0,2,True,0,{}
val_confirm_00173,src_bce78cc23ccd34f4a4a2,Bipolar,3,train,train_added,1479,2,0,2,True,0,{}
train_02970,src_bceef0b67eb630d80ef9,Anxiety,2,train,train_legacy,630,2,0,2,True,0,{}
train_01330,src_bcf0eabde366e7804edd,Normal,0,train,train_legacy,142,2,0,2,True,0,{}
val_search_00037,src_bcf8878a97ca90fa8f24,Bipolar,3,train,train_added,813,2,0,2,True,0,{}
train_03550,src_bcf8a7a401eac399cdf3,Depression,1,train,train_legacy,311,2,0,2,True,0,{}
train_02268,src_bcf9d6f3bb73b41f149b,Bipolar,3,train,train_legacy,765,2,0,2,True,0,{}
train_02165,src_bd0bdb0f3963dc6c4008,Bipolar,3,train,train_legacy,1684,2,0,2,True,0,{}
train_01981,src_bd0eeffc13b096bcd4fc,Depression,1,train,train_legacy,109,2,5,1,False,1,"{""sbert"": 6}"
test_01417,src_bd0f9a7454754403d625,Anxiety,2,test,test_nested,1456,0,2,2,True,0,{}
test_02469,src_bd160385892c1a7494d4,Depression,1,test,test_nested,695,0,2,2,True,0,{}
train_01121,src_bd1b4fc688c802807c0b,Depression,1,train,train_legacy,1158,2,0,2,True,0,{}
train_04821,src_bd2c9a31c9cc26c5dacf,Normal,0,train,train_legacy,207,2,5,0,False,2,"{""length_ratio"": 1, ""meta_commentary"": 6}"
train_04293,src_bd2fd43d48aaf8c717f7,Normal,0,train,train_legacy,551,2,0,2,True,0,{}
train_01459,src_bd336238bfe0eb04333c,Anxiety,2,train,train_legacy,283,2,0,2,True,0,{}
test_01969,src_bd34fa63a69919cc3925,Normal,0,test,test_nested,129,0,2,2,True,0,{}
test_00950,src_bd433136a9fbb0e5e7bb,Normal,0,train,train_added,52,2,5,1,False,1,"{""length_ratio"": 6}"
train_05041,src_bd491810bff6dbe97e1b,Bipolar,3,train,train_legacy,3011,2,0,2,True,0,{}
train_02921,src_bd4fbcd93aa11b800add,Bipolar,3,train,train_legacy,95,2,0,2,True,0,{}
train_01817,src_bd62012b9fc7d59a7309,Normal,0,train,train_legacy,44,2,5,1,False,1,"{""meta_commentary"": 2, ""sbert"": 4}"
test_01222,src_bd6d24d5f4c5ad0e8e61,Depression,1,test,test_nested,322,0,2,2,True,0,{}
test_02247,src_bd85015bee866dc967cd,Depression,1,test,test_nested,1142,0,2,2,True,0,{}
test_00365,src_bd86a2f2c3727e7f05af,Bipolar,3,test,test_nested,467,0,2,2,True,0,{}
train_00605,src_bd97102883dc54fdcb23,Bipolar,3,train,train_legacy,382,2,0,2,True,0,{}
train_02526,src_bd98e5b6332b380fe5e9,Normal,0,train,train_legacy,25,2,2,2,True,0,"{""duplicate"": 2}"
test_00204,src_bd9d1d5619a61fe7f4c5,Normal,0,test,test_nested,28,0,5,0,False,2,"{""sbert"": 5}"
test_00975,src_bd9d5f416dc1db272df2,Anxiety,2,test,test_nested,480,0,2,2,True,0,{}
train_01185,src_bda26121cda91c536783,Anxiety,2,train,train_legacy,37,2,5,0,False,2,"{""length_ratio"": 1, ""sbert"": 6}"
train_03333,src_bdaa7b3a584ed1582afb,Bipolar,3,train,train_legacy,647,2,0,2,True,0,{}
train_03827,src_bdb1d47c78558c1cc082,Normal,0,train,train_legacy,74,2,1,2,True,0,"{""meta_commentary"": 1}"
train_02442,src_bdb66f6f6ad621650f0a,Anxiety,2,train,train_legacy,378,2,0,2,True,0,{}
train_01962,src_bdb874f217c6d810bc67,Depression,1,train,train_legacy,646,2,0,2,True,0,{}
test_00066,src_bdb9e46c8680c3f8a6f5,Anxiety,2,test,test_nested,533,0,2,2,True,0,{}
train_02426,src_bdbaaea8dbf761800ea0,Bipolar,3,train,train_legacy,349,2,2,2,True,0,"{""length_ratio"": 2}"
train_00723,src_bdd681c4405ebd73153d,Bipolar,3,train,train_legacy,199,2,0,2,True,0,{}
test_00673,src_bddf41f3489ec1c709e6,Depression,1,test,test_nested,1481,0,2,2,True,0,{}
test_00479,src_bde363b1f668c6741370,Bipolar,3,test,test_nested,861,0,2,2,True,0,{}
train_05945,src_bde66287254262befa80,Normal,0,train,train_legacy,11,2,5,0,False,2,"{""length_ratio"": 7}"
train_04477,src_bde81a99e24af2d3ba77,Normal,0,train,train_legacy,46,2,5,0,False,2,"{""length_ratio"": 7}"
train_04150,src_be0e1de3f134ffb341ce,Depression,1,train,train_legacy,320,2,0,2,True,0,{}
test_01752,src_be13ea84236c61a29b26,Normal,0,test,test_nested,26,0,3,2,True,0,"{""length_ratio"": 1}"
test_01666,src_be178c861b8c3221790b,Normal,0,test,test_nested,116,0,4,2,True,0,"{""length_ratio"": 2}"
train_04801,src_be256604aba79d7a961b,Bipolar,3,train,train_legacy,90,2,3,2,True,0,"{""sbert"": 1}"
train_02728,src_be26373fbfa846c81989,Normal,0,train,train_legacy,27,2,5,0,False,2,"{""length_ratio"": 7}"
train_04203,src_be2c9abc90cd4587ff96,Normal,0,train,train_legacy,70,2,4,2,True,0,"{""length_ratio"": 1, ""sbert"": 3}"
train_02965,src_be2ddf0cdbd1feeabb2b,Bipolar,3,train,train_legacy,1025,2,0,2,True,0,{}
test_01724,src_be31aae5d47a04c17891,Depression,1,test,test_nested,587,0,2,2,True,0,{}
val_confirm_01086,src_be40c1f8c641bad3d03a,Depression,1,train,train_added,459,2,2,2,True,0,"{""length_ratio"": 2}"
test_01171,src_be40d69f07b37771eb7f,Normal,0,test,test_nested,34,0,3,2,True,0,"{""sbert"": 1}"
train_03933,src_be40fc5671527eb1802e,Normal,0,train,train_legacy,28,2,5,0,False,2,"{""meta_commentary"": 4, ""refusal"": 3}"
test_01474,src_be45f3336d9ec5a84576,Normal,0,test,test_nested,96,0,3,2,True,0,"{""length_ratio"": 1}"
train_04245,src_be6b6af690e5b4baeba6,Normal,0,train,train_legacy,104,2,2,2,True,0,"{""sbert"": 2}"
train_04717,src_be73083d8ef283f4741a,Bipolar,3,train,train_legacy,242,2,1,2,True,0,"{""length_ratio"": 1}"
train_03382,src_be7bf195aad8b5232030,Depression,1,train,train_legacy,276,2,4,2,True,0,"{""meta_commentary"": 3, ""sbert"": 1}"
train_05845,src_be816a901cb2382a3755,Bipolar,3,train,train_legacy,1697,2,0,2,True,0,{}
train_03273,src_be8d3764355342d9e2a8,Bipolar,3,train,train_legacy,1559,2,0,2,True,0,{}
train_01270,src_be8ee73b6dd01889d09b,Anxiety,2,train,train_legacy,946,2,0,2,True,0,{}
test_00990,src_be8f065eec01ea81863b,Normal,0,train,train_added,86,2,0,2,True,0,{}
train_00384,src_be97249e0c1d3ae3d7de,Bipolar,3,train,train_legacy,691,2,0,2,True,0,{}
train_00004,src_be9f80453faa07ac1d2a,Bipolar,3,train,train_legacy,745,2,0,2,True,0,{}
train_04833,src_beace4ebf8b5af232bd1,Bipolar,3,train,train_legacy,1317,2,2,2,True,0,"{""length_ratio"": 1, ""meta_commentary"": 1}"
train_05579,src_beb3938284656a8e445c,Normal,0,train,train_legacy,53,2,0,2,True,0,{}
train_01812,src_beb7401a853829f4c13c,Bipolar,3,train,train_legacy,290,2,0,2,True,0,{}
test_00379,src_beb90864f1ebe7244cb2,Depression,1,test,test_nested,238,0,5,0,False,2,"{""refusal"": 5}"
test_00947,src_becc9d16217cc3f314bf,Anxiety,2,test,test_nested,88,0,5,1,False,1,"{""length_ratio"": 4}"
train_04672,src_becfe4857758fe148603,Normal,0,train,train_legacy,99,2,4,2,True,0,"{""length_ratio"": 4}"
test_01600,src_bee116fbb9063fcbd2b5,Bipolar,3,test,test_nested,249,0,2,2,True,0,{}
train_00785,src_beea4c451340c057eef2,Bipolar,3,train,train_legacy,270,2,0,2,True,0,{}
test_01711,src_beead48f371bb810b73a,Normal,0,test,test_nested,17,0,5,0,False,2,"{""length_ratio"": 5}"
test_00048,src_beeb5e09666bbf6d8e5e,Depression,1,test,test_nested,301,0,2,2,True,0,{}
train_05405,src_beebe632c3387f9b04cc,Bipolar,3,train,train_legacy,850,2,0,2,True,0,{}
test_01992,src_bef1bedae969e83e78f0,Normal,0,test,test_nested,21,0,5,1,False,1,"{""length_ratio"": 2, ""sbert"": 2}"
val_confirm_00846,src_bef2a392b0900ef56620,Normal,0,train,train_added,35,2,2,2,True,0,"{""length_ratio"": 2}"
test_01291,src_bef38e9987e244528efe,Normal,0,test,test_nested,42,0,2,2,True,0,{}
test_00026,src_bf0c54015e015a4d4ef5,Depression,1,test,test_nested,43,0,5,2,True,0,"{""length_ratio"": 1, ""sbert"": 2}"
train_02008,src_bf1d534786dda39c1eaf,Depression,1,train,train_legacy,1621,2,0,2,True,0,{}
test_01952,src_bf240e0cd20dffeff062,Depression,1,train,train_added,1059,2,0,2,True,0,{}
test_00219,src_bf2a606382515cda2baa,Anxiety,2,train,train_added,528,2,0,2,True,0,{}
train_01844,src_bf34a00f126e65559b60,Anxiety,2,train,train_legacy,690,2,0,2,True,0,{}
train_03651,src_bf40bcb0f1c3a1c84e9a,Normal,0,train,train_legacy,33,2,2,2,True,0,"{""sbert"": 2}"
train_02929,src_bf419674d02c68b2d5e6,Depression,1,train,train_legacy,391,2,0,2,True,0,{}
train_05223,src_bf4617b3048d41957a36,Depression,1,train,train_legacy,188,2,0,2,True,0,{}
train_03909,src_bf4806ca286d62d35df8,Bipolar,3,train,train_legacy,1057,2,0,2,True,0,{}
test_01376,src_bf498e818af6dc413adf,Anxiety,2,test,test_nested,677,0,2,2,True,0,{}
train_00805,src_bf4d07b99a1cee356b78,Bipolar,3,train,train_legacy,604,2,0,2,True,0,{}
train_02267,src_bf4f282de74a226dcc62,Normal,0,train,train_legacy,12,2,5,0,False,2,"{""length_ratio"": 7}"
test_00124,src_bf51c21e02a651d9c579,Bipolar,3,test,test_nested,2303,0,2,2,True,0,{}
train_00777,src_bf5a0d5acef2711e1ac4,Bipolar,3,train,train_legacy,823,2,1,2,True,0,"{""meta_commentary"": 1}"
train_02809,src_bf68c6df48ca6641e341,Normal,0,train,train_legacy,22,2,5,0,False,2,"{""meta_commentary"": 2, ""refusal"": 5}"
train_04415,src_bf6d11e76c2eadfe2807,Bipolar,3,train,train_legacy,449,2,0,2,True,0,{}
train_02505,src_bf7522fb20a905d4e7b7,Normal,0,train,train_legacy,30,2,5,0,False,2,"{""length_ratio"": 7}"
train_01864,src_bf7b68b22f417cfbc58e,Anxiety,2,train,train_legacy,657,2,0,2,True,0,{}
train_02443,src_bf7e4313e18a6cc27069,Normal,0,train,train_legacy,15,2,5,1,False,1,"{""length_ratio"": 4, ""sbert"": 2}"
train_01762,src_bf7eb128eb594deb46f2,Depression,1,train,train_legacy,746,2,0,2,True,0,{}
train_01481,src_bf840e68bfdf5b7f2bd5,Bipolar,3,train,train_legacy,385,2,0,2,True,0,{}
train_01353,src_bf8a85cfeb27bf78ce00,Depression,1,train,train_legacy,1150,2,0,2,True,0,{}
train_05098,src_bf8c25513dc553f5e3ec,Depression,1,train,train_legacy,859,2,0,2,True,0,{}
train_00463,src_bf9d99c246f802143417,Normal,0,train,train_legacy,29,2,5,0,False,2,"{""length_ratio"": 7}"
test_01141,src_bfa4501d4afcc3bc7dc9,Bipolar,3,train,train_added,977,2,0,2,True,0,{}
train_02167,src_bfaf751831a4b6bcb30d,Anxiety,2,train,train_legacy,380,2,0,2,True,0,{}
train_00937,src_bfb0ac103dadb6f4bbc6,Depression,1,train,train_legacy,100,2,5,0,False,2,"{""length_ratio"": 2, ""refusal"": 5}"
train_02914,src_bfb30057f9789bf7b55a,Depression,1,train,train_legacy,573,2,0,2,True,0,{}
train_01520,src_bfb94732b056849775b4,Bipolar,3,train,train_legacy,1079,2,0,2,True,0,{}
test_01901,src_bfbb682533337c9f4e88,Depression,1,test,test_nested,600,0,2,2,True,0,{}
train_04075,src_bfc34bd917dab88ae2de,Normal,0,train,train_legacy,101,2,0,2,True,0,{}
train_04079,src_bfc96c65988fddd1ea7b,Depression,1,train,train_legacy,105,2,5,0,False,2,"{""length_ratio"": 7}"
train_04193,src_bfcab3e086d210664b07,Anxiety,2,train,train_legacy,1478,2,0,2,True,0,{}
test_00955,src_bfcbe902ee5a76f1454c,Bipolar,3,test,test_nested,1221,0,2,2,True,0,{}
train_05475,src_bfce19e1f8a459aed392,Depression,1,train,train_legacy,392,2,5,0,False,2,"{""refusal"": 7}"
test_01359,src_bfd35c59a11ff624553f,Normal,0,test,test_nested,48,0,2,2,True,0,{}
train_01390,src_bfd887068cc9d3f80632,Anxiety,2,train,train_legacy,375,2,0,2,True,0,{}
train_05799,src_bfda4803d3ebae60c811,Normal,0,train,train_legacy,38,2,1,2,True,0,"{""length_ratio"": 1}"
train_03181,src_bfe92a4bbd9491c6683c,Depression,1,train,train_legacy,2681,2,0,2,True,0,{}
train_04977,src_bffb30e4f03b8968750e,Normal,0,train,train_legacy,38,2,4,2,True,0,"{""length_ratio"": 4}"
train_01341,src_bffe2ee5aa0a4a8a5c93,Anxiety,2,train,train_legacy,2385,2,1,2,True,0,"{""meta_commentary"": 1}"
test_01211,src_c004d20c498d4f92a469,Depression,1,train,train_added,233,2,0,2,True,0,{}
train_05515,src_c00b44f5c7d2a89160f2,Depression,1,train,train_legacy,653,2,0,2,True,0,{}
train_02215,src_c0207e9c59f226780e0e,Depression,1,train,train_legacy,548,2,0,2,True,0,{}
train_04141,src_c0222ed4c33f57fa839c,Bipolar,3,train,train_legacy,399,2,0,2,True,0,{}
test_00106,src_c02da62da1cd99a59b4c,Anxiety,2,test,test_nested,480,0,2,2,True,0,{}
test_00083,src_c031bbf9bd795cf49c0e,Bipolar,3,test,test_nested,567,0,2,2,True,0,{}
test_01030,src_c03848bd0fa9d2cda0b0,Depression,1,test,test_nested,273,0,2,2,True,0,{}
test_01509,src_c04307c837769b65f52d,Anxiety,2,test,test_nested,794,0,2,2,True,0,{}
test_00754,src_c046287ba91d691c8aff,Bipolar,3,test,test_nested,578,0,2,2,True,0,{}
train_02042,src_c04b28982cdc615d960c,Depression,1,train,train_legacy,584,2,0,2,True,0,{}
train_03261,src_c064ac22a0adb1510bd7,Depression,1,train,train_legacy,665,2,0,2,True,0,{}
train_02725,src_c06a47ecf89c4cadbeff,Bipolar,3,train,train_legacy,180,2,0,2,True,0,{}
train_01792,src_c06b71eafdb625a782ce,Anxiety,2,train,train_legacy,3001,2,1,2,True,0,"{""meta_commentary"": 1}"
train_05244,src_c070b2c4853eb3314f80,Normal,0,train,train_legacy,469,2,0,2,True,0,{}
train_05506,src_c07265b69104e5828bba,Depression,1,train,train_legacy,288,2,0,2,True,0,{}
test_00850,src_c08ceec433e5b6096800,Bipolar,3,test,test_nested,379,0,3,2,True,0,"{""length_ratio"": 1}"
test_01834,src_c08dab933d3628e27989,Depression,1,test,test_nested,756,0,2,2,True,0,{}
train_05179,src_c094fe521d0a79ba9218,Depression,1,train,train_legacy,570,2,0,2,True,0,{}
test_00257,src_c09626b2ce9c30437cbb,Normal,0,train,train_added,86,2,1,2,True,0,"{""sbert"": 1}"
test_01338,src_c09fcc65dd19d35407dc,Bipolar,3,test,test_nested,1276,0,4,2,True,0,"{""meta_commentary"": 2}"
test_02174,src_c0ac638a520084989c45,Normal,0,test,test_nested,67,0,5,1,False,1,"{""sbert"": 4}"
train_04378,src_c0ad7aa03670d8ecc29e,Normal,0,train,train_legacy,374,2,0,2,True,0,{}
train_02352,src_c0b7aee5a86d28201ef1,Bipolar,3,train,train_legacy,2077,2,0,2,True,0,{}
train_05177,src_c0bdf30cac0d28de359b,Normal,0,train,train_legacy,91,2,0,2,True,0,{}
test_00251,src_c0be83a71a578883bca5,Bipolar,3,test,test_nested,678,0,2,2,True,0,{}
train_01352,src_c0daadaeef62a6e98b21,Normal,0,train,train_legacy,77,2,0,2,True,0,{}
train_05073,src_c0dc0bdb25f14235e09e,Depression,1,train,train_legacy,274,2,2,2,True,0,"{""meta_commentary"": 1, ""refusal"": 1}"
train_00246,src_c0e7b4ea77d259d591a0,Normal,0,train,train_legacy,105,2,1,2,True,0,"{""sbert"": 1}"
train_01614,src_c0f00b5b6211f6bfa412,Depression,1,train,train_legacy,321,2,0,2,True,0,{}
train_04931,src_c0fbae4996afdbfa2f8d,Anxiety,2,train,train_legacy,98,2,5,2,True,0,"{""sbert"": 5}"
test_01964,src_c0fd780b48d1385c82e8,Normal,0,test,test_nested,34,0,5,1,False,1,"{""length_ratio"": 4}"
train_03796,src_c10119abfbf3c4f47b1b,Normal,0,train,train_legacy,70,2,0,2,True,0,{}
val_confirm_00427,src_c103ab73a7672afe2a5d,Depression,1,train,train_added,929,2,0,2,True,0,{}
test_02476,src_c11dcbf097541dbd7af1,Normal,0,test,test_nested,446,0,2,2,True,0,{}
train_00458,src_c11fac835eaee69db076,Normal,0,train,train_legacy,44,2,4,2,True,0,"{""length_ratio"": 4}"
test_01058,src_c1230790dd4937141a2a,Normal,0,test,test_nested,37,0,5,0,False,2,"{""length_ratio"": 5}"
test_01856,src_c13ad2b438e328f2dfc5,Anxiety,2,test,test_nested,1049,0,2,2,True,0,{}
train_01851,src_c14bed117ad6ec6c3d40,Normal,0,train,train_legacy,420,2,0,2,True,0,{}
train_01787,src_c14d1c47552e2961ac9c,Depression,1,train,train_legacy,185,2,5,1,False,1,"{""sbert"": 6}"
test_00710,src_c14f088e0ec8dbf76eba,Bipolar,3,test,test_nested,1378,0,2,2,True,0,{}
test_02004,src_c1520c7e89e8d4062871,Bipolar,3,test,test_nested,1548,0,2,2,True,0,{}
train_03304,src_c16fbc5c16be998e80d8,Normal,0,train,train_legacy,83,2,4,2,True,0,"{""length_ratio"": 4}"
train_03147,src_c182d0b68db568349a63,Anxiety,2,train,train_legacy,550,2,0,2,True,0,{}
train_01590,src_c186914a20a610b54b3c,Depression,1,train,train_legacy,1079,2,0,2,True,0,{}
train_02492,src_c18d258913198efd1411,Normal,0,train,train_legacy,23,2,5,0,False,2,"{""length_ratio"": 7}"
train_04010,src_c19802d074d788eae6a2,Bipolar,3,train,train_legacy,185,2,0,2,True,0,{}
test_01587,src_c19e1681898d0c4144dd,Depression,1,test,test_nested,242,0,2,2,True,0,{}
train_01656,src_c1b15296c14dec90abaa,Depression,1,train,train_legacy,829,2,0,2,True,0,{}
test_00788,src_c1bf5222110d091236e1,Bipolar,3,test,test_nested,437,0,2,2,True,0,{}
val_confirm_00648,src_c1bf7b865d11b7dfde44,Depression,1,train,train_added,1514,2,1,2,True,0,"{""meta_commentary"": 1}"
train_00727,src_c1c6f41eb5210748ace5,Normal,0,train,train_legacy,49,2,0,2,True,0,{}
test_01029,src_c1c908dd02958b905370,Anxiety,2,train,train_added,83,2,1,2,True,0,"{""length_ratio"": 1}"
train_05992,src_c1d414782380ee24e229,Depression,1,train,train_legacy,441,2,0,2,True,0,{}
test_01748,src_c1d6aaab6763bdf6d172,Bipolar,3,train,train_added,156,2,0,2,True,0,{}
test_01031,src_c1dfe0371464fae8b42a,Normal,0,test,test_nested,12,0,4,2,True,0,"{""sbert"": 2}"
train_02598,src_c1e5f46cf2948dfc6002,Bipolar,3,train,train_legacy,755,2,0,2,True,0,{}
train_04581,src_c1f054429bebece24ae5,Normal,0,train,train_legacy,137,2,0,2,True,0,{}
test_01907,src_c1f7bed835ed3744d856,Bipolar,3,test,test_nested,1579,0,2,2,True,0,{}
train_05721,src_c1fe438e3a96aca6c8d4,Depression,1,train,train_legacy,1060,2,0,2,True,0,{}
train_03855,src_c20a5a0947ace5d22e7c,Bipolar,3,train,train_legacy,100,2,0,2,True,0,{}
val_confirm_00976,src_c20b55cf2c07da1e5dc7,Depression,1,train,train_added,20,2,5,0,False,2,"{""length_ratio"": 1, ""refusal"": 6}"
val_confirm_01081,src_c2157bd5c09627c44ee7,Anxiety,2,train,train_added,872,2,0,2,True,0,{}
train_05677,src_c21c8474d5e7d5609b29,Bipolar,3,train,train_legacy,560,2,0,2,True,0,{}
train_04358,src_c22e3824934ca173dfe4,Bipolar,3,train,train_legacy,334,2,0,2,True,0,{}
val_confirm_00657,src_c2324d858eadf8b20b26,Anxiety,2,train,train_added,1428,2,0,2,True,0,{}
test_01431,src_c232d64fce6b4e0597c5,Anxiety,2,train,train_added,11,2,5,0,False,2,"{""length_ratio"": 7}"
test_00367,src_c236ef99023e716aa31b,Anxiety,2,test,test_nested,816,0,2,2,True,0,{}
test_01634,src_c23bfbc40e10a9b24e4d,Depression,1,test,test_nested,345,0,2,2,True,0,{}
train_05785,src_c23cb949940e50a020ff,Normal,0,train,train_legacy,70,2,4,2,True,0,"{""sbert"": 4}"
train_02907,src_c241930a4c8f31958057,Anxiety,2,train,train_legacy,27,2,5,0,False,2,"{""length_ratio"": 2, ""sbert"": 5}"
train_03696,src_c2435c63bb9c750b9982,Normal,0,train,train_legacy,46,2,0,2,True,0,{}
val_search_00229,src_c255b939f247df7a64ce,Bipolar,3,train,train_added,3020,2,5,1,False,1,"{""meta_commentary"": 6}"
train_03186,src_c27557b1eb1c96f8e276,Normal,0,train,train_legacy,580,2,0,2,True,0,{}
test_00751,src_c2758149c194154716f0,Bipolar,3,test,test_nested,714,0,2,2,True,0,{}
train_03412,src_c27982f24faa372cacc3,Anxiety,2,train,train_legacy,468,2,0,2,True,0,{}
train_04889,src_c284e71a874bba190739,Normal,0,train,train_legacy,13,2,5,1,False,1,"{""length_ratio"": 6}"
test_00159,src_c28d68f0d157c3b7782a,Depression,1,train,train_added,105,2,0,2,True,0,{}
train_00268,src_c2902b95113767aa6c2c,Normal,0,train,train_legacy,115,2,2,2,True,0,"{""length_ratio"": 2}"
val_search_00156,src_c295af25cf70184b6857,Bipolar,3,train,train_added,179,2,0,2,True,0,{}
train_00122,src_c295d6ddbc610a578cdc,Bipolar,3,train,train_legacy,524,2,0,2,True,0,{}
train_00849,src_c29623174c1d71fb26a4,Anxiety,2,train,train_legacy,78,2,5,0,False,2,"{""length_ratio"": 2, ""sbert"": 5}"
train_05412,src_c299f4dc5314180d1cd6,Bipolar,3,train,train_legacy,512,2,1,2,True,0,"{""meta_commentary"": 1}"
test_01386,src_c29c39d5193fe7e62beb,Anxiety,2,test,test_nested,193,0,2,2,True,0,{}
train_03117,src_c29f0157d4988932c2f2,Depression,1,train,train_legacy,831,2,0,2,True,0,{}
test_01251,src_c2a0eb104ab54f2f3876,Normal,0,test,test_nested,17,0,5,0,False,2,"{""length_ratio"": 5}"
test_01223,src_c2a28717556a6bb3636b,Anxiety,2,train,train_added,608,2,0,2,True,0,{}
val_confirm_00829,src_c2a4c7556f2d8d3db6f5,Depression,1,train,train_added,94,2,2,2,True,0,"{""length_ratio"": 1, ""sbert"": 1}"
train_01280,src_c2a5e14c1cb15e7b39ab,Normal,0,train,train_legacy,87,2,5,1,False,1,"{""length_ratio"": 6}"
train_05884,src_c2aea8f909ccb6f69a3f,Bipolar,3,train,train_legacy,313,2,0,2,True,0,{}
train_02117,src_c2aea9b0f46ab2b95582,Anxiety,2,train,train_legacy,141,2,0,2,True,0,{}
train_02337,src_c2b5cceaeb0090374f92,Anxiety,2,train,train_legacy,1520,2,0,2,True,0,{}
train_00863,src_c2c056af0d24859a2296,Bipolar,3,train,train_legacy,1170,2,1,2,True,0,"{""meta_commentary"": 1}"
train_01861,src_c2d1e1b9014d2b693b30,Bipolar,3,train,train_legacy,437,2,0,2,True,0,{}
train_00481,src_c2d62e6a1e44575916f9,Anxiety,2,train,train_legacy,1239,2,0,2,True,0,{}
train_03438,src_c2ddc9a3633438fddcc4,Normal,0,train,train_legacy,69,2,0,2,True,0,{}
test_02083,src_c2f4cd5c4ec234d19d0d,Normal,0,test,test_nested,61,0,2,2,True,0,{}
train_02082,src_c2f5042d961da83d22d1,Bipolar,3,train,train_legacy,208,2,0,2,True,0,{}
train_03720,src_c2f59c94ac52fe4ce1b3,Anxiety,2,train,train_legacy,569,2,0,2,True,0,{}
test_00284,src_c2f636b660d17308e093,Normal,0,test,test_nested,81,0,5,0,False,2,"{""length_ratio"": 1, ""sbert"": 4}"
train_04604,src_c2fb78f24ab0eeeb85b9,Anxiety,2,train,train_legacy,143,2,0,2,True,0,{}
train_01727,src_c300e8712b04daa241ab,Anxiety,2,train,train_legacy,18,2,5,0,False,2,"{""length_ratio"": 1, ""meta_commentary"": 2, ""refusal"": 4}"
train_05676,src_c30683a0a86328bee41e,Bipolar,3,train,train_legacy,575,2,0,2,True,0,{}
train_00998,src_c30b757c65f329155a36,Depression,1,train,train_legacy,641,2,0,2,True,0,{}
train_04195,src_c31f231fd89a924068e8,Anxiety,2,train,train_legacy,19,2,5,0,False,2,"{""meta_commentary"": 6, ""refusal"": 1}"
train_03380,src_c32ac54bbaa84695cb7c,Anxiety,2,train,train_legacy,1381,2,2,2,True,0,"{""meta_commentary"": 2}"
test_00804,src_c32ad2466e139ed6366b,Depression,1,train,train_added,133,2,5,1,False,1,"{""length_ratio"": 6}"
train_01922,src_c335bf9e8d70614d037e,Depression,1,train,train_legacy,249,2,0,2,True,0,{}
train_00339,src_c342a36dfa1b237afb65,Anxiety,2,train,train_legacy,678,2,0,2,True,0,{}
train_01793,src_c34738124327de66b7f5,Anxiety,2,train,train_legacy,763,2,0,2,True,0,{}
test_02321,src_c34d2b24e7294300d645,Anxiety,2,train,train_added,332,2,0,2,True,0,{}
train_02329,src_c357b1c8094519291e97,Anxiety,2,train,train_legacy,521,2,4,2,True,0,"{""meta_commentary"": 4}"
train_00029,src_c35acfd8489e31e0b4aa,Anxiety,2,train,train_legacy,517,2,1,2,True,0,"{""meta_commentary"": 1}"
test_02070,src_c35b1f41b65296c48ee6,Anxiety,2,test,test_nested,846,0,2,2,True,0,{}
train_03350,src_c35e1165f525c999656c,Depression,1,train,train_legacy,174,2,0,2,True,0,{}
train_00795,src_c35e25c9776fd4c7ae46,Normal,0,train,train_legacy,68,2,0,2,True,0,{}
train_05726,src_c364cdda5974daf311fb,Anxiety,2,train,train_legacy,398,2,0,2,True,0,{}
train_05033,src_c36b49aa5758611739a3,Bipolar,3,train,train_legacy,197,2,3,2,True,0,"{""length_ratio"": 3}"
train_03058,src_c36ded398afbe1904534,Normal,0,train,train_legacy,38,2,5,1,False,1,"{""length_ratio"": 2, ""sbert"": 4}"
test_02281,src_c37246972d31f361c5d4,Depression,1,test,test_nested,913,0,2,2,True,0,{}
test_00318,src_c376815e75e38ef545be,Bipolar,3,test,test_nested,462,0,2,2,True,0,{}
train_05065,src_c37adcd014c3f279052e,Depression,1,train,train_legacy,110,2,5,2,True,0,"{""length_ratio"": 2, ""sbert"": 3}"
test_00164,src_c37f3b2c07c858aa3f56,Bipolar,3,test,test_nested,1207,0,2,2,True,0,{}
train_03049,src_c38e3cf1d14533cea779,Bipolar,3,train,train_legacy,1005,2,0,2,True,0,{}
val_confirm_00098,src_c3921bacb4a8af5ad6e1,Bipolar,3,train,train_added,1226,2,0,2,True,0,{}
train_03708,src_c397ff6f88d1828eedb7,Depression,1,train,train_legacy,963,2,0,2,True,0,{}
train_01142,src_c39f83bfab77920605f1,Anxiety,2,train,train_legacy,887,2,0,2,True,0,{}
train_04154,src_c3ab2e67505ceefc5fd1,Normal,0,train,train_legacy,27,2,5,0,False,2,"{""length_ratio"": 5, ""sbert"": 2}"
test_01127,src_c3bd8c8d6916de969d0d,Anxiety,2,test,test_nested,2291,0,2,2,True,0,{}
val_confirm_00796,src_c3c83e3ded759e436d98,Bipolar,3,train,train_added,2160,2,0,2,True,0,{}
train_01486,src_c3d71cea3c24d28dc236,Bipolar,3,train,train_legacy,465,2,0,2,True,0,{}
train_00988,src_c3e6298cd7938fbab0ed,Normal,0,train,train_legacy,74,2,5,0,False,2,"{""length_ratio"": 1, ""refusal"": 6}"
train_01548,src_c3f2623ce0fe22442fb6,Bipolar,3,train,train_legacy,63,2,5,1,False,1,"{""length_ratio"": 2, ""meta_commentary"": 3, ""sbert"": 1}"
test_00324,src_c3f599f2eeb3586e50f0,Anxiety,2,test,test_nested,692,0,2,2,True,0,{}
test_01878,src_c3f9857a261145d2d9f6,Depression,1,train,train_added,20,2,5,1,False,1,"{""length_ratio"": 2, ""sbert"": 4}"
train_04584,src_c3ff86885ef7de5f8316,Depression,1,train,train_legacy,405,2,0,2,True,0,{}
test_01792,src_c3fff2fe84eac773a27d,Bipolar,3,test,test_nested,884,0,2,2,True,0,{}
train_03196,src_c4021cd85a810978cda9,Normal,0,train,train_legacy,41,2,5,0,False,2,"{""length_ratio"": 3, ""sbert"": 4}"
train_01443,src_c4076cc8c71db3b275a4,Normal,0,train,train_legacy,11,2,5,0,False,2,"{""length_ratio"": 7}"
train_02720,src_c41a730d00359f93d477,Normal,0,train,train_legacy,675,2,0,2,True,0,{}
train_05357,src_c41baa204fa647ef76bc,Anxiety,2,train,train_legacy,163,2,2,2,True,0,"{""length_ratio"": 1, ""sbert"": 1}"
train_04753,src_c41eb5ebaafef5bdcac8,Anxiety,2,train,train_legacy,320,2,0,2,True,0,{}
train_00866,src_c42509306e615a02b7f4,Anxiety,2,train,train_legacy,781,2,0,2,True,0,{}
train_00135,src_c4399ff3a52856c89685,Normal,0,train,train_legacy,26,2,5,0,False,2,"{""length_ratio"": 7}"
train_02984,src_c43ed975dcc2970f2ea2,Bipolar,3,train,train_legacy,2915,2,0,2,True,0,{}
train_03781,src_c449ea556a269f318cbd,Anxiety,2,train,train_legacy,915,2,0,2,True,0,{}
train_00277,src_c456bc0d455a5138b340,Depression,1,train,train_legacy,1026,2,0,2,True,0,{}
train_02800,src_c4643fe3c37150f38db8,Bipolar,3,train,train_legacy,3032,2,0,2,True,0,{}
train_03887,src_c46be304852045d70cb8,Bipolar,3,train,train_legacy,384,2,0,2,True,0,{}
test_00298,src_c474e45ce07a51449557,Normal,0,test,test_nested,55,0,2,2,True,0,{}
train_02774,src_c4865c6982f8254b0a38,Depression,1,train,train_legacy,415,2,2,2,True,0,"{""sbert"": 2}"
train_01254,src_c487c3fe5cc8c8c396ba,Depression,1,train,train_legacy,576,2,0,2,True,0,{}
train_04761,src_c48847caf36d4742a67f,Bipolar,3,train,train_legacy,292,2,0,2,True,0,{}
val_confirm_00729,src_c49909517b9a4d247e45,Bipolar,3,train,train_added,386,2,0,2,True,0,{}
train_03852,src_c49de4f8e068b7bf9b26,Bipolar,3,train,train_legacy,756,2,0,2,True,0,{}
train_04441,src_c4aedea3927ef22a83e1,Normal,0,train,train_legacy,43,2,5,0,False,2,"{""length_ratio"": 7}"
test_02470,src_c4b4ea55c67de78b6fb2,Depression,1,test,test_nested,416,0,2,2,True,0,{}
train_05166,src_c4bf23753b3e76c1afbe,Anxiety,2,train,train_legacy,382,2,0,2,True,0,{}
train_05185,src_c4c192eecce3add3ee7f,Depression,1,train,train_legacy,545,2,0,2,True,0,{}
test_00322,src_c4cbbea7aa046c208b2c,Anxiety,2,train,train_added,1157,2,0,2,True,0,{}
train_03453,src_c4fde7cd117b16fffc94,Depression,1,train,train_legacy,1789,2,0,2,True,0,{}
val_search_00207,src_c5121f93ae5bf13e9e33,Normal,0,train,train_added,51,2,0,2,True,0,{}
train_01160,src_c51496ae4f9eb8b1b9aa,Bipolar,3,train,train_legacy,478,2,1,2,True,0,"{""meta_commentary"": 1}"
train_04122,src_c5166ef0c1e53e3dd4a7,Normal,0,train,train_legacy,39,2,1,2,True,0,"{""sbert"": 1}"
train_01033,src_c51a6e611a1953a78dcf,Normal,0,train,train_legacy,20,2,0,2,True,0,{}
train_02196,src_c5297cffbdfb242c2f68,Anxiety,2,train,train_legacy,119,2,5,0,False,2,"{""length_ratio"": 5, ""sbert"": 2}"
test_01049,src_c529c3c371b7b00939f9,Anxiety,2,test,test_nested,617,0,2,2,True,0,{}
train_04132,src_c52e734481ab680639fc,Depression,1,train,train_legacy,1192,2,0,2,True,0,{}
train_03967,src_c534fca44b7929540503,Anxiety,2,train,train_legacy,152,2,0,2,True,0,{}
train_00661,src_c536992b855e0fa874d6,Anxiety,2,train,train_legacy,960,2,0,2,True,0,{}
train_04681,src_c53beef88731e1dcbd15,Normal,0,train,train_legacy,84,2,3,2,True,0,"{""length_ratio"": 1, ""sbert"": 1}"
test_01539,src_c53fa5d7f06257f900b7,Normal,0,test,test_nested,37,0,5,2,True,0,"{""sbert"": 3}"
train_05671,src_c551b1b195d565a5cb09,Normal,0,train,train_legacy,28,2,5,0,False,2,"{""length_ratio"": 1, ""sbert"": 6}"
train_03979,src_c5554ce1dbc4983ed52b,Anxiety,2,train,train_legacy,574,2,0,2,True,0,{}
test_01654,src_c5555ad9ee34fbbd8c6e,Normal,0,test,test_nested,421,0,2,2,True,0,{}
test_00128,src_c558ba1f3789dee89341,Normal,0,test,test_nested,50,0,2,2,True,0,{}
train_04736,src_c558e3df38efd891963a,Anxiety,2,train,train_legacy,1273,2,0,2,True,0,{}
test_01343,src_c562c336ce0864888a6b,Normal,0,test,test_nested,27,0,3,2,True,0,"{""sbert"": 1}"
test_01970,src_c5722affe66e8982f046,Anxiety,2,test,test_nested,450,0,2,2,True,0,{}
train_00188,src_c57a789b0cd866606575,Normal,0,train,train_legacy,37,2,2,2,True,0,"{""sbert"": 2}"
train_03407,src_c585ba4d66e396339173,Normal,0,train,train_legacy,44,2,0,2,True,0,{}
train_00820,src_c58b762753972f67588e,Bipolar,3,train,train_legacy,1875,2,0,2,True,0,{}
train_04984,src_c58dc13dc69f4925dd5d,Normal,0,train,train_legacy,47,2,3,2,True,0,"{""sbert"": 3}"
train_00081,src_c59287c0c9c593e1a24b,Depression,1,train,train_legacy,315,2,0,2,True,0,{}
train_04316,src_c59c9942fc1c973b2d6e,Bipolar,3,train,train_legacy,1011,2,0,2,True,0,{}
test_01750,src_c5ac594330c4075dccf3,Depression,1,train,train_added,100,2,0,2,True,0,{}
train_01901,src_c5afd31d3b229e4b97fb,Anxiety,2,train,train_legacy,328,2,0,2,True,0,{}
train_03621,src_c5b4ea10ff186116267a,Depression,1,train,train_legacy,1350,2,0,2,True,0,{}
train_03385,src_c5b514c5321779de0fe9,Anxiety,2,train,train_legacy,1043,2,0,2,True,0,{}
test_01481,src_c5ba82573129e8d25857,Depression,1,test,test_nested,211,0,2,2,True,0,{}
train_03713,src_c5dfaff54225d2bcd0fa,Depression,1,train,train_legacy,1068,2,4,2,True,0,"{""meta_commentary"": 4}"
test_01563,src_c5ed7602d1595ba17a05,Bipolar,3,test,test_nested,316,0,2,2,True,0,{}
train_05036,src_c5f0789f9e9a6ac1d3b2,Anxiety,2,train,train_legacy,724,2,0,2,True,0,{}
test_00494,src_c5f4802f89c66d56f1b3,Depression,1,test,test_nested,234,0,2,2,True,0,{}
train_04741,src_c5f49ecefac2a806de72,Normal,0,train,train_legacy,41,2,2,2,True,0,"{""sbert"": 2}"
test_01348,src_c609f83d3dba9fd4ad7c,Anxiety,2,test,test_nested,85,0,4,2,True,0,"{""length_ratio"": 2}"
train_03938,src_c60d784cfb552214fe64,Normal,0,train,train_legacy,72,2,0,2,True,0,{}
train_02254,src_c610db13f195583655ac,Depression,1,train,train_legacy,764,2,0,2,True,0,{}
val_confirm_00620,src_c619c444546526ebd995,Anxiety,2,train,train_added,232,2,0,2,True,0,{}
train_05502,src_c62401369be7c6f2fa16,Anxiety,2,train,train_legacy,848,2,0,2,True,0,{}
train_00204,src_c626f58a10c52b764567,Anxiety,2,train,train_legacy,693,2,0,2,True,0,{}
train_04738,src_c62a6a7d72687dbd1766,Normal,0,train,train_legacy,569,2,0,2,True,0,{}
train_05695,src_c63ac9bec67afa775887,Depression,1,train,train_legacy,24,2,5,0,False,2,"{""length_ratio"": 2, ""sbert"": 5}"
train_04749,src_c642dc271ce0d157df81,Depression,1,train,train_legacy,1206,2,0,2,True,0,{}
train_04493,src_c6512f15114eda5d2b46,Anxiety,2,train,train_legacy,180,2,0,2,True,0,{}
train_03054,src_c65afadc971253dcc2bd,Normal,0,train,train_legacy,21,2,1,2,True,0,"{""length_ratio"": 1}"
test_02445,src_c65b0a91a562140f5620,Depression,1,test,test_nested,922,0,2,2,True,0,{}
train_00220,src_c66311aff72b6141590d,Anxiety,2,train,train_legacy,292,2,0,2,True,0,{}
train_01076,src_c665d7527099fb0c46a4,Normal,0,train,train_legacy,53,2,1,2,True,0,"{""sbert"": 1}"
test_00568,src_c66867e5113f25412063,Bipolar,3,test,test_nested,514,0,2,2,True,0,{}
train_04481,src_c6697815a75968ae1f24,Anxiety,2,train,train_legacy,1189,2,1,2,True,0,"{""meta_commentary"": 1}"
train_03217,src_c673a9e3f13ceec6ee37,Bipolar,3,train,train_legacy,488,2,0,2,True,0,{}
train_05601,src_c678f2731a96a0a910ae,Depression,1,train,train_legacy,788,2,0,2,True,0,{}
test_02356,src_c67d71e9020fa7e3d691,Depression,1,test,test_nested,868,0,2,2,True,0,{}
test_01637,src_c683ac5094389ec69b78,Anxiety,2,test,test_nested,493,0,2,2,True,0,{}
test_01003,src_c6892067a39f994be942,Depression,1,train,train_added,792,2,5,0,False,2,"{""refusal"": 7}"
train_04677,src_c69066844c956e9cc50a,Bipolar,3,train,train_legacy,1772,2,0,2,True,0,{}
train_04291,src_c6b378562408444267d2,Normal,0,train,train_legacy,92,2,0,2,True,0,{}
val_confirm_00355,src_c6b3f8f3f53790ebeee2,Normal,0,train,train_added,33,2,1,2,True,0,"{""sbert"": 1}"
train_01173,src_c6b6878e4fc5210af0bd,Anxiety,2,train,train_legacy,2053,2,1,2,True,0,"{""meta_commentary"": 1}"
test_01427,src_c6bcf0fcb865d7e39ced,Anxiety,2,test,test_nested,1889,0,2,2,True,0,{}
val_confirm_00132,src_c6c04ec8c84c52ba21e4,Normal,0,train,train_added,29,2,0,2,True,0,{}
train_03807,src_c6d1b8ea4b1df41fcfa4,Bipolar,3,train,train_legacy,1895,2,0,2,True,0,{}
train_04147,src_c6d79d3b107d1c134367,Depression,1,train,train_legacy,396,2,0,2,True,0,{}
train_04701,src_c6e4cf687f7fc3663490,Bipolar,3,train,train_legacy,798,2,0,2,True,0,{}
test_00906,src_c6eda9b9246d511cf44a,Anxiety,2,test,test_nested,4265,0,5,2,True,0,"{""length_ratio"": 3}"
train_02427,src_c6ef1c1ce62e2c43595c,Anxiety,2,train,train_legacy,275,2,1,2,True,0,"{""sbert"": 1}"
val_confirm_00510,src_c6f0447567d45a31557b,Normal,0,train,train_added,18,2,5,0,False,2,"{""length_ratio"": 1, ""sbert"": 6}"
test_01175,src_c6fdbbecdf4c5edd4ccf,Anxiety,2,test,test_nested,1598,0,2,2,True,0,{}
test_01389,src_c70269a28959efe45d57,Anxiety,2,test,test_nested,107,0,3,2,True,0,"{""length_ratio"": 1}"
train_05329,src_c70529afa058e964ab0f,Bipolar,3,train,train_legacy,2145,2,0,2,True,0,{}
train_02981,src_c70a854898d9d1e05a73,Bipolar,3,train,train_legacy,3354,2,1,2,True,0,"{""length_ratio"": 1}"
train_01839,src_c70a9da2a2a2411cd397,Bipolar,3,train,train_legacy,1394,2,0,2,True,0,{}
train_00362,src_c70da203d81748b2496a,Anxiety,2,train,train_legacy,964,2,0,2,True,0,{}
train_00772,src_c7157a408ba00b5f2a32,Anxiety,2,train,train_legacy,97,2,0,2,True,0,{}
train_03357,src_c72d2496d925516a619d,Bipolar,3,train,train_legacy,488,2,0,2,True,0,{}
test_00279,src_c741a28d83866267fccb,Depression,1,test,test_nested,212,0,2,2,True,0,{}
train_00701,src_c741d22c84870b69fa27,Normal,0,train,train_legacy,51,2,1,2,True,0,"{""sbert"": 1}"
train_03353,src_c7572556c1329d6b0e9a,Depression,1,train,train_legacy,196,2,5,1,False,1,"{""length_ratio"": 3, ""meta_commentary"": 2, ""refusal"": 1}"
train_00266,src_c76767ef3c7886f146bb,Anxiety,2,train,train_legacy,360,2,0,2,True,0,{}
train_00279,src_c779563e127b67f7c09b,Normal,0,train,train_legacy,88,2,1,2,True,0,"{""length_ratio"": 1}"
train_02906,src_c783bd911fb1753a8e37,Bipolar,3,train,train_legacy,705,2,0,2,True,0,{}
train_01166,src_c78e47c6affbe5f792e0,Anxiety,2,train,train_legacy,487,2,0,2,True,0,{}
train_00308,src_c7926ec2dd8d83f37114,Normal,0,train,train_legacy,40,2,5,0,False,2,"{""length_ratio"": 7}"
train_04573,src_c793360b81c5c2a0c926,Depression,1,train,train_legacy,247,2,5,0,False,2,"{""refusal"": 7}"
train_02639,src_c7b172f7b3d8a7e737d5,Depression,1,train,train_legacy,303,2,5,0,False,2,"{""refusal"": 7}"
test_00166,src_c7bf6f035181f443865c,Anxiety,2,test,test_nested,1436,0,2,2,True,0,{}
test_00115,src_c7cd0dbebb3d03399d59,Depression,1,test,test_nested,120,0,3,2,True,0,"{""length_ratio"": 1}"
train_05922,src_c7d363bbdf77642e384d,Normal,0,train,train_legacy,27,2,0,2,True,0,{}
train_04972,src_c7da3ce980c7e67d737c,Bipolar,3,train,train_legacy,175,2,0,2,True,0,{}
train_02456,src_c7dceb72d059bd8b1796,Depression,1,train,train_legacy,715,2,0,2,True,0,{}
train_03025,src_c7dd06774bf33696e6ea,Bipolar,3,train,train_legacy,2019,2,0,2,True,0,{}
train_01104,src_c7deb014beb9a7177832,Normal,0,train,train_legacy,77,2,1,2,True,0,"{""sbert"": 1}"
train_04513,src_c7e2c83eac1f7c3e9697,Bipolar,3,train,train_legacy,1446,2,0,2,True,0,{}
test_00679,src_c7e6dd612500051b423f,Anxiety,2,test,test_nested,815,0,2,2,True,0,{}
test_01923,src_c7ec7f7b9669124683c9,Anxiety,2,test,test_nested,340,0,2,2,True,0,{}
train_02436,src_c7f1dd0864cfbb9c0186,Depression,1,train,train_legacy,1964,2,0,2,True,0,{}
train_01188,src_c80102d9199a4e0c2a2c,Bipolar,3,train,train_legacy,1281,2,0,2,True,0,{}
test_02016,src_c802b5876bf0e1a17fdd,Anxiety,2,test,test_nested,1015,0,2,2,True,0,{}
train_00598,src_c8059bb1f77f3f3cfc2d,Anxiety,2,train,train_legacy,386,2,0,2,True,0,{}
train_00992,src_c806f33d9f3a22b18f29,Anxiety,2,train,train_legacy,739,2,0,2,True,0,{}
train_00708,src_c80a9f684994f1be7988,Depression,1,train,train_legacy,685,2,0,2,True,0,{}
train_03519,src_c81087ba3763284fc1e6,Bipolar,3,train,train_legacy,1079,2,1,2,True,0,"{""meta_commentary"": 1}"
train_04932,src_c81246cad2765211c409,Depression,1,train,train_legacy,1529,2,0,2,True,0,{}
train_04818,src_c81c0010e4789ef9c4f4,Bipolar,3,train,train_legacy,208,2,1,2,True,0,"{""length_ratio"": 1}"
test_00056,src_c8264683554bc0335017,Anxiety,2,test,test_nested,23,0,5,0,False,2,"{""length_ratio"": 5}"
train_03856,src_c8267a496fccf4bd43c6,Depression,1,train,train_legacy,1586,2,0,2,True,0,{}
train_02201,src_c82a1be9a3db71bda73a,Normal,0,train,train_legacy,58,2,5,1,False,1,"{""length_ratio"": 6}"
test_01180,src_c83b6c99a8f98031bdd6,Bipolar,3,test,test_nested,388,0,2,2,True,0,{}
train_02952,src_c83ced819b33bb43b9e9,Bipolar,3,train,train_legacy,574,2,0,2,True,0,{}
test_01221,src_c8422b6a765100740af0,Normal,0,test,test_nested,116,0,2,2,True,0,{}
test_01796,src_c8460716416dd818ab68,Bipolar,3,test,test_nested,780,0,2,2,True,0,{}
test_00924,src_c84ae529fad8348fb8b3,Normal,0,train,train_added,32,2,2,2,True,0,"{""length_ratio"": 2}"
train_02452,src_c8549a776f46f4f87d64,Normal,0,train,train_legacy,25,2,0,2,True,0,{}
train_01661,src_c8688d0c152e556d6480,Bipolar,3,train,train_legacy,737,2,0,2,True,0,{}
train_03245,src_c8788b56a568ecddb2d9,Bipolar,3,train,train_legacy,1599,2,1,2,True,0,"{""meta_commentary"": 1}"
train_05971,src_c884067994db856d2423,Normal,0,train,train_legacy,16,2,5,0,False,2,"{""length_ratio"": 7}"
train_02358,src_c88835b52c879c53cf64,Depression,1,train,train_legacy,274,2,0,2,True,0,{}
train_05900,src_c8924ca0604c9e1a6cff,Normal,0,train,train_legacy,22,2,5,0,False,2,"{""length_ratio"": 2, ""sbert"": 5}"
train_00482,src_c89a1b30326ebc18d64d,Depression,1,train,train_legacy,192,2,5,2,True,0,"{""length_ratio"": 4, ""sbert"": 1}"
test_02203,src_c8afbf698d8a0292e05a,Normal,0,test,test_nested,12,0,5,1,False,1,"{""length_ratio"": 3, ""sbert"": 1}"
train_01557,src_c8b0239d021f0e9b97d1,Bipolar,3,train,train_legacy,1639,2,4,2,True,0,"{""meta_commentary"": 4}"
train_00303,src_c8ba59cd5550bdead145,Normal,0,train,train_legacy,109,2,2,2,True,0,"{""length_ratio"": 1, ""meta_commentary"": 1}"
train_05032,src_c8d127476ad3d8f046b6,Depression,1,train,train_legacy,945,2,0,2,True,0,{}
train_02081,src_c8d50bac8d5edbed508f,Depression,1,train,train_legacy,720,2,0,2,True,0,{}
train_04786,src_c8e4777b50d249f3de08,Depression,1,train,train_legacy,1407,2,5,0,False,2,"{""refusal"": 7}"
train_05352,src_c8f130cbbb1122ede830,Anxiety,2,train,train_legacy,173,2,0,2,True,0,{}
train_05815,src_c8f4eab14eb16508fe64,Bipolar,3,train,train_legacy,1542,2,0,2,True,0,{}
train_04516,src_c8f73d609ebb8bac3476,Anxiety,2,train,train_legacy,778,2,0,2,True,0,{}
test_02239,src_c8f886c18e0aed368a59,Anxiety,2,test,test_nested,26,0,5,0,False,2,"{""meta_commentary"": 3, ""refusal"": 2}"
test_00491,src_c8fa6dfe3873a427f915,Normal,0,train,train_added,46,2,2,2,True,0,"{""length_ratio"": 1, ""sbert"": 1}"
test_01527,src_c903322b5d4264d09697,Anxiety,2,test,test_nested,319,0,2,2,True,0,{}
train_05814,src_c9159d64614db6df1de7,Normal,0,train,train_legacy,11,2,5,0,False,2,"{""refusal"": 7}"
train_00257,src_c9199b421033ba693ae8,Bipolar,3,train,train_legacy,437,2,0,2,True,0,{}
test_00046,src_c91da6c64c963f4fd146,Bipolar,3,test,test_nested,315,0,2,2,True,0,{}
train_01764,src_c9210d28f7faa65ce4f0,Normal,0,train,train_legacy,94,2,2,2,True,0,"{""length_ratio"": 1, ""sbert"": 1}"
test_00135,src_c92340d2b1825e695a88,Depression,1,test,test_nested,245,0,2,2,True,0,{}
train_02102,src_c92e5c78348a1d7e845d,Bipolar,3,train,train_legacy,2258,2,4,2,True,0,"{""meta_commentary"": 4}"
train_01835,src_c9497ee976bd3380e528,Bipolar,3,train,train_legacy,469,2,0,2,True,0,{}
test_00887,src_c94d802bd26848c41326,Depression,1,test,test_nested,481,0,2,2,True,0,{}
train_05639,src_c958fcba971b7a7c1192,Depression,1,train,train_legacy,551,2,0,2,True,0,{}
train_00895,src_c95efaa93eeb76eda9b6,Anxiety,2,train,train_legacy,992,2,0,2,True,0,{}
train_00153,src_c963c3a510284b7b6f26,Depression,1,train,train_legacy,1546,2,0,2,True,0,{}
train_05583,src_c9778fbefa6eb6e03a66,Anxiety,2,train,train_legacy,1169,2,2,2,True,0,"{""meta_commentary"": 2}"
test_02279,src_c98c53448868b6e92991,Depression,1,test,test_nested,279,0,2,2,True,0,{}
train_01286,src_c990fb8095e28220e9b8,Depression,1,train,train_legacy,2383,2,3,2,True,0,"{""length_ratio"": 1, ""meta_commentary"": 2}"
train_03132,src_c992e1bcc3cae5c044c2,Bipolar,3,train,train_legacy,793,2,0,2,True,0,{}
train_00592,src_c995509310c4d7c10fdd,Normal,0,train,train_legacy,53,2,5,0,False,2,"{""length_ratio"": 6, ""sbert"": 1}"
train_04277,src_c9a613cf82b4fc39a5f4,Depression,1,train,train_legacy,368,2,3,2,True,0,"{""length_ratio"": 2, ""refusal"": 1}"
test_01027,src_c9ab64c051bfd14a135d,Depression,1,test,test_nested,829,0,2,2,True,0,{}
test_02382,src_c9abcb3dc7ffe212fd2f,Anxiety,2,test,test_nested,119,0,5,0,False,2,"{""refusal"": 5}"
train_04114,src_c9bde2a38e1aaec0217f,Depression,1,train,train_legacy,1296,2,0,2,True,0,{}
test_01932,src_c9c20f666434532bebed,Anxiety,2,test,test_nested,376,0,2,2,True,0,{}
test_02473,src_c9c4cd81d4b86d1d7ba0,Depression,1,test,test_nested,1585,0,2,2,True,0,{}
train_05735,src_c9d0bc07026e27910fee,Normal,0,train,train_legacy,33,2,0,2,True,0,{}
train_01462,src_c9d100ed5e6a6742c7ff,Depression,1,train,train_legacy,4841,2,0,2,True,0,{}
train_05662,src_c9dcf944ebd1c1dd3a92,Normal,0,train,train_legacy,69,2,0,2,True,0,{}
test_01763,src_c9dd8c68b7689acf4c53,Normal,0,test,test_nested,36,0,4,2,True,0,"{""length_ratio"": 1, ""sbert"": 1}"
train_05376,src_c9e51be44bc12c74e4af,Bipolar,3,train,train_legacy,579,2,2,2,True,0,"{""meta_commentary"": 2}"
train_03138,src_c9e7e899ea241658656b,Depression,1,train,train_legacy,36,2,5,0,False,2,"{""length_ratio"": 5, ""meta_commentary"": 1, ""sbert"": 1}"
test_01543,src_c9f800db2fbf5aa10e7f,Bipolar,3,test,test_nested,1168,0,2,2,True,0,{}
test_00658,src_ca012532a616bc5db5b5,Bipolar,3,test,test_nested,1052,0,2,2,True,0,{}
val_search_00075,src_ca06a84039a9d0eb6d5e,Depression,1,train,train_added,21,2,5,0,False,2,"{""length_ratio"": 1, ""refusal"": 6}"
train_05576,src_ca07587dce41018bb242,Normal,0,train,train_legacy,125,2,0,2,True,0,{}
train_04847,src_ca0e59613d4731e60322,Normal,0,train,train_legacy,24,2,2,2,True,0,"{""length_ratio"": 2}"
test_02139,src_ca13ffc4c40dba1bd5d0,Depression,1,train,train_added,681,2,0,2,True,0,{}
test_02402,src_ca19557abccfb13c5061,Normal,0,test,test_nested,29,0,5,0,False,2,"{""length_ratio"": 3, ""sbert"": 2}"
test_01710,src_ca212c8d3d15e3b0a5bb,Normal,0,test,test_nested,124,0,3,2,True,0,"{""length_ratio"": 1}"
train_04566,src_ca2289e8789fcc617071,Bipolar,3,train,train_legacy,727,2,0,2,True,0,{}
val_confirm_00815,src_ca22e71254e900371727,Normal,0,train,train_added,23,2,2,2,True,0,"{""duplicate"": 1, ""sbert"": 1}"
train_00110,src_ca3553e6431a47fd2c4c,Bipolar,3,train,train_legacy,4540,2,5,0,False,2,"{""meta_commentary"": 7}"
train_03170,src_ca36691c9350bbe0b44d,Bipolar,3,train,train_legacy,1125,2,1,2,True,0,"{""meta_commentary"": 1}"
train_00968,src_ca3d8a5eca735343a0a1,Bipolar,3,train,train_legacy,310,2,0,2,True,0,{}
test_00484,src_ca561a5a827d14e9157d,Anxiety,2,test,test_nested,259,0,5,2,True,0,"{""sbert"": 3}"
train_03027,src_ca578c806752b70b3006,Anxiety,2,train,train_legacy,993,2,0,2,True,0,{}
train_00250,src_ca59cc83614015b09fce,Normal,0,train,train_legacy,292,2,0,2,True,0,{}
train_05488,src_ca5abf988c4a36336272,Normal,0,train,train_legacy,43,2,2,2,True,0,"{""length_ratio"": 2}"
train_02756,src_ca5bd3068e67c1cb0761,Anxiety,2,train,train_legacy,89,2,0,2,True,0,{}
train_00608,src_ca6a27fb2494c489de8a,Normal,0,train,train_legacy,227,2,0,2,True,0,{}
test_00158,src_ca6afc012fbe4e8255e7,Anxiety,2,test,test_nested,343,0,2,2,True,0,{}
train_01455,src_ca71f66d43eceb1eb23a,Depression,1,train,train_legacy,305,2,0,2,True,0,{}
train_02439,src_ca7558cf1e8dd84eb872,Bipolar,3,train,train_legacy,118,2,0,2,True,0,{}
train_05059,src_ca759bd9e26fc33cdcc6,Anxiety,2,train,train_legacy,405,2,0,2,True,0,{}
train_04026,src_ca85857e5ff16ccd8bcc,Bipolar,3,train,train_legacy,1128,2,1,2,True,0,"{""meta_commentary"": 1}"
train_05750,src_ca8f0e407365bfcdd7b4,Depression,1,train,train_legacy,254,2,0,2,True,0,{}
train_02880,src_ca9f63d63560dd8ad7fd,Normal,0,train,train_legacy,131,2,3,2,True,0,"{""sbert"": 3}"
train_04080,src_caaeea671144b2a77fce,Depression,1,train,train_legacy,417,2,5,0,False,2,"{""refusal"": 7}"
train_00301,src_cab1583afb0224dbef76,Normal,0,train,train_legacy,40,2,4,2,True,0,"{""length_ratio"": 4}"
train_01816,src_cab228b89fe756842830,Normal,0,train,train_legacy,48,2,4,2,True,0,"{""sbert"": 4}"
train_03700,src_cac4b2adad4557ef417e,Anxiety,2,train,train_legacy,946,2,0,2,True,0,{}
train_03445,src_cac9c9891e10c4099e0a,Anxiety,2,train,train_legacy,1568,2,0,2,True,0,{}
train_05049,src_cacb3a6da20ec0999e75,Depression,1,train,train_legacy,875,2,0,2,True,0,{}
test_00385,src_cacba98702f61742d1e3,Bipolar,3,test,test_nested,196,0,2,2,True,0,{}
train_00380,src_cada03a04ae85cb2ddfc,Depression,1,train,train_legacy,1339,2,0,2,True,0,{}
train_05397,src_cada26600fe7af397227,Normal,0,train,train_legacy,41,2,0,2,True,0,{}
train_04892,src_cadcd4a3e41d6f6d3689,Bipolar,3,train,train_legacy,412,2,0,2,True,0,{}
test_02170,src_cadf41392741368e4ed5,Bipolar,3,test,test_nested,501,0,2,2,True,0,{}
test_01080,src_cae784c58260bd0fd845,Normal,0,test,test_nested,17,0,5,1,False,1,"{""duplicate"": 1, ""length_ratio"": 1, ""sbert"": 2}"
test_01765,src_caecbe4de8247404594e,Anxiety,2,test,test_nested,735,0,2,2,True,0,{}
train_05832,src_caf2299190c846d424a1,Anxiety,2,train,train_legacy,162,2,1,2,True,0,"{""sbert"": 1}"
train_05184,src_cafbbf45564862c5fca1,Anxiety,2,train,train_legacy,513,2,0,2,True,0,{}
train_05017,src_cb056c9b3b2bc7fbd4a8,Bipolar,3,train,train_legacy,846,2,0,2,True,0,{}
test_00592,src_cb05e142338260cdd20d,Normal,0,train,train_added,110,2,4,2,True,0,"{""length_ratio"": 4}"
train_03850,src_cb09f4da34e3cba7fddc,Normal,0,train,train_legacy,24,2,5,1,False,1,"{""length_ratio"": 5, ""sbert"": 1}"
train_04069,src_cb0ccc5a42e38b97a6c2,Anxiety,2,train,train_legacy,871,2,5,1,False,1,"{""meta_commentary"": 6}"
train_05709,src_cb0f70d1b4920b591cb0,Bipolar,3,train,train_legacy,2939,2,0,2,True,0,{}
train_02594,src_cb178533e6b4164e8bf7,Anxiety,2,train,train_legacy,1603,2,0,2,True,0,{}
train_01827,src_cb22429f35ea1f241765,Bipolar,3,train,train_legacy,2490,2,0,2,True,0,{}
test_00349,src_cb25a9be06a2bada64d6,Depression,1,test,test_nested,228,0,2,2,True,0,{}
val_confirm_00853,src_cb440b872b6a0d770baa,Normal,0,train,train_added,61,2,0,2,True,0,{}
train_03848,src_cb4baa9096708caf2e17,Anxiety,2,train,train_legacy,839,2,1,2,True,0,"{""meta_commentary"": 1}"
train_03153,src_cb4e13b3be64d16fbbb4,Anxiety,2,train,train_legacy,1163,2,0,2,True,0,{}
test_01183,src_cb56b479c1078d25ac6f,Normal,0,test,test_nested,22,0,5,0,False,2,"{""meta_commentary"": 5}"
val_confirm_00744,src_cb71047b441157eb827d,Normal,0,train,train_added,16,2,5,0,False,2,"{""length_ratio"": 7}"
val_search_00341,src_cb7f53b1f4dfed83f78d,Depression,1,train,train_added,213,2,0,2,True,0,{}
val_confirm_00891,src_cb938d45f1f8fdcb650a,Bipolar,3,train,train_added,973,2,0,2,True,0,{}
train_03957,src_cb9a360e761fd20222de,Depression,1,train,train_legacy,291,2,0,2,True,0,{}
test_01686,src_cba30265a695ebff2bf8,Bipolar,3,test,test_nested,261,0,2,2,True,0,{}
train_05534,src_cba482cca721f233c357,Depression,1,train,train_legacy,2513,2,0,2,True,0,{}
train_01453,src_cba7780871afac20ed41,Bipolar,3,train,train_legacy,525,2,0,2,True,0,{}
val_search_00020,src_cbc42cddb3f4b145fbf0,Normal,0,train,train_added,73,2,5,1,False,1,"{""sbert"": 6}"
train_02587,src_cbc909cfe2fd28ea76fe,Depression,1,train,train_legacy,196,2,0,2,True,0,{}
test_02108,src_cbccc279b783a12693e0,Anxiety,2,test,test_nested,63,0,5,0,False,2,"{""meta_commentary"": 5}"
val_confirm_01080,src_cbe1976adf3f59da662b,Normal,0,train,train_added,53,2,1,2,True,0,"{""length_ratio"": 1}"
test_00037,src_cbfc53a41db857fef39f,Depression,1,test,test_nested,141,0,2,2,True,0,{}
test_02186,src_cbfc60bc5951976c02c2,Normal,0,test,test_nested,14,0,5,1,False,1,"{""length_ratio"": 4}"
train_00648,src_cc0243660fb10640bb82,Normal,0,train,train_legacy,37,2,5,0,False,2,"{""length_ratio"": 5, ""sbert"": 2}"
train_01195,src_cc13d7bd65d486289109,Anxiety,2,train,train_legacy,1514,2,0,2,True,0,{}
train_00479,src_cc301e8196208d9df675,Depression,1,train,train_legacy,1338,2,1,2,True,0,"{""meta_commentary"": 1}"
train_03269,src_cc3067eae7d34bc30c1d,Bipolar,3,train,train_legacy,2104,2,0,2,True,0,{}
train_00745,src_cc307df4598b040cb0f4,Bipolar,3,train,train_legacy,1640,2,0,2,True,0,{}
train_01824,src_cc389f4d2a575e26bca4,Normal,0,train,train_legacy,76,2,0,2,True,0,{}
train_05793,src_cc3fdc31f8d9f56f35b7,Anxiety,2,train,train_legacy,1245,2,0,2,True,0,{}
train_05795,src_cc4403a6f7ee10e6f2f3,Bipolar,3,train,train_legacy,361,2,4,2,True,0,"{""meta_commentary"": 3, ""sbert"": 1}"
test_02391,src_cc4a1847ff31864d3520,Depression,1,test,test_nested,63,0,5,0,False,2,"{""refusal"": 5}"
test_01567,src_cc4f1dea7af2c63d960f,Normal,0,test,test_nested,90,0,2,2,True,0,{}
train_00386,src_cc5cf2129c1a9b6d99c1,Anxiety,2,train,train_legacy,1820,2,0,2,True,0,{}
train_03722,src_cc602482a1a087b11806,Normal,0,train,train_legacy,130,2,0,2,True,0,{}
train_05365,src_cc6b45dba0d1b1b28126,Anxiety,2,train,train_legacy,726,2,0,2,True,0,{}
train_00798,src_cc7ca72a139436b568b6,Depression,1,train,train_legacy,1983,2,0,2,True,0,{}
train_00033,src_cc7d41aac52a2414c18a,Depression,1,train,train_legacy,402,2,0,2,True,0,{}
train_03521,src_cc8a32ee09e1b776d485,Anxiety,2,train,train_legacy,2183,2,1,2,True,0,"{""meta_commentary"": 1}"
train_05672,src_cc8a3c6ce89ae0ed6455,Bipolar,3,train,train_legacy,1437,2,0,2,True,0,{}
test_01342,src_cc91dc0e2bc302e6fe98,Bipolar,3,test,test_nested,1481,0,2,2,True,0,{}
test_00392,src_cc923dba2d9a24ab5436,Anxiety,2,test,test_nested,24,0,5,0,False,2,"{""sbert"": 5}"
train_00447,src_cc95d1b1b31bd8e4854a,Bipolar,3,train,train_legacy,767,2,0,2,True,0,{}
train_00360,src_cc9c0e9055d618997e1b,Bipolar,3,train,train_legacy,586,2,0,2,True,0,{}
train_03663,src_ccab89797b560981fdfa,Normal,0,train,train_legacy,26,2,5,0,False,2,"{""length_ratio"": 7}"
test_02394,src_ccaf4537d97b4d9c1f31,Depression,1,test,test_nested,1569,0,3,2,True,0,"{""meta_commentary"": 1}"
train_02301,src_ccaf5a0d756c0d66bd82,Normal,0,train,train_legacy,76,2,0,2,True,0,{}
train_00770,src_ccb589d461ec6c58e214,Depression,1,train,train_legacy,1102,2,0,2,True,0,{}
train_03406,src_ccb725793cfd9c3559d2,Depression,1,train,train_legacy,172,2,0,2,True,0,{}
train_00031,src_ccc1d7ffd4455f75eb76,Anxiety,2,train,train_legacy,39,2,5,1,False,1,"{""length_ratio"": 1, ""sbert"": 5}"
test_01936,src_ccc6fc051ba2570d0226,Anxiety,2,train,train_added,279,2,0,2,True,0,{}
train_01647,src_cccacea962b36056e615,Bipolar,3,train,train_legacy,747,2,0,2,True,0,{}
train_03586,src_ccccecb0b6da32a5b915,Normal,0,train,train_legacy,19,2,1,2,True,0,"{""length_ratio"": 1}"
train_02288,src_cccdf67e755420ade356,Bipolar,3,train,train_legacy,360,2,0,2,True,0,{}
train_01256,src_cce5e3092a14c3909f74,Bipolar,3,train,train_legacy,191,2,0,2,True,0,{}
train_02755,src_ccefd643a9e0ab5248d1,Normal,0,train,train_legacy,237,2,5,0,False,2,"{""refusal"": 7}"
train_00229,src_ccf28674f9c41cf441ac,Depression,1,train,train_legacy,277,2,0,2,True,0,{}
train_01303,src_ccf41981242b409d671b,Anxiety,2,train,train_legacy,577,2,0,2,True,0,{}
train_02145,src_ccfe1be2068653fbe456,Bipolar,3,train,train_legacy,790,2,0,2,True,0,{}
test_01698,src_cd06fa558e0ec405db5a,Depression,1,test,test_nested,438,0,2,2,True,0,{}
train_05712,src_cd130bc6a46b633e38db,Anxiety,2,train,train_legacy,30,2,5,0,False,2,"{""length_ratio"": 2, ""sbert"": 5}"
train_01536,src_cd1a843ec2955ed119c1,Bipolar,3,train,train_legacy,563,2,0,2,True,0,{}
train_05243,src_cd1d2c373ae45dbf2caa,Bipolar,3,train,train_legacy,777,2,0,2,True,0,{}
train_04389,src_cd20a89bcadf9149dfa4,Depression,1,train,train_legacy,631,2,0,2,True,0,{}
test_00563,src_cd21f0558ec243af7fb5,Bipolar,3,train,train_added,373,2,0,2,True,0,{}
train_00325,src_cd3687df5bd5ca401235,Bipolar,3,train,train_legacy,308,2,0,2,True,0,{}
val_search_00332,src_cd3ab7d7249d55b5f9ad,Anxiety,2,train,train_added,78,2,0,2,True,0,{}
test_00414,src_cd3cbaaab804bc3ea270,Bipolar,3,test,test_nested,1746,0,2,2,True,0,{}
test_02314,src_cd480c25600e5a2a645c,Normal,0,test,test_nested,119,0,2,2,True,0,{}
train_04155,src_cd56f586ee98e3515255,Anxiety,2,train,train_legacy,34,2,3,2,True,0,"{""length_ratio"": 3}"
val_confirm_00822,src_cd58b8af5bc9fefe7c05,Depression,1,train,train_added,318,2,0,2,True,0,{}
test_01406,src_cd5cb71494bf2b60a143,Depression,1,test,test_nested,467,0,2,2,True,0,{}
test_00579,src_cd6c0d7eef60a7413bf3,Bipolar,3,test,test_nested,1070,0,2,2,True,0,{}
test_01410,src_cd7aa5c8ff6171f2b327,Bipolar,3,train,train_added,1673,2,0,2,True,0,{}
test_02466,src_cd7c7c59223ffa385c54,Anxiety,2,test,test_nested,1669,0,2,2,True,0,{}
train_01652,src_cd82569656067bbe19e2,Depression,1,train,train_legacy,716,2,5,0,False,2,"{""refusal"": 7}"
train_05744,src_cd86f1822221c8459e60,Normal,0,train,train_legacy,32,2,1,2,True,0,"{""length_ratio"": 1}"
test_00559,src_cd885ecd77e0fa20c5a4,Bipolar,3,test,test_nested,1467,0,2,2,True,0,{}
train_01651,src_cd8ac0478ff196c03533,Depression,1,train,train_legacy,223,2,0,2,True,0,{}
train_02537,src_cd9a14013a8fc5a94b8c,Bipolar,3,train,train_legacy,2690,2,1,2,True,0,"{""meta_commentary"": 1}"
train_00327,src_cda07c880f33d7639982,Bipolar,3,train,train_legacy,838,2,0,2,True,0,{}
train_05085,src_cdb52dfa78b3dbe9476a,Depression,1,train,train_legacy,1288,2,5,0,False,2,"{""refusal"": 7}"
train_05339,src_cdbb80e57239059b4cc6,Bipolar,3,train,train_legacy,409,2,0,2,True,0,{}
train_05754,src_cdcf91da2fa15421eab0,Anxiety,2,train,train_legacy,871,2,1,2,True,0,"{""meta_commentary"": 1}"
test_00750,src_cddac18d09dc428d3ef9,Normal,0,train,train_added,124,2,2,2,True,0,"{""sbert"": 2}"
test_02225,src_cde154068c448cdd321c,Bipolar,3,test,test_nested,676,0,2,2,True,0,{}
train_02663,src_cde19a24b2b501054dec,Normal,0,train,train_legacy,41,2,1,2,True,0,"{""length_ratio"": 1}"
train_02530,src_cde368b1f7e17dfb4097,Normal,0,train,train_legacy,121,2,2,2,True,0,"{""length_ratio"": 2}"
train_00917,src_cdf661f1e87ca4ccb7d2,Depression,1,train,train_legacy,376,2,0,2,True,0,{}
train_01846,src_ce05c91cf2642095279c,Bipolar,3,train,train_legacy,269,2,0,2,True,0,{}
test_01345,src_ce0d25b78637a266abdf,Bipolar,3,test,test_nested,862,0,5,0,False,2,"{""meta_commentary"": 5}"
test_00091,src_ce13e1900b8b9b7e3473,Bipolar,3,test,test_nested,647,0,2,2,True,0,{}
train_01504,src_ce1b336ff03494936a99,Anxiety,2,train,train_legacy,2370,2,0,2,True,0,{}
test_01448,src_ce22daa39219e7a919cc,Normal,0,test,test_nested,154,0,2,2,True,0,{}
train_01645,src_ce237cfa07c6d3acf53b,Normal,0,train,train_legacy,104,2,0,2,True,0,{}
test_02067,src_ce2483b82955a8b9577c,Anxiety,2,test,test_nested,676,0,2,2,True,0,{}
test_02056,src_ce2cac95c08e6dd67ab4,Normal,0,test,test_nested,613,0,2,2,True,0,{}
test_00638,src_ce30d3050563fe45005c,Bipolar,3,test,test_nested,710,0,2,2,True,0,{}
train_05590,src_ce3411ea5d10b8572644,Bipolar,3,train,train_legacy,206,2,0,2,True,0,{}
test_00362,src_ce444b2d8aecce49ab18,Depression,1,test,test_nested,625,0,2,2,True,0,{}
test_01036,src_ce47c99328f080c8824d,Normal,0,test,test_nested,177,0,2,2,True,0,{}
train_03447,src_ce487349cd3946ea1b4a,Normal,0,train,train_legacy,33,2,5,0,False,2,"{""refusal"": 7}"
test_01047,src_ce53300193ecd3c7d75d,Anxiety,2,test,test_nested,953,0,2,2,True,0,{}
test_00879,src_ce560f7b5f20fa4a21b4,Bipolar,3,train,train_added,616,2,0,2,True,0,{}
test_01906,src_ce735dec948ea13587b8,Normal,0,test,test_nested,63,0,2,2,True,0,{}
train_03355,src_ce8d481789bd4b2d15c7,Depression,1,train,train_legacy,1446,2,0,2,True,0,{}
test_00553,src_ce8fe2698da52fec8cf2,Depression,1,test,test_nested,263,0,5,2,True,0,"{""length_ratio"": 3}"
train_02203,src_ce90b2547752f0f377cb,Depression,1,train,train_legacy,60,2,5,0,False,2,"{""length_ratio"": 3, ""sbert"": 4}"
test_01019,src_ce96caa9368a6b04d81c,Depression,1,test,test_nested,3879,0,3,2,True,0,"{""length_ratio"": 1}"
val_search_00371,src_ce98b926b89396d5da7b,Depression,1,train,train_added,91,2,1,2,True,0,"{""sbert"": 1}"
train_05035,src_cea3c19193f7868e5fb1,Bipolar,3,train,train_legacy,1152,2,0,2,True,0,{}
train_04323,src_cea757788f40eee98024,Anxiety,2,train,train_legacy,150,2,0,2,True,0,{}
train_02090,src_cea7e3484bd8a4a00196,Bipolar,3,train,train_legacy,691,2,0,2,True,0,{}
test_01323,src_ceac0652858343953b3b,Anxiety,2,test,test_nested,82,0,2,2,True,0,{}
train_01140,src_ceb1b932d55c32ec4b9c,Depression,1,train,train_legacy,166,2,0,2,True,0,{}
val_confirm_00902,src_ceb38b7e2ce4e2e20b34,Depression,1,train,train_added,15,2,5,0,False,2,"{""length_ratio"": 1, ""meta_commentary"": 1, ""refusal"": 1, ""sbert"": 4}"
train_04227,src_ceb96c15d21f3e1d5273,Depression,1,train,train_legacy,280,2,0,2,True,0,{}
test_01199,src_ceb9819ea4e6235c46ea,Depression,1,train,train_added,621,2,0,2,True,0,{}
train_00419,src_cebd02459a4a17e830dd,Depression,1,train,train_legacy,272,2,0,2,True,0,{}
train_04175,src_ced02ab604326c607ed6,Normal,0,train,train_legacy,20,2,2,2,True,0,"{""length_ratio"": 2}"
train_01858,src_ced57502b2a20454e619,Normal,0,train,train_legacy,133,2,0,2,True,0,{}
train_05312,src_cedf616bca83b337eb37,Normal,0,train,train_legacy,78,2,0,2,True,0,{}
train_03061,src_cee23f82cd5ecb74f3f4,Anxiety,2,train,train_legacy,566,2,0,2,True,0,{}
train_02651,src_cee31cc289efaa553a83,Depression,1,train,train_legacy,106,2,5,0,False,2,"{""refusal"": 7}"
train_02295,src_cee7d6e9e875666ffadf,Normal,0,train,train_legacy,23,2,5,1,False,1,"{""length_ratio"": 6}"
test_00722,src_cef411a6942bf5a37a06,Depression,1,test,test_nested,249,0,5,1,False,1,"{""meta_commentary"": 1, ""refusal"": 3}"
test_01357,src_cef42ec7e93ed7cbcbef,Depression,1,test,test_nested,1619,0,5,0,False,2,"{""refusal"": 5}"
train_04698,src_cef74a7f2115afef7a40,Normal,0,train,train_legacy,55,2,0,2,True,0,{}
test_00812,src_cf0a12943bd90953efd1,Anxiety,2,test,test_nested,285,0,3,2,True,0,"{""length_ratio"": 1}"
train_03934,src_cf0da8c0723f9500b74e,Depression,1,train,train_legacy,241,2,0,2,True,0,{}
test_01928,src_cf0f4078c61e1bec3aba,Anxiety,2,test,test_nested,225,0,2,2,True,0,{}
test_02292,src_cf2043ae7726ef5022e6,Bipolar,3,test,test_nested,283,0,2,2,True,0,{}
val_confirm_00859,src_cf204b4ecb97cdaf2174,Anxiety,2,train,train_added,280,2,1,2,True,0,"{""meta_commentary"": 1}"
test_00459,src_cf240e4751c1d67ad728,Depression,1,train,train_added,269,2,0,2,True,0,{}
train_00827,src_cf2ac473f1fa8327a44c,Bipolar,3,train,train_legacy,270,2,0,2,True,0,{}
test_00118,src_cf33b0f7d70f840c2de2,Depression,1,test,test_nested,540,0,2,2,True,0,{}
train_01608,src_cf36c5e56273c858876b,Depression,1,train,train_legacy,3442,2,0,2,True,0,{}
train_03167,src_cf36c8748b1cc2cf1d5d,Depression,1,train,train_legacy,2856,2,1,2,True,0,"{""meta_commentary"": 1}"
train_05457,src_cf37878c4bf4267dd606,Bipolar,3,train,train_legacy,243,2,0,2,True,0,{}
train_01125,src_cf3ca1e9979361bde354,Normal,0,train,train_legacy,54,2,5,2,True,0,"{""length_ratio"": 5}"
val_confirm_00120,src_cf3cd84c6eeff05e3e7b,Anxiety,2,train,train_added,486,2,0,2,True,0,{}
train_05800,src_cf445b62efe54eacc72b,Depression,1,train,train_legacy,587,2,0,2,True,0,{}
test_00685,src_cf51d48e066b12ab2977,Depression,1,test,test_nested,1023,0,2,2,True,0,{}
test_00361,src_cf52309ce2a95ffe9997,Bipolar,3,test,test_nested,718,0,2,2,True,0,{}
train_01420,src_cf5d708f9d8b3ab0d12b,Normal,0,train,train_legacy,35,2,3,2,True,0,"{""length_ratio"": 2, ""sbert"": 1}"
train_00748,src_cf68b9ea2318b43e6382,Normal,0,train,train_legacy,18,2,0,2,True,0,{}
train_02232,src_cf6c8ee0edeca410cc93,Depression,1,train,train_legacy,381,2,0,2,True,0,{}
train_01982,src_cf6d805b541e0c26a1b3,Anxiety,2,train,train_legacy,1176,2,0,2,True,0,{}
train_04567,src_cf7e9250e11fed18e3fe,Bipolar,3,train,train_legacy,434,2,1,2,True,0,"{""length_ratio"": 1}"
val_confirm_00574,src_cf858c0c3827398e3d80,Depression,1,train,train_added,110,2,1,2,True,0,"{""meta_commentary"": 1}"
train_00050,src_cf88b44818125a6a4f96,Anxiety,2,train,train_legacy,40,2,5,1,False,1,"{""length_ratio"": 1, ""sbert"": 5}"
train_04908,src_cf8a93305fe3a2e4030f,Normal,0,train,train_legacy,14,2,5,0,False,2,"{""length_ratio"": 1, ""sbert"": 6}"
train_00133,src_cf8e7f1db7647778293b,Anxiety,2,train,train_legacy,675,2,0,2,True,0,{}
train_05150,src_cf9442e8594f5fc771f9,Bipolar,3,train,train_legacy,988,2,0,2,True,0,{}
train_05918,src_cf94714fd77449d37856,Depression,1,train,train_legacy,98,2,5,1,False,1,"{""length_ratio"": 5, ""sbert"": 1}"
train_00475,src_cf9cdd609420a932234d,Anxiety,2,train,train_legacy,20,2,5,0,False,2,"{""length_ratio"": 6, ""sbert"": 1}"
test_00394,src_cfa0014c12ade4b38785,Normal,0,test,test_nested,84,0,4,2,True,0,"{""meta_commentary"": 2}"
train_02085,src_cfa387016c0e53b55023,Depression,1,train,train_legacy,514,2,0,2,True,0,{}
train_04028,src_cfa4314f14e585437466,Bipolar,3,train,train_legacy,417,2,0,2,True,0,{}
train_01744,src_cfa687a686a1c450de76,Bipolar,3,train,train_legacy,3717,2,5,1,False,1,"{""meta_commentary"": 6}"
train_03620,src_cfb5cee57442a9a46c84,Depression,1,train,train_legacy,547,2,0,2,True,0,{}
test_01134,src_cfe1bea40042dad24fac,Depression,1,test,test_nested,494,0,5,1,False,1,"{""length_ratio"": 1, ""meta_commentary"": 2, ""refusal"": 1}"
train_04979,src_cfe850aeb4284c5f8642,Depression,1,train,train_legacy,1338,2,0,2,True,0,{}
test_01989,src_cff5d67e51b5e82409b4,Normal,0,train,train_added,27,2,5,2,True,0,"{""length_ratio"": 4, ""sbert"": 1}"
train_00787,src_cff926dabb9631573d3f,Normal,0,train,train_legacy,16,2,0,2,True,0,{}
train_04533,src_d00a140be15a7918e898,Bipolar,3,train,train_legacy,375,2,0,2,True,0,{}
test_00443,src_d013b2cad8d44920ccab,Normal,0,test,test_nested,526,0,2,2,True,0,{}
train_05168,src_d0287a74685233a56b83,Normal,0,train,train_legacy,70,2,5,0,False,2,"{""length_ratio"": 7}"
train_03151,src_d029a64299ab78c00bf0,Bipolar,3,train,train_legacy,1039,2,0,2,True,0,{}
train_05889,src_d02be49eabd6de505a97,Anxiety,2,train,train_legacy,997,2,0,2,True,0,{}
val_confirm_00317,src_d0313a53a77cb55a2b9e,Anxiety,2,train,train_added,364,2,0,2,True,0,{}
train_04468,src_d037844a5e85d620805c,Depression,1,train,train_legacy,2588,2,5,0,False,2,"{""refusal"": 7}"
test_02263,src_d03e259dd7dd093a5634,Bipolar,3,test,test_nested,416,0,2,2,True,0,{}
train_01786,src_d03e96096e7907a73a3f,Normal,0,train,train_legacy,120,2,0,2,True,0,{}
train_00952,src_d0514b84d48832e5605d,Depression,1,train,train_legacy,1766,2,1,2,True,0,"{""meta_commentary"": 1}"
test_00238,src_d05a42679158b016ddd1,Bipolar,3,test,test_nested,432,0,2,2,True,0,{}
test_01582,src_d05c02c89e098a506abb,Anxiety,2,test,test_nested,1111,0,2,2,True,0,{}
test_00424,src_d063121828f789e2ce1f,Normal,0,test,test_nested,42,0,5,0,False,2,"{""length_ratio"": 1, ""meta_commentary"": 2, ""sbert"": 2}"
test_02385,src_d0679840851a85949357,Bipolar,3,test,test_nested,244,0,2,2,True,0,{}
train_04013,src_d07bc73eb63fda0048e0,Bipolar,3,train,train_legacy,609,2,0,2,True,0,{}
train_05557,src_d0852e89d1c267a37347,Anxiety,2,train,train_legacy,1370,2,4,2,True,0,"{""meta_commentary"": 4}"
train_04074,src_d085fd9913a92c057a61,Bipolar,3,train,train_legacy,511,2,0,2,True,0,{}
train_04047,src_d0873cc4d52f7ead789a,Anxiety,2,train,train_legacy,166,2,0,2,True,0,{}
train_00024,src_d0948b8683d503588507,Normal,0,train,train_legacy,132,2,2,2,True,0,"{""length_ratio"": 2}"
train_01882,src_d0a216bf5500e7496c03,Bipolar,3,train,train_legacy,4348,2,0,2,True,0,{}
train_02328,src_d0af35ef9ae0023131e8,Normal,0,train,train_legacy,105,2,3,2,True,0,"{""length_ratio"": 3}"
train_04816,src_d0b3335f81ff6fc8ba02,Depression,1,train,train_legacy,468,2,0,2,True,0,{}
train_05618,src_d0b829644953e1cf1254,Depression,1,train,train_legacy,641,2,0,2,True,0,{}
train_00075,src_d0ca802c7bc526c5d20e,Bipolar,3,train,train_legacy,2535,2,0,2,True,0,{}
train_04783,src_d0d03422d7bcee65c70f,Anxiety,2,train,train_legacy,1303,2,0,2,True,0,{}
train_02810,src_d0d1c947bc80a895886a,Bipolar,3,train,train_legacy,294,2,0,2,True,0,{}
train_04095,src_d0d92a6962462f724249,Bipolar,3,train,train_legacy,396,2,0,2,True,0,{}
test_02094,src_d0d9bf17531d3102cfac,Depression,1,test,test_nested,88,0,5,0,False,2,"{""refusal"": 5}"
train_04198,src_d0db14b78e6f763fe4b6,Normal,0,train,train_legacy,66,2,0,2,True,0,{}
train_05528,src_d0f40375e3636ee98713,Bipolar,3,train,train_legacy,369,2,0,2,True,0,{}
train_00797,src_d0f50fb7a584d89f3acf,Depression,1,train,train_legacy,950,2,0,2,True,0,{}
test_01425,src_d0f7bec004e0e54a4734,Normal,0,test,test_nested,16,0,5,0,False,2,"{""sbert"": 5}"
test_02182,src_d0f8d2aeca46c2e47189,Anxiety,2,test,test_nested,250,0,2,2,True,0,{}
test_02283,src_d0ff37cec5df9527228b,Bipolar,3,test,test_nested,828,0,2,2,True,0,{}
train_04885,src_d1004af09c47d8d4f36e,Normal,0,train,train_legacy,15,2,5,1,False,1,"{""length_ratio"": 5, ""sbert"": 1}"
train_02831,src_d1230ffac7b62b441178,Normal,0,train,train_legacy,497,2,1,2,True,0,"{""sbert"": 1}"
test_02126,src_d131491dc524aaca191c,Anxiety,2,test,test_nested,634,0,2,2,True,0,{}
train_04827,src_d139375a223be3a430a2,Bipolar,3,train,train_legacy,203,2,0,2,True,0,{}
train_01223,src_d13c6b54dd753efa5dab,Bipolar,3,train,train_legacy,1376,2,0,2,True,0,{}
train_00540,src_d140e221be8fddacd78d,Depression,1,train,train_legacy,1934,2,0,2,True,0,{}
train_05640,src_d14f7864a351496e8113,Bipolar,3,train,train_legacy,992,2,0,2,True,0,{}
test_02079,src_d151ca5d84102789cebe,Anxiety,2,test,test_nested,466,0,2,2,True,0,{}
test_00755,src_d157ba26060905652756,Bipolar,3,test,test_nested,677,0,2,2,True,0,{}
train_00439,src_d15cf76255fa8a3df370,Depression,1,train,train_legacy,5715,2,5,2,True,0,"{""length_ratio"": 4, ""meta_commentary"": 1}"
train_04437,src_d16bb369b18f22f7caf1,Depression,1,train,train_legacy,2711,2,0,2,True,0,{}
test_00053,src_d189a6416a482e110ea1,Normal,0,test,test_nested,106,0,2,2,True,0,{}
train_02200,src_d18ab29898a526128416,Anxiety,2,train,train_legacy,178,2,2,2,True,0,"{""sbert"": 2}"
val_confirm_00241,src_d1a0d397a6d97542b0ac,Anxiety,2,train,train_added,597,2,0,2,True,0,{}
test_00144,src_d1a0da87e33705bdf333,Bipolar,3,test,test_nested,483,0,2,2,True,0,{}
test_00530,src_d1a802e9ca95cd14a16d,Bipolar,3,test,test_nested,788,0,2,2,True,0,{}
train_04755,src_d1a8ca4db821ce85d60b,Bipolar,3,train,train_legacy,461,2,0,2,True,0,{}
train_03695,src_d1b510beba5a2c3e12c2,Anxiety,2,train,train_legacy,944,2,0,2,True,0,{}
train_01877,src_d1b770e984f0b32fe151,Normal,0,train,train_legacy,59,2,5,1,False,1,"{""sbert"": 6}"
train_02149,src_d1b85f3ea99b0c9ad0b2,Anxiety,2,train,train_legacy,606,2,1,2,True,0,"{""meta_commentary"": 1}"
train_03281,src_d1c15443341fbd6da9e2,Anxiety,2,train,train_legacy,1476,2,0,2,True,0,{}
test_00239,src_d1cca5329d78089d1e45,Normal,0,test,test_nested,174,0,5,1,False,1,"{""meta_commentary"": 1, ""sbert"": 3}"
train_04405,src_d1cd5ab9b9a718c00b3b,Anxiety,2,train,train_legacy,1155,2,0,2,True,0,{}
val_confirm_00254,src_d1cf3157f0ffc9f46e47,Anxiety,2,train,train_added,1135,2,5,1,False,1,"{""meta_commentary"": 6}"
test_00400,src_d1d7eaaeca44395bcec3,Normal,0,train,train_added,157,2,0,2,True,0,{}
train_01602,src_d1dda75e4e7fa09b8817,Normal,0,train,train_legacy,39,2,5,0,False,2,"{""refusal"": 7}"
train_04105,src_d1df456795699e391397,Anxiety,2,train,train_legacy,1027,2,0,2,True,0,{}
train_02636,src_d1e16dbbf41f87c52949,Bipolar,3,train,train_legacy,803,2,0,2,True,0,{}
test_00120,src_d200471e996718eef790,Depression,1,test,test_nested,627,0,2,2,True,0,{}
test_01839,src_d2008777896f683ac4d2,Bipolar,3,train,train_added,515,2,0,2,True,0,{}
test_00465,src_d21448a51df715f2f59d,Bipolar,3,test,test_nested,853,0,2,2,True,0,{}
train_03106,src_d21a0d7cc62317d6facc,Depression,1,train,train_legacy,255,2,0,2,True,0,{}
train_02318,src_d21a51db79ad8d32760d,Depression,1,train,train_legacy,143,2,2,2,True,0,"{""sbert"": 2}"
train_01503,src_d21d81f8c85e666b31b5,Bipolar,3,train,train_legacy,419,2,0,2,True,0,{}
test_00516,src_d22f872ac630926a713a,Normal,0,train,train_added,21,2,0,2,True,0,{}
train_03896,src_d244e066ee2bd04e4ea9,Normal,0,train,train_legacy,94,2,0,2,True,0,{}
train_05401,src_d24bc47c402c39911195,Normal,0,train,train_legacy,59,2,1,2,True,0,"{""sbert"": 1}"
train_00484,src_d2511fafef515aacab70,Normal,0,train,train_legacy,447,2,1,2,True,0,"{""meta_commentary"": 1}"
train_02971,src_d253663ff388230b27f5,Bipolar,3,train,train_legacy,483,2,4,2,True,0,"{""meta_commentary"": 4}"
test_00467,src_d257b384df3e043c272c,Depression,1,test,test_nested,468,0,2,2,True,0,{}
test_02254,src_d261df11ad64d6f63b91,Bipolar,3,train,train_added,748,2,0,2,True,0,{}
test_00323,src_d265d338d993c9cfe548,Normal,0,train,train_added,48,2,0,2,True,0,{}
test_01204,src_d26cfb7cc8941d13355e,Bipolar,3,test,test_nested,525,0,2,2,True,0,{}
train_05212,src_d26d8157592871a3a88a,Bipolar,3,train,train_legacy,1135,2,1,2,True,0,"{""meta_commentary"": 1}"
train_03239,src_d26ffe5869b945816d7b,Bipolar,3,train,train_legacy,935,2,0,2,True,0,{}
train_01655,src_d278cc0f1182db8a5df8,Depression,1,train,train_legacy,505,2,0,2,True,0,{}
train_00450,src_d27ce45d7e64500f3a70,Bipolar,3,train,train_legacy,1586,2,0,2,True,0,{}
test_01615,src_d2929033fcc44b0267a3,Anxiety,2,test,test_nested,28,0,2,2,True,0,{}
test_00486,src_d2a2d6772b64f7175d6a,Depression,1,test,test_nested,231,0,5,2,True,0,"{""length_ratio"": 3}"
train_03707,src_d2b04b79bec270a8cc65,Depression,1,train,train_legacy,567,2,0,2,True,0,{}
train_00432,src_d2b14c02601b98247926,Anxiety,2,train,train_legacy,750,2,1,2,True,0,"{""meta_commentary"": 1}"
test_01595,src_d2be3b03bf9bda237261,Normal,0,test,test_nested,584,0,2,2,True,0,{}
train_03499,src_d2c7631e189a7e521f83,Normal,0,train,train_legacy,285,2,0,2,True,0,{}
train_05722,src_d2ca1540aced7919a17f,Bipolar,3,train,train_legacy,1349,2,0,2,True,0,{}
test_00920,src_d2d4e89c9779dcbb5c91,Anxiety,2,test,test_nested,38,0,2,2,True,0,{}
val_confirm_00777,src_d2d54ce650ea948b0537,Depression,1,train,train_added,286,2,0,2,True,0,{}
train_02074,src_d2da0a6d7f8d4363c18b,Bipolar,3,train,train_legacy,1442,2,0,2,True,0,{}
train_05129,src_d2e8c2a8297521e58ece,Bipolar,3,train,train_legacy,280,2,0,2,True,0,{}
train_00887,src_d2f29fd5110144abeb76,Depression,1,train,train_legacy,2427,2,0,2,True,0,{}
test_02354,src_d2f2f050616a2719c094,Depression,1,train,train_added,431,2,0,2,True,0,{}
test_01812,src_d31bb22bf74cf8ff9bca,Normal,0,test,test_nested,18,0,5,0,False,2,"{""length_ratio"": 3, ""sbert"": 2}"
train_01658,src_d31cac9b62099095cf5b,Anxiety,2,train,train_legacy,1099,2,1,2,True,0,"{""meta_commentary"": 1}"
test_02341,src_d320cd88dc99b14debce,Normal,0,test,test_nested,33,0,2,2,True,0,{}
test_01561,src_d3216f2c6fefe092e4cf,Depression,1,test,test_nested,325,0,2,2,True,0,{}
test_01723,src_d3456c0a8d0eb6220ca7,Depression,1,test,test_nested,1066,0,2,2,True,0,{}
train_03348,src_d346616381012e79f0f9,Normal,0,train,train_legacy,48,2,5,2,True,0,"{""length_ratio"": 5}"
test_01278,src_d346e29ef6742b0b39be,Bipolar,3,train,train_added,489,2,0,2,True,0,{}
train_04949,src_d3471cc7bd2fab0d6bfe,Normal,0,train,train_legacy,120,2,5,2,True,0,"{""length_ratio"": 5}"
train_00731,src_d347cb2bec741396759d,Bipolar,3,train,train_legacy,2619,2,0,2,True,0,{}
train_03287,src_d35efb7a7ec0086b03d6,Anxiety,2,train,train_legacy,282,2,0,2,True,0,{}
test_01298,src_d36174a255a836920fbd,Depression,1,test,test_nested,787,0,2,2,True,0,{}
train_00010,src_d36923a894507772ebdd,Bipolar,3,train,train_legacy,1027,2,0,2,True,0,{}
test_01629,src_d37085ddf97f3df2ddc3,Anxiety,2,train,train_added,1470,2,1,2,True,0,"{""meta_commentary"": 1}"
train_02086,src_d3782c78115d7f114aa4,Normal,0,train,train_legacy,359,2,0,2,True,0,{}
train_00607,src_d37d9f3aec53a74f83cf,Anxiety,2,train,train_legacy,919,2,0,2,True,0,{}
train_03402,src_d386c7d2e03c611809f4,Normal,0,train,train_legacy,14,2,5,0,False,2,"{""length_ratio"": 7}"
train_02011,src_d38795601810b0ef879d,Anxiety,2,train,train_legacy,403,2,5,1,False,1,"{""meta_commentary"": 6}"
train_02131,src_d38ad81fe268ccdda1c1,Anxiety,2,train,train_legacy,1554,2,1,2,True,0,"{""meta_commentary"": 1}"
train_05606,src_d392fa4fb82752a72909,Bipolar,3,train,train_legacy,338,2,0,2,True,0,{}
train_00569,src_d39dd641faf8be08a40d,Anxiety,2,train,train_legacy,401,2,0,2,True,0,{}
train_02097,src_d3a520627882a4e8a969,Normal,0,train,train_legacy,26,2,5,0,False,2,"{""length_ratio"": 5, ""sbert"": 2}"
train_04426,src_d3a61fedae279c98c173,Bipolar,3,train,train_legacy,295,2,0,2,True,0,{}
test_01050,src_d3b22eddb833fdb5970f,Bipolar,3,train,train_added,542,2,1,2,True,0,"{""meta_commentary"": 1}"
val_confirm_00903,src_d3b39ff9d091f314bdb8,Depression,1,train,train_added,396,2,0,2,True,0,{}
train_01550,src_d3b70860acbd371c31fe,Depression,1,train,train_legacy,69,2,5,1,False,1,"{""length_ratio"": 2, ""sbert"": 4}"
train_02080,src_d3b7440dbe8ac35731c3,Normal,0,train,train_legacy,27,2,5,1,False,1,"{""length_ratio"": 6}"
test_00634,src_d3cd45563224cae3e106,Bipolar,3,train,train_added,1173,2,0,2,True,0,{}
train_04022,src_d3cf53d5a11a525a3563,Normal,0,train,train_legacy,85,2,1,2,True,0,"{""length_ratio"": 1}"
train_02760,src_d3e602de932c29c54c3b,Depression,1,train,train_legacy,505,2,0,2,True,0,{}
test_01090,src_d3f15689c2788236c0c3,Anxiety,2,train,train_added,1520,2,4,2,True,0,"{""meta_commentary"": 4}"
train_02291,src_d3f2118a1b295ce339e2,Bipolar,3,train,train_legacy,777,2,0,2,True,0,{}
train_05743,src_d3f8fd357a7d0956866b,Depression,1,train,train_legacy,802,2,0,2,True,0,{}
train_01556,src_d3f96c6fca324f63f8bf,Normal,0,train,train_legacy,24,2,2,2,True,0,"{""sbert"": 2}"
test_02450,src_d3ffbed8730f2cfef5df,Anxiety,2,train,train_added,635,2,0,2,True,0,{}
train_00518,src_d4007a12935be25c72e1,Normal,0,train,train_legacy,23,2,3,2,True,0,"{""sbert"": 3}"
test_01445,src_d400b3c00d306d4cab96,Normal,0,train,train_added,91,2,5,2,True,0,"{""sbert"": 5}"
train_02185,src_d4011efbb508428bdc7a,Anxiety,2,train,train_legacy,62,2,5,0,False,2,"{""sbert"": 7}"
train_00162,src_d402fd4f58d4efe6e86c,Bipolar,3,train,train_legacy,1250,2,0,2,True,0,{}
train_00087,src_d40425350aa01327c143,Bipolar,3,train,train_legacy,479,2,0,2,True,0,{}
train_03743,src_d4097590f2643555a781,Bipolar,3,train,train_legacy,408,2,1,2,True,0,"{""meta_commentary"": 1}"
test_01547,src_d4163c05a10f2f5ce84e,Bipolar,3,test,test_nested,988,0,2,2,True,0,{}
train_02793,src_d420e247f62003b8b5f4,Anxiety,2,train,train_legacy,54,2,5,0,False,2,"{""sbert"": 7}"
train_01246,src_d42d0aecf63ff78a78e4,Bipolar,3,train,train_legacy,706,2,0,2,True,0,{}
train_00049,src_d432a2badc5a7755f48e,Anxiety,2,train,train_legacy,778,2,0,2,True,0,{}
train_05393,src_d43618377d4e7c00c64c,Depression,1,train,train_legacy,596,2,0,2,True,0,{}
train_01304,src_d44fda6537358149f364,Bipolar,3,train,train_legacy,1671,2,0,2,True,0,{}
test_00346,src_d453722f5c862024c030,Bipolar,3,test,test_nested,565,0,5,2,True,0,"{""meta_commentary"": 3}"
train_05398,src_d4713a691bd6d6e68088,Anxiety,2,train,train_legacy,36,2,5,0,False,2,"{""length_ratio"": 4, ""sbert"": 3}"
train_04875,src_d4771407e0a0c3794076,Depression,1,train,train_legacy,642,2,0,2,True,0,{}
test_00549,src_d4816127a04ffd539b81,Normal,0,test,test_nested,54,0,5,0,False,2,"{""sbert"": 5}"
train_04834,src_d482375f60d1e971a264,Anxiety,2,train,train_legacy,337,2,1,2,True,0,"{""meta_commentary"": 1}"
train_03656,src_d4976e1a04b236b15ce8,Anxiety,2,train,train_legacy,84,2,3,2,True,0,"{""length_ratio"": 3}"
train_04145,src_d49b9fbc0582189bc481,Normal,0,train,train_legacy,57,2,5,0,False,2,"{""length_ratio"": 3, ""meta_commentary"": 4}"
test_02443,src_d4a77da35dbc0d061375,Bipolar,3,train,train_added,1493,2,0,2,True,0,{}
test_00766,src_d4c0b6a29d3b82137924,Normal,0,test,test_nested,112,0,5,2,True,0,"{""length_ratio"": 3}"
train_03977,src_d4c3ace914745e475da2,Normal,0,train,train_legacy,36,2,5,0,False,2,"{""length_ratio"": 3, ""refusal"": 4}"
train_04252,src_d4cb95530dd323b2d194,Depression,1,train,train_legacy,1234,2,0,2,True,0,{}
train_03359,src_d4cc8acb7609ee5a9b2c,Bipolar,3,train,train_legacy,448,2,0,2,True,0,{}
train_04156,src_d4d64f1503d1809cd8d2,Anxiety,2,train,train_legacy,311,2,0,2,True,0,{}
train_04229,src_d4ddc4b0e7c196103ff2,Anxiety,2,train,train_legacy,544,2,0,2,True,0,{}
train_04361,src_d4e05d5162034ebef0f1,Depression,1,train,train_legacy,814,2,0,2,True,0,{}
train_05822,src_d4e1b526d1f33463d704,Normal,0,train,train_legacy,20,2,5,0,False,2,"{""meta_commentary"": 1, ""refusal"": 6}"
test_00639,src_d4e1b74af2121caef78a,Anxiety,2,test,test_nested,527,0,2,2,True,0,{}
train_03440,src_d4e6d18a2ab900363f63,Bipolar,3,train,train_legacy,1935,2,0,2,True,0,{}
train_01292,src_d4f456cfd623ca7c57ad,Bipolar,3,train,train_legacy,221,2,0,2,True,0,{}
val_confirm_00901,src_d4f9f52f713f8feb3a83,Depression,1,train,train_added,3281,2,5,0,False,2,"{""refusal"": 7}"
train_01252,src_d4face42e7ca73f919b8,Anxiety,2,train,train_legacy,450,2,0,2,True,0,{}
train_04733,src_d501c39417b9c4345684,Normal,0,train,train_legacy,39,2,0,2,True,0,{}
test_00618,src_d504c001af71a441d306,Depression,1,test,test_nested,127,0,5,0,False,2,"{""length_ratio"": 3, ""refusal"": 2}"
test_01751,src_d507f8a2a184da90b0ca,Anxiety,2,train,train_added,90,2,1,2,True,0,"{""sbert"": 1}"
train_02202,src_d51e620ed5460a6dfc3d,Depression,1,train,train_legacy,234,2,0,2,True,0,{}
train_01881,src_d51ec5a54af3203f94fe,Anxiety,2,train,train_legacy,441,2,0,2,True,0,{}
val_confirm_00785,src_d5240dd9cbcb56a124c2,Depression,1,train,train_added,1270,2,0,2,True,0,{}
train_05933,src_d528744fbcb6003d1bba,Bipolar,3,train,train_legacy,2026,2,0,2,True,0,{}
test_01842,src_d52b75dab18664a770a7,Bipolar,3,test,test_nested,913,0,5,1,False,1,"{""meta_commentary"": 4}"
train_03782,src_d52cbd84038b36c451db,Bipolar,3,train,train_legacy,2967,2,5,1,False,1,"{""meta_commentary"": 6}"
train_00544,src_d52ccf603ce3548e45d6,Bipolar,3,train,train_legacy,551,2,0,2,True,0,{}
train_01809,src_d53842379f40ec23b693,Depression,1,train,train_legacy,249,2,0,2,True,0,{}
train_03379,src_d542cab6fdd837fd0ee9,Bipolar,3,train,train_legacy,1733,2,0,2,True,0,{}
train_00283,src_d54d7916ecd1a4e41331,Anxiety,2,train,train_legacy,630,2,0,2,True,0,{}
train_02752,src_d54e83926a4e3d057374,Bipolar,3,train,train_legacy,286,2,2,2,True,0,"{""length_ratio"": 2}"
test_02284,src_d550cd32a4473549b5b9,Anxiety,2,train,train_added,399,2,0,2,True,0,{}
train_00941,src_d55296515aa931555884,Depression,1,train,train_legacy,1235,2,0,2,True,0,{}
train_00699,src_d5537e7f1514339ce34d,Normal,0,train,train_legacy,47,2,5,0,False,2,"{""refusal"": 7}"
test_02089,src_d5547c8b351c53befa8f,Depression,1,test,test_nested,1241,0,2,2,True,0,{}
test_01659,src_d5570f3cfda7d699a2d9,Depression,1,test,test_nested,1084,0,2,2,True,0,{}
test_01783,src_d5641c0f85016d0240bf,Normal,0,test,test_nested,15,0,5,0,False,2,"{""length_ratio"": 5}"
train_02781,src_d566889efeb8c0bc0641,Bipolar,3,train,train_legacy,2618,2,4,2,True,0,"{""meta_commentary"": 4}"
test_01853,src_d56d287f6fe7a6fa857e,Depression,1,test,test_nested,333,0,2,2,True,0,{}
train_04445,src_d57363e6b16966c5da33,Normal,0,train,train_legacy,51,2,1,2,True,0,"{""length_ratio"": 1}"
train_05888,src_d57772dc521f333919c5,Anxiety,2,train,train_legacy,725,2,0,2,True,0,{}
train_02785,src_d577827387c3dc86d3b9,Bipolar,3,train,train_legacy,1247,2,0,2,True,0,{}
train_02807,src_d584e7eba231bb60f369,Anxiety,2,train,train_legacy,784,2,0,2,True,0,{}
train_00503,src_d586dc3c61a0cb39ec1a,Anxiety,2,train,train_legacy,203,2,0,2,True,0,{}
train_03324,src_d58a9d9457f83f6d3f8f,Bipolar,3,train,train_legacy,139,2,0,2,True,0,{}
train_03122,src_d58b9a51ebc0c75966bf,Normal,0,train,train_legacy,130,2,0,2,True,0,{}
train_00012,src_d596c77858d878898143,Depression,1,train,train_legacy,220,2,1,2,True,0,"{""sbert"": 1}"
test_02389,src_d5a30ae24535eb7c820f,Depression,1,train,train_added,2464,2,1,2,True,0,"{""meta_commentary"": 1}"
train_01363,src_d5ab51a9d7c44f8c9159,Anxiety,2,train,train_legacy,152,2,0,2,True,0,{}
test_02030,src_d5b0d9677c4f32864add,Normal,0,test,test_nested,32,0,2,2,True,0,{}
train_02989,src_d5b70889889420a9ef5b,Anxiety,2,train,train_legacy,1675,2,0,2,True,0,{}
train_00763,src_d5be0eab25375bb45744,Anxiety,2,train,train_legacy,259,2,0,2,True,0,{}
train_00090,src_d5be9fcc0bd2a779e455,Anxiety,2,train,train_legacy,144,2,0,2,True,0,{}
test_02199,src_d5c7ec1352e5a2ca58a9,Bipolar,3,test,test_nested,899,0,2,2,True,0,{}
test_00334,src_d5cf49afce3c4183d5f8,Anxiety,2,test,test_nested,398,0,2,2,True,0,{}
test_01333,src_d5d46fe8c442f8633ddf,Bipolar,3,train,train_added,541,2,0,2,True,0,{}
train_02542,src_d5ec155587d9c6e26ff2,Anxiety,2,train,train_legacy,1114,2,0,2,True,0,{}
test_01122,src_d5eda90fd012eec522aa,Bipolar,3,train,train_added,1137,2,0,2,True,0,{}
train_05256,src_d5f4aca7e8fd4ba8e0a1,Depression,1,train,train_legacy,739,2,0,2,True,0,{}
train_00617,src_d5f55b30b5e8a4b52354,Bipolar,3,train,train_legacy,981,2,0,2,True,0,{}
train_00067,src_d5f8dc605d0c6ab0412c,Normal,0,train,train_legacy,5,2,5,0,False,2,"{""length_ratio"": 2, ""meta_commentary"": 4, ""refusal"": 1}"
train_03114,src_d5f8f9041e138e019357,Normal,0,train,train_legacy,96,2,0,2,True,0,{}
train_04113,src_d601e3da2e3521baa46e,Depression,1,train,train_legacy,431,2,0,2,True,0,{}
train_02289,src_d604798efa508c33d82c,Bipolar,3,train,train_legacy,994,2,0,2,True,0,{}
test_02146,src_d6098c4c4a8f6d2b88ae,Anxiety,2,train,train_added,817,2,0,2,True,0,{}
train_00890,src_d60e00845a9a6e513662,Depression,1,train,train_legacy,1739,2,1,2,True,0,"{""meta_commentary"": 1}"
train_01460,src_d619e60a2cf4bdb06427,Bipolar,3,train,train_legacy,661,2,0,2,True,0,{}
train_00615,src_d61bf5ef1924056fb7b7,Bipolar,3,train,train_legacy,2969,2,0,2,True,0,{}
train_01473,src_d61c596bc78ac001ed0a,Anxiety,2,train,train_legacy,561,2,0,2,True,0,{}
train_04924,src_d62cbf2f973ac92bb82b,Depression,1,train,train_legacy,186,2,0,2,True,0,{}
train_05731,src_d631c762a6564a7bb078,Anxiety,2,train,train_legacy,1232,2,0,2,True,0,{}
train_05392,src_d63c5f4ad77af6de30e3,Normal,0,train,train_legacy,13,2,1,2,True,0,"{""sbert"": 1}"
train_02961,src_d6406cac411aa8b68afb,Anxiety,2,train,train_legacy,72,2,1,2,True,0,"{""sbert"": 1}"
test_02178,src_d644847a74b56aa71f1c,Bipolar,3,test,test_nested,273,0,3,2,True,0,"{""length_ratio"": 1}"
train_00841,src_d648d486378427d61e3e,Bipolar,3,train,train_legacy,1141,2,0,2,True,0,{}
test_01737,src_d64c5e9752e403201ead,Bipolar,3,train,train_added,889,2,0,2,True,0,{}
train_04851,src_d65b04514a218038267e,Normal,0,train,train_legacy,39,2,5,1,False,1,"{""length_ratio"": 5, ""sbert"": 1}"
test_00836,src_d65e02934d8f3d1926b4,Bipolar,3,test,test_nested,155,0,2,2,True,0,{}
train_03364,src_d65f3dcb446d0580c9cc,Normal,0,train,train_legacy,14,2,5,1,False,1,"{""length_ratio"": 1, ""sbert"": 5}"
train_05906,src_d669ba9b96726fd60c2a,Normal,0,train,train_legacy,86,2,5,0,False,2,"{""length_ratio"": 2, ""sbert"": 5}"
train_03628,src_d66baa28a217a2d778fc,Anxiety,2,train,train_legacy,3766,2,5,1,False,1,"{""length_ratio"": 6}"
train_05439,src_d672a3749f0f1d750b4a,Anxiety,2,train,train_legacy,934,2,0,2,True,0,{}
train_00061,src_d675ff5f5a04a48c5201,Bipolar,3,train,train_legacy,2619,2,0,2,True,0,{}
train_05323,src_d67a4a8f168586864f94,Bipolar,3,train,train_legacy,695,2,0,2,True,0,{}
train_02546,src_d687b786b3b4f8c3d157,Normal,0,train,train_legacy,33,2,5,2,True,0,"{""length_ratio"": 5}"
train_04350,src_d68b0bd7f0b6c6e5d734,Anxiety,2,train,train_legacy,947,2,0,2,True,0,{}
test_00621,src_d68c44f733027387edd1,Depression,1,test,test_nested,146,0,2,2,True,0,{}
train_00270,src_d69763582c2493a36207,Depression,1,train,train_legacy,115,2,1,2,True,0,"{""length_ratio"": 1}"
train_04684,src_d69abade6933f2b0300a,Anxiety,2,train,train_legacy,211,2,0,2,True,0,{}
train_04846,src_d69ba6c5245225e37c7a,Normal,0,train,train_legacy,389,2,0,2,True,0,{}
test_00515,src_d6a7d7560ef2c7930004,Normal,0,test,test_nested,73,0,2,2,True,0,{}
train_01752,src_d6aa631058aec57562c2,Normal,0,train,train_legacy,89,2,0,2,True,0,{}
train_05653,src_d6ad121c2695cb71f9f4,Bipolar,3,train,train_legacy,919,2,0,2,True,0,{}
train_02629,src_d6b11ff073009b5ca464,Depression,1,train,train_legacy,466,2,0,2,True,0,{}
test_02487,src_d6b31d9b293172b01e06,Bipolar,3,train,train_added,236,2,0,2,True,0,{}
test_01668,src_d6b5b7ef12e7c20b9b74,Anxiety,2,test,test_nested,142,0,4,2,True,0,"{""length_ratio"": 1, ""meta_commentary"": 1}"
train_02540,src_d6c0eeb97a5f6aa4f2a9,Bipolar,3,train,train_legacy,912,2,5,1,False,1,"{""meta_commentary"": 6}"
train_00468,src_d6c1b4b671bba01995b3,Depression,1,train,train_legacy,422,2,5,0,False,2,"{""refusal"": 7}"
test_01395,src_d6c1ed96302942455023,Anxiety,2,train,train_added,3069,2,1,2,True,0,"{""length_ratio"": 1}"
train_05234,src_d6c3df023a58a8eae1e4,Depression,1,train,train_legacy,616,2,0,2,True,0,{}
train_01458,src_d6cf9f745b499ce0b5d6,Depression,1,train,train_legacy,1233,2,0,2,True,0,{}
test_01756,src_d6d3ce5c6bb24cb71066,Bipolar,3,test,test_nested,518,0,2,2,True,0,{}
test_02017,src_d6d699c68cdd1f65390e,Bipolar,3,test,test_nested,182,0,2,2,True,0,{}
train_01365,src_d6dbaa230e1f335272cb,Normal,0,train,train_legacy,131,2,1,2,True,0,"{""sbert"": 1}"
val_confirm_00801,src_d6de15088f5949a6dee8,Bipolar,3,train,train_added,352,2,0,2,True,0,{}
test_02255,src_d6dfa2cb4dbff1b8f736,Anxiety,2,test,test_nested,445,0,2,2,True,0,{}
test_00372,src_d6e1ca1db8a9e2f1aa10,Anxiety,2,test,test_nested,652,0,2,2,True,0,{}
train_04296,src_d6e3afa82c1ab6e318eb,Bipolar,3,train,train_legacy,2365,2,0,2,True,0,{}
test_01987,src_d6e562bd9435e849d632,Bipolar,3,test,test_nested,156,0,2,2,True,0,{}
train_02804,src_d6e57b33ff11adaa76e5,Bipolar,3,train,train_legacy,1050,2,1,2,True,0,"{""meta_commentary"": 1}"
train_01892,src_d6e75c945fb5b878f6b5,Normal,0,train,train_legacy,28,2,0,2,True,0,{}
test_01811,src_d6e85d62d74ccbae6a28,Depression,1,test,test_nested,1543,0,2,2,True,0,{}
train_04860,src_d6f51a71067d8c54f1c3,Depression,1,train,train_legacy,164,2,5,0,False,2,"{""length_ratio"": 4, ""sbert"": 3}"
train_04420,src_d6fa115698f211723dd4,Bipolar,3,train,train_legacy,1330,2,0,2,True,0,{}
train_02250,src_d70d9e7fce4f8ee28d29,Depression,1,train,train_legacy,1039,2,0,2,True,0,{}
train_02937,src_d71cb25d5ecc7699ed37,Bipolar,3,train,train_legacy,219,2,4,2,True,0,"{""length_ratio"": 4}"
val_confirm_00773,src_d72e653279e1ddb125ff,Anxiety,2,train,train_added,59,2,2,2,True,0,"{""sbert"": 2}"
train_01650,src_d730c5790c182d900a3e,Depression,1,train,train_legacy,1159,2,5,0,False,2,"{""refusal"": 7}"
train_00478,src_d733610c644bcf14460a,Normal,0,train,train_legacy,132,2,0,2,True,0,{}
train_00677,src_d739e8d388416eff473c,Depression,1,train,train_legacy,267,2,0,2,True,0,{}
test_00423,src_d749ee5ddad3180695ad,Normal,0,test,test_nested,109,0,2,2,True,0,{}
train_03581,src_d74ae744dd3ffe22824e,Anxiety,2,train,train_legacy,62,2,5,0,False,2,"{""length_ratio"": 4, ""sbert"": 3}"
test_00707,src_d74e85eb4436dd63e860,Normal,0,test,test_nested,16,0,5,0,False,2,"{""meta_commentary"": 2, ""sbert"": 3}"
test_00497,src_d752e7002cee73dd3887,Bipolar,3,test,test_nested,635,0,2,2,True,0,{}
train_02796,src_d757e7d14e8fe831ddfd,Normal,0,train,train_legacy,54,2,0,2,True,0,{}
train_00885,src_d7758243c18e55a67854,Bipolar,3,train,train_legacy,1920,2,0,2,True,0,{}
val_confirm_00983,src_d77cd8b99b44b269d6cd,Depression,1,train,train_added,1507,2,5,0,False,2,"{""refusal"": 7}"
test_02105,src_d7869ad0f37902b9fa4c,Normal,0,test,test_nested,118,0,5,1,False,1,"{""sbert"": 4}"
train_01336,src_d78ca91836b9d3301385,Depression,1,train,train_legacy,1864,2,0,2,True,0,{}
train_01320,src_d79018bc0b492810d401,Bipolar,3,train,train_legacy,919,2,3,2,True,0,"{""meta_commentary"": 3}"
train_02252,src_d7947e7938847b1c52b0,Bipolar,3,train,train_legacy,961,2,1,2,True,0,"{""meta_commentary"": 1}"
train_01441,src_d79849f0d906f7784897,Normal,0,train,train_legacy,29,2,0,2,True,0,{}
train_00147,src_d7992f5a9b11a0b23686,Bipolar,3,train,train_legacy,1581,2,0,2,True,0,{}
train_02918,src_d79a94a6e32794654e3e,Depression,1,train,train_legacy,924,2,0,2,True,0,{}
train_03008,src_d7a29e81041d3ff2ad28,Bipolar,3,train,train_legacy,471,2,1,2,True,0,"{""meta_commentary"": 1}"
train_05061,src_d7a42b85d79e15d7b859,Anxiety,2,train,train_legacy,346,2,1,2,True,0,"{""meta_commentary"": 1}"
train_05304,src_d7a61e34c4ce0b4f6270,Depression,1,train,train_legacy,195,2,5,0,False,2,"{""refusal"": 7}"
train_00385,src_d7a6d32752c216b463bf,Normal,0,train,train_legacy,44,2,0,2,True,0,{}
train_03062,src_d7a8d2cd66922e656c66,Normal,0,train,train_legacy,36,2,5,2,True,0,"{""length_ratio"": 3, ""sbert"": 2}"
val_confirm_01068,src_d7ab2ab4e2cda5c06a41,Bipolar,3,train,train_added,270,2,0,2,True,0,{}
train_03101,src_d7ac28c498dc88652f5d,Normal,0,train,train_legacy,408,2,0,2,True,0,{}
test_00199,src_d7ae7612eb6a5e19cf11,Depression,1,train,train_added,1871,2,0,2,True,0,{}
test_01968,src_d7b026fdbd2a31188ab2,Depression,1,test,test_nested,230,0,2,2,True,0,{}
test_00952,src_d7b2c718a4d9840dea13,Depression,1,test,test_nested,255,0,5,0,False,2,"{""refusal"": 5}"
train_00431,src_d7b48d4e8ec3d5f60780,Bipolar,3,train,train_legacy,2141,2,0,2,True,0,{}
train_04225,src_d7b83fa627f3d116bb0b,Depression,1,train,train_legacy,1089,2,4,2,True,0,"{""meta_commentary"": 4}"
train_01123,src_d7b91eabab45d41d3758,Bipolar,3,train,train_legacy,246,2,0,2,True,0,{}
train_00256,src_d7c9bc06ff4262f0f513,Normal,0,train,train_legacy,41,2,1,2,True,0,"{""length_ratio"": 1}"
test_01444,src_d7cb3103b53673beb4aa,Bipolar,3,test,test_nested,587,0,2,2,True,0,{}
train_02864,src_d7cd136a037289562683,Anxiety,2,train,train_legacy,1371,2,0,2,True,0,{}
train_02946,src_d7d0ba7df8bc87f30727,Bipolar,3,train,train_legacy,197,2,1,2,True,0,"{""length_ratio"": 1}"
train_02999,src_d7dcad1d75f07fa4e87a,Bipolar,3,train,train_legacy,273,2,0,2,True,0,{}
train_05302,src_d7de1835af4cc146f3ad,Bipolar,3,train,train_legacy,446,2,0,2,True,0,{}
test_01656,src_d7e0b4d3342f4f5a7ac9,Depression,1,test,test_nested,328,0,2,2,True,0,{}
train_05970,src_d7e158c1633f76570715,Bipolar,3,train,train_legacy,472,2,0,2,True,0,{}
val_confirm_00887,src_d7f4fac8b7c5bb8c3b26,Anxiety,2,train,train_added,299,2,0,2,True,0,{}
train_03264,src_d7fb53ff9f788b56ae98,Depression,1,train,train_legacy,258,2,0,2,True,0,{}
test_01849,src_d7fcdc75218a282c8d27,Normal,0,test,test_nested,37,0,5,0,False,2,"{""refusal"": 5}"
val_confirm_00211,src_d8037f0c8af1dc2a9509,Bipolar,3,train,train_added,1932,2,1,2,True,0,"{""meta_commentary"": 1}"
train_03135,src_d815794dde47223a55b3,Anxiety,2,train,train_legacy,642,2,1,2,True,0,"{""meta_commentary"": 1}"
train_01465,src_d81636904e7528dfec2c,Depression,1,train,train_legacy,474,2,5,0,False,2,"{""refusal"": 7}"
train_05875,src_d817f29f59306039d505,Depression,1,train,train_legacy,402,2,1,2,True,0,"{""length_ratio"": 1}"
train_05561,src_d8185cf89e418629078c,Normal,0,train,train_legacy,40,2,5,0,False,2,"{""length_ratio"": 2, ""sbert"": 5}"
train_05939,src_d821543f1151e7b17282,Depression,1,train,train_legacy,249,2,0,2,True,0,{}
train_00311,src_d82fd53b7c7eeb0a0f5b,Anxiety,2,train,train_legacy,216,2,0,2,True,0,{}
train_04974,src_d83363e4fd0bb6107585,Normal,0,train,train_legacy,23,2,0,2,True,0,{}
train_05480,src_d855f85c13dae90a4123,Normal,0,train,train_legacy,32,2,0,2,True,0,{}
train_03658,src_d8785f4ccede41e16ec7,Anxiety,2,train,train_legacy,436,2,5,0,False,2,"{""refusal"": 7}"
train_02862,src_d87f688523d9e05d9eb0,Anxiety,2,train,train_legacy,234,2,0,2,True,0,{}
train_05547,src_d8891a5b323e21e6da46,Depression,1,train,train_legacy,412,2,0,2,True,0,{}
train_05724,src_d895e6fff918b78be44e,Normal,0,train,train_legacy,426,2,0,2,True,0,{}
train_05237,src_d8962033cefbc0159e18,Bipolar,3,train,train_legacy,291,2,0,2,True,0,{}
train_01182,src_d89778a163815564ae06,Normal,0,train,train_legacy,13,2,5,0,False,2,"{""length_ratio"": 6, ""sbert"": 1}"
test_00642,src_d89f65dc0750a0cc21ef,Anxiety,2,test,test_nested,435,0,2,2,True,0,{}
test_01874,src_d8a0152813d09b12470e,Normal,0,test,test_nested,20,0,5,0,False,2,"{""length_ratio"": 5}"
train_01632,src_d8a5a53372bac1349c9f,Anxiety,2,train,train_legacy,681,2,1,2,True,0,"{""meta_commentary"": 1}"
train_04031,src_d8b2e6a306908f89149f,Anxiety,2,train,train_legacy,980,2,0,2,True,0,{}
train_01350,src_d8b433b8ab4406cc9aff,Bipolar,3,train,train_legacy,245,2,0,2,True,0,{}
test_00843,src_d8b564ada93c6e84008d,Normal,0,test,test_nested,134,0,5,2,True,0,"{""sbert"": 3}"
test_01093,src_d8cb50bcf7d912522c01,Anxiety,2,test,test_nested,770,0,2,2,True,0,{}
test_00250,src_d8ccc80bbbbe0063a6e4,Anxiety,2,train,train_added,652,2,0,2,True,0,{}
train_01002,src_d8cfc1ecad866bb9b550,Depression,1,train,train_legacy,632,2,0,2,True,0,{}
train_05584,src_d8d603e7c595e303733b,Depression,1,train,train_legacy,572,2,0,2,True,0,{}
test_00290,src_d8e0b626412c90799c45,Normal,0,train,train_added,67,2,1,2,True,0,"{""length_ratio"": 1}"
train_01775,src_d8f17be8f3e014322f96,Bipolar,3,train,train_legacy,154,2,4,2,True,0,"{""refusal"": 1, ""sbert"": 3}"
train_00536,src_d8f2bc4eac2638a9d4c6,Depression,1,train,train_legacy,460,2,0,2,True,0,{}
train_03013,src_d8f39e47903aea391a48,Anxiety,2,train,train_legacy,965,2,1,2,True,0,"{""meta_commentary"": 1}"
train_05001,src_d8fe011e0cad4dff46d6,Anxiety,2,train,train_legacy,52,2,5,1,False,1,"{""sbert"": 6}"
train_01226,src_d903038bf9c42e405f42,Anxiety,2,train,train_legacy,1085,2,0,2,True,0,{}
train_03370,src_d9086e474262d6d62f11,Normal,0,train,train_legacy,93,2,2,2,True,0,"{""sbert"": 2}"
train_01048,src_d90f4a0271305419bbf2,Depression,1,train,train_legacy,284,2,0,2,True,0,{}
train_02744,src_d92d8182f1f0eac1d0cc,Anxiety,2,train,train_legacy,729,2,0,2,True,0,{}
test_00040,src_d9305f73f63e8136fd4e,Depression,1,test,test_nested,385,0,2,2,True,0,{}
train_03794,src_d93714a85ab1451e9e7e,Depression,1,train,train_legacy,1844,2,0,2,True,0,{}
train_02514,src_d93e5628ef1f0d2f94df,Normal,0,train,train_legacy,42,2,0,2,True,0,{}
train_01430,src_d93f7151309b942f41f6,Depression,1,train,train_legacy,54,2,5,0,False,2,"{""length_ratio"": 7}"
train_03942,src_d94166a140c6b3d2586d,Normal,0,train,train_legacy,29,2,2,2,True,0,"{""length_ratio"": 2}"
train_04710,src_d94b4d93e4c5f3f9a44f,Anxiety,2,train,train_legacy,961,2,0,2,True,0,{}
train_03336,src_d94d53a6fc10048eab4b,Depression,1,train,train_legacy,391,2,0,2,True,0,{}
train_01040,src_d94f0c31beec5886c452,Bipolar,3,train,train_legacy,176,2,0,2,True,0,{}
train_00834,src_d9674b3030e4d7837c79,Normal,0,train,train_legacy,40,2,5,0,False,2,"{""length_ratio"": 4, ""sbert"": 3}"
train_01818,src_d97b111af62ea8f009fb,Normal,0,train,train_legacy,48,2,0,2,True,0,{}
train_04506,src_d9886bc12e63725e82a9,Depression,1,train,train_legacy,1877,2,0,2,True,0,{}
train_05713,src_d98a9e644a128521fbae,Depression,1,train,train_legacy,821,2,0,2,True,0,{}
test_00697,src_d98abb4ff35d8020161c,Normal,0,test,test_nested,97,0,3,2,True,0,"{""sbert"": 1}"
train_03097,src_d98f499a5238b45bdb9a,Bipolar,3,train,train_legacy,777,2,0,2,True,0,{}
train_00500,src_d99b58e4169dc1c3fdfe,Depression,1,train,train_legacy,1104,2,2,2,True,0,"{""meta_commentary"": 2}"
train_00146,src_d99f62cb9f5647aad02c,Normal,0,train,train_legacy,6,2,5,0,False,2,"{""length_ratio"": 3, ""sbert"": 4}"
val_confirm_00197,src_d9a137b754595e396a74,Depression,1,train,train_added,1477,2,1,2,True,0,"{""refusal"": 1}"
test_01948,src_d9a13c8533ac23fc7154,Anxiety,2,train,train_added,520,2,0,2,True,0,{}
test_01371,src_d9a38430601e3e821ab6,Anxiety,2,train,train_added,1737,2,1,2,True,0,"{""meta_commentary"": 1}"
train_02707,src_d9b70496492a2e799271,Anxiety,2,train,train_legacy,895,2,0,2,True,0,{}
train_05188,src_d9b9e23603964b6ab999,Bipolar,3,train,train_legacy,858,2,0,2,True,0,{}
test_00043,src_d9bc6422d3986f2bee1f,Anxiety,2,test,test_nested,1503,0,5,2,True,0,"{""meta_commentary"": 3}"
val_confirm_00644,src_d9be65099c92e1e27700,Anxiety,2,train,train_added,254,2,0,2,True,0,{}
train_00498,src_d9c06b65b531fb11470f,Depression,1,train,train_legacy,87,2,1,2,True,0,"{""length_ratio"": 1}"
train_02513,src_d9c585a56ea3feebcd88,Normal,0,train,train_legacy,36,2,4,2,True,0,"{""length_ratio"": 3, ""sbert"": 1}"
train_05519,src_d9d610952e93fd4c8c5d,Bipolar,3,train,train_legacy,565,2,0,2,True,0,{}
test_01884,src_d9f4269a51d8eb7a83ea,Depression,1,train,train_added,273,2,0,2,True,0,{}
train_02730,src_d9f561cfa9f1892f7adb,Anxiety,2,train,train_legacy,36,2,5,0,False,2,"{""length_ratio"": 6, ""sbert"": 1}"
val_search_00164,src_d9f57df4accdb6524f1b,Depression,1,train,train_added,1756,2,0,2,True,0,{}
test_01974,src_da102aba95b9c13fe187,Depression,1,train,train_added,89,2,0,2,True,0,{}
train_03905,src_da1199fa730038323984,Depression,1,train,train_legacy,762,2,0,2,True,0,{}
test_01282,src_da19e3d1e8919313c5a3,Bipolar,3,test,test_nested,695,0,2,2,True,0,{}
train_03742,src_da219da1cbce8acb9e00,Depression,1,train,train_legacy,825,2,0,2,True,0,{}
val_search_00058,src_da23c7d646511f72dc38,Bipolar,3,train,train_added,611,2,0,2,True,0,{}
train_03140,src_da2a07530242176adb6e,Normal,0,train,train_legacy,13,2,5,0,False,2,"{""length_ratio"": 1, ""sbert"": 6}"
train_00625,src_da2e476f384bb6910530,Anxiety,2,train,train_legacy,42,2,2,2,True,0,"{""sbert"": 2}"
train_05509,src_da3adef597c024f46518,Anxiety,2,train,train_legacy,934,2,0,2,True,0,{}
test_01772,src_da3ee06d807b48058f2c,Anxiety,2,test,test_nested,412,0,2,2,True,0,{}
train_03716,src_da49f792450261dd3e0d,Depression,1,train,train_legacy,300,2,5,0,False,2,"{""refusal"": 7}"
test_00416,src_da4b840f4f823483f8b6,Depression,1,train,train_added,722,2,0,2,True,0,{}
train_02747,src_da5adad2ef9bc7c49eff,Depression,1,train,train_legacy,105,2,5,1,False,1,"{""length_ratio"": 6}"
train_04419,src_da5d618523ac91c404a3,Anxiety,2,train,train_legacy,1055,2,0,2,True,0,{}
train_02071,src_da5fa031d97314013763,Normal,0,train,train_legacy,35,2,5,0,False,2,"{""length_ratio"": 1, ""sbert"": 6}"
train_01694,src_da695f5c893885b3f8c4,Normal,0,train,train_legacy,26,2,5,0,False,2,"{""length_ratio"": 5, ""sbert"": 2}"
train_03551,src_da784e98785601955788,Anxiety,2,train,train_legacy,3230,2,1,2,True,0,"{""meta_commentary"": 1}"
test_01867,src_da793808e29f06745dbd,Normal,0,test,test_nested,97,0,2,2,True,0,{}
train_03951,src_da7c2e7720265cd1ef2f,Depression,1,train,train_legacy,1010,2,0,2,True,0,{}
val_confirm_01087,src_da7f9abede8600f36dd1,Bipolar,3,train,train_added,808,2,0,2,True,0,{}
train_03092,src_da8259bbd9e7c0b8510d,Depression,1,train,train_legacy,340,2,1,2,True,0,"{""length_ratio"": 1}"
test_02456,src_da8e8f8bba0c5f9b6ff6,Depression,1,test,test_nested,733,0,2,2,True,0,{}
train_01422,src_da95c0fe36cf76c5eb0b,Depression,1,train,train_legacy,1031,2,0,2,True,0,{}
train_04961,src_daa4d7990b21ae5ddec9,Normal,0,train,train_legacy,125,2,0,2,True,0,{}
test_00293,src_daa58ce43741f2f33bea,Depression,1,test,test_nested,152,0,2,2,True,0,{}
train_02599,src_daabda2c8adebc60e374,Bipolar,3,train,train_legacy,324,2,0,2,True,0,{}
train_05013,src_dabea37b6ef6f702ac46,Anxiety,2,train,train_legacy,28,2,5,0,False,2,"{""length_ratio"": 7}"
train_05608,src_dac0c77833230acd4f04,Depression,1,train,train_legacy,174,2,5,0,False,2,"{""refusal"": 7}"
train_04051,src_dac1d58aae2ddb7423d5,Depression,1,train,train_legacy,103,2,5,0,False,2,"{""refusal"": 7}"
train_05274,src_dac9a6097bdb06f101a1,Depression,1,train,train_legacy,2184,2,0,2,True,0,{}
train_01101,src_dace96a04b1777f4482b,Bipolar,3,train,train_legacy,1384,2,0,2,True,0,{}
train_04131,src_dad441b2f201b59e74b1,Anxiety,2,train,train_legacy,3398,2,1,2,True,0,"{""meta_commentary"": 1}"
train_03871,src_dad70d8d0799b7570460,Depression,1,train,train_legacy,2252,2,0,2,True,0,{}
train_02566,src_dae60f5f567090dd675e,Depression,1,train,train_legacy,212,2,0,2,True,0,{}
train_05242,src_dae6a6029c8f91713376,Anxiety,2,train,train_legacy,955,2,0,2,True,0,{}
train_01165,src_daed278d00324caf3bc6,Anxiety,2,train,train_legacy,2722,2,3,2,True,0,"{""meta_commentary"": 3}"
train_00736,src_daf4913c7f51ea192e56,Normal,0,train,train_legacy,88,2,5,0,False,2,"{""length_ratio"": 7}"
train_04909,src_db00522ad6d217edf75a,Normal,0,train,train_legacy,26,2,5,2,True,0,"{""duplicate"": 1, ""length_ratio"": 4}"
train_04319,src_db0f02147667c9e120d9,Normal,0,train,train_legacy,34,2,2,2,True,0,"{""length_ratio"": 2}"
train_04469,src_db151241e70398b00ec3,Bipolar,3,train,train_legacy,802,2,0,2,True,0,{}
train_00858,src_db18c94f36d5e9ce6aa6,Bipolar,3,train,train_legacy,1178,2,0,2,True,0,{}
test_02416,src_db263f701e28e7b0b7b0,Anxiety,2,train,train_added,5896,2,3,2,True,0,"{""length_ratio"": 3}"
val_confirm_01095,src_db2a684eb33d6f67933a,Depression,1,train,train_added,142,2,5,0,False,2,"{""refusal"": 7}"
train_01866,src_db2f292d3b5177ae712a,Depression,1,train,train_legacy,1061,2,0,2,True,0,{}
train_05759,src_db38db46ccd395635ac7,Bipolar,3,train,train_legacy,452,2,0,2,True,0,{}
test_00868,src_db46cbde37c4b6e14663,Depression,1,train,train_added,3008,2,3,2,True,0,"{""meta_commentary"": 3}"
train_01449,src_db4bceab98446570a726,Normal,0,train,train_legacy,65,2,0,2,True,0,{}
test_02163,src_db6db94bce77b2af767d,Anxiety,2,train,train_added,458,2,0,2,True,0,{}
train_02147,src_db717307a6f9349d95dc,Bipolar,3,train,train_legacy,1052,2,0,2,True,0,{}
train_00261,src_db79bc6e332a5a59fb7c,Depression,1,train,train_legacy,358,2,0,2,True,0,{}
train_04464,src_db7c26135b20b91728e9,Normal,0,train,train_legacy,69,2,3,2,True,0,"{""length_ratio"": 2, ""sbert"": 1}"
test_02245,src_db7f063d9330c908f9df,Normal,0,train,train_added,42,2,1,2,True,0,"{""sbert"": 1}"
train_03204,src_db8050e5c5e9ad719c69,Bipolar,3,train,train_legacy,1784,2,0,2,True,0,{}
train_02445,src_db840f0fd10e0aa6b8b7,Bipolar,3,train,train_legacy,977,2,1,2,True,0,"{""meta_commentary"": 1}"
train_04192,src_db93bbb95f31b278fdf3,Anxiety,2,train,train_legacy,454,2,0,2,True,0,{}
train_00187,src_db957e0bdcc0f52e7221,Depression,1,train,train_legacy,495,2,1,2,True,0,"{""sbert"": 1}"
val_confirm_00073,src_db9b9c797a41e53d10c0,Normal,0,train,train_added,20,2,5,0,False,2,"{""length_ratio"": 7}"
train_01733,src_db9eba974d214819afa8,Normal,0,train,train_legacy,61,2,5,0,False,2,"{""length_ratio"": 2, ""refusal"": 5}"
train_05280,src_dbaab06718331ae9aea7,Anxiety,2,train,train_legacy,920,2,0,2,True,0,{}
train_03175,src_dbaccb66196ef3e86e96,Normal,0,train,train_legacy,37,2,5,1,False,1,"{""length_ratio"": 6}"
test_01237,src_dbae5fa954e35e5867d7,Depression,1,test,test_nested,1313,0,2,2,True,0,{}
train_00971,src_dbba55df8921a9e64487,Anxiety,2,train,train_legacy,1729,2,0,2,True,0,{}
train_01305,src_dbbe68b4eaf09c1223c0,Bipolar,3,train,train_legacy,1495,2,0,2,True,0,{}
train_05261,src_dbcbda0b8fa1d117fc1d,Normal,0,train,train_legacy,25,2,5,0,False,2,"{""length_ratio"": 4, ""sbert"": 3}"
test_01488,src_dbcdccbb714985b3243f,Normal,0,test,test_nested,131,0,2,2,True,0,{}
train_03152,src_dbdaf7d67601d591e58e,Anxiety,2,train,train_legacy,1903,2,0,2,True,0,{}
test_01999,src_dbfb5d333dff082ed3c9,Anxiety,2,test,test_nested,245,0,2,2,True,0,{}
val_confirm_00961,src_dc006c42d35790afc3cf,Anxiety,2,train,train_added,1618,2,1,2,True,0,"{""meta_commentary"": 1}"
train_01162,src_dc1518e7514156a2e697,Bipolar,3,train,train_legacy,1192,2,1,2,True,0,"{""meta_commentary"": 1}"
train_04454,src_dc29cbe9e53d582427ea,Depression,1,train,train_legacy,272,2,0,2,True,0,{}
train_03455,src_dc4280e79ebf308e5dc8,Anxiety,2,train,train_legacy,1402,2,0,2,True,0,{}
train_04968,src_dc4bd14b4e30db19779b,Normal,0,train,train_legacy,52,2,5,0,False,2,"{""length_ratio"": 7}"
train_02251,src_dc4bea84eb06b0556391,Depression,1,train,train_legacy,2877,2,0,2,True,0,{}
test_01555,src_dc4d4c62be68e9378c42,Anxiety,2,test,test_nested,86,0,2,2,True,0,{}
train_04623,src_dc593536efc052446c3a,Normal,0,train,train_legacy,122,2,1,2,True,0,"{""length_ratio"": 1}"
train_00121,src_dc5fa0e67ea61f3bf856,Anxiety,2,train,train_legacy,1432,2,0,2,True,0,{}
val_confirm_00370,src_dc6034d50d08c95ec029,Bipolar,3,train,train_added,764,2,0,2,True,0,{}
test_02268,src_dc69fb423e8cf12c5007,Depression,1,test,test_nested,119,0,2,2,True,0,{}
test_02407,src_dc6fde6510cf0e55d1cf,Normal,0,test,test_nested,59,0,5,2,True,0,"{""sbert"": 3}"
test_02068,src_dc7652bd0ac6999d0e52,Bipolar,3,test,test_nested,3700,0,3,2,True,0,"{""meta_commentary"": 1}"
train_03098,src_dc77fc7d2ccaba54b955,Normal,0,train,train_legacy,453,2,1,2,True,0,"{""meta_commentary"": 1}"
test_01590,src_dc8a5ebb42b987269c01,Anxiety,2,test,test_nested,988,0,2,2,True,0,{}
test_00890,src_dc93050cce13a5241e8c,Normal,0,test,test_nested,41,0,2,2,True,0,{}
test_01910,src_dc934600268850dfa70c,Depression,1,train,train_added,1057,2,0,2,True,0,{}
test_01738,src_dc94228b12868ae1448b,Anxiety,2,test,test_nested,97,0,2,2,True,0,{}
test_01985,src_dc955f9ce17c485112bc,Bipolar,3,train,train_added,2518,2,1,2,True,0,"{""length_ratio"": 1}"
train_04380,src_dc9fff8e32e1b7ba3885,Anxiety,2,train,train_legacy,670,2,0,2,True,0,{}
train_04825,src_dca73aab758ada1e64e6,Normal,0,train,train_legacy,30,2,0,2,True,0,{}
train_03484,src_dca9f7d175f2e8be6c70,Normal,0,train,train_legacy,51,2,0,2,True,0,{}
train_03363,src_dcab380e8a30a7c8f4ae,Depression,1,train,train_legacy,584,2,0,2,True,0,{}
train_02064,src_dcb2db133a7571cafb70,Normal,0,train,train_legacy,33,2,5,1,False,1,"{""sbert"": 6}"
train_05749,src_dcbc806e50fcac8cd8aa,Depression,1,train,train_legacy,962,2,0,2,True,0,{}
train_03949,src_dcc04f4e265d0ea62100,Bipolar,3,train,train_legacy,388,2,0,2,True,0,{}
train_02887,src_dcc23b8b65d93aa58b5f,Normal,0,train,train_legacy,124,2,0,2,True,0,{}
train_00853,src_dcc8b2f0f27e3dc0d59d,Anxiety,2,train,train_legacy,2143,2,0,2,True,0,{}
test_01123,src_dccad9e58f819707ee66,Bipolar,3,test,test_nested,628,0,2,2,True,0,{}
train_01442,src_dccf987c0002a287bfb0,Depression,1,train,train_legacy,410,2,0,2,True,0,{}
train_01832,src_dcd3990ad41e9621ca24,Bipolar,3,train,train_legacy,1623,2,0,2,True,0,{}
train_04620,src_dce724b56989a92d8e92,Normal,0,train,train_legacy,10,2,5,0,False,2,"{""length_ratio"": 1, ""meta_commentary"": 5, ""sbert"": 1}"
test_02475,src_dcea742b46a1e87cba33,Bipolar,3,test,test_nested,1378,0,2,2,True,0,{}
train_03904,src_dcf3748a7773c8a29ca9,Anxiety,2,train,train_legacy,158,2,1,2,True,0,"{""length_ratio"": 1}"
test_01358,src_dcfc11ed64c94b5505e9,Bipolar,3,test,test_nested,256,0,2,2,True,0,{}
val_confirm_00530,src_dd0173d0bff93e279f80,Anxiety,2,train,train_added,530,2,0,2,True,0,{}
train_04911,src_dd019b7af6dc7706cb76,Anxiety,2,train,train_legacy,173,2,0,2,True,0,{}
train_04178,src_dd0672d4d927d8db2bf8,Depression,1,train,train_legacy,317,2,0,2,True,0,{}
val_confirm_00106,src_dd0ab859700b674cc55a,Bipolar,3,train,train_added,188,2,0,2,True,0,{}
test_02176,src_dd0f569c12bdb17ee5f9,Anxiety,2,train,train_added,728,2,4,2,True,0,"{""meta_commentary"": 4}"
test_01194,src_dd1694452b6095864217,Depression,1,test,test_nested,658,0,2,2,True,0,{}
train_03404,src_dd1b1dbb53945b3b341c,Anxiety,2,train,train_legacy,316,2,0,2,True,0,{}
train_01522,src_dd1f73389df1356cafe8,Depression,1,train,train_legacy,75,2,5,1,False,1,"{""length_ratio"": 5, ""sbert"": 1}"
train_01531,src_dd3c8884f77746b93c66,Depression,1,train,train_legacy,944,2,0,2,True,0,{}
test_01115,src_dd3d3ab6b6d25742adac,Normal,0,train,train_added,7,2,5,0,False,2,"{""length_ratio"": 7}"
train_03877,src_dd40ef1ae54d03512ddf,Normal,0,train,train_legacy,72,2,0,2,True,0,{}
train_00198,src_dd465cc407d91157d3b6,Bipolar,3,train,train_legacy,3570,2,0,2,True,0,{}
train_04264,src_dd5200568aa6daebe678,Depression,1,train,train_legacy,910,2,0,2,True,0,{}
test_00449,src_dd5d41b5ea245a25d4d0,Anxiety,2,test,test_nested,47,0,5,1,False,1,"{""length_ratio"": 4}"
test_00193,src_dd64f505a13027e90171,Depression,1,test,test_nested,452,0,5,0,False,2,"{""refusal"": 5}"
train_00044,src_dd686a649a7e06480418,Bipolar,3,train,train_legacy,151,2,0,2,True,0,{}
train_01269,src_dd73cf3228ad70948a04,Anxiety,2,train,train_legacy,43,2,5,0,False,2,"{""length_ratio"": 1, ""sbert"": 6}"
train_00852,src_dd7e42577b0fad226383,Depression,1,train,train_legacy,688,2,0,2,True,0,{}
train_05326,src_dd84151d1cf9174bcd03,Anxiety,2,train,train_legacy,276,2,0,2,True,0,{}
train_00186,src_dd86838b6081e3d53866,Bipolar,3,train,train_legacy,2739,2,4,2,True,0,"{""meta_commentary"": 4}"
train_01720,src_dd8b2106f6c231b69257,Anxiety,2,train,train_legacy,159,2,0,2,True,0,{}
test_02484,src_dd96d145a40bc800d518,Bipolar,3,train,train_added,258,2,0,2,True,0,{}
train_00614,src_dda14080a77655561b33,Depression,1,train,train_legacy,748,2,0,2,True,0,{}
test_01396,src_dda194d0be68e40c1700,Depression,1,test,test_nested,47,0,5,1,False,1,"{""length_ratio"": 3, ""sbert"": 1}"
val_confirm_00146,src_dda196afd872788b0eec,Depression,1,train,train_added,111,2,0,2,True,0,{}
train_02290,src_dda4895e7ad334ce3b1f,Normal,0,train,train_legacy,51,2,5,0,False,2,"{""length_ratio"": 4, ""sbert"": 3}"
train_05269,src_dda77cfe5882e67cf7d4,Bipolar,3,train,train_legacy,2379,2,0,2,True,0,{}
test_00013,src_dda7fce3cc611e86d0f6,Anxiety,2,test,test_nested,193,0,2,2,True,0,{}
test_02442,src_ddb0b7bdd99f821d7bc5,Normal,0,test,test_nested,90,0,3,2,True,0,"{""length_ratio"": 1}"
train_04494,src_ddbb14d9b7dbbc8f00d1,Bipolar,3,train,train_legacy,1192,2,0,2,True,0,{}
train_02642,src_ddc63da5c69c3534bff8,Normal,0,train,train_legacy,104,2,0,2,True,0,{}
train_00554,src_dde628f149ecd736153f,Anxiety,2,train,train_legacy,147,2,0,2,True,0,{}
test_02334,src_ddf3c1f05eded56b287b,Bipolar,3,test,test_nested,974,0,2,2,True,0,{}
test_02140,src_ddfddc61a7c77753ff98,Bipolar,3,test,test_nested,869,0,2,2,True,0,{}
test_00317,src_de109b81c7e6570ed6fc,Normal,0,test,test_nested,123,0,3,2,True,0,"{""sbert"": 1}"
test_01900,src_de1711a202b97e7120bd,Bipolar,3,test,test_nested,430,0,2,2,True,0,{}
train_04830,src_de1dd272b30994abb4f4,Anxiety,2,train,train_legacy,273,2,0,2,True,0,{}
train_05891,src_de1f17fec059052bb28a,Normal,0,train,train_legacy,20,2,2,2,True,0,"{""length_ratio"": 2}"
train_02833,src_de207775fbf43346a7c5,Anxiety,2,train,train_legacy,4509,2,0,2,True,0,{}
train_05748,src_de212e4adef310b88343,Normal,0,train,train_legacy,31,2,0,2,True,0,{}
test_00900,src_de25da2eaf4162ff20e8,Normal,0,test,test_nested,38,0,4,2,True,0,"{""length_ratio"": 1, ""sbert"": 1}"
test_00876,src_de3d0ed001bab80f792f,Bipolar,3,train,train_added,1021,2,1,2,True,0,"{""meta_commentary"": 1}"
test_01077,src_de4862bb0944205625bd,Bipolar,3,test,test_nested,229,0,3,2,True,0,"{""sbert"": 1}"
test_00470,src_de499582ac0a7ece6718,Depression,1,test,test_nested,894,0,2,2,True,0,{}
test_01486,src_de4c6cd6f93d3743f76b,Anxiety,2,test,test_nested,402,0,2,2,True,0,{}
train_00115,src_de61181622a2c59f5aad,Anxiety,2,train,train_legacy,152,2,0,2,True,0,{}
train_04832,src_de6761907bebdcbeb5d6,Anxiety,2,train,train_legacy,454,2,0,2,True,0,{}
test_00882,src_de6aa6bd0907059fa865,Normal,0,test,test_nested,127,0,3,2,True,0,"{""length_ratio"": 1}"
train_01758,src_de6b1b1cbb967a09fbb3,Depression,1,train,train_legacy,38,2,5,0,False,2,"{""length_ratio"": 7}"
train_00226,src_de6d0133ae832de797a9,Normal,0,train,train_legacy,30,2,3,2,True,0,"{""meta_commentary"": 1, ""refusal"": 2}"
test_01201,src_de9f2fa68399273517d8,Anxiety,2,test,test_nested,189,0,2,2,True,0,{}
test_02022,src_dea218f0872e08a04d1f,Normal,0,test,test_nested,22,0,5,1,False,1,"{""length_ratio"": 4}"
train_02750,src_dea2ba08befbee11299a,Normal,0,train,train_legacy,81,2,2,2,True,0,"{""length_ratio"": 1, ""sbert"": 1}"
train_02396,src_decd529698eb5fec3c44,Depression,1,train,train_legacy,654,2,0,2,True,0,{}
test_02320,src_dedf7c8766aeaed43c6d,Normal,0,test,test_nested,56,0,5,0,False,2,"{""length_ratio"": 5}"
train_05848,src_dee06b45ba0e1474d2ee,Normal,0,train,train_legacy,21,2,5,1,False,1,"{""length_ratio"": 3, ""sbert"": 3}"
train_00366,src_dee9ed537ed286a8834a,Depression,1,train,train_legacy,156,2,0,2,True,0,{}
test_02151,src_def0a5f52afc89bdfcb0,Depression,1,test,test_nested,511,0,2,2,True,0,{}
train_05381,src_def20e81a43899871bed,Bipolar,3,train,train_legacy,937,2,0,2,True,0,{}
test_01759,src_df01e11db97c31361b16,Normal,0,test,test_nested,159,0,2,2,True,0,{}
train_00850,src_df0aabd0ff7c4fb1ab25,Normal,0,train,train_legacy,450,2,0,2,True,0,{}
val_search_00376,src_df0b54667f5660d25eb7,Bipolar,3,train,train_added,1788,2,0,2,True,0,{}
train_02338,src_df0ecfe08d269ca35a9e,Bipolar,3,train,train_legacy,3012,2,0,2,True,0,{}
test_02338,src_df2b35b53a1c31afdfd2,Anxiety,2,train,train_added,199,2,0,2,True,0,{}
train_05005,src_df2e64cf806b0e18faef,Anxiety,2,train,train_legacy,883,2,0,2,True,0,{}
train_02038,src_df3a4b39c52331d3b3ef,Anxiety,2,train,train_legacy,645,2,0,2,True,0,{}
train_01262,src_df3acae2587ace922e1c,Anxiety,2,train,train_legacy,677,2,0,2,True,0,{}
train_01030,src_df3e5096229b913c4a99,Bipolar,3,train,train_legacy,2727,2,0,2,True,0,{}
train_05310,src_df405799b413db56dc4f,Bipolar,3,train,train_legacy,325,2,0,2,True,0,{}
train_01141,src_df4ca8288ddf20ac5588,Normal,0,train,train_legacy,128,2,0,2,True,0,{}
train_02726,src_df605d75c72453f9b5af,Normal,0,train,train_legacy,16,2,5,0,False,2,"{""length_ratio"": 6, ""sbert"": 1}"
train_04728,src_df60ae8ce83ff63475a4,Anxiety,2,train,train_legacy,730,2,0,2,True,0,{}
test_00870,src_df674f20688cdaa991b7,Depression,1,test,test_nested,75,0,5,0,False,2,"{""meta_commentary"": 2, ""sbert"": 3}"
test_01478,src_df6c35804e73c635b26b,Anxiety,2,test,test_nested,1146,0,2,2,True,0,{}
test_01397,src_df770e026b6d5c802989,Depression,1,test,test_nested,1250,0,2,2,True,0,{}
test_01520,src_df784083c7c28319f367,Bipolar,3,test,test_nested,323,0,2,2,True,0,{}
train_04724,src_df820c82e539f7883bff,Bipolar,3,train,train_legacy,593,2,0,2,True,0,{}
train_00816,src_df8e2ec502644792f517,Depression,1,train,train_legacy,1032,2,0,2,True,0,{}
train_00331,src_df9f9d10102e43814b57,Normal,0,train,train_legacy,12,2,4,2,True,0,"{""duplicate"": 1, ""length_ratio"": 3}"
test_01858,src_dfaaad59b0b0ac300a40,Normal,0,train,train_added,44,2,1,2,True,0,"{""length_ratio"": 1}"
test_00818,src_dfaddd2d6c9169d5b50c,Normal,0,test,test_nested,95,0,2,2,True,0,{}
train_04460,src_dfb1f7b77e73d8cc755f,Normal,0,train,train_legacy,455,2,0,2,True,0,{}
train_02941,src_dfb4e166a7e731d869ff,Anxiety,2,train,train_legacy,102,2,5,0,False,2,"{""sbert"": 7}"
train_02826,src_dfb742adaf012674182e,Normal,0,train,train_legacy,28,2,5,1,False,1,"{""length_ratio"": 6}"
train_03702,src_dfbc4b43faed2511da91,Bipolar,3,train,train_legacy,151,2,0,2,True,0,{}
test_01983,src_dfc290663142ec606651,Normal,0,test,test_nested,29,0,5,0,False,2,"{""length_ratio"": 5}"
train_00888,src_dfcb5d3510ebed97dfd1,Normal,0,train,train_legacy,77,2,0,2,True,0,{}
train_05432,src_dfde158c2652a517b458,Bipolar,3,train,train_legacy,1226,2,0,2,True,0,{}
train_04758,src_dff6dbca6e5c3f2ea878,Normal,0,train,train_legacy,72,2,5,2,True,0,"{""length_ratio"": 3, ""sbert"": 2}"
test_01731,src_dffc9cf0be52f0ab5e81,Normal,0,test,test_nested,362,0,5,0,False,2,"{""meta_commentary"": 5}"
train_05912,src_e00499f0f1f0b5b1f63d,Depression,1,train,train_legacy,764,2,0,2,True,0,{}
train_05471,src_e01218329ab1ad5ef32c,Anxiety,2,train,train_legacy,573,2,0,2,True,0,{}
train_05991,src_e0163b2b36e8b5b65f26,Bipolar,3,train,train_legacy,264,2,2,2,True,0,"{""length_ratio"": 2}"
train_00267,src_e0236f4e929d26fd86e9,Anxiety,2,train,train_legacy,801,2,0,2,True,0,{}
test_01304,src_e024df1e61d53bfcc859,Anxiety,2,test,test_nested,556,0,3,2,True,0,"{""meta_commentary"": 1}"
train_01419,src_e026a365b12cb0ba41f4,Depression,1,train,train_legacy,2958,2,0,2,True,0,{}
train_04034,src_e028d0a4e527b7640e6a,Depression,1,train,train_legacy,855,2,0,2,True,0,{}
val_confirm_00931,src_e02a0b7ac5c568ffd07c,Anxiety,2,train,train_added,93,2,0,2,True,0,{}
train_04368,src_e0375a6b8cfd460ee401,Anxiety,2,train,train_legacy,3178,2,4,2,True,0,"{""meta_commentary"": 4}"
train_02153,src_e041bb4302a3c346feaa,Normal,0,train,train_legacy,150,2,0,2,True,0,{}
train_02962,src_e04edd12e69ec487e03a,Anxiety,2,train,train_legacy,364,2,0,2,True,0,{}
train_05907,src_e05cebbb312313fa954a,Depression,1,train,train_legacy,878,2,0,2,True,0,{}
train_01087,src_e0649cb129c4598e9eb5,Anxiety,2,train,train_legacy,38,2,1,2,True,0,"{""sbert"": 1}"
train_02142,src_e067e5d7e77c2d8dc624,Bipolar,3,train,train_legacy,404,2,0,2,True,0,{}
train_04686,src_e068f96c7f66bf535472,Anxiety,2,train,train_legacy,596,2,0,2,True,0,{}
test_00983,src_e06b68279f372e692cd1,Anxiety,2,test,test_nested,558,0,2,2,True,0,{}
train_05486,src_e06d9aa0b3948047fee8,Normal,0,train,train_legacy,7,2,5,0,False,2,"{""length_ratio"": 7}"
train_03956,src_e0709d4d483e6bf66ca9,Bipolar,3,train,train_legacy,1057,2,0,2,True,0,{}
train_03535,src_e0730e9713edd34de4cf,Bipolar,3,train,train_legacy,2001,2,0,2,True,0,{}
test_00578,src_e0790066bd59e2bfdd2f,Bipolar,3,test,test_nested,126,0,2,2,True,0,{}
train_05042,src_e07fed3b585f7bbf31a8,Anxiety,2,train,train_legacy,2010,2,1,2,True,0,"{""meta_commentary"": 1}"
train_02053,src_e0865210cdc07ac8a8e9,Depression,1,train,train_legacy,772,2,0,2,True,0,{}
train_01541,src_e09e66ff6f90f838f5a0,Anxiety,2,train,train_legacy,58,2,5,2,True,0,"{""length_ratio"": 3, ""sbert"": 2}"
test_02235,src_e0a2dde60ce6df34e6f7,Normal,0,test,test_nested,58,0,5,1,False,1,"{""length_ratio"": 2, ""sbert"": 2}"
train_01795,src_e0a6fd2b214e5b44abf8,Depression,1,train,train_legacy,551,2,0,2,True,0,{}
test_01870,src_e0b46ecfc4878d651730,Depression,1,test,test_nested,1326,0,2,2,True,0,{}
train_04305,src_e0b758712dc5774f6234,Anxiety,2,train,train_legacy,1244,2,0,2,True,0,{}
test_01443,src_e0b9fe55e812a1bdfc05,Anxiety,2,test,test_nested,1296,0,2,2,True,0,{}
test_02040,src_e0bf33c8b17f0c412d77,Normal,0,test,test_nested,57,0,2,2,True,0,{}
train_03861,src_e0c15157531ccac25c2d,Depression,1,train,train_legacy,354,2,0,2,True,0,{}
val_confirm_00666,src_e0c5bca7b177e0429483,Normal,0,train,train_added,74,2,2,2,True,0,"{""length_ratio"": 2}"
val_confirm_00030,src_e0d02215d918c20498b9,Bipolar,3,train,train_added,1535,2,1,2,True,0,"{""meta_commentary"": 1}"
train_01178,src_e0e491d4b7d9ebd7d310,Depression,1,train,train_legacy,1210,2,0,2,True,0,{}
train_05445,src_e0e66fddf02c1118fe78,Depression,1,train,train_legacy,1259,2,0,2,True,0,{}
train_00152,src_e0e77c91868f961d5abf,Normal,0,train,train_legacy,129,2,0,2,True,0,{}
train_04953,src_e0e7b31859c63cdc76c0,Bipolar,3,train,train_legacy,699,2,0,2,True,0,{}
test_02244,src_e0ea3052564edde05f39,Bipolar,3,test,test_nested,1757,0,2,2,True,0,{}
train_04242,src_e0ec09e64889639b7ad6,Bipolar,3,train,train_legacy,529,2,0,2,True,0,{}
train_01625,src_e0eca92a864ca716480c,Anxiety,2,train,train_legacy,1411,2,1,2,True,0,"{""meta_commentary"": 1}"
train_04207,src_e0f096ad0a5d1a7e6130,Bipolar,3,train,train_legacy,758,2,0,2,True,0,{}
test_02344,src_e0f1dfc718df3e2f884d,Anxiety,2,test,test_nested,131,0,2,2,True,0,{}
train_01581,src_e101fbb11f35e80cd1bc,Bipolar,3,train,train_legacy,169,2,1,2,True,0,"{""length_ratio"": 1}"
test_00151,src_e1042d95bafd48467c64,Anxiety,2,test,test_nested,2991,0,2,2,True,0,{}
test_00981,src_e106ec38e8eca32b00bf,Normal,0,test,test_nested,27,0,5,1,False,1,"{""length_ratio"": 4}"
test_00404,src_e10dc9722111ebe1f8d7,Bipolar,3,test,test_nested,543,0,3,2,True,0,"{""meta_commentary"": 1}"
train_01378,src_e114dfb17aed63eb4f00,Depression,1,train,train_legacy,1968,2,0,2,True,0,{}
train_02050,src_e1225a8109f51fdd8221,Bipolar,3,train,train_legacy,1108,2,5,0,False,2,"{""meta_commentary"": 7}"
test_00502,src_e126291d3b202ada06c9,Depression,1,test,test_nested,733,0,2,2,True,0,{}
val_confirm_00307,src_e129110afb67366d6b66,Bipolar,3,train,train_added,306,2,0,2,True,0,{}
train_03358,src_e1311527c7b709ff1fad,Anxiety,2,train,train_legacy,21,2,5,0,False,2,"{""length_ratio"": 6, ""sbert"": 1}"
train_01183,src_e13fe0443260736ef213,Bipolar,3,train,train_legacy,1140,2,1,2,True,0,"{""meta_commentary"": 1}"
train_00577,src_e147f83f64be1a657b2f,Bipolar,3,train,train_legacy,618,2,0,2,True,0,{}
train_04679,src_e14ab7ff66f1c2ef156b,Depression,1,train,train_legacy,807,2,0,2,True,0,{}
train_02140,src_e14c8e5f4cc9d13dd22d,Bipolar,3,train,train_legacy,545,2,1,2,True,0,"{""meta_commentary"": 1}"
test_02002,src_e1501a1d1ca3016e9a4e,Depression,1,test,test_nested,383,0,2,2,True,0,{}
train_05948,src_e151ca103a7c7aeecfd8,Anxiety,2,train,train_legacy,1235,2,0,2,True,0,{}
test_00436,src_e154cb41e33aab99fbe5,Normal,0,test,test_nested,40,0,5,1,False,1,"{""length_ratio"": 1, ""sbert"": 3}"
val_confirm_00058,src_e15a058f5f683c9e067e,Bipolar,3,train,train_added,402,2,0,2,True,0,{}
test_01550,src_e15b613f26de1573ac92,Normal,0,train,train_added,104,2,2,2,True,0,"{""sbert"": 2}"
train_03396,src_e15caadc4d901d4eb61f,Anxiety,2,train,train_legacy,556,2,1,2,True,0,"{""meta_commentary"": 1}"
train_05665,src_e16cc8d2b618298e3cca,Normal,0,train,train_legacy,158,2,5,1,False,1,"{""refusal"": 6}"
train_02380,src_e17f40fdb40f4d8ab9dd,Anxiety,2,train,train_legacy,801,2,5,1,False,1,"{""meta_commentary"": 6}"
train_01323,src_e17f411731a9ea9bceec,Anxiety,2,train,train_legacy,1194,2,0,2,True,0,{}
train_02108,src_e18fe877fa649b6e0457,Anxiety,2,train,train_legacy,2428,2,4,2,True,0,"{""meta_commentary"": 4}"
test_01946,src_e19708fdeb0bbf348334,Bipolar,3,test,test_nested,1494,0,2,2,True,0,{}
train_05155,src_e1a3a747c3ef3643f130,Bipolar,3,train,train_legacy,326,2,0,2,True,0,{}
test_01868,src_e1ae3ee349a8f9e8c600,Anxiety,2,test,test_nested,604,0,2,2,True,0,{}
val_confirm_00152,src_e1b41af873ee67fd1ea7,Bipolar,3,train,train_added,4074,2,0,2,True,0,{}
train_05430,src_e1b988239c02f2342c2f,Anxiety,2,train,train_legacy,1963,2,5,1,False,1,"{""meta_commentary"": 6}"
test_01458,src_e1bab90b7f775de166c2,Bipolar,3,test,test_nested,414,0,2,2,True,0,{}
train_00784,src_e1bcc0b0582f0114a84c,Depression,1,train,train_legacy,92,2,0,2,True,0,{}
test_01871,src_e1bec6bc38323f5b0717,Anxiety,2,train,train_added,306,2,0,2,True,0,{}
train_04333,src_e1bee214510529cd5a77,Normal,0,train,train_legacy,68,2,2,2,True,0,"{""sbert"": 2}"
train_05738,src_e1c308a754f480f98872,Depression,1,train,train_legacy,995,2,1,2,True,0,"{""meta_commentary"": 1}"
train_05692,src_e1e09552821584f6e3ad,Anxiety,2,train,train_legacy,139,2,0,2,True,0,{}
train_01615,src_e1e610d4db2f3134b338,Normal,0,train,train_legacy,63,2,0,2,True,0,{}
train_03598,src_e1fbda231db2cdc074da,Normal,0,train,train_legacy,83,2,0,2,True,0,{}
test_02427,src_e203c4cdc72aa06ba249,Bipolar,3,test,test_nested,856,0,2,2,True,0,{}
test_01076,src_e20507f30f475e667dd1,Normal,0,test,test_nested,23,0,5,1,False,1,"{""length_ratio"": 3, ""sbert"": 1}"
test_02095,src_e21638321da4fb6e57f5,Normal,0,test,test_nested,21,0,5,2,True,0,"{""length_ratio"": 3}"
train_04027,src_e21c77f21a899e22f4d6,Normal,0,train,train_legacy,27,2,0,2,True,0,{}
val_confirm_00290,src_e225c37da0e4d9deced4,Normal,0,train,train_added,15,2,5,0,False,2,"{""length_ratio"": 1, ""sbert"": 6}"
train_05858,src_e226c5019db1af178580,Depression,1,train,train_legacy,1431,2,0,2,True,0,{}
test_00649,src_e22739b17ce6962e5668,Anxiety,2,train,train_added,25,2,5,0,False,2,"{""length_ratio"": 7}"
train_03619,src_e22d309f140df40c5707,Normal,0,train,train_legacy,21,2,5,0,False,2,"{""length_ratio"": 4, ""sbert"": 3}"
train_05788,src_e242893a4dd3e0335991,Anxiety,2,train,train_legacy,396,2,0,2,True,0,{}
test_02204,src_e256a15aeede8ba96ff3,Depression,1,test,test_nested,73,0,5,0,False,2,"{""length_ratio"": 4, ""sbert"": 1}"
train_02516,src_e26b0d84e4a64bfeef30,Bipolar,3,train,train_legacy,4439,2,4,2,True,0,"{""length_ratio"": 3, ""meta_commentary"": 1}"
train_03161,src_e26d89ca75aaf48abef9,Anxiety,2,train,train_legacy,2071,2,0,2,True,0,{}
train_05752,src_e2722e572a2a742a95fb,Anxiety,2,train,train_legacy,392,2,1,2,True,0,"{""meta_commentary"": 1}"
train_05977,src_e27bc1c3aa88e78fdc58,Bipolar,3,train,train_legacy,167,2,0,2,True,0,{}
val_confirm_00271,src_e27f47fd84b85ad29d56,Normal,0,train,train_added,6,2,5,0,False,2,"{""length_ratio"": 2, ""sbert"": 5}"
train_03045,src_e28128f8b7466304098f,Bipolar,3,train,train_legacy,499,2,0,2,True,0,{}
train_03993,src_e28af2dd934bcdd2f917,Depression,1,train,train_legacy,78,2,5,0,False,2,"{""length_ratio"": 6, ""sbert"": 1}"
train_04181,src_e28d0a86bbb06a27bcec,Depression,1,train,train_legacy,300,2,1,2,True,0,"{""sbert"": 1}"
train_03240,src_e28eaea4f787c6b8f806,Normal,0,train,train_legacy,69,2,0,2,True,0,{}
train_04501,src_e290fda194bf44eabec4,Depression,1,train,train_legacy,88,2,2,2,True,0,"{""length_ratio"": 1, ""refusal"": 1}"
test_01453,src_e29d9d2a8a18803588e8,Anxiety,2,train,train_added,247,2,0,2,True,0,{}
test_00632,src_e2a787a198b1c6247838,Anxiety,2,test,test_nested,181,0,4,2,True,0,"{""length_ratio"": 2}"
train_03266,src_e2aa005619d4fccf7c75,Bipolar,3,train,train_legacy,741,2,0,2,True,0,{}
train_03277,src_e2abca81d8663eefeab3,Bipolar,3,train,train_legacy,1245,2,2,2,True,0,"{""meta_commentary"": 2}"
test_00845,src_e2af6402da15bb95087f,Anxiety,2,test,test_nested,2287,0,5,2,True,0,"{""meta_commentary"": 3}"
train_05798,src_e2af94c2b77e1d59cc19,Depression,1,train,train_legacy,707,2,0,2,True,0,{}
train_04719,src_e2c163860a75af2988b1,Bipolar,3,train,train_legacy,473,2,1,2,True,0,"{""meta_commentary"": 1}"
train_05988,src_e2cacc3a64c3c24e9412,Anxiety,2,train,train_legacy,755,2,0,2,True,0,{}
val_confirm_00728,src_e2cc137be86c79468ccb,Depression,1,train,train_added,574,2,0,2,True,0,{}
train_02876,src_e2cf8ea91832dc94fe1a,Depression,1,train,train_legacy,1034,2,0,2,True,0,{}
val_confirm_00397,src_e2db1c8adaadcedd3069,Normal,0,train,train_added,40,2,5,0,False,2,"{""length_ratio"": 6, ""sbert"": 1}"
train_02333,src_e2dbfe817178770daa65,Normal,0,train,train_legacy,41,2,5,1,False,1,"{""length_ratio"": 6}"
train_03784,src_e2e2df8efa4d5807d67a,Depression,1,train,train_legacy,464,2,0,2,True,0,{}
train_01502,src_e2eff080c3eab98c9f1e,Bipolar,3,train,train_legacy,796,2,1,2,True,0,"{""meta_commentary"": 1}"
train_00773,src_e30e5f98e301d010864f,Bipolar,3,train,train_legacy,953,2,0,2,True,0,{}
test_02246,src_e31040de4051bb5c2117,Normal,0,test,test_nested,6,0,5,0,False,2,"{""length_ratio"": 5}"
train_03257,src_e320787161921781cf62,Normal,0,train,train_legacy,103,2,5,1,False,1,"{""sbert"": 6}"
train_05447,src_e3244b9d864c7983970a,Normal,0,train,train_legacy,46,2,5,0,False,2,"{""length_ratio"": 7}"
train_00660,src_e3253d1147df6c59925f,Depression,1,train,train_legacy,426,2,0,2,True,0,{}
test_00289,src_e325daf60f879cf03680,Depression,1,test,test_nested,129,0,2,2,True,0,{}
train_01986,src_e330547952c679ee4679,Anxiety,2,train,train_legacy,582,2,0,2,True,0,{}
train_05533,src_e33da0b660a5388319cd,Bipolar,3,train,train_legacy,1148,2,0,2,True,0,{}
train_03792,src_e33dfd838c6424520d5d,Bipolar,3,train,train_legacy,3840,2,5,2,True,0,"{""length_ratio"": 1, ""meta_commentary"": 4}"
train_03864,src_e34dde64ba78a8fb78bc,Normal,0,train,train_legacy,19,2,5,0,False,2,"{""length_ratio"": 7}"
train_03826,src_e35b46123477f790bc51,Bipolar,3,train,train_legacy,509,2,0,2,True,0,{}
test_00703,src_e35cf8063b8b3a7390e5,Bipolar,3,test,test_nested,138,0,3,2,True,0,"{""length_ratio"": 1}"
train_05253,src_e35f08b1957fee229c68,Depression,1,train,train_legacy,174,2,3,2,True,0,"{""refusal"": 1, ""sbert"": 2}"
train_01992,src_e36a8398a5040df8a7cf,Anxiety,2,train,train_legacy,889,2,0,2,True,0,{}
train_04675,src_e36b34b095a37508cc52,Bipolar,3,train,train_legacy,728,2,0,2,True,0,{}
train_02925,src_e36c933eb34397832bf5,Anxiety,2,train,train_legacy,2112,2,0,2,True,0,{}
train_04804,src_e36fe694efce61ccbc7d,Normal,0,train,train_legacy,61,2,0,2,True,0,{}
train_04693,src_e3732f6ceb247d2f4397,Normal,0,train,train_legacy,127,2,0,2,True,0,{}
train_00826,src_e375436822b0bdac97a8,Bipolar,3,train,train_legacy,1097,2,0,2,True,0,{}
test_00240,src_e37c335e38753565d90b,Anxiety,2,test,test_nested,1552,0,2,2,True,0,{}
train_00452,src_e37fe4d881693f38708d,Depression,1,train,train_legacy,749,2,0,2,True,0,{}
train_04522,src_e38b3732ac87d4182786,Depression,1,train,train_legacy,1091,2,0,2,True,0,{}
train_01274,src_e38b5998aa9353f642b7,Depression,1,train,train_legacy,244,2,0,2,True,0,{}
train_04987,src_e38de53bc12893a33c66,Anxiety,2,train,train_legacy,38,2,5,0,False,2,"{""length_ratio"": 3, ""sbert"": 4}"
test_00978,src_e3aeaa10d9b46b93921f,Depression,1,test,test_nested,2793,0,2,2,True,0,{}
train_02606,src_e3b37331dace266f1420,Normal,0,train,train_legacy,30,2,1,2,True,0,"{""sbert"": 1}"
train_02682,src_e3b7afed5f6cd537856d,Normal,0,train,train_legacy,113,2,0,2,True,0,{}
train_00753,src_e3ba59fb5d4263358dbf,Anxiety,2,train,train_legacy,561,2,0,2,True,0,{}
train_04768,src_e3d01208e874efb9cb0a,Depression,1,train,train_legacy,230,2,5,0,False,2,"{""refusal"": 7}"
val_confirm_00915,src_e3f9e88adf09f9362d00,Depression,1,train,train_added,1933,2,0,2,True,0,{}
train_05626,src_e415dc691bf877242e9a,Depression,1,train,train_legacy,416,2,0,2,True,0,{}
train_05578,src_e417c9c80035dd55d5a3,Depression,1,train,train_legacy,528,2,0,2,True,0,{}
train_03089,src_e4191e8b8b9d022b24af,Normal,0,train,train_legacy,39,2,5,1,False,1,"{""length_ratio"": 5, ""sbert"": 1}"
train_04900,src_e41af8fd0b848ed4707b,Anxiety,2,train,train_legacy,1201,2,0,2,True,0,{}
test_02430,src_e41f38ffcafa77054895,Normal,0,test,test_nested,261,0,2,2,True,0,{}
test_00817,src_e42183f665fab16ea736,Normal,0,test,test_nested,80,0,3,2,True,0,"{""length_ratio"": 1}"
train_01830,src_e4227311b08921b8054a,Normal,0,train,train_legacy,36,2,3,2,True,0,"{""sbert"": 3}"
train_00986,src_e42631094bb44a5dd8a4,Depression,1,train,train_legacy,511,2,0,2,True,0,{}
train_03307,src_e426efef18630ba4ea81,Bipolar,3,train,train_legacy,376,2,0,2,True,0,{}
test_00725,src_e42a6d343403ff7f1902,Normal,0,train,train_added,305,2,0,2,True,0,{}
train_02724,src_e433ea60329b1c832040,Normal,0,train,train_legacy,214,2,0,2,True,0,{}
train_01050,src_e434fba505864f415e50,Depression,1,train,train_legacy,124,2,0,2,True,0,{}
val_search_00055,src_e4446bea9a0afac772a1,Depression,1,train,train_added,152,2,0,2,True,0,{}
train_02259,src_e444814f181a2bc0ee35,Normal,0,train,train_legacy,45,2,1,2,True,0,"{""sbert"": 1}"
test_00071,src_e450f7763810b5495d45,Depression,1,test,test_nested,861,0,2,2,True,0,{}
test_01152,src_e45a3768acf07115c6e1,Bipolar,3,test,test_nested,966,0,2,2,True,0,{}
test_02286,src_e45a50b3394edd97c396,Anxiety,2,test,test_nested,1313,0,2,2,True,0,{}
val_confirm_00130,src_e46b50803cb46bdc763b,Bipolar,3,train,train_added,626,2,0,2,True,0,{}
train_03564,src_e471e8efac349f349220,Bipolar,3,train,train_legacy,1206,2,0,2,True,0,{}
train_02304,src_e485350053b1043e5b77,Bipolar,3,train,train_legacy,394,2,0,2,True,0,{}
train_00140,src_e495be4296f9ebd022b4,Depression,1,train,train_legacy,762,2,0,2,True,0,{}
train_00382,src_e49db0ebb3f99269ab54,Bipolar,3,train,train_legacy,321,2,0,2,True,0,{}
test_01810,src_e4a425cc7d8b8f68a297,Normal,0,test,test_nested,98,0,3,2,True,0,"{""sbert"": 1}"
train_01440,src_e4ab67e5b8bae7f0a528,Bipolar,3,train,train_legacy,364,2,0,2,True,0,{}
train_01871,src_e4b652a4893ae140463d,Bipolar,3,train,train_legacy,440,2,1,2,True,0,"{""meta_commentary"": 1}"
test_01366,src_e4b8c03931223d0409cf,Bipolar,3,test,test_nested,1461,0,2,2,True,0,{}
test_01026,src_e4cd7558b39736d62400,Depression,1,test,test_nested,594,0,2,2,True,0,{}
train_01400,src_e4ce0848468b86b39b99,Bipolar,3,train,train_legacy,711,2,0,2,True,0,{}
train_05313,src_e4cf13024c0cc3b359c9,Bipolar,3,train,train_legacy,995,2,0,2,True,0,{}
train_04704,src_e4d543250a804e35fe2d,Depression,1,train,train_legacy,158,2,0,2,True,0,{}
val_confirm_00239,src_e4e9f6ea779b24bedb81,Bipolar,3,train,train_added,430,2,0,2,True,0,{}
train_00173,src_e4ea6e46d66fc6673b2a,Anxiety,2,train,train_legacy,593,2,0,2,True,0,{}
train_02950,src_e4ee049c9dd5eae05f85,Bipolar,3,train,train_legacy,924,2,0,2,True,0,{}
test_00706,src_e4ee86820d2218b87c69,Anxiety,2,test,test_nested,618,0,2,2,True,0,{}
train_04951,src_e4ef04302dfc92e2275c,Anxiety,2,train,train_legacy,485,2,0,2,True,0,{}
train_04179,src_e4f04399325d6aa59a65,Anxiety,2,train,train_legacy,246,2,0,2,True,0,{}
test_02425,src_e4f1fd4f91fbf4b3c0ff,Depression,1,test,test_nested,759,0,2,2,True,0,{}
train_04197,src_e4f64916a814c475a425,Anxiety,2,train,train_legacy,101,2,0,2,True,0,{}
train_02273,src_e4f66a3dbf8339fb3fad,Anxiety,2,train,train_legacy,67,2,2,2,True,0,"{""length_ratio"": 1, ""sbert"": 1}"
test_00157,src_e4fdc88fb479d941b8f8,Normal,0,test,test_nested,113,0,2,2,True,0,{}
train_05029,src_e50212d4799accf3bc47,Depression,1,train,train_legacy,16,2,5,0,False,2,"{""meta_commentary"": 4, ""refusal"": 3}"
train_04439,src_e502c7d3bc9672eaa695,Anxiety,2,train,train_legacy,540,2,0,2,True,0,{}
train_04854,src_e50cc64f2d1326343545,Depression,1,train,train_legacy,1760,2,0,2,True,0,{}
test_00382,src_e5168a1922315b1b9cd5,Normal,0,test,test_nested,128,0,2,2,True,0,{}
train_01937,src_e51899d3c0966c5844a6,Anxiety,2,train,train_legacy,469,2,0,2,True,0,{}
train_03105,src_e51ea330dec9f0fcc415,Depression,1,train,train_legacy,206,2,5,0,False,2,"{""refusal"": 7}"
val_confirm_00007,src_e534bb5d3795983c2b8f,Anxiety,2,train,train_added,34,2,4,2,True,0,"{""length_ratio"": 1, ""sbert"": 3}"
train_03506,src_e54141dc1837667d0f3a,Anxiety,2,train,train_legacy,119,2,0,2,True,0,{}
train_00059,src_e5476c8f29c7b3cf740c,Anxiety,2,train,train_legacy,488,2,0,2,True,0,{}
train_05651,src_e54cb69efbc2c15216dd,Depression,1,train,train_legacy,3843,2,0,2,True,0,{}
test_00680,src_e54d04663b978b8e68be,Depression,1,test,test_nested,482,0,2,2,True,0,{}
test_00100,src_e55e37a90f96827c19eb,Bipolar,3,test,test_nested,894,0,2,2,True,0,{}
train_04170,src_e56842c6af36320d37a1,Anxiety,2,train,train_legacy,695,2,0,2,True,0,{}
test_01523,src_e571bd0b4509627b373c,Anxiety,2,train,train_added,382,2,0,2,True,0,{}
test_02483,src_e5726491cc3edd0ae742,Normal,0,test,test_nested,32,0,5,0,False,2,"{""length_ratio"": 3, ""sbert"": 2}"
train_01156,src_e57c60bfac6e4f4251e0,Anxiety,2,train,train_legacy,121,2,0,2,True,0,{}
test_00538,src_e57c9e80732e3bcf9801,Bipolar,3,test,test_nested,217,0,2,2,True,0,{}
train_05215,src_e583d20ce27a393ae101,Anxiety,2,train,train_legacy,37,2,5,1,False,1,"{""length_ratio"": 5, ""sbert"": 1}"
val_confirm_00091,src_e5878c698db9f34c3c65,Bipolar,3,train,train_added,556,2,0,2,True,0,{}
test_02370,src_e58d89282125af248c7f,Bipolar,3,train,train_added,1015,2,1,2,True,0,"{""meta_commentary"": 1}"
test_00681,src_e58ea416872d1a544d80,Anxiety,2,test,test_nested,563,0,2,2,True,0,{}
train_00521,src_e590cd2cdedfbdca933a,Normal,0,train,train_legacy,47,2,5,0,False,2,"{""meta_commentary"": 7}"
train_04320,src_e59521101fd59eb8ea3e,Anxiety,2,train,train_legacy,1908,2,1,2,True,0,"{""meta_commentary"": 1}"
train_05011,src_e599d1835afec6033567,Normal,0,train,train_legacy,10,2,5,1,False,1,"{""length_ratio"": 5, ""sbert"": 1}"
train_04605,src_e59d7dba6106c04ce457,Depression,1,train,train_legacy,153,2,0,2,True,0,{}
test_01809,src_e5a695ebed0a81168337,Normal,0,train,train_added,38,2,3,2,True,0,"{""length_ratio"": 3}"
train_01418,src_e5af4b695cf5c90f5dee,Depression,1,train,train_legacy,995,2,5,0,False,2,"{""meta_commentary"": 1, ""refusal"": 6}"
train_01373,src_e5b1307adaf07aa531a2,Bipolar,3,train,train_legacy,170,2,0,2,True,0,{}
train_01618,src_e5b6319549d73a6e9d8c,Bipolar,3,train,train_legacy,2707,2,5,1,False,1,"{""meta_commentary"": 6}"
train_04948,src_e5cb581cfde719721434,Depression,1,train,train_legacy,2058,2,0,2,True,0,{}
val_confirm_01043,src_e5d5ff939bfbe83817f2,Anxiety,2,train,train_added,505,2,0,2,True,0,{}
test_00353,src_e5dfa6fb7b7d7f081d59,Normal,0,test,test_nested,102,0,5,0,False,2,"{""refusal"": 5}"
test_00723,src_e5f15f9631fe9de5e6cf,Anxiety,2,test,test_nested,662,0,2,2,True,0,{}
test_00886,src_e5fa3082e1ef53c8c242,Anxiety,2,test,test_nested,1509,0,2,2,True,0,{}
test_01349,src_e5ff382d77aa250de204,Depression,1,test,test_nested,117,0,2,2,True,0,{}
train_01009,src_e617e0dd601957351528,Anxiety,2,train,train_legacy,365,2,0,2,True,0,{}
val_search_00263,src_e6237657e5791c1139d5,Anxiety,2,train,train_added,272,2,0,2,True,0,{}
train_00670,src_e6370cbc48794d8bfc08,Depression,1,train,train_legacy,78,2,5,0,False,2,"{""length_ratio"": 1, ""meta_commentary"": 1, ""refusal"": 5}"
test_00969,src_e638d0bceb2a3e9d83cc,Normal,0,test,test_nested,104,0,3,2,True,0,"{""length_ratio"": 1}"
train_03189,src_e63a40549ce776f11bb7,Normal,0,train,train_legacy,38,2,0,2,True,0,{}
train_01240,src_e63dd6ef30ecf103ee55,Normal,0,train,train_legacy,82,2,0,2,True,0,{}
test_01083,src_e642b8c9ccfbd6e4e457,Normal,0,test,test_nested,546,0,2,2,True,0,{}
train_02432,src_e6500bb0925d91ab930c,Depression,1,train,train_legacy,383,2,0,2,True,0,{}
train_03763,src_e65339d575789629c260,Anxiety,2,train,train_legacy,509,2,1,2,True,0,"{""meta_commentary"": 1}"
train_00599,src_e658baa159ffd4546912,Bipolar,3,train,train_legacy,1186,2,0,2,True,0,{}
train_00750,src_e65945164a07d994c5e8,Normal,0,train,train_legacy,22,2,3,2,True,0,"{""length_ratio"": 2, ""sbert"": 1}"
train_02746,src_e66101de3a1c8838aecb,Depression,1,train,train_legacy,431,2,0,2,True,0,{}
val_search_00102,src_e662c6b6011aff3d62ee,Depression,1,train,train_added,310,2,0,2,True,0,{}
test_02217,src_e66b49304e4355db2a87,Bipolar,3,test,test_nested,1699,0,2,2,True,0,{}
train_03697,src_e66d1c0a623976c4fad0,Bipolar,3,train,train_legacy,1018,2,0,2,True,0,{}
train_04986,src_e66d1e5e40c4a36511c7,Anxiety,2,train,train_legacy,1657,2,0,2,True,0,{}
test_01347,src_e67bbbf7690020dd3d64,Depression,1,test,test_nested,1455,0,2,2,True,0,{}
val_confirm_00180,src_e67bc191c940ac65f6fa,Normal,0,train,train_added,41,2,3,2,True,0,"{""length_ratio"": 3}"
test_00625,src_e67e350a208511d6a096,Anxiety,2,test,test_nested,176,0,2,2,True,0,{}
val_search_00076,src_e67e6ba5452a3b9f44c3,Depression,1,train,train_added,981,2,0,2,True,0,{}
train_05781,src_e6829bc883b845a67724,Depression,1,train,train_legacy,1552,2,5,0,False,2,"{""refusal"": 7}"
train_04500,src_e69e4a31b9d27e26487e,Anxiety,2,train,train_legacy,69,2,0,2,True,0,{}
train_05055,src_e69f5bb7f830adb5be5f,Normal,0,train,train_legacy,77,2,0,2,True,0,{}
val_confirm_00558,src_e6a084bde67423169e4b,Normal,0,train,train_added,44,2,5,0,False,2,"{""sbert"": 7}"
train_02470,src_e6afc2220c576b3dad6d,Depression,1,train,train_legacy,150,2,1,2,True,0,"{""sbert"": 1}"
test_00082,src_e6c3ad629bc6e169d10d,Normal,0,test,test_nested,72,0,5,1,False,1,"{""length_ratio"": 1, ""sbert"": 3}"
test_01510,src_e6ca05c94459c8227e0c,Normal,0,test,test_nested,33,0,2,2,True,0,{}
train_00978,src_e6cde928d2e367a4c759,Bipolar,3,train,train_legacy,29,2,5,0,False,2,"{""length_ratio"": 7}"
train_03930,src_e6d77bd5404e882396cd,Normal,0,train,train_legacy,122,2,5,0,False,2,"{""length_ratio"": 2, ""sbert"": 5}"
train_05883,src_e6dd03915a5509b847f4,Normal,0,train,train_legacy,21,2,0,2,True,0,{}
train_05493,src_e6e42f359b598b3c6ae0,Depression,1,train,train_legacy,269,2,1,2,True,0,"{""sbert"": 1}"
train_01883,src_e6e7283fcafa7f71bcaf,Bipolar,3,train,train_legacy,1605,2,0,2,True,0,{}
train_03969,src_e6ee1b44c1f792388747,Anxiety,2,train,train_legacy,775,2,0,2,True,0,{}
val_confirm_00201,src_e6f0b3177829bad5f8c1,Depression,1,train,train_added,861,2,0,2,True,0,{}
train_02875,src_e6f4b756ce6e85ba1410,Normal,0,train,train_legacy,59,2,0,2,True,0,{}
train_01889,src_e6f94a529c2ccce42d67,Normal,0,train,train_legacy,601,2,0,2,True,0,{}
train_05411,src_e6fa0e2ebf9eb99eff5d,Normal,0,train,train_legacy,79,2,0,2,True,0,{}
train_04628,src_e6fcaa6753786c315d1e,Anxiety,2,train,train_legacy,322,2,0,2,True,0,{}
test_00905,src_e6ff2cf7caaea76b9101,Normal,0,test,test_nested,282,0,3,2,True,0,"{""sbert"": 1}"
train_02900,src_e7046176144a46e6d279,Depression,1,train,train_legacy,1020,2,5,1,False,1,"{""refusal"": 6}"
train_02103,src_e70824bc8a3c5f66940e,Normal,0,train,train_legacy,90,2,0,2,True,0,{}
test_01253,src_e70eb42941b929434eb7,Bipolar,3,test,test_nested,1347,0,2,2,True,0,{}
test_01511,src_e71db5d22c550a25dcda,Bipolar,3,test,test_nested,758,0,2,2,True,0,{}
train_00788,src_e71e211281092c4bb484,Bipolar,3,train,train_legacy,53,2,0,2,True,0,{}
test_01522,src_e7243fbadbf1c4fe1551,Anxiety,2,train,train_added,561,2,0,2,True,0,{}
train_04814,src_e725a10bc74aae6ef11b,Anxiety,2,train,train_legacy,425,2,0,2,True,0,{}
train_00404,src_e7291bb6f9eb86718852,Bipolar,3,train,train_legacy,241,2,5,0,False,2,"{""refusal"": 7}"
test_02024,src_e72b673b6cb0cc46410b,Depression,1,test,test_nested,136,0,2,2,True,0,{}
train_00602,src_e72c3959963536401daf,Anxiety,2,train,train_legacy,782,2,0,2,True,0,{}
train_00822,src_e73697908cf958c03112,Anxiety,2,train,train_legacy,113,2,0,2,True,0,{}
train_03693,src_e7381d28ed2dee34d7b3,Anxiety,2,train,train_legacy,795,2,0,2,True,0,{}
train_01605,src_e738c46084859462d58f,Bipolar,3,train,train_legacy,428,2,0,2,True,0,{}
test_02380,src_e73abdbc43470a64a2cd,Anxiety,2,test,test_nested,2737,0,2,2,True,0,{}
train_01847,src_e7484ef4a7f6e36ed354,Bipolar,3,train,train_legacy,3338,2,2,2,True,0,"{""length_ratio"": 1, ""meta_commentary"": 1}"
test_02337,src_e74f6a587b3fddb5bd03,Bipolar,3,test,test_nested,599,0,2,2,True,0,{}
test_00594,src_e7533cd74aaaeae24cb4,Anxiety,2,test,test_nested,203,0,2,2,True,0,{}
train_03630,src_e756d93a197cdea69411,Anxiety,2,train,train_legacy,44,2,5,1,False,1,"{""length_ratio"": 3, ""sbert"": 3}"
train_00526,src_e766e3999a4c42a6b176,Normal,0,train,train_legacy,56,2,0,2,True,0,{}
test_00244,src_e76edfa9df43320e4cf0,Anxiety,2,test,test_nested,887,0,2,2,True,0,{}
test_00178,src_e76fa467e248bc5fb783,Normal,0,train,train_added,42,2,3,2,True,0,"{""length_ratio"": 3}"
test_02124,src_e781bb4f872f7baae560,Bipolar,3,train,train_added,740,2,0,2,True,0,{}
val_search_00145,src_e783b7b460aff4f2d7c6,Bipolar,3,train,train_added,531,2,0,2,True,0,{}
train_04438,src_e789f5066063fa58cae9,Bipolar,3,train,train_legacy,1349,2,0,2,True,0,{}
train_01562,src_e78e463fad4c6638a33a,Normal,0,train,train_legacy,172,2,0,2,True,0,{}
test_01241,src_e790db84b047662e87d3,Depression,1,test,test_nested,769,0,2,2,True,0,{}
train_01726,src_e79340178043ba5ef475,Anxiety,2,train,train_legacy,92,2,0,2,True,0,{}
train_01089,src_e795fdc89c91d4e43aa0,Anxiety,2,train,train_legacy,867,2,0,2,True,0,{}
test_01730,src_e79afd39d6a7502179cc,Anxiety,2,test,test_nested,1283,0,2,2,True,0,{}
test_00126,src_e7a41dc90c9ad14dfee7,Bipolar,3,test,test_nested,203,0,2,2,True,0,{}
train_05428,src_e7a5f4a7c0e959f64a0b,Bipolar,3,train,train_legacy,1696,2,0,2,True,0,{}
test_00312,src_e7aef0d6bdba6992186c,Normal,0,test,test_nested,48,0,5,1,False,1,"{""length_ratio"": 4}"
test_01956,src_e7b24e7a02ceae5f8eed,Anxiety,2,test,test_nested,46,0,5,2,True,0,"{""sbert"": 3}"
train_04276,src_e7bf4aa0e44acb15848f,Anxiety,2,train,train_legacy,1539,2,0,2,True,0,{}
test_00262,src_e7dbc6c256c1207f3adc,Depression,1,test,test_nested,1365,0,2,2,True,0,{}
test_00387,src_e7e27388ce8628e9288b,Normal,0,test,test_nested,54,0,2,2,True,0,{}
test_00063,src_e7ff90c621600415a4b1,Bipolar,3,train,train_added,2577,2,1,2,True,0,"{""meta_commentary"": 1}"
train_05040,src_e800d9166ddf9d8caf80,Bipolar,3,train,train_legacy,171,2,0,2,True,0,{}
train_04084,src_e80c5582267a9cffd7ce,Bipolar,3,train,train_legacy,2668,2,1,2,True,0,"{""meta_commentary"": 1}"
train_05004,src_e80c8efba613e2c3d671,Normal,0,train,train_legacy,379,2,0,2,True,0,{}
train_04188,src_e81acf039ac39d34ae2a,Bipolar,3,train,train_legacy,630,2,0,2,True,0,{}
train_04646,src_e826aae28e9d8ee165ab,Anxiety,2,train,train_legacy,3125,2,0,2,True,0,{}
test_01035,src_e829ada1365f2b5e5a39,Bipolar,3,test,test_nested,751,0,2,2,True,0,{}
train_04680,src_e8317db245c0193064aa,Anxiety,2,train,train_legacy,310,2,0,2,True,0,{}
train_00638,src_e83aaed94be8e11974af,Normal,0,train,train_legacy,18,2,5,0,False,2,"{""length_ratio"": 4, ""sbert"": 3}"
train_00593,src_e842c5f6a30898829f38,Normal,0,train,train_legacy,107,2,0,2,True,0,{}
test_01341,src_e858679bf1ad971a1dd1,Depression,1,test,test_nested,415,0,2,2,True,0,{}
train_02402,src_e85892c6099749b123bf,Anxiety,2,train,train_legacy,190,2,0,2,True,0,{}
test_00127,src_e86ac98dac1bc12c30be,Bipolar,3,test,test_nested,702,0,2,2,True,0,{}
val_confirm_00177,src_e86f71ab9ffbe9cbe285,Normal,0,train,train_added,114,2,5,0,False,2,"{""refusal"": 7}"
train_00656,src_e880dd97327c12105a08,Bipolar,3,train,train_legacy,685,2,0,2,True,0,{}
test_00585,src_e88911fd1476015ecf35,Normal,0,test,test_nested,24,0,5,0,False,2,"{""sbert"": 5}"
train_03921,src_e88aff7834cb9ccee1ee,Normal,0,train,train_legacy,38,2,0,2,True,0,{}
train_03316,src_e88eea3cda09ce9cf064,Anxiety,2,train,train_legacy,664,2,0,2,True,0,{}
train_03068,src_e8a3311390ef3ba9b2db,Normal,0,train,train_legacy,30,2,5,0,False,2,"{""sbert"": 7}"
train_04423,src_e8a9300530603117bb16,Normal,0,train,train_legacy,152,2,0,2,True,0,{}
train_01955,src_e8c5406466c3be2c5c4b,Depression,1,train,train_legacy,435,2,0,2,True,0,{}
train_01224,src_e8c595c5b8326d0f72c0,Depression,1,train,train_legacy,3955,2,3,2,True,0,"{""length_ratio"": 2, ""meta_commentary"": 1}"
test_02158,src_e8d5a063a5e3e1e2a209,Normal,0,test,test_nested,33,0,5,1,False,1,"{""length_ratio"": 1, ""sbert"": 3}"
test_00291,src_e8d7be87a7e1734973b9,Bipolar,3,test,test_nested,1351,0,5,0,False,2,"{""meta_commentary"": 5}"
test_02092,src_e8d8173337149823e7ae,Anxiety,2,test,test_nested,1338,0,2,2,True,0,{}
train_03838,src_e8df07d5f61434df3121,Anxiety,2,train,train_legacy,936,2,1,2,True,0,"{""meta_commentary"": 1}"
train_02778,src_e8ea8db87357e20c2bac,Normal,0,train,train_legacy,111,2,0,2,True,0,{}
train_02865,src_e8eabbb364bf59437446,Normal,0,train,train_legacy,60,2,0,2,True,0,{}
train_04806,src_e8ee3cfdffa47a47980b,Bipolar,3,train,train_legacy,154,2,0,2,True,0,{}
train_03712,src_e8f12dbec7f160b6ab64,Bipolar,3,train,train_legacy,638,2,0,2,True,0,{}
train_02376,src_e9093cc1978dd2dc0df3,Normal,0,train,train_legacy,107,2,0,2,True,0,{}
test_01942,src_e90b471015cde20499bf,Anxiety,2,test,test_nested,83,0,3,2,True,0,"{""length_ratio"": 1}"
train_00181,src_e9195459655e5a4a16a6,Anxiety,2,train,train_legacy,187,2,0,2,True,0,{}
train_03824,src_e91f810226d012fdaf65,Depression,1,train,train_legacy,1640,2,0,2,True,0,{}
test_02111,src_e925012fd8f36538cbeb,Anxiety,2,train,train_added,41,2,5,0,False,2,"{""sbert"": 7}"
train_04367,src_e92658e5c14a5182254d,Anxiety,2,train,train_legacy,42,2,2,2,True,0,"{""length_ratio"": 1, ""sbert"": 1}"
test_01945,src_e936f1b19c9a14daac94,Anxiety,2,test,test_nested,739,0,2,2,True,0,{}
train_03820,src_e943498b520fd458ded2,Bipolar,3,train,train_legacy,281,2,0,2,True,0,{}
val_search_00154,src_e9459a48f6630ee6ed12,Bipolar,3,train,train_added,49,2,5,1,False,1,"{""length_ratio"": 4, ""sbert"": 2}"
train_02601,src_e949094e580fe2a35457,Depression,1,train,train_legacy,435,2,0,2,True,0,{}
val_confirm_00077,src_e94fa6cfa2c8c0498fe8,Bipolar,3,train,train_added,456,2,0,2,True,0,{}
train_05406,src_e95effa369cd5dc78d00,Bipolar,3,train,train_legacy,1729,2,0,2,True,0,{}
test_00838,src_e963b88c394ef9561fd0,Anxiety,2,test,test_nested,2078,0,2,2,True,0,{}
train_04240,src_e96401d1ca53c167651e,Depression,1,train,train_legacy,193,2,5,0,False,2,"{""refusal"": 7}"
train_04870,src_e9655dbb7a0e7077502e,Bipolar,3,train,train_legacy,118,2,1,2,True,0,"{""length_ratio"": 1}"
train_02654,src_e9690b432dbd250045f4,Bipolar,3,train,train_legacy,2016,2,0,2,True,0,{}
test_01922,src_e96b4ad66df865012723,Depression,1,test,test_nested,473,0,2,2,True,0,{}
train_05238,src_e980c38ad1c672fe608d,Depression,1,train,train_legacy,513,2,1,2,True,0,"{""meta_commentary"": 1}"
train_01389,src_e98971942fe33f4801be,Normal,0,train,train_legacy,19,2,5,0,False,2,"{""length_ratio"": 7}"
train_01257,src_e9908db46033b507e814,Depression,1,train,train_legacy,507,2,0,2,True,0,{}
val_search_00358,src_e99dc60c92dbab19ddd0,Depression,1,train,train_added,501,2,0,2,True,0,{}
test_01272,src_e9a521ac11c007791916,Normal,0,test,test_nested,375,0,2,2,True,0,{}
train_01527,src_e9b92d38cb4bfba48835,Depression,1,train,train_legacy,69,2,5,0,False,2,"{""length_ratio"": 5, ""refusal"": 1, ""sbert"": 1}"
test_00550,src_e9c560637d5ce8bbac6f,Normal,0,test,test_nested,20,0,5,0,False,2,"{""length_ratio"": 3, ""sbert"": 2}"
train_04231,src_e9c6b4296fc689a4e581,Anxiety,2,train,train_legacy,629,2,0,2,True,0,{}
train_01333,src_e9d69d601794ccaa59a2,Normal,0,train,train_legacy,88,2,1,2,True,0,"{""sbert"": 1}"
train_03232,src_e9e5d43e11a0754ac9f3,Bipolar,3,train,train_legacy,311,2,0,2,True,0,{}
train_02972,src_e9e6c2c5aa44519b2022,Anxiety,2,train,train_legacy,26,2,0,2,True,0,{}
train_05657,src_e9e6ff541d79eedaf3d5,Depression,1,train,train_legacy,731,2,0,2,True,0,{}
train_01361,src_e9eab51165b45def622e,Normal,0,train,train_legacy,91,2,0,2,True,0,{}
train_03315,src_e9f3737ede49521399af,Normal,0,train,train_legacy,53,2,5,0,False,2,"{""length_ratio"": 7}"
test_00698,src_e9f4828b5985631f7046,Anxiety,2,test,test_nested,702,0,2,2,True,0,{}
train_04000,src_e9f6cee9b8751eaddecf,Anxiety,2,train,train_legacy,1168,2,0,2,True,0,{}
test_02201,src_e9f95974f9c4879d264a,Bipolar,3,test,test_nested,827,0,2,2,True,0,{}
train_05079,src_ea04569c63dfca689723,Normal,0,train,train_legacy,120,2,0,2,True,0,{}
test_01624,src_ea07367ac4326f7ba295,Anxiety,2,train,train_added,218,2,0,2,True,0,{}
train_01271,src_ea0acedb581e44abf684,Bipolar,3,train,train_legacy,455,2,0,2,True,0,{}
train_02435,src_ea246e4d206cff74c43b,Depression,1,train,train_legacy,852,2,0,2,True,0,{}
train_00747,src_ea2945504949c6027fdc,Bipolar,3,train,train_legacy,1265,2,0,2,True,0,{}
test_02243,src_ea29c07510c49c50bdc2,Bipolar,3,train,train_added,509,2,0,2,True,0,{}
test_00593,src_ea320436fd0a73cb6560,Normal,0,test,test_nested,29,0,3,2,True,0,"{""length_ratio"": 1}"
train_05359,src_ea3c74da1742297d5126,Bipolar,3,train,train_legacy,1435,2,0,2,True,0,{}
train_00637,src_ea45e4a77f32d93c50cd,Anxiety,2,train,train_legacy,90,2,0,2,True,0,{}
train_02889,src_ea48997efd1e30160121,Normal,0,train,train_legacy,87,2,0,2,True,0,{}
train_05964,src_ea5e02ab381684c3ddbc,Bipolar,3,train,train_legacy,435,2,0,2,True,0,{}
val_search_00338,src_ea61a413d07bc98c8092,Normal,0,train,train_added,40,2,0,2,True,0,{}
train_04772,src_ea6936600cf3c8d32aec,Normal,0,train,train_legacy,30,2,5,0,False,2,"{""length_ratio"": 5, ""sbert"": 2}"
val_confirm_01062,src_ea78ed494d6d0e6be9f8,Depression,1,train,train_added,379,2,0,2,True,0,{}
train_01767,src_ea83b644a47d7897facd,Depression,1,train,train_legacy,1004,2,0,2,True,0,{}
train_01097,src_ea87f3620712bf78741b,Normal,0,train,train_legacy,56,2,3,2,True,0,"{""length_ratio"": 2, ""sbert"": 1}"
train_02768,src_ea8b26006fe095bdb92e,Depression,1,train,train_legacy,424,2,0,2,True,0,{}
train_05426,src_ea94a0474259ee313890,Bipolar,3,train,train_legacy,1113,2,1,2,True,0,"{""meta_commentary"": 1}"
train_03558,src_eaa32580d7b38bb41a68,Depression,1,train,train_legacy,1425,2,1,2,True,0,"{""meta_commentary"": 1}"
test_00180,src_eaa80fff7aaa4466c6e4,Depression,1,train,train_added,919,2,0,2,True,0,{}
test_00326,src_eab3707c61fa384561c5,Anxiety,2,test,test_nested,1794,0,2,2,True,0,{}
test_00243,src_eab85835f067981eb585,Depression,1,test,test_nested,1694,0,2,2,True,0,{}
train_01023,src_eabcb37c451fc5a3ee90,Normal,0,train,train_legacy,33,2,0,2,True,0,{}
test_02342,src_eac1bfd1e44a82e595ea,Normal,0,train,train_added,119,2,0,2,True,0,{}
train_03657,src_eac27518d6dced31b11c,Depression,1,train,train_legacy,13,2,5,0,False,2,"{""length_ratio"": 4, ""refusal"": 3}"
train_05030,src_eac2aeef480c95ff231a,Normal,0,train,train_legacy,38,2,5,0,False,2,"{""length_ratio"": 6, ""sbert"": 1}"
train_01220,src_ead27eae5dd568b8e520,Bipolar,3,train,train_legacy,4034,2,1,2,True,0,"{""meta_commentary"": 1}"
train_03442,src_ead502990537dc6833d2,Depression,1,train,train_legacy,99,2,0,2,True,0,{}
train_03751,src_ead980fdd5233257e4d1,Bipolar,3,train,train_legacy,87,2,1,2,True,0,"{""length_ratio"": 1}"
test_01722,src_eaebfeddadffe40dcad5,Normal,0,test,test_nested,28,0,2,2,True,0,{}
train_00099,src_eaf443f017c727431033,Depression,1,train,train_legacy,712,2,0,2,True,0,{}
train_04537,src_eaf54b95fe8ee565bf6f,Normal,0,train,train_legacy,95,2,5,2,True,0,"{""length_ratio"": 2, ""sbert"": 3}"
test_00230,src_eaf8a4a20c44a2a227f3,Bipolar,3,test,test_nested,1750,0,2,2,True,0,{}
train_03927,src_eb07b3375788f549eecb,Normal,0,train,train_legacy,339,2,0,2,True,0,{}
train_05580,src_eb09e057e56fb6aa806c,Bipolar,3,train,train_legacy,446,2,0,2,True,0,{}
test_01685,src_eb1ae9d015e06a7f48ce,Bipolar,3,test,test_nested,333,0,3,2,True,0,"{""length_ratio"": 1}"
train_04940,src_eb1afa672f195c67313b,Bipolar,3,train,train_legacy,1137,2,0,2,True,0,{}
train_05897,src_eb1d18fc3d3d1ba8da38,Anxiety,2,train,train_legacy,1435,2,0,2,True,0,{}
test_01454,src_eb2219d05a94d057ab16,Depression,1,test,test_nested,1084,0,2,2,True,0,{}
test_00927,src_eb22baa08770e03ec0dd,Anxiety,2,test,test_nested,212,0,2,2,True,0,{}
test_02054,src_eb28c2f88f9c890d406e,Bipolar,3,test,test_nested,238,0,2,2,True,0,{}
val_search_00074,src_eb296e20c42afc48bd17,Bipolar,3,train,train_added,667,2,0,2,True,0,{}
test_01242,src_eb298123a2c2f0b60d2b,Anxiety,2,test,test_nested,523,0,2,2,True,0,{}
train_00993,src_eb2a41e8baa5bc167181,Normal,0,train,train_legacy,54,2,2,2,True,0,"{""length_ratio"": 1, ""sbert"": 1}"
val_confirm_00618,src_eb329321bf0ca722226c,Depression,1,train,train_added,3720,2,3,2,True,0,"{""meta_commentary"": 3}"
test_01904,src_eb3a77be58799d151641,Anxiety,2,train,train_added,327,2,0,2,True,0,{}
train_01814,src_eb4db3d004e383f0b4e9,Normal,0,train,train_legacy,19,2,5,0,False,2,"{""length_ratio"": 4, ""sbert"": 3}"
test_00460,src_eb59fc7ccb6c9f145910,Normal,0,test,test_nested,23,0,5,1,False,1,"{""duplicate"": 1, ""length_ratio"": 3}"
train_02209,src_eb5a806b8d85771835fe,Anxiety,2,train,train_legacy,20,2,5,1,False,1,"{""length_ratio"": 3, ""sbert"": 3}"
train_04422,src_eb61558d31668ef42291,Depression,1,train,train_legacy,190,2,1,2,True,0,"{""length_ratio"": 1}"
train_02870,src_eb67a2ab38543c6a29b7,Normal,0,train,train_legacy,20,2,0,2,True,0,{}
train_03313,src_eb6d4abe411f6cd2999c,Depression,1,train,train_legacy,383,2,1,2,True,0,"{""sbert"": 1}"
train_00016,src_eb70e6ec97dabd07342d,Bipolar,3,train,train_legacy,617,2,0,2,True,0,{}
train_02335,src_eb74dce14ee5db3f4715,Depression,1,train,train_legacy,106,2,1,2,True,0,"{""sbert"": 1}"
test_01126,src_eb794b6e6d9a90fb322b,Normal,0,test,test_nested,14,0,5,1,False,1,"{""duplicate"": 1, ""length_ratio"": 2, ""sbert"": 1}"
test_01070,src_eb8707fee9e8ac656607,Anxiety,2,test,test_nested,443,0,2,2,True,0,{}
val_search_00226,src_eb8ae9cd2452d0944fba,Anxiety,2,train,train_added,417,2,1,2,True,0,"{""meta_commentary"": 1}"
train_02264,src_eb8dcebf3262094e3993,Normal,0,train,train_legacy,22,2,5,1,False,1,"{""length_ratio"": 2, ""sbert"": 4}"
train_02282,src_eb924e9b4a4641c40da9,Depression,1,train,train_legacy,433,2,0,2,True,0,{}
train_04349,src_eb9d90d31a2d6dd6a614,Normal,0,train,train_legacy,11,2,5,0,False,2,"{""length_ratio"": 6, ""sbert"": 1}"
train_03880,src_eb9ec1c6b9baa9848f72,Bipolar,3,train,train_legacy,460,2,0,2,True,0,{}
train_01331,src_eba37a5fe938b7da11e3,Normal,0,train,train_legacy,48,2,3,2,True,0,"{""length_ratio"": 1, ""sbert"": 2}"
test_02410,src_eba3d0176b8ad441ed44,Normal,0,test,test_nested,41,0,5,1,False,1,"{""sbert"": 4}"
train_01960,src_eba686046a7a0623b490,Bipolar,3,train,train_legacy,291,2,0,2,True,0,{}
train_04330,src_ebae0138ac77ae51674d,Anxiety,2,train,train_legacy,75,2,1,2,True,0,"{""length_ratio"": 1}"
train_03592,src_ebcba172107514def66c,Bipolar,3,train,train_legacy,1236,2,0,2,True,0,{}
val_confirm_00409,src_ebce1acc620d33a2ec15,Normal,0,train,train_added,15,2,5,0,False,2,"{""length_ratio"": 6, ""sbert"": 1}"
train_01044,src_ebd61c4c06de070410b6,Depression,1,train,train_legacy,253,2,0,2,True,0,{}
val_confirm_00199,src_ebdda37262e3f7a911d9,Normal,0,train,train_added,85,2,3,2,True,0,"{""length_ratio"": 3}"
train_00465,src_ebecb950dc28ac33a03c,Anxiety,2,train,train_legacy,302,2,0,2,True,0,{}
test_00376,src_ebf298a099f17776d2a4,Depression,1,test,test_nested,1771,0,2,2,True,0,{}
train_04545,src_ebf64f7228cf56d8753a,Depression,1,train,train_legacy,928,2,0,2,True,0,{}
train_04958,src_ebfaffdb6e39fbaa0b43,Bipolar,3,train,train_legacy,298,2,0,2,True,0,{}
train_04189,src_ebff8b266c8348fdeced,Anxiety,2,train,train_legacy,2087,2,1,2,True,0,"{""meta_commentary"": 1}"
test_01532,src_ec01399e054766dc630f,Normal,0,test,test_nested,63,0,2,2,True,0,{}
train_05548,src_ec07945d7d5cb17a73e6,Depression,1,train,train_legacy,751,2,0,2,True,0,{}
train_01598,src_ec0abf0a14182478bd9f,Normal,0,train,train_legacy,80,2,2,2,True,0,"{""length_ratio"": 1, ""sbert"": 1}"
train_01941,src_ec12f232d9e926ec6369,Anxiety,2,train,train_legacy,805,2,4,2,True,0,"{""meta_commentary"": 4}"
test_02013,src_ec22717c5f0f7fb04569,Normal,0,test,test_nested,22,0,5,0,False,2,"{""length_ratio"": 5}"
test_00893,src_ec2397cb561a372fea90,Depression,1,test,test_nested,417,0,2,2,True,0,{}
train_01360,src_ec3804cf7998b05e78aa,Depression,1,train,train_legacy,2324,2,0,2,True,0,{}
train_01265,src_ec5610f709ab9e898420,Normal,0,train,train_legacy,31,2,5,1,False,1,"{""length_ratio"": 5, ""sbert"": 1}"
train_03563,src_ec5947bfb0cf85ae12b9,Depression,1,train,train_legacy,88,2,5,0,False,2,"{""length_ratio"": 6, ""sbert"": 1}"
train_00282,src_ec5ff5bd6cfdd47ea32a,Anxiety,2,train,train_legacy,60,2,0,2,True,0,{}
test_01559,src_ec7036f51fc45002713b,Depression,1,test,test_nested,261,0,2,2,True,0,{}
train_03384,src_ec729d516d3e54a82754,Anxiety,2,train,train_legacy,487,2,0,2,True,0,{}
test_01912,src_ec7b71c2d5bcf3fbab84,Anxiety,2,test,test_nested,2254,0,2,2,True,0,{}
train_01584,src_ec7c6904f775d2ff3077,Depression,1,train,train_legacy,671,2,0,2,True,0,{}
val_confirm_00010,src_eca4d2e4fbf12cc4dbb0,Normal,0,train,train_added,50,2,0,2,True,0,{}
train_05817,src_ecb3f9e91541f24d57d5,Bipolar,3,train,train_legacy,1457,2,5,1,False,1,"{""meta_commentary"": 6}"
train_03235,src_ecb42897b156b624ff47,Depression,1,train,train_legacy,1336,2,0,2,True,0,{}
train_04819,src_ecb87812fcdc497c36f0,Depression,1,train,train_legacy,209,2,0,2,True,0,{}
test_01028,src_ecb90c2fe2ed4339df2a,Depression,1,train,train_added,283,2,0,2,True,0,{}
train_04383,src_ecbe57536a5c41ce8c88,Bipolar,3,train,train_legacy,1488,2,0,2,True,0,{}
train_05776,src_ecd07e600d274c6c7763,Bipolar,3,train,train_legacy,189,2,0,2,True,0,{}
train_03622,src_ecd15aa0abb24c509601,Bipolar,3,train,train_legacy,437,2,0,2,True,0,{}
test_01327,src_ecd47deb1e002579e109,Depression,1,test,test_nested,924,0,2,2,True,0,{}
train_04099,src_ecd6bf04340cc05dd55f,Depression,1,train,train_legacy,2916,2,0,2,True,0,{}
train_02214,src_ecdbfa704f8e87348449,Anxiety,2,train,train_legacy,123,2,1,2,True,0,{}
train_03789,src_ece098a36a0e1a67ef5c,Anxiety,2,train,train_legacy,93,2,0,2,True,0,{}
train_05512,src_ece09e3b09c143dded0f,Anxiety,2,train,train_legacy,70,2,1,2,True,0,"{""sbert"": 1}"
val_search_00069,src_eceab35df35c35da33e7,Bipolar,3,train,train_added,283,2,0,2,True,0,{}
train_00185,src_ecef2144fe3030f5bef6,Normal,0,train,train_legacy,29,2,0,2,True,0,{}
train_05021,src_ecf00413557d10e82fa9,Normal,0,train,train_legacy,58,2,5,0,False,2,"{""length_ratio"": 7}"
train_02360,src_ed07797030ac372b4d48,Bipolar,3,train,train_legacy,328,2,0,2,True,0,{}
train_01309,src_ed0a16abcb4c4f04a707,Normal,0,train,train_legacy,87,2,5,0,False,2,"{""refusal"": 7}"
train_01564,src_ed137587a77fc860bf7c,Bipolar,3,train,train_legacy,2064,2,0,2,True,0,{}
train_05434,src_ed23661596849070231d,Normal,0,train,train_legacy,43,2,0,2,True,0,{}
train_02757,src_ed25563c007a03370250,Normal,0,train,train_legacy,63,2,0,2,True,0,{}
test_02060,src_ed2f1241feaf57350366,Depression,1,test,test_nested,629,0,2,2,True,0,{}
train_02969,src_ed402ba8b94dd9a47d2d,Depression,1,train,train_legacy,272,2,0,2,True,0,{}
test_00830,src_ed4f207314967b5a07d4,Depression,1,train,train_added,230,2,0,2,True,0,{}
test_00580,src_ed4f34e6539c4de8aa17,Bipolar,3,test,test_nested,1019,0,2,2,True,0,{}
train_03756,src_ed58ea73de2d3496b3e9,Bipolar,3,train,train_legacy,824,2,0,2,True,0,{}
train_01855,src_ed5995ef8b05042f69f6,Anxiety,2,train,train_legacy,1013,2,0,2,True,0,{}
train_01383,src_ed5a1181d033ccaf5bbb,Bipolar,3,train,train_legacy,353,2,0,2,True,0,{}
train_01616,src_ed5b07421af5b6ec1998,Normal,0,train,train_legacy,371,2,0,2,True,0,{}
test_01726,src_ed63faa93d3db8bbefda,Depression,1,test,test_nested,2406,0,2,2,True,0,{}
train_00238,src_ed6c585aa8ceab503d3b,Normal,0,train,train_legacy,29,2,5,0,False,2,"{""length_ratio"": 6, ""sbert"": 1}"
train_03851,src_ed72d28e83ee5a7f7eb0,Depression,1,train,train_legacy,310,2,0,2,True,0,{}
train_05167,src_ed7a67cc38a5ea2ce9d1,Normal,0,train,train_legacy,14,2,5,0,False,2,"{""length_ratio"": 2, ""sbert"": 5}"
test_01422,src_ed8826da7c21db0209dd,Depression,1,test,test_nested,1409,0,2,2,True,0,{}
train_04820,src_ed88f200a21323622703,Bipolar,3,train,train_legacy,186,2,0,2,True,0,{}
train_00973,src_ed9cadb8f7ee93f84d5a,Anxiety,2,train,train_legacy,244,2,0,2,True,0,{}
train_01133,src_ed9f783c62c7b85a1878,Normal,0,train,train_legacy,148,2,0,2,True,0,{}
test_00277,src_edaddbec45c4e11ffbaa,Anxiety,2,test,test_nested,121,0,5,0,False,2,"{""refusal"": 5}"
train_01172,src_edb08dfefca7ccb82b9c,Anxiety,2,train,train_legacy,1817,2,1,2,True,0,"{""meta_commentary"": 1}"
train_03996,src_edbad56e90835eb4ca68,Depression,1,train,train_legacy,301,2,0,2,True,0,{}
test_00552,src_edc198717ac374b30a8f,Bipolar,3,test,test_nested,513,0,2,2,True,0,{}
train_04841,src_edcc0892514a94a4d97d,Normal,0,train,train_legacy,45,2,2,2,True,0,"{""length_ratio"": 1, ""sbert"": 1}"
test_01124,src_eddccea139adfdbbb582,Depression,1,test,test_nested,479,0,2,2,True,0,{}
train_03692,src_ede0d60b6ab45fbe5153,Anxiety,2,train,train_legacy,291,2,0,2,True,0,{}
train_01735,src_ede6eb95dc27c7ad00ad,Anxiety,2,train,train_legacy,4241,2,5,1,False,1,"{""meta_commentary"": 6}"
test_00815,src_edf90cecd08376c35417,Depression,1,test,test_nested,773,0,2,2,True,0,{}
train_01749,src_edfaeadef6c27cf199d3,Anxiety,2,train,train_legacy,39,2,5,0,False,2,"{""length_ratio"": 5, ""sbert"": 2}"
test_02227,src_ee0d08683d6800781249,Anxiety,2,test,test_nested,866,0,2,2,True,0,{}
train_04871,src_ee0eb90ca53191859c52,Normal,0,train,train_legacy,55,2,5,1,False,1,"{""length_ratio"": 6}"
train_00994,src_ee1324e71dfbac0768d4,Anxiety,2,train,train_legacy,1261,2,0,2,True,0,{}
train_00775,src_ee210eab4564dffcd9ad,Anxiety,2,train,train_legacy,254,2,0,2,True,0,{}
train_03654,src_ee23b331ac9c54b9c7a9,Normal,0,train,train_legacy,28,2,5,1,False,1,"{""length_ratio"": 6}"
train_00553,src_ee3003f8617016ab0155,Bipolar,3,train,train_legacy,1414,2,0,2,True,0,{}
train_00155,src_ee42a14e716b0eb04d01,Anxiety,2,train,train_legacy,1703,2,0,2,True,0,{}
train_01343,src_ee52f63e83f19969e898,Anxiety,2,train,train_legacy,45,2,0,2,True,0,{}
train_00879,src_ee62c1b43ac48973efe4,Depression,1,train,train_legacy,88,2,0,2,True,0,{}
train_00800,src_ee6395c41c7f5d51b1a9,Anxiety,2,train,train_legacy,612,2,0,2,True,0,{}
test_01018,src_ee6555b5208ccc667212,Depression,1,test,test_nested,167,0,5,1,False,1,"{""length_ratio"": 4}"
train_04558,src_ee6997523c4d55ce0b1f,Bipolar,3,train,train_legacy,838,2,1,2,True,0,"{""meta_commentary"": 1}"
train_01423,src_ee7497e9814c828aabbc,Bipolar,3,train,train_legacy,1097,2,0,2,True,0,{}
train_03051,src_ee795321b977281189bf,Normal,0,train,train_legacy,13,2,1,2,True,0,"{""length_ratio"": 1}"
train_00134,src_ee7b7afc2728e426e3df,Bipolar,3,train,train_legacy,619,2,0,2,True,0,{}
test_01818,src_ee9a3f280677e63d6e0f,Bipolar,3,test,test_nested,445,0,2,2,True,0,{}
test_01552,src_ee9b29fe40191d684893,Depression,1,test,test_nested,406,0,2,2,True,0,{}
train_04546,src_ee9c4d820527a1f17b76,Normal,0,train,train_legacy,85,2,0,2,True,0,{}
train_01230,src_ee9dbbf78e2b45de3ed1,Anxiety,2,train,train_legacy,92,2,5,1,False,1,"{""sbert"": 6}"
train_02834,src_eea2fd1a7e606196dcf5,Anxiety,2,train,train_legacy,166,2,0,2,True,0,{}
train_01275,src_eeae56f4b2c05abad468,Bipolar,3,train,train_legacy,764,2,0,2,True,0,{}
test_01243,src_eeb1c03ee4694d829bed,Depression,1,test,test_nested,579,0,2,2,True,0,{}
train_02446,src_eeb1c1db4a7e51307217,Depression,1,train,train_legacy,219,2,0,2,True,0,{}
train_04088,src_eebb1fa38ab13a44f1b1,Anxiety,2,train,train_legacy,1664,2,0,2,True,0,{}
train_05737,src_eebe495b25d9b14e6986,Anxiety,2,train,train_legacy,532,2,0,2,True,0,{}
train_04220,src_eec3530796335a079716,Anxiety,2,train,train_legacy,189,2,0,2,True,0,{}
train_00346,src_eec9964c44d971c46f7f,Normal,0,train,train_legacy,89,2,1,2,True,0,"{""sbert"": 1}"
test_01297,src_eed17a346dcfc2a909be,Anxiety,2,train,train_added,832,2,0,2,True,0,{}
test_00313,src_eed2eabf012836599e89,Bipolar,3,train,train_added,466,2,0,2,True,0,{}
train_04409,src_eedc259c95e4910f1822,Anxiety,2,train,train_legacy,495,2,0,2,True,0,{}
test_01735,src_eee5a4b23b769a3a7886,Depression,1,test,test_nested,36,0,5,0,False,2,"{""length_ratio"": 1, ""sbert"": 4}"
train_05224,src_eee77b777ec5f5e87615,Normal,0,train,train_legacy,370,2,0,2,True,0,{}
train_05191,src_eeec1642627648b58878,Anxiety,2,train,train_legacy,921,2,0,2,True,0,{}
train_03803,src_eef309102cac656ede8c,Anxiety,2,train,train_legacy,1463,2,0,2,True,0,{}
test_02462,src_eef83dd80e971e1e26fb,Normal,0,test,test_nested,52,0,5,0,False,2,"{""sbert"": 5}"
train_03517,src_eefbda967663d69d4ad5,Normal,0,train,train_legacy,64,2,1,2,True,0,"{""sbert"": 1}"
train_00996,src_ef032aaa06be198c2a98,Depression,1,train,train_legacy,541,2,0,2,True,0,{}
train_05714,src_ef0b2c6831b39dd782a7,Anxiety,2,train,train_legacy,33,2,5,0,False,2,"{""length_ratio"": 7}"
val_confirm_01042,src_ef1700b18451fe91fee2,Normal,0,train,train_added,22,2,5,0,False,2,"{""length_ratio"": 3, ""sbert"": 4}"
test_01610,src_ef17e69c3aea3e9b0ed5,Normal,0,test,test_nested,40,0,2,2,True,0,{}
test_00833,src_ef19602c1c1c6fbb5bd2,Anxiety,2,test,test_nested,29,0,3,2,True,0,"{""length_ratio"": 1}"
train_01509,src_ef1967cc0bf27edba102,Normal,0,train,train_legacy,36,2,0,2,True,0,{}
train_02943,src_ef19692e895346254907,Bipolar,3,train,train_legacy,2578,2,0,2,True,0,{}
train_00804,src_ef2107bc325f3081cf93,Anxiety,2,train,train_legacy,239,2,2,2,True,0,"{""length_ratio"": 2}"
train_01897,src_ef23b6aa349c4332abea,Anxiety,2,train,train_legacy,435,2,0,2,True,0,{}
train_02603,src_ef260d4e8fc33ddf2443,Anxiety,2,train,train_legacy,99,2,0,2,True,0,{}
test_00533,src_ef3295b0be02158df442,Normal,0,test,test_nested,67,0,2,2,True,0,{}
train_04945,src_ef32ea8c7492041dffd4,Normal,0,train,train_legacy,105,2,5,0,False,2,"{""length_ratio"": 3, ""meta_commentary"": 1, ""sbert"": 3}"
train_05483,src_ef454dea89a25ee6a3cd,Anxiety,2,train,train_legacy,2787,2,0,2,True,0,{}
train_01161,src_ef5604c967682f2f5798,Bipolar,3,train,train_legacy,406,2,0,2,True,0,{}
train_02818,src_ef5a006f493daf140847,Normal,0,train,train_legacy,28,2,0,2,True,0,{}
test_00896,src_ef60a3b83ade68c92daf,Depression,1,test,test_nested,892,0,2,2,True,0,{}
train_00919,src_ef6254d116c96caffb28,Bipolar,3,train,train_legacy,1051,2,0,2,True,0,{}
train_03018,src_ef6a6a60c1e51ada99f7,Normal,0,train,train_legacy,55,2,0,2,True,0,{}
train_00496,src_ef6ec2e627004d21a979,Anxiety,2,train,train_legacy,3447,2,1,2,True,0,"{""meta_commentary"": 1}"
train_02527,src_ef7285faf63e603715d1,Normal,0,train,train_legacy,116,2,0,2,True,0,{}
train_04459,src_ef8a11e896bea1da64f7,Depression,1,train,train_legacy,947,2,1,2,True,0,"{""meta_commentary"": 1}"
train_03754,src_ef8c896a15b7c78b8344,Depression,1,train,train_legacy,2387,2,0,2,True,0,{}
test_01916,src_ef916bf403bdeb6c6bcd,Anxiety,2,train,train_added,35,2,5,1,False,1,"{""length_ratio"": 2, ""sbert"": 4}"
train_02395,src_ef940afe8f2d5a647390,Bipolar,3,train,train_legacy,2460,2,0,2,True,0,{}
train_03292,src_efaa46bd9f73b07f908b,Normal,0,train,train_legacy,29,2,5,0,False,2,"{""length_ratio"": 1, ""sbert"": 6}"
train_05220,src_efafca645150ff2f5ac2,Depression,1,train,train_legacy,784,2,0,2,True,0,{}
train_00335,src_efb10aabe541557ac924,Bipolar,3,train,train_legacy,452,2,0,2,True,0,{}
test_01776,src_efb624129c38f03de4d7,Bipolar,3,train,train_added,994,2,0,2,True,0,{}
train_03891,src_efb7535c5486aca868d8,Anxiety,2,train,train_legacy,628,2,0,2,True,0,{}
train_02444,src_efb7a3642a877d2ea68b,Anxiety,2,train,train_legacy,133,2,0,2,True,0,{}
train_04474,src_efca32f1e3457acd6829,Anxiety,2,train,train_legacy,153,2,0,2,True,0,{}
test_00503,src_efcd4267e97ebd20eb1d,Normal,0,test,test_nested,345,0,2,2,True,0,{}
test_01705,src_efd16c1d613231c46273,Depression,1,test,test_nested,490,0,2,2,True,0,{}
train_01212,src_efd868d3ec5428795a57,Bipolar,3,train,train_legacy,4401,2,0,2,True,0,{}
train_02825,src_efda59fbb6410b2683e6,Anxiety,2,train,train_legacy,1251,2,1,2,True,0,"{""meta_commentary"": 1}"
train_03749,src_efe63c0be3d12218a56c,Depression,1,train,train_legacy,3447,2,0,2,True,0,{}
test_00916,src_efef9e6980c38253dd0f,Depression,1,test,test_nested,278,0,3,2,True,0,"{""length_ratio"": 1}"
train_05122,src_eff842f6d1e845eea30e,Bipolar,3,train,train_legacy,410,2,0,2,True,0,{}
train_02536,src_eff9c89fff1f54288ac2,Bipolar,3,train,train_legacy,940,2,0,2,True,0,{}
test_00101,src_eff9d7b406c60b152b6c,Depression,1,test,test_nested,161,0,2,2,True,0,{}
test_02330,src_effa8c6bb9d40a359c78,Bipolar,3,test,test_nested,2826,0,2,2,True,0,{}
train_05620,src_f006147fbea292f679f5,Normal,0,train,train_legacy,67,2,5,2,True,0,"{""length_ratio"": 3, ""sbert"": 2}"
test_02241,src_f00b57dba1449a7d4b78,Depression,1,test,test_nested,545,0,2,2,True,0,{}
train_04750,src_f00c025e482461694476,Depression,1,train,train_legacy,2354,2,0,2,True,0,{}
test_01504,src_f00f15d2ccd5c51aca47,Depression,1,train,train_added,743,2,0,2,True,0,{}
test_01899,src_f015abfe4edd6cc90ab6,Anxiety,2,train,train_added,598,2,0,2,True,0,{}
train_05629,src_f02254d503b399d54bd0,Depression,1,train,train_legacy,89,2,5,0,False,2,"{""length_ratio"": 6, ""refusal"": 1}"
train_01576,src_f039734fe36278aee6ad,Depression,1,train,train_legacy,1600,2,0,2,True,0,{}
train_01724,src_f052f5885c67e190608a,Anxiety,2,train,train_legacy,1439,2,1,2,True,0,"{""meta_commentary"": 1}"
train_02762,src_f053f9ce67c1ff9bce36,Bipolar,3,train,train_legacy,416,2,1,2,True,0,"{""meta_commentary"": 1}"
test_00587,src_f0654f12335978024405,Depression,1,test,test_nested,369,0,2,2,True,0,{}
train_05128,src_f06ec99bb33d883478bf,Anxiety,2,train,train_legacy,1052,2,0,2,True,0,{}
test_02072,src_f07468eb6ac0a352fd76,Anxiety,2,test,test_nested,57,0,3,2,True,0,"{""sbert"": 1}"
train_05149,src_f07673925b13f3d65700,Bipolar,3,train,train_legacy,281,2,0,2,True,0,{}
train_05605,src_f099ff5ae4c255dfa979,Depression,1,train,train_legacy,1871,2,1,2,True,0,"{""meta_commentary"": 1}"
test_00175,src_f09a62b3924aa85bd883,Depression,1,test,test_nested,582,0,5,0,False,2,"{""length_ratio"": 1, ""refusal"": 4}"
train_02415,src_f09e0321f85138b36426,Bipolar,3,train,train_legacy,1048,2,0,2,True,0,{}
test_00539,src_f0a1758603b1fe3a63e2,Depression,1,test,test_nested,290,0,2,2,True,0,{}
train_01994,src_f0acd9be143e69ebc047,Normal,0,train,train_legacy,53,2,3,2,True,0,"{""length_ratio"": 2, ""sbert"": 1}"
test_02363,src_f0b3ff3c850973b093e5,Depression,1,train,train_added,718,2,0,2,True,0,{}
test_00431,src_f0c3059458116a318de3,Normal,0,train,train_added,78,2,0,2,True,0,{}
test_01405,src_f0c96c833679290ec1f7,Anxiety,2,test,test_nested,3609,0,3,2,True,0,"{""length_ratio"": 1}"
train_05095,src_f0d287fc266a3801c42d,Anxiety,2,train,train_legacy,791,2,0,2,True,0,{}
train_04650,src_f0db9760f3d92d92a67b,Depression,1,train,train_legacy,1390,2,0,2,True,0,{}
val_confirm_01082,src_f0dcba6c3b69befb0999,Anxiety,2,train,train_added,90,2,4,2,True,0,"{""length_ratio"": 1, ""sbert"": 3}"
test_00760,src_f0e3f011f1005ca5ee8a,Bipolar,3,train,train_added,294,2,0,2,True,0,{}
train_01845,src_f0ea9acc820487ab25b3,Normal,0,train,train_legacy,28,2,0,2,True,0,{}
train_01445,src_f0f25c2f60314e3d714f,Normal,0,train,train_legacy,82,2,0,2,True,0,{}
train_01578,src_f1033c441c9179833307,Bipolar,3,train,train_legacy,1047,2,0,2,True,0,{}
train_02040,src_f1041f01b17231a65938,Normal,0,train,train_legacy,28,2,0,2,True,0,{}
train_02538,src_f104e58c110aacae5c57,Depression,1,train,train_legacy,1388,2,0,2,True,0,{}
train_05600,src_f106e3e9525a094f7335,Depression,1,train,train_legacy,1752,2,0,2,True,0,{}
test_00938,src_f10a11b7f17182b871e8,Anxiety,2,test,test_nested,75,0,5,1,False,1,"{""sbert"": 4}"
train_03251,src_f1172b0a6a29c1b0acbf,Anxiety,2,train,train_legacy,558,2,0,2,True,0,{}
test_01419,src_f11e177e9eecbb84653f,Depression,1,train,train_added,1315,2,0,2,True,0,{}
train_04591,src_f11f12839b1665f555ad,Depression,1,train,train_legacy,460,2,0,2,True,0,{}
train_00418,src_f11f496fca98c7ea8fbc,Bipolar,3,train,train_legacy,1057,2,0,2,True,0,{}
train_03022,src_f12b95b456cdca44bc1b,Anxiety,2,train,train_legacy,3309,2,4,2,True,0,"{""meta_commentary"": 4}"
train_01057,src_f12e5b1f50500c5c1a9a,Anxiety,2,train,train_legacy,16,2,5,0,False,2,"{""length_ratio"": 7}"
test_02318,src_f131d77a7031b806afba,Bipolar,3,test,test_nested,241,0,2,2,True,0,{}
train_04647,src_f134d6541dae8ec51831,Normal,0,train,train_legacy,26,2,0,2,True,0,{}
train_03123,src_f14f1829eea1dab62357,Normal,0,train,train_legacy,36,2,5,1,False,1,"{""length_ratio"": 1, ""sbert"": 5}"
train_05930,src_f151af30dccc28919ca5,Depression,1,train,train_legacy,324,2,0,2,True,0,{}
train_02626,src_f155f10335973e4d98a5,Bipolar,3,train,train_legacy,912,2,5,1,False,1,"{""meta_commentary"": 6}"
test_00294,src_f15a3073c4285f079747,Depression,1,test,test_nested,824,0,2,2,True,0,{}
train_03526,src_f15f5cf2c8e0bb90b6cb,Depression,1,train,train_legacy,210,2,0,2,True,0,{}
train_01113,src_f16768d315905f8f5ba1,Bipolar,3,train,train_legacy,652,2,0,2,True,0,{}
train_01594,src_f16d5ea8333713ebcf64,Bipolar,3,train,train_legacy,284,2,0,2,True,0,{}
train_05993,src_f1704e07ab84ca0c2a0a,Bipolar,3,train,train_legacy,1114,2,0,2,True,0,{}
test_01040,src_f17e2fcc2d71f0f06d3b,Anxiety,2,test,test_nested,2048,0,2,2,True,0,{}
train_00930,src_f18610268d8f8e1f0133,Normal,0,train,train_legacy,79,2,0,2,True,0,{}
train_05319,src_f18620dc7f55816e5c96,Bipolar,3,train,train_legacy,2366,2,0,2,True,0,{}
train_04631,src_f18b055fa93de9c3e540,Depression,1,train,train_legacy,793,2,0,2,True,0,{}
test_00336,src_f1902755666b237acaed,Depression,1,test,test_nested,533,0,2,2,True,0,{}
test_00647,src_f19358bd208d086abac6,Anxiety,2,train,train_added,86,2,1,2,True,0,"{""length_ratio"": 1}"
train_02735,src_f196afd8d201d7c31916,Anxiety,2,train,train_legacy,1249,2,0,2,True,0,{}
train_00264,src_f199e5536aa7326bc10f,Bipolar,3,train,train_legacy,3057,2,0,2,True,0,{}
train_02758,src_f1a094e8207fa6c9ac71,Anxiety,2,train,train_legacy,15,2,5,0,False,2,"{""length_ratio"": 5, ""sbert"": 2}"
train_01565,src_f1a149bc75a647091923,Depression,1,train,train_legacy,978,2,0,2,True,0,{}
train_01130,src_f1a2e2cfef8e02a90fa7,Bipolar,3,train,train_legacy,441,2,0,2,True,0,{}
test_02001,src_f1bcc5372d57f095ea53,Normal,0,test,test_nested,14,0,5,0,False,2,"{""length_ratio"": 3, ""sbert"": 2}"
train_05627,src_f1ce354889b308113746,Bipolar,3,train,train_legacy,878,2,1,2,True,0,"{""meta_commentary"": 1}"
test_01084,src_f1ce6925b202246707f1,Normal,0,test,test_nested,91,0,5,0,False,2,"{""length_ratio"": 5}"
test_02392,src_f1d127a2ceab0af46219,Bipolar,3,train,train_added,882,2,0,2,True,0,{}
train_00295,src_f1d8da80b931138f9ae1,Normal,0,train,train_legacy,46,2,0,2,True,0,{}
test_01601,src_f1dfad84d9050df9ebee,Bipolar,3,test,test_nested,1091,0,2,2,True,0,{}
train_00272,src_f1e94bb8a65deeda7e8b,Normal,0,train,train_legacy,52,2,4,2,True,0,"{""length_ratio"": 3, ""sbert"": 1}"
train_04258,src_f1ea1ddac63337df0a0f,Depression,1,train,train_legacy,211,2,0,2,True,0,{}
train_05360,src_f1ebcff5bed5596487a9,Bipolar,3,train,train_legacy,1225,2,0,2,True,0,{}
test_02049,src_f20019fc96bab699cdbc,Bipolar,3,test,test_nested,1702,0,2,2,True,0,{}
train_00832,src_f20475e71e756832196f,Depression,1,train,train_legacy,425,2,0,2,True,0,{}
val_confirm_00449,src_f2147855644ee3cc92fb,Bipolar,3,train,train_added,658,2,0,2,True,0,{}
train_01860,src_f21e5e3d5a09f3032f2a,Bipolar,3,train,train_legacy,517,2,0,2,True,0,{}
val_search_00068,src_f21f7d6db8f7e88f3c93,Normal,0,train,train_added,11,2,5,0,False,2,"{""sbert"": 7}"
train_02643,src_f2216527f1c3fc9f4a65,Depression,1,train,train_legacy,243,2,5,0,False,2,"{""refusal"": 7}"
train_00278,src_f22abd33ea7f981bf9cd,Depression,1,train,train_legacy,131,2,5,1,False,1,"{""refusal"": 6}"
test_00527,src_f22b4fbb2be4c5f922ad,Normal,0,test,test_nested,203,0,2,2,True,0,{}
train_00979,src_f22f8f4994629a488bdd,Depression,1,train,train_legacy,498,2,0,2,True,0,{}
train_03929,src_f24118dbf9986497053e,Depression,1,train,train_legacy,1076,2,0,2,True,0,{}
train_05844,src_f26b5e29cf6def2fc001,Normal,0,train,train_legacy,99,2,5,2,True,0,"{""refusal"": 5}"
train_02533,src_f271d67400d50c05bfcd,Bipolar,3,train,train_legacy,356,2,0,2,True,0,{}
train_00207,src_f275e128ced9b4852331,Anxiety,2,train,train_legacy,327,2,1,2,True,0,"{""length_ratio"": 1}"
test_01766,src_f2850cceeed1015a4911,Anxiety,2,test,test_nested,397,0,2,2,True,0,{}
test_02220,src_f2877be8d02e0aa2e429,Depression,1,test,test_nested,1442,0,3,2,True,0,"{""length_ratio"": 1}"
train_05208,src_f28ec1f69747430fae62,Depression,1,train,train_legacy,227,2,0,2,True,0,{}
train_00023,src_f28eef04190b76a5bdea,Depression,1,train,train_legacy,1383,2,0,2,True,0,{}
train_03206,src_f291c3cd9e6077f457dc,Normal,0,train,train_legacy,38,2,1,2,True,0,"{""length_ratio"": 1}"
test_00266,src_f295d1b3e8f607727633,Normal,0,test,test_nested,60,0,2,2,True,0,{}
train_02313,src_f29f3e577974d29e665b,Normal,0,train,train_legacy,25,2,3,2,True,0,"{""length_ratio"": 2, ""sbert"": 1}"
test_00772,src_f2ad0b3874d4bbd24121,Anxiety,2,train,train_added,139,2,1,2,True,0,"{""sbert"": 1}"
val_search_00297,src_f2b414a0068b004b8581,Normal,0,train,train_added,27,2,5,0,False,2,"{""meta_commentary"": 1, ""sbert"": 6}"
test_01732,src_f2bdc901ca4bf408be5c,Depression,1,test,test_nested,594,0,2,2,True,0,{}
train_02672,src_f2ca6a300ec53edb1adf,Normal,0,train,train_legacy,99,2,0,2,True,0,{}
test_02447,src_f2ca6e4dbb2d97fa2922,Anxiety,2,test,test_nested,339,0,2,2,True,0,{}
train_01507,src_f2cc93aaac20a16a3373,Bipolar,3,train,train_legacy,1773,2,0,2,True,0,{}
train_00043,src_f2d4b3e2fd19be55e40f,Bipolar,3,train,train_legacy,1385,2,0,2,True,0,{}
train_04042,src_f2dc348a4a6d8e38b92c,Bipolar,3,train,train_legacy,613,2,0,2,True,0,{}
train_03540,src_f2df739ea7d235326f48,Depression,1,train,train_legacy,1012,2,0,2,True,0,{}
train_01387,src_f2e11dca6577680eff36,Bipolar,3,train,train_legacy,624,2,0,2,True,0,{}
train_01607,src_f2e2a2bf5eb54691cbd3,Anxiety,2,train,train_legacy,1686,2,5,1,False,1,"{""meta_commentary"": 6}"
test_00609,src_f2e88a6fcb7fd59ed049,Normal,0,test,test_nested,63,0,2,2,True,0,{}
train_01975,src_f2ea1decfc8e12fe356e,Normal,0,train,train_legacy,35,2,3,2,True,0,"{""duplicate"": 1, ""length_ratio"": 2}"
train_04300,src_f2f0eb6e997801003c6f,Bipolar,3,train,train_legacy,819,2,0,2,True,0,{}
train_02372,src_f2f3d56296819245f391,Anxiety,2,train,train_legacy,652,2,1,2,True,0,"{""meta_commentary"": 1}"
train_00817,src_f300c54db142c3b1d798,Depression,1,train,train_legacy,168,2,1,2,True,0,"{""length_ratio"": 1}"
train_02681,src_f303e97741e1b3e4d166,Depression,1,train,train_legacy,3719,2,0,2,True,0,{}
test_02128,src_f307657747d79cfbfe5d,Depression,1,test,test_nested,837,0,2,2,True,0,{}
val_confirm_00962,src_f30ca8d15d9aad23f170,Anxiety,2,train,train_added,815,2,0,2,True,0,{}
test_00789,src_f310fb4d014517367dc6,Normal,0,test,test_nested,23,0,5,1,False,1,"{""length_ratio"": 2, ""sbert"": 2}"
val_confirm_01053,src_f316fee00f5c327642b6,Anxiety,2,train,train_added,2047,2,0,2,True,0,{}
test_01435,src_f31956be335204115447,Depression,1,test,test_nested,317,0,2,2,True,0,{}
test_01235,src_f32667c126f111961e7c,Depression,1,test,test_nested,935,0,2,2,True,0,{}
train_01013,src_f32889eff59715f77e1a,Anxiety,2,train,train_legacy,1406,2,0,2,True,0,{}
val_search_00222,src_f32c3f6b5e0fc5f83b01,Bipolar,3,train,train_added,260,2,1,2,True,0,"{""meta_commentary"": 1}"
train_04306,src_f33370ac233030084041,Normal,0,train,train_legacy,43,2,5,0,False,2,"{""length_ratio"": 1, ""sbert"": 6}"
train_04400,src_f33776d9e1e729377e87,Anxiety,2,train,train_legacy,1501,2,0,2,True,0,{}
test_01121,src_f33a8aa879e2166fa056,Bipolar,3,test,test_nested,1240,0,2,2,True,0,{}
train_01930,src_f3427c6491c116c05e3b,Normal,0,train,train_legacy,58,2,0,2,True,0,{}
test_02010,src_f344a5d41ced2e009f68,Anxiety,2,test,test_nested,581,0,3,2,True,0,"{""meta_commentary"": 1}"
test_00613,src_f35c680db37ce7a90e9d,Depression,1,test,test_nested,301,0,2,2,True,0,{}
val_search_00064,src_f35d8cfdadcd8dc72056,Bipolar,3,train,train_added,2104,2,0,2,True,0,{}
train_04699,src_f36096de9f760f02cdd6,Depression,1,train,train_legacy,1900,2,0,2,True,0,{}
test_00320,src_f3725a679db7472a16d3,Normal,0,train,train_added,31,2,5,0,False,2,"{""length_ratio"": 7}"
train_04879,src_f38b74c2cf952b257fe2,Normal,0,train,train_legacy,71,2,5,1,False,1,"{""length_ratio"": 2, ""meta_commentary"": 1, ""sbert"": 3}"
test_01292,src_f39096c9ca6bae974dc0,Anxiety,2,test,test_nested,2982,0,2,2,True,0,{}
train_04475,src_f39537e2de82fedee68e,Depression,1,train,train_legacy,192,2,5,0,False,2,"{""length_ratio"": 1, ""sbert"": 6}"
train_01667,src_f3a48c5551d9edf7685f,Bipolar,3,train,train_legacy,1924,2,0,2,True,0,{}
train_03288,src_f3a688735026c6783d99,Depression,1,train,train_legacy,2094,2,0,2,True,0,{}
train_01377,src_f3a81fc87f3250cd4365,Anxiety,2,train,train_legacy,303,2,0,2,True,0,{}
test_02202,src_f3a8f9153b8a68ea4bbf,Anxiety,2,test,test_nested,1214,0,2,2,True,0,{}
train_04199,src_f3afce9bc752376726bc,Anxiety,2,train,train_legacy,220,2,0,2,True,0,{}
train_05015,src_f3c32853c83298c80023,Anxiety,2,train,train_legacy,90,2,0,2,True,0,{}
train_05880,src_f3c9231cb5e65992cb9b,Depression,1,train,train_legacy,185,2,0,2,True,0,{}
train_01095,src_f3dcf3be5fd718d154fd,Bipolar,3,train,train_legacy,1368,2,0,2,True,0,{}
train_04706,src_f3e4d2498c948435964a,Depression,1,train,train_legacy,530,2,0,2,True,0,{}
train_04899,src_f3ea30bff6beb5fc736e,Depression,1,train,train_legacy,241,2,0,2,True,0,{}
train_02748,src_f3f786c60c19ca41f104,Bipolar,3,train,train_legacy,587,2,0,2,True,0,{}
train_05967,src_f4088e0c8ec41586a3bf,Anxiety,2,train,train_legacy,511,2,0,2,True,0,{}
train_01425,src_f410ac90a8550bdd09f8,Depression,1,train,train_legacy,813,2,0,2,True,0,{}
train_03602,src_f42cf2c8583405e8fcc9,Normal,0,train,train_legacy,19,2,5,1,False,1,"{""duplicate"": 4, ""length_ratio"": 1, ""sbert"": 1}"
train_02867,src_f42daa3c677bdb30ff9c,Anxiety,2,train,train_legacy,660,2,0,2,True,0,{}
train_02586,src_f4346938d2a982c56354,Anxiety,2,train,train_legacy,243,2,0,2,True,0,{}
train_04050,src_f43e94cd0a648588aa16,Bipolar,3,train,train_legacy,221,2,0,2,True,0,{}
train_04322,src_f43ffc6bd5d145648639,Depression,1,train,train_legacy,1442,2,0,2,True,0,{}
train_00209,src_f44917ee19beb9253ea9,Normal,0,train,train_legacy,63,2,5,2,True,0,"{""length_ratio"": 2, ""sbert"": 3}"
train_02308,src_f44a68cd594ce8efb354,Depression,1,train,train_legacy,1324,2,0,2,True,0,{}
val_confirm_00508,src_f45bd5895f9e751f370f,Depression,1,train,train_added,146,2,1,2,True,0,"{""length_ratio"": 1}"
train_05698,src_f4620eb755ab625cf14b,Anxiety,2,train,train_legacy,543,2,0,2,True,0,{}
train_02440,src_f464fb672c08cb0448f5,Bipolar,3,train,train_legacy,1159,2,0,2,True,0,{}
test_00200,src_f46829bddc9e9732899f,Depression,1,test,test_nested,1134,0,2,2,True,0,{}
train_02218,src_f477526b30760a7d1b33,Depression,1,train,train_legacy,575,2,0,2,True,0,{}
train_00364,src_f479f1a8f0f145bd2b46,Depression,1,train,train_legacy,945,2,0,2,True,0,{}
train_05681,src_f482f0b609d9ede6553a,Anxiety,2,train,train_legacy,1491,2,0,2,True,0,{}
test_00604,src_f4898dcc15584138993a,Bipolar,3,test,test_nested,257,0,2,2,True,0,{}
train_00455,src_f4915e307e05e83fbd7b,Normal,0,train,train_legacy,40,2,2,2,True,0,{}
train_02496,src_f495698945ae004e796e,Depression,1,train,train_legacy,239,2,5,0,False,2,"{""length_ratio"": 3, ""meta_commentary"": 1, ""sbert"": 3}"
train_01685,src_f49c43c75296caa94517,Anxiety,2,train,train_legacy,73,2,2,2,True,0,"{""sbert"": 2}"
train_00409,src_f4a4997d2745e4b3bc43,Anxiety,2,train,train_legacy,69,2,0,2,True,0,{}
train_04897,src_f4c17c6e4475caed0828,Depression,1,train,train_legacy,2887,2,0,2,True,0,{}
train_00669,src_f4ccce9eb544e72ec0fa,Normal,0,train,train_legacy,69,2,1,2,True,0,"{""length_ratio"": 1}"
train_03285,src_f4cd4ce0bc2323792dfd,Bipolar,3,train,train_legacy,163,2,0,2,True,0,{}
test_00714,src_f4d63c6e268a7ec32f1d,Normal,0,test,test_nested,30,0,2,2,True,0,{}
test_01872,src_f4dfcfbd9a971a18ed59,Anxiety,2,test,test_nested,303,0,2,2,True,0,{}
train_01555,src_f4e6f8696a533cccac4d,Anxiety,2,train,train_legacy,401,2,0,2,True,0,{}
train_02794,src_f4e769217817cccc8302,Anxiety,2,train,train_legacy,47,2,5,1,False,1,"{""length_ratio"": 4, ""sbert"": 2}"
train_00042,src_f4f3375193bb16e6585a,Anxiety,2,train,train_legacy,1009,2,0,2,True,0,{}
train_01828,src_f4f66797737feb90a5d8,Depression,1,train,train_legacy,3847,2,0,2,True,0,{}
train_04172,src_f4f8cd3e8cf854afbae5,Bipolar,3,train,train_legacy,262,2,0,2,True,0,{}
val_search_00380,src_f4fadedb8d25521ccf4f,Anxiety,2,train,train_added,321,2,0,2,True,0,{}
test_00411,src_f504b550951efeb03e22,Bipolar,3,test,test_nested,2467,0,2,2,True,0,{}
train_02688,src_f507956a95ca0b56275d,Anxiety,2,train,train_legacy,969,2,0,2,True,0,{}
train_02256,src_f507e18884b2ec69b2ca,Depression,1,train,train_legacy,981,2,0,2,True,0,{}
train_05133,src_f50e68e94924ebbf8532,Depression,1,train,train_legacy,495,2,0,2,True,0,{}
train_02951,src_f50e7b22025dfdbef474,Anxiety,2,train,train_legacy,1210,2,2,2,True,0,"{""meta_commentary"": 2}"
train_01587,src_f5221b33ce0614fd5865,Bipolar,3,train,train_legacy,893,2,0,2,True,0,{}
test_02257,src_f525251a1e24d8bcdf01,Anxiety,2,test,test_nested,237,0,2,2,True,0,{}
test_01925,src_f52c7672baec048a5892,Depression,1,test,test_nested,1235,0,2,2,True,0,{}
train_05375,src_f538d1f992691ab6e110,Bipolar,3,train,train_legacy,299,2,0,2,True,0,{}
train_05592,src_f5486b46f1be6ecb463b,Anxiety,2,train,train_legacy,302,2,0,2,True,0,{}
test_00275,src_f562e6dfeca91089d6a8,Depression,1,test,test_nested,878,0,2,2,True,0,{}
val_confirm_00461,src_f5670e49b3123b21707d,Normal,0,train,train_added,396,2,0,2,True,0,{}
test_00059,src_f56dc4470c884b2e7805,Bipolar,3,test,test_nested,1317,0,2,2,True,0,{}
val_confirm_00557,src_f56f73423d361b3a8210,Anxiety,2,train,train_added,186,2,0,2,True,0,{}
train_05973,src_f575fc1154be7ffe0e3d,Bipolar,3,train,train_legacy,948,2,0,2,True,0,{}
train_02136,src_f578ed670564e5d8daba,Normal,0,train,train_legacy,17,2,5,0,False,2,"{""length_ratio"": 7}"
train_02579,src_f58277ee70175dea76f3,Depression,1,train,train_legacy,902,2,0,2,True,0,{}
test_00630,src_f58c2b6fbcbb3b53815d,Anxiety,2,test,test_nested,1280,0,5,0,False,2,"{""meta_commentary"": 5}"
train_03451,src_f595aa6da6031fe4aac8,Anxiety,2,train,train_legacy,4378,2,5,0,False,2,"{""meta_commentary"": 7}"
train_03383,src_f598f086f52833cfe9e1,Bipolar,3,train,train_legacy,497,2,0,2,True,0,{}
test_01805,src_f59e6b6769f1c8e74c52,Anxiety,2,test,test_nested,88,0,3,2,True,0,"{""sbert"": 1}"
test_02149,src_f59eab82daa6802879f8,Anxiety,2,train,train_added,101,2,1,2,True,0,"{""length_ratio"": 1}"
train_00721,src_f5a30e8e118373548aa3,Bipolar,3,train,train_legacy,706,2,0,2,True,0,{}
val_search_00382,src_f5a543300b68d71abaa4,Anxiety,2,train,train_added,1995,2,0,2,True,0,{}
train_02795,src_f5a96629112743e47871,Depression,1,train,train_legacy,75,2,1,2,True,0,"{""length_ratio"": 1}"
val_confirm_01057,src_f5adcbf90e6e92bb21d1,Anxiety,2,train,train_added,8539,2,5,0,False,2,"{""length_ratio"": 7}"
train_02072,src_f5b145ed8758f1ee3e86,Normal,0,train,train_legacy,410,2,0,2,True,0,{}
test_00901,src_f5b5e7af3159d253dc06,Anxiety,2,test,test_nested,590,0,2,2,True,0,{}
train_04769,src_f5bec24a52f9357d5ad7,Bipolar,3,train,train_legacy,164,2,2,2,True,0,"{""length_ratio"": 2}"
test_01514,src_f5bf00bf36ae8534b555,Depression,1,test,test_nested,549,0,5,0,False,2,"{""refusal"": 5}"
test_01476,src_f5c2a56c818f7f9bd346,Normal,0,test,test_nested,33,0,5,0,False,2,"{""length_ratio"": 3, ""sbert"": 2}"
test_01387,src_f5c6781ebdac15482002,Normal,0,test,test_nested,128,0,5,0,False,2,"{""length_ratio"": 4, ""sbert"": 1}"
train_01114,src_f5ccb4f28c7c7ef5a2be,Depression,1,train,train_legacy,309,2,5,1,False,1,"{""sbert"": 6}"
train_05612,src_f5d3be3a04453ece1cfd,Anxiety,2,train,train_legacy,137,2,1,2,True,0,"{""length_ratio"": 1}"
train_02499,src_f5e69abe18e3dec24c0b,Bipolar,3,train,train_legacy,203,2,0,2,True,0,{}
test_02045,src_f5e6df7f7eea4702583b,Anxiety,2,test,test_nested,83,0,4,2,True,0,"{""length_ratio"": 2}"
train_03761,src_f5ede5a17f3370460c06,Normal,0,train,train_legacy,55,2,1,2,True,0,"{""sbert"": 1}"
train_04163,src_f5f060cb4d30e4da2317,Depression,1,train,train_legacy,55,2,4,2,True,0,"{""length_ratio"": 2, ""meta_commentary"": 2}"
test_02097,src_f5f1a29cf1d05db6c312,Bipolar,3,test,test_nested,421,0,2,2,True,0,{}
train_01627,src_f5f667323f9ffc29ca9a,Bipolar,3,train,train_legacy,338,2,0,2,True,0,{}
train_02714,src_f5fd31d5a0803e8cf182,Depression,1,train,train_legacy,36,2,5,0,False,2,"{""length_ratio"": 2, ""sbert"": 5}"
test_01804,src_f606447837fcb19ba31c,Depression,1,test,test_nested,193,0,3,2,True,0,"{""sbert"": 1}"
train_03119,src_f60b7f9f34897c3821be,Depression,1,train,train_legacy,78,2,4,2,True,0,"{""length_ratio"": 4}"
train_01382,src_f60f309269f9db6dae98,Depression,1,train,train_legacy,415,2,0,2,True,0,{}
train_04041,src_f6238197ea7619927f55,Anxiety,2,train,train_legacy,324,2,4,2,True,0,"{""length_ratio"": 4}"
test_01851,src_f6261be5783478da4365,Normal,0,test,test_nested,41,0,2,2,True,0,{}
train_05067,src_f634fe5a05594a89c2ab,Depression,1,train,train_legacy,1570,2,0,2,True,0,{}
train_05333,src_f63dc010c1c765b1e9f8,Depression,1,train,train_legacy,98,2,5,2,True,0,"{""length_ratio"": 5}"
train_05791,src_f6476235cccdee6c9c8d,Bipolar,3,train,train_legacy,226,2,0,2,True,0,{}
train_00969,src_f6480c2f46d77345550a,Depression,1,train,train_legacy,93,2,0,2,True,0,{}
train_04856,src_f6483584e800a7af4a2c,Anxiety,2,train,train_legacy,2486,2,1,2,True,0,"{""meta_commentary"": 1}"
train_01338,src_f6596be0852df30af049,Anxiety,2,train,train_legacy,719,2,0,2,True,0,{}
train_02987,src_f663a33ebbd5dea38631,Anxiety,2,train,train_legacy,1819,2,0,2,True,0,{}
train_02674,src_f66433e44900e020a75d,Depression,1,train,train_legacy,337,2,5,1,False,1,"{""refusal"": 6}"
val_confirm_00798,src_f67319f5214b7e6ce2d4,Bipolar,3,train,train_added,579,2,0,2,True,0,{}
train_03857,src_f685ebd0ae566d91b883,Bipolar,3,train,train_legacy,1329,2,0,2,True,0,{}
test_00089,src_f68eca9e49ea1884949f,Depression,1,test,test_nested,239,0,2,2,True,0,{}
train_05504,src_f6985728cf215a305597,Normal,0,train,train_legacy,116,2,0,2,True,0,{}
train_03461,src_f6991ea8deee473d8ea0,Anxiety,2,train,train_legacy,177,2,0,2,True,0,{}
train_04579,src_f6997724f61a7ea14ca6,Bipolar,3,train,train_legacy,143,2,0,2,True,0,{}
train_03436,src_f6a1b4d9c52bcc411424,Depression,1,train,train_legacy,1265,2,5,0,False,2,"{""refusal"": 7}"
train_02857,src_f6acb747cdc8af3063a1,Anxiety,2,train,train_legacy,198,2,0,2,True,0,{}
train_02375,src_f6c7e5cdea6612634045,Anxiety,2,train,train_legacy,84,2,4,2,True,0,"{""sbert"": 4}"
train_01631,src_f6ca78ec23edb8f3413d,Anxiety,2,train,train_legacy,128,2,0,2,True,0,{}
train_05838,src_f6cfc45f5fbc799a712f,Bipolar,3,train,train_legacy,651,2,0,2,True,0,{}
train_02293,src_f6cfc911b2f6f28cd768,Normal,0,train,train_legacy,76,2,0,2,True,0,{}
test_02059,src_f6d08294def9d3f0d978,Bipolar,3,test,test_nested,408,0,2,2,True,0,{}
train_01823,src_f6d0ee63c43d25aa4d1d,Depression,1,train,train_legacy,1617,2,0,2,True,0,{}
train_03137,src_f6d7d45ab80e1d44f4d0,Depression,1,train,train_legacy,1828,2,0,2,True,0,{}
train_03715,src_f6d7f4c9b6eb14299184,Anxiety,2,train,train_legacy,695,2,0,2,True,0,{}
train_03736,src_f6dd1310bbb756185b60,Normal,0,train,train_legacy,36,2,5,0,False,2,"{""length_ratio"": 1, ""sbert"": 6}"
train_02189,src_f6de80ec3986eba59ff3,Anxiety,2,train,train_legacy,2752,2,2,2,True,0,"{""meta_commentary"": 2}"
train_00792,src_f6ea9a06fbc9de09b208,Depression,1,train,train_legacy,180,2,5,0,False,2,"{""refusal"": 7}"
train_00543,src_f6ea9cd0305a3300bd6e,Normal,0,train,train_legacy,80,2,0,2,True,0,{}
train_00560,src_f6f07efc9d7bf70c6b57,Normal,0,train,train_legacy,14,2,5,1,False,1,"{""length_ratio"": 3, ""sbert"": 3}"
train_03325,src_f6f2d71c9a00ccd41c5c,Depression,1,train,train_legacy,127,2,1,2,True,0,"{""length_ratio"": 1}"
test_01883,src_f6f47320351c1f3308a3,Normal,0,train,train_added,52,2,5,1,False,1,"{""length_ratio"": 6}"
train_02449,src_f6f9106a72db20fd0bab,Anxiety,2,train,train_legacy,24,2,5,0,False,2,"{""length_ratio"": 5, ""sbert"": 2}"
train_01514,src_f6f9250799bdc5eb7272,Normal,0,train,train_legacy,66,2,1,2,True,0,"{""sbert"": 1}"
test_01586,src_f6fc0f60a4eef2c7dbb5,Normal,0,test,test_nested,40,0,5,1,False,1,"{""length_ratio"": 2, ""sbert"": 2}"
train_01781,src_f705ebce5d6316a7025f,Normal,0,train,train_legacy,123,2,1,2,True,0,"{""sbert"": 1}"
train_03087,src_f70aa058758ca328910a,Depression,1,train,train_legacy,957,2,0,2,True,0,{}
train_02700,src_f70fcfbc98fffdc51ed5,Bipolar,3,train,train_legacy,763,2,1,2,True,0,"{""meta_commentary"": 1}"
train_03276,src_f710b3ddc19db9b1c4c8,Normal,0,train,train_legacy,86,2,3,2,True,0,"{""sbert"": 3}"
test_01635,src_f71322d3af4a68f55a49,Anxiety,2,test,test_nested,1178,0,2,2,True,0,{}
train_00740,src_f71723a2050a3c1711d0,Normal,0,train,train_legacy,56,2,5,1,False,1,"{""sbert"": 6}"
train_03375,src_f71a18c5e289542cefb6,Normal,0,train,train_legacy,46,2,5,1,False,1,"{""length_ratio"": 2, ""sbert"": 4}"
train_02504,src_f73e747d9ed5fb15315e,Depression,1,train,train_legacy,674,2,0,2,True,0,{}
train_02162,src_f73f14bcc308798676ec,Bipolar,3,train,train_legacy,675,2,0,2,True,0,{}
train_02822,src_f748dbd522efc01c57ff,Normal,0,train,train_legacy,88,2,3,2,True,0,"{""length_ratio"": 2, ""sbert"": 1}"
train_05820,src_f749c8bf140ddb493304,Anxiety,2,train,train_legacy,291,2,0,2,True,0,{}
train_05514,src_f74b48828056a0646be1,Normal,0,train,train_legacy,37,2,5,0,False,2,"{""length_ratio"": 7}"
train_05028,src_f74fe4d58adbb9dd2197,Depression,1,train,train_legacy,123,2,1,2,True,0,"{""length_ratio"": 1}"
train_03762,src_f757346d8928e8c26601,Normal,0,train,train_legacy,59,2,5,0,False,2,"{""length_ratio"": 7}"
test_00988,src_f761bbbe61d8ee741f98,Depression,1,test,test_nested,357,0,2,2,True,0,{}
test_00711,src_f76a10d4371e76ee56c1,Normal,0,test,test_nested,25,0,5,0,False,2,"{""meta_commentary"": 1, ""refusal"": 4}"
test_00019,src_f776f038fe8ef43b3ea0,Bipolar,3,test,test_nested,1542,0,2,2,True,0,{}
train_04394,src_f77bc9459c7f45d13af8,Bipolar,3,train,train_legacy,879,2,0,2,True,0,{}
train_01898,src_f77cf640e42acc7e6c56,Anxiety,2,train,train_legacy,683,2,0,2,True,0,{}
test_02107,src_f78b71d845c9b40d5f4f,Normal,0,test,test_nested,79,0,2,2,True,0,{}
train_04512,src_f79e738075ce8e43503f,Anxiety,2,train,train_legacy,25,2,5,0,False,2,"{""length_ratio"": 5, ""sbert"": 2}"
test_01683,src_f7a25a9a1445ffea2820,Anxiety,2,test,test_nested,932,0,5,1,False,1,"{""meta_commentary"": 4}"
train_05868,src_f7a3df5bbd4bc2392fd2,Anxiety,2,train,train_legacy,1661,2,1,2,True,0,"{""refusal"": 1}"
train_05082,src_f7b1a5d476f77ceb0917,Bipolar,3,train,train_legacy,7596,2,5,0,False,2,"{""length_ratio"": 2, ""meta_commentary"": 5}"
train_00519,src_f7bcf99babf5ded89a17,Normal,0,train,train_legacy,13,2,2,2,True,0,"{""length_ratio"": 2}"
val_confirm_00262,src_f7c0b52141c009e7fafa,Normal,0,train,train_added,96,2,0,2,True,0,{}
train_01896,src_f7ce749602c31ce8be09,Bipolar,3,train,train_legacy,788,2,1,2,True,0,"{""meta_commentary"": 1}"
train_01051,src_f7d35d0b347cc97439b5,Normal,0,train,train_legacy,73,2,1,2,True,0,"{""sbert"": 1}"
train_02580,src_f7d75500fe2e049a93a0,Normal,0,train,train_legacy,80,2,3,2,True,0,"{""length_ratio"": 3}"
train_02563,src_f7e01734c2785f6b870b,Depression,1,train,train_legacy,591,2,0,2,True,0,{}
train_03541,src_f7e2f7d25caf82497fe0,Depression,1,train,train_legacy,1276,2,0,2,True,0,{}
val_search_00310,src_f7ee3e81cb55cdb50897,Normal,0,train,train_added,41,2,5,1,False,1,"{""length_ratio"": 2, ""sbert"": 4}"
train_05655,src_f7ff176e22de11abc2cb,Bipolar,3,train,train_legacy,1735,2,0,2,True,0,{}
test_01905,src_f800bda40236c0f6d999,Bipolar,3,test,test_nested,342,0,3,2,True,0,"{""meta_commentary"": 1}"
test_00010,src_f804f24c54ea6ff16785,Bipolar,3,train,train_added,1080,2,0,2,True,0,{}
test_01745,src_f805e983d7ce3e267361,Bipolar,3,train,train_added,1440,2,0,2,True,0,{}
train_05949,src_f80d86c3c380232cf93a,Depression,1,train,train_legacy,743,2,0,2,True,0,{}
train_05597,src_f8219f0617a26fb6ead6,Bipolar,3,train,train_legacy,800,2,0,2,True,0,{}
test_00450,src_f826deb2c9f14d60a7d9,Anxiety,2,test,test_nested,1195,0,2,2,True,0,{}
train_03684,src_f83af8c1fffdea9f3106,Anxiety,2,train,train_legacy,685,2,0,2,True,0,{}
train_00321,src_f843acc714e83f12107f,Anxiety,2,train,train_legacy,1766,2,0,2,True,0,{}
train_00077,src_f856f38d0d5d2b0b8c4e,Depression,1,train,train_legacy,526,2,0,2,True,0,{}
train_00489,src_f8570cdc6612daca0a62,Anxiety,2,train,train_legacy,100,2,5,0,False,2,"{""length_ratio"": 7}"
test_01984,src_f86049f0c86b6dcf047d,Normal,0,test,test_nested,27,0,5,1,False,1,"{""sbert"": 4}"
test_02011,src_f860897c84e99bce113d,Anxiety,2,test,test_nested,861,0,2,2,True,0,{}
test_01148,src_f863d5fc7d4991057e7b,Bipolar,3,test,test_nested,326,0,2,2,True,0,{}
train_02976,src_f867d17705e13e0b895e,Normal,0,train,train_legacy,99,2,4,2,True,0,"{""length_ratio"": 3, ""sbert"": 1}"
train_03272,src_f87a23d921e09d726da2,Depression,1,train,train_legacy,875,2,0,2,True,0,{}
test_00744,src_f87c825dd47e182f3b0e,Bipolar,3,train,train_added,633,2,0,2,True,0,{}
test_01819,src_f890da50e04368c46541,Anxiety,2,test,test_nested,4634,0,5,0,False,2,"{""length_ratio"": 5}"
train_05697,src_f899c09189ee6d5d9346,Depression,1,train,train_legacy,290,2,1,2,True,0,"{""length_ratio"": 1}"
train_03870,src_f89c428247fc63683995,Normal,0,train,train_legacy,41,2,0,2,True,0,{}
test_00652,src_f89fd846619c7d443a5f,Anxiety,2,test,test_nested,343,0,2,2,True,0,{}
test_00375,src_f8a5c409798c84e7a9cd,Bipolar,3,test,test_nested,1372,0,2,2,True,0,{}
train_02847,src_f8abf3ff35789bbaf822,Anxiety,2,train,train_legacy,729,2,0,2,True,0,{}
test_00482,src_f8ae4c445155a8c5b658,Bipolar,3,test,test_nested,1807,0,2,2,True,0,{}
train_01575,src_f8afe034195cc4c84769,Bipolar,3,train,train_legacy,3441,2,0,2,True,0,{}
test_02299,src_f8ccab1f65a545124b21,Bipolar,3,test,test_nested,216,0,2,2,True,0,{}
test_01893,src_f8ceb161c50b4258a98d,Normal,0,test,test_nested,81,0,2,2,True,0,{}
test_02251,src_f8e3ba5cea46404c6365,Normal,0,test,test_nested,85,0,5,0,False,2,"{""length_ratio"": 5}"
val_confirm_00937,src_f8e92b7fd697d8e4fcf9,Anxiety,2,train,train_added,949,2,0,2,True,0,{}
train_04877,src_f8ee83e4135ad28962c5,Depression,1,train,train_legacy,236,2,0,2,True,0,{}
test_02027,src_f8f70ed2976621ff1ff5,Normal,0,test,test_nested,14,0,5,0,False,2,"{""meta_commentary"": 4, ""refusal"": 1}"
train_02425,src_f8f9e3de03402a25b75e,Anxiety,2,train,train_legacy,1605,2,0,2,True,0,{}
train_03109,src_f8fbb17fe148b698b263,Depression,1,train,train_legacy,1166,2,0,2,True,0,{}
test_02346,src_f8fd7a27e3004b52dc21,Anxiety,2,test,test_nested,711,0,2,2,True,0,{}
test_01337,src_f8fe27b3e0e1af5479ed,Anxiety,2,test,test_nested,252,0,2,2,True,0,{}
test_01022,src_f9013aa5e47bfb6bf881,Anxiety,2,test,test_nested,657,0,4,2,True,0,"{""meta_commentary"": 2}"
train_00062,src_f9075032f466944b1677,Bipolar,3,train,train_legacy,775,2,0,2,True,0,{}
test_01797,src_f90ab3724073ab8555ef,Normal,0,test,test_nested,77,0,2,2,True,0,{}
test_02452,src_f9165ddb811c0ee63d12,Bipolar,3,test,test_nested,194,0,2,2,True,0,{}
test_00889,src_f916d154024e59d325cd,Depression,1,test,test_nested,250,0,5,0,False,2,"{""refusal"": 5}"
train_02306,src_f917401bab31cf600233,Anxiety,2,train,train_legacy,1016,2,1,2,True,0,"{""meta_commentary"": 1}"
train_01750,src_f91f91344ced7b039499,Anxiety,2,train,train_legacy,416,2,0,2,True,0,{}
train_02367,src_f926585ac9a7c6b6de4a,Normal,0,train,train_legacy,23,2,5,1,False,1,"{""duplicate"": 1, ""length_ratio"": 5}"
test_01433,src_f92bdb3383927bea4755,Normal,0,test,test_nested,48,0,5,0,False,2,"{""length_ratio"": 5}"
test_01198,src_f92c4c46e9f5bc5d4e5b,Anxiety,2,test,test_nested,273,0,2,2,True,0,{}
train_02161,src_f92e5960e4c5b1470f64,Bipolar,3,train,train_legacy,433,2,0,2,True,0,{}
train_01120,src_f92f1961f41b2bbf53fa,Normal,0,train,train_legacy,35,2,0,2,True,0,{}
train_05526,src_f94190a9fbf64ea4be6f,Bipolar,3,train,train_legacy,1359,2,0,2,True,0,{}
train_04925,src_f9461e4a83c173bbd7dc,Depression,1,train,train_legacy,102,2,5,0,False,2,"{""refusal"": 7}"
train_00645,src_f9478682a9127f0dc39f,Bipolar,3,train,train_legacy,1760,2,1,2,True,0,"{""meta_commentary"": 1}"
train_05865,src_f959cbc47a38922f323e,Anxiety,2,train,train_legacy,20,2,5,1,False,1,"{""duplicate"": 1, ""length_ratio"": 2, ""sbert"": 3}"
test_02386,src_f962570c6e555fe86972,Normal,0,test,test_nested,61,0,5,0,False,2,"{""sbert"": 5}"
train_04488,src_f96333c1124783b203ba,Normal,0,train,train_legacy,32,2,0,2,True,0,{}
train_00368,src_f96a0477a0483ba2430f,Bipolar,3,train,train_legacy,1677,2,1,2,True,0,"{""meta_commentary"": 1}"
test_00339,src_f96a70a221d7b4921c59,Normal,0,test,test_nested,18,0,5,0,False,2,"{""length_ratio"": 5}"
train_00430,src_f970ae57ba88fbb97f79,Depression,1,train,train_legacy,907,2,0,2,True,0,{}
train_04138,src_f972f1ca8ae9cfcaf038,Bipolar,3,train,train_legacy,316,2,5,1,False,1,"{""refusal"": 6}"
train_03159,src_f97e266e30ce063ce080,Normal,0,train,train_legacy,113,2,0,2,True,0,{}
train_05926,src_f97f1b0b5ed12898bb9b,Normal,0,train,train_legacy,38,2,5,0,False,2,"{""length_ratio"": 1, ""sbert"": 6}"
train_05321,src_f99d06241706c4e8450e,Normal,0,train,train_legacy,62,2,0,2,True,0,{}
train_04465,src_f99d5078b89c193d39fd,Normal,0,train,train_legacy,25,2,5,1,False,1,"{""length_ratio"": 1, ""sbert"": 5}"
test_01575,src_f9a03bfe56ca0d9fe198,Bipolar,3,train,train_added,641,2,0,2,True,0,{}
train_01963,src_f9a0c25a20879e4e8bfa,Normal,0,train,train_legacy,104,2,3,2,True,0,"{""sbert"": 3}"
train_01386,src_f9af33267e8923457723,Depression,1,train,train_legacy,1485,2,0,2,True,0,{}
train_01042,src_f9b85fe3d0b8f22005d4,Bipolar,3,train,train_legacy,979,2,0,2,True,0,{}
test_02339,src_f9c5b77406a4861e83e1,Bipolar,3,train,train_added,639,2,1,2,True,0,"{""meta_commentary"": 1}"
test_00133,src_f9d1828e1d1490d31fc9,Bipolar,3,test,test_nested,315,0,2,2,True,0,{}
train_04315,src_f9e4eef4605b7f57a824,Depression,1,train,train_legacy,467,2,0,2,True,0,{}
train_03241,src_fa020200024622e89482,Bipolar,3,train,train_legacy,243,2,0,2,True,0,{}
train_02872,src_fa0e6949d3c067c1932b,Anxiety,2,train,train_legacy,1338,2,0,2,True,0,{}
train_03342,src_fa0f1eb1c0e0318cc9de,Anxiety,2,train,train_legacy,2100,2,0,2,True,0,{}
test_00622,src_fa1383e2d374080044e8,Anxiety,2,test,test_nested,720,0,2,2,True,0,{}
train_03338,src_fa2585f4172774dfa038,Bipolar,3,train,train_legacy,1101,2,0,2,True,0,{}
train_01596,src_fa2f986a129abe17896d,Depression,1,train,train_legacy,281,2,0,2,True,0,{}
train_03339,src_fa3b9b89a4e92da23304,Normal,0,train,train_legacy,38,2,1,2,True,0,"{""length_ratio"": 1}"
test_01131,src_fa3c5858d3ea8288fc82,Anxiety,2,train,train_added,326,2,0,2,True,0,{}
train_05803,src_fa4d3b042dba24465700,Depression,1,train,train_legacy,1178,2,1,2,True,0,"{""meta_commentary"": 1}"
train_04393,src_fa5ad3de5d06a286d97d,Bipolar,3,train,train_legacy,1093,2,0,2,True,0,{}
train_00309,src_fa601c57107147ea914b,Normal,0,train,train_legacy,117,2,0,2,True,0,{}
test_01256,src_fa65821ce6b60114cba7,Anxiety,2,test,test_nested,232,0,2,2,True,0,{}
test_02180,src_fa6c75c4a30821cac6c7,Normal,0,test,test_nested,50,0,3,2,True,0,"{""length_ratio"": 1}"
test_01064,src_fa76ba8540cb43ae8d62,Depression,1,test,test_nested,415,0,5,0,False,2,"{""refusal"": 5}"
train_03925,src_fa7bd984d62a8ffa1c88,Anxiety,2,train,train_legacy,1827,2,1,2,True,0,"{""meta_commentary"": 1}"
train_01711,src_fa846f431c92f026fe32,Bipolar,3,train,train_legacy,497,2,0,2,True,0,{}
train_00097,src_fa928dd353f03e22b063,Depression,1,train,train_legacy,514,2,0,2,True,0,{}
train_03066,src_fa971846302b152028de,Anxiety,2,train,train_legacy,2529,2,5,1,False,1,"{""meta_commentary"": 6}"
train_05689,src_fabbbd8ac6d1af616c2a,Normal,0,train,train_legacy,29,2,2,2,True,0,"{""length_ratio"": 2}"
test_02109,src_fabecc30a273ea45ac04,Normal,0,test,test_nested,318,0,2,2,True,0,{}
test_02256,src_fac1ab479886fa6e8eb8,Depression,1,test,test_nested,786,0,2,2,True,0,{}
test_00651,src_fac1c9e868fe51553f45,Normal,0,test,test_nested,26,0,5,0,False,2,"{""length_ratio"": 5}"
test_01996,src_fac2b25e589ca7444307,Anxiety,2,test,test_nested,1305,0,2,2,True,0,{}
val_confirm_00725,src_fac73e344eb035b66d01,Anxiety,2,train,train_added,243,2,0,2,True,0,{}
train_04643,src_faca24dfb5d4d4901265,Bipolar,3,train,train_legacy,4226,2,1,2,True,0,"{""length_ratio"": 1}"
train_05240,src_faced13cb1216dbe8362,Depression,1,train,train_legacy,1574,2,0,2,True,0,{}
train_05053,src_fad46cef360aa9cf8c1b,Normal,0,train,train_legacy,470,2,0,2,True,0,{}
train_05680,src_fad56acda9f6d2e01231,Bipolar,3,train,train_legacy,3643,2,5,0,False,2,"{""meta_commentary"": 7}"
test_01844,src_fae563b472a7fb0c4a39,Bipolar,3,test,test_nested,1166,0,2,2,True,0,{}
train_00416,src_fae62209eb387d3e451c,Normal,0,train,train_legacy,14,2,5,0,False,2,"{""length_ratio"": 7}"
test_01616,src_faef616df2ec24420964,Anxiety,2,test,test_nested,7,0,5,0,False,2,"{""length_ratio"": 4, ""sbert"": 1}"
train_05957,src_faf79f83dcc1944b49be,Normal,0,train,train_legacy,20,2,5,0,False,2,"{""length_ratio"": 7}"
test_02064,src_fb01b15a4f208b21d509,Anxiety,2,test,test_nested,339,0,2,2,True,0,{}
train_02659,src_fb05e93c365e82290466,Normal,0,train,train_legacy,35,2,5,0,False,2,"{""length_ratio"": 1, ""sbert"": 6}"
test_01822,src_fb08926fee62391095aa,Anxiety,2,test,test_nested,462,0,2,2,True,0,{}
train_01066,src_fb0cabfa768e8d96ee9e,Anxiety,2,train,train_legacy,1250,2,0,2,True,0,{}
test_00113,src_fb1594fd90b8cf340ce9,Anxiety,2,test,test_nested,1693,0,2,2,True,0,{}
train_02234,src_fb16c34f6c75a62ee238,Bipolar,3,train,train_legacy,967,2,0,2,True,0,{}
train_00707,src_fb182697b24a2d06e7c8,Depression,1,train,train_legacy,738,2,0,2,True,0,{}
test_02231,src_fb1e07b0fa46ff5111c1,Bipolar,3,test,test_nested,972,0,2,2,True,0,{}
train_05388,src_fb25221d1bb56798d0ef,Normal,0,train,train_legacy,93,2,2,2,True,0,"{""length_ratio"": 1, ""sbert"": 1}"
test_01926,src_fb255562723fc6261ccf,Anxiety,2,test,test_nested,244,0,2,2,True,0,{}
train_03246,src_fb2b37bccac2c89d892e,Normal,0,train,train_legacy,55,2,2,2,True,0,"{""length_ratio"": 1, ""sbert"": 1}"
train_05625,src_fb30cc6e00c6f7da32b7,Normal,0,train,train_legacy,93,2,0,2,True,0,{}
test_00728,src_fb34262aeac51aee6e87,Depression,1,train,train_added,1144,2,0,2,True,0,{}
test_00331,src_fb3712584da8b1a65c7a,Normal,0,test,test_nested,17,0,5,0,False,2,"{""length_ratio"": 5}"
train_04929,src_fb4591be98399ac7b052,Bipolar,3,train,train_legacy,343,2,0,2,True,0,{}
train_02187,src_fb48d6edfcd498ec9796,Depression,1,train,train_legacy,66,2,5,0,False,2,"{""length_ratio"": 4, ""sbert"": 3}"
train_01404,src_fb5639b37c03f65cad69,Anxiety,2,train,train_legacy,172,2,0,2,True,0,{}
train_04044,src_fb6c86c403b2de33fe79,Bipolar,3,train,train_legacy,1348,2,0,2,True,0,{}
train_01471,src_fb736bff66f1f4a418cc,Depression,1,train,train_legacy,403,2,0,2,True,0,{}
test_00035,src_fb77cf509480adbaeb7a,Anxiety,2,test,test_nested,974,0,2,2,True,0,{}
train_02916,src_fb7dbb598e1922b006fe,Depression,1,train,train_legacy,936,2,0,2,True,0,{}
train_05896,src_fb7e3d2c145eb6f62dad,Normal,0,train,train_legacy,20,2,5,0,False,2,"{""length_ratio"": 3, ""meta_commentary"": 2, ""sbert"": 2}"
train_04381,src_fb7f6a81e6ca1a97fe24,Normal,0,train,train_legacy,625,2,0,2,True,0,{}
train_03981,src_fb9014101564e6089f97,Bipolar,3,train,train_legacy,2254,2,1,2,True,0,"{""meta_commentary"": 1}"
train_01368,src_fb930e7a970eac266fa6,Depression,1,train,train_legacy,1186,2,0,2,True,0,{}
train_05613,src_fb9e7a1dd555d1ca7493,Anxiety,2,train,train_legacy,2253,2,0,2,True,0,{}
val_confirm_00151,src_fba3f4b688e1da2ce785,Depression,1,train,train_added,650,2,0,2,True,0,{}
test_00776,src_fba8b0755845e00cbd0f,Anxiety,2,test,test_nested,1236,0,2,2,True,0,{}
train_01312,src_fbbfd4860e8ef02f7202,Normal,0,train,train_legacy,25,2,5,1,False,1,"{""length_ratio"": 1, ""sbert"": 5}"
train_03328,src_fbc775970c9ae0af7e8f,Bipolar,3,train,train_legacy,678,2,0,2,True,0,{}
train_03579,src_fbc87201b98296ad36a0,Anxiety,2,train,train_legacy,194,2,1,2,True,0,"{""sbert"": 1}"
test_01313,src_fbce13c1d27de48f7865,Depression,1,train,train_added,272,2,0,2,True,0,{}
test_01670,src_fbd498e91f165aff0324,Normal,0,test,test_nested,22,0,5,1,False,1,"{""length_ratio"": 4}"
test_01569,src_fbdaaf40054e0c5adbbc,Normal,0,train,train_added,132,2,0,2,True,0,{}
train_01642,src_fbfc67fcb9bffd59cfdc,Anxiety,2,train,train_legacy,290,2,0,2,True,0,{}
train_01191,src_fc076dbbc72a99987f53,Depression,1,train,train_legacy,383,2,5,0,False,2,"{""refusal"": 7}"
train_05670,src_fc09b545fc6e454a48c5,Normal,0,train,train_legacy,142,2,5,0,False,2,"{""length_ratio"": 7}"
val_confirm_00342,src_fc0d1132f71d745750b3,Anxiety,2,train,train_added,376,2,1,2,True,0,"{""meta_commentary"": 1}"
train_02228,src_fc0fe33b9aad6347969e,Normal,0,train,train_legacy,78,2,5,0,False,2,"{""length_ratio"": 1, ""sbert"": 6}"
train_04038,src_fc0febeebb733f25839b,Bipolar,3,train,train_legacy,2358,2,0,2,True,0,{}
train_00307,src_fc0feffbfbf98b3cc14c,Depression,1,train,train_legacy,811,2,0,2,True,0,{}
train_01158,src_fc136449c12ae9354afb,Bipolar,3,train,train_legacy,420,2,1,2,True,0,"{""meta_commentary"": 1}"
test_02460,src_fc1c93551d1fe1534115,Normal,0,train,train_added,110,2,1,2,True,0,"{""length_ratio"": 1}"
train_01203,src_fc226db5355bdaf2fea5,Depression,1,train,train_legacy,597,2,0,2,True,0,{}
train_01020,src_fc2298e9162dfd747fc0,Anxiety,2,train,train_legacy,2123,2,0,2,True,0,{}
test_01281,src_fc26ded3a1740bc7a5a4,Normal,0,train,train_added,11,2,5,0,False,2,"{""length_ratio"": 7}"
test_01807,src_fc308f8972b8ed3b49fd,Bipolar,3,test,test_nested,774,0,2,2,True,0,{}
test_01493,src_fc323b020bfa95d2574c,Bipolar,3,test,test_nested,940,0,2,2,True,0,{}
val_search_00163,src_fc338dc69fd33ccb32af,Normal,0,train,train_added,16,2,1,2,True,0,"{""length_ratio"": 1}"
train_03459,src_fc346fbf852eb5a101d4,Bipolar,3,train,train_legacy,671,2,0,2,True,0,{}
train_04622,src_fc380bdafc0f7c398c27,Bipolar,3,train,train_legacy,2131,2,0,2,True,0,{}
train_01621,src_fc3ed3ee9e6bcfaef762,Normal,0,train,train_legacy,36,2,2,2,True,0,"{""length_ratio"": 1, ""sbert"": 1}"
train_02544,src_fc45ec8385c3f898a117,Anxiety,2,train,train_legacy,417,2,0,2,True,0,{}
train_02868,src_fc4acd4bab14b7c1d711,Anxiety,2,train,train_legacy,262,2,0,2,True,0,{}
train_02786,src_fc4af64bd4e02abba3a7,Depression,1,train,train_legacy,969,2,0,2,True,0,{}
val_search_00046,src_fc4db6e7204dd0a91125,Bipolar,3,train,train_added,74,2,2,2,True,0,"{""meta_commentary"": 2}"
train_02279,src_fc6170c7f656ad8d1786,Depression,1,train,train_legacy,982,2,0,2,True,0,{}
train_04918,src_fc6a70448e6c61ad5599,Bipolar,3,train,train_legacy,833,2,0,2,True,0,{}
test_02234,src_fc71a390cb3ffb770f88,Normal,0,test,test_nested,142,0,2,2,True,0,{}
train_05255,src_fc8bd63590fa774befd7,Normal,0,train,train_legacy,356,2,0,2,True,0,{}
train_01687,src_fc904fa97ddf90a12e6c,Depression,1,train,train_legacy,721,2,0,2,True,0,{}
test_01940,src_fc922df8353482883472,Normal,0,test,test_nested,18,0,5,0,False,2,"{""meta_commentary"": 2, ""refusal"": 3}"
test_00052,src_fcba3ed13e4ae7e29f8e,Normal,0,test,test_nested,33,0,5,0,False,2,"{""length_ratio"": 5}"
test_00668,src_fcc4636dc08ea3182795,Anxiety,2,train,train_added,527,2,0,2,True,0,{}
train_03817,src_fcd0aded21749ca16565,Anxiety,2,train,train_legacy,306,2,0,2,True,0,{}
train_03982,src_fcd3f6e157d13f75233c,Anxiety,2,train,train_legacy,45,2,1,2,True,0,"{""sbert"": 1}"
train_04308,src_fcddb8a3a2f0382d853f,Anxiety,2,train,train_legacy,1416,2,0,2,True,0,{}
test_00829,src_fce2cd6fa6ccfd2b745b,Normal,0,test,test_nested,85,0,5,1,False,1,"{""length_ratio"": 4}"
train_05596,src_fce448de4844eb9c3577,Bipolar,3,train,train_legacy,900,2,0,2,True,0,{}
val_search_00325,src_fce46f89911b50477300,Depression,1,train,train_added,774,2,0,2,True,0,{}
train_05158,src_fceb53d87fdaa8a0b4c0,Anxiety,2,train,train_legacy,231,2,0,2,True,0,{}
train_00579,src_fcebb19c8c47458195c4,Normal,0,train,train_legacy,619,2,0,2,True,0,{}
train_03083,src_fd0c5e7c1861e8469cd0,Depression,1,train,train_legacy,1163,2,0,2,True,0,{}
test_01401,src_fd10e98d1712f1de3465,Anxiety,2,test,test_nested,608,0,2,2,True,0,{}
train_04666,src_fd263dc869b673afd07a,Depression,1,train,train_legacy,894,2,0,2,True,0,{}
test_01541,src_fd28a4915ab30307de4a,Anxiety,2,train,train_added,1532,2,3,2,True,0,"{""meta_commentary"": 3}"
train_03690,src_fd2a1d92685e618dfffb,Depression,1,train,train_legacy,2127,2,0,2,True,0,{}
test_00103,src_fd3d6bdb30d918445498,Bipolar,3,test,test_nested,2291,0,2,2,True,0,{}
train_02712,src_fd4409d416934edb0966,Anxiety,2,train,train_legacy,1527,2,0,2,True,0,{}
train_03435,src_fd4585f053c61fd7e674,Bipolar,3,train,train_legacy,512,2,0,2,True,0,{}
train_02997,src_fd488cdee47717e42cf1,Normal,0,train,train_legacy,379,2,0,2,True,0,{}
train_05575,src_fd48c86405013ed925d9,Depression,1,train,train_legacy,4629,2,0,2,True,0,{}
train_01611,src_fd52835d679102d55593,Anxiety,2,train,train_legacy,2058,2,0,2,True,0,{}
train_03778,src_fd560c42906472db44e5,Anxiety,2,train,train_legacy,2286,2,1,2,True,0,"{""meta_commentary"": 1}"
test_01824,src_fd577aeb98869de50ce4,Anxiety,2,train,train_added,1574,2,0,2,True,0,{}
train_02940,src_fd579b34482e344238f3,Anxiety,2,train,train_legacy,1207,2,0,2,True,0,{}
train_05007,src_fd59b70567ff00ef1b00,Normal,0,train,train_legacy,137,2,0,2,True,0,{}
test_01277,src_fd59d97432140217b217,Depression,1,test,test_nested,589,0,5,0,False,2,"{""refusal"": 5}"
train_05351,src_fd65996d5bf9de7a9b42,Depression,1,train,train_legacy,32,2,5,0,False,2,"{""refusal"": 7}"
train_01414,src_fd6ee7a10e7c3a27428c,Depression,1,train,train_legacy,250,2,0,2,True,0,{}
train_00343,src_fd755670b1c8a144719d,Depression,1,train,train_legacy,131,2,1,2,True,0,"{""sbert"": 1}"
test_02104,src_fd821b5f846555154532,Depression,1,test,test_nested,833,0,2,2,True,0,{}
train_01335,src_fd97be9dce25e998aabf,Depression,1,train,train_legacy,350,2,0,2,True,0,{}
train_01015,src_fdabcf513e6fb11e0ed2,Normal,0,train,train_legacy,126,2,2,2,True,0,"{""length_ratio"": 2}"
test_00102,src_fdb3243d14f580dc4549,Normal,0,train,train_added,35,2,0,2,True,0,{}
train_01375,src_fdb43b753667cbb348c0,Depression,1,train,train_legacy,965,2,0,2,True,0,{}
train_04161,src_fdbdb57033f2f8306968,Depression,1,train,train_legacy,551,2,0,2,True,0,{}
train_05097,src_fdc0e26ff365bd77fd13,Bipolar,3,train,train_legacy,2503,2,1,2,True,0,"{""meta_commentary"": 1}"
train_01242,src_fdca468f3de5a951a231,Bipolar,3,train,train_legacy,213,2,0,2,True,0,{}
train_04697,src_fdd78abc2074c27e951c,Depression,1,train,train_legacy,2031,2,0,2,True,0,{}
train_05568,src_fdf4e4ed2f1053bbb98e,Normal,0,train,train_legacy,66,2,5,0,False,2,"{""length_ratio"": 2, ""sbert"": 5}"
test_02050,src_fdf970083bffbd884e62,Bipolar,3,test,test_nested,1820,0,2,2,True,0,{}
train_03450,src_fe0a83008f0aa2ddddf3,Anxiety,2,train,train_legacy,82,2,4,2,True,0,"{""length_ratio"": 4}"
train_01880,src_fe11acb71dd59741615b,Bipolar,3,train,train_legacy,439,2,0,2,True,0,{}
test_00343,src_fe125d7d44749d25e468,Normal,0,test,test_nested,18,0,5,1,False,1,"{""length_ratio"": 4}"
test_01888,src_fe1823d628181f0632c5,Normal,0,test,test_nested,26,0,2,2,True,0,{}
test_00787,src_fe1e5b246f44592207e3,Depression,1,train,train_added,392,2,5,0,False,2,"{""refusal"": 7}"
train_03974,src_fe34e22fa4dfdd8a6762,Bipolar,3,train,train_legacy,519,2,0,2,True,0,{}
train_02884,src_fe506a8a9e969a562c2f,Bipolar,3,train,train_legacy,591,2,1,2,True,0,"{""meta_commentary"": 1}"
train_00017,src_fe54b8f79c1105deba84,Depression,1,train,train_legacy,445,2,0,2,True,0,{}
train_00101,src_fe560d71c76571571956,Bipolar,3,train,train_legacy,221,2,5,1,False,1,"{""length_ratio"": 6}"
train_03786,src_fe755740b77f1c4e3de2,Anxiety,2,train,train_legacy,470,2,0,2,True,0,{}
train_05768,src_fe7c260a8c4ddd6581c1,Anxiety,2,train,train_legacy,740,2,0,2,True,0,{}
test_00231,src_fe7c88aa277b0486beb2,Depression,1,test,test_nested,374,0,2,2,True,0,{}
train_00905,src_fe7f7ebac682f3184508,Anxiety,2,train,train_legacy,287,2,0,2,True,0,{}
train_05707,src_fe8c75c8d27118791893,Depression,1,train,train_legacy,2198,2,0,2,True,0,{}
val_confirm_00647,src_fe8cb9ee05fdee258524,Normal,0,train,train_added,27,2,3,2,True,0,"{""length_ratio"": 2, ""sbert"": 1}"
test_01845,src_fe91e390ea0dac4acef4,Bipolar,3,test,test_nested,2014,0,2,2,True,0,{}
train_01464,src_fe94fb1abfc60e9f4c7b,Normal,0,train,train_legacy,19,2,5,0,False,2,"{""length_ratio"": 2, ""sbert"": 5}"
train_02926,src_fe950c95718deb885d0e,Normal,0,train,train_legacy,78,2,0,2,True,0,{}
test_00383,src_fe9c72ddfb07b191b5ea,Anxiety,2,test,test_nested,42,0,3,2,True,0,"{""sbert"": 1}"
train_05623,src_feac5dc5c628ba350be5,Anxiety,2,train,train_legacy,1015,2,1,2,True,0,"{""meta_commentary"": 1}"
test_00752,src_fec626bdde1af4904727,Anxiety,2,test,test_nested,458,0,2,2,True,0,{}
train_01409,src_fed12850da99d962065f,Normal,0,train,train_legacy,26,2,1,2,True,0,"{""length_ratio"": 1}"
train_00632,src_fed18f0fcabaf852f79a,Bipolar,3,train,train_legacy,1596,2,0,2,True,0,{}
train_02799,src_fed24773d42e73f3b519,Depression,1,train,train_legacy,196,2,0,2,True,0,{}
train_04521,src_fed24992cb1ecbd4876e,Depression,1,train,train_legacy,752,2,0,2,True,0,{}
train_05954,src_fed6b65a8b50d0652829,Bipolar,3,train,train_legacy,764,2,1,2,True,0,"{""meta_commentary"": 1}"
test_01475,src_fed9d4bbe16004f399d1,Bipolar,3,train,train_added,2799,2,2,2,True,0,"{""length_ratio"": 1, ""meta_commentary"": 1}"
test_01997,src_fee8b73384e1d5c4650d,Anxiety,2,train,train_added,2133,2,0,2,True,0,{}
train_05960,src_feebd17efb0e6a343a10,Normal,0,train,train_legacy,64,2,5,2,True,0,"{""length_ratio"": 5}"
train_03468,src_feecb95fb327504366b0,Normal,0,train,train_legacy,31,2,5,0,False,2,"{""length_ratio"": 5, ""sbert"": 2}"
train_02548,src_feeeae1c36305a878fcc,Normal,0,train,train_legacy,68,2,5,1,False,1,"{""length_ratio"": 2, ""sbert"": 4}"
train_05211,src_ff01555b967af1c94fd3,Bipolar,3,train,train_legacy,363,2,0,2,True,0,{}
test_01941,src_ff063a08191eecb3214b,Bipolar,3,test,test_nested,754,0,2,2,True,0,{}
train_03790,src_ff0b73de24a019d8f6a0,Depression,1,train,train_legacy,522,2,5,0,False,2,"{""refusal"": 7}"
train_05867,src_ff0ceb07ae35587cc37b,Depression,1,train,train_legacy,1203,2,0,2,True,0,{}
train_00334,src_ff21a93322fc0ca76901,Normal,0,train,train_legacy,331,2,0,2,True,0,{}
train_05132,src_ff239fdb387384a7ef0f,Normal,0,train,train_legacy,317,2,0,2,True,0,{}
train_00499,src_ff29a5c400fec2302deb,Anxiety,2,train,train_legacy,800,2,0,2,True,0,{}
train_05431,src_ff2af09a94cef30a368d,Bipolar,3,train,train_legacy,392,2,0,2,True,0,{}
train_02625,src_ff40d4968c8128223940,Bipolar,3,train,train_legacy,437,2,0,2,True,0,{}
train_05089,src_ff4631c0b1c9b447d329,Normal,0,train,train_legacy,37,2,2,2,True,0,"{""length_ratio"": 2}"
test_00989,src_ff47a8f5ee7026bc5620,Normal,0,train,train_added,92,2,0,2,True,0,{}
test_00835,src_ff647edc20af71753d32,Anxiety,2,test,test_nested,2098,0,5,2,True,0,"{""meta_commentary"": 3}"
train_03039,src_ff6ce8a968552c090216,Bipolar,3,train,train_legacy,501,2,0,2,True,0,{}
train_01261,src_ff78d78f1a3530c831ab,Bipolar,3,train,train_legacy,1162,2,0,2,True,0,{}
train_04049,src_ff79521d4505bad0f4d5,Normal,0,train,train_legacy,46,2,5,0,False,2,"{""length_ratio"": 3, ""sbert"": 4}"
train_03126,src_ff831400ec72591aabcb,Anxiety,2,train,train_legacy,910,2,0,2,True,0,{}
test_01890,src_ff847e651f31e5e3f572,Bipolar,3,test,test_nested,675,0,2,2,True,0,{}
train_02665,src_ffa78e8cd51ef44eb603,Depression,1,train,train_legacy,206,2,0,2,True,0,{}
test_02211,src_ffaa3904b40efe2a042f,Bipolar,3,train,train_added,528,2,0,2,True,0,{}
train_01277,src_ffac18a7b64e563f5d04,Normal,0,train,train_legacy,27,2,5,2,True,0,"{""length_ratio"": 5}"
test_00675,src_ffb1d33b5847ad6ae124,Bipolar,3,train,train_added,1135,2,0,2,True,0,{}
train_04737,src_ffb505cd2cf056b33558,Normal,0,train,train_legacy,9,2,5,0,False,2,"{""length_ratio"": 4, ""sbert"": 3}"
train_00387,src_ffba3ac620e85a6ac258,Anxiety,2,train,train_legacy,633,2,0,2,True,0,{}
train_00672,src_ffc23f237602bbb84623,Anxiety,2,train,train_legacy,541,2,0,2,True,0,{}
train_00192,src_ffc25fa6cbbf80b84964,Bipolar,3,train,train_legacy,226,2,1,2,True,0,"{""sbert"": 1}"
train_05105,src_ffd005bd33fe0af04e1c,Depression,1,train,train_legacy,832,2,0,2,True,0,{}
train_00136,src_fff576914d894c046eb5,Bipolar,3,train,train_legacy,958,2,0,2,True,0,{}
